date,batter,Batter,Pitcher,game,team,slot,pos,bat_hand,hit_hr,pit_hr,park,wx,supp,hr_prob,model_recal,mkt_prob,mkt_over,mkt_avg,salary,edge,edge_best,edge_shop,had_hr,roi
2026-07-16,665742,juan soto,aaron nola,NYM@PHI,,,,,5.437,4.272,1.006,0.991,1.001,27.5,20.18,,,,,,,,0,
2026-07-16,656941,kyle schwarber,christian scott,NYM@PHI,,,,,6.67,3.03,1.006,0.991,1.034,25.0,18.84,,,,,,,,0,
2026-07-16,682626,francisco álvarez,aaron nola,NYM@PHI,,,,,3.603,4.272,1.006,0.991,1.001,19.0,15.62,,,,,,,,1,
2026-07-16,547180,bryce harper,christian scott,NYM@PHI,,,,,4.486,3.03,1.006,0.991,1.034,17.4,14.76,,,,,,,,0,
2026-07-16,666182,bo bichette,aaron nola,NYM@PHI,,,,,2.567,4.272,1.008,0.991,1.001,13.9,12.89,,,,,,,,0,
2026-07-16,664761,alec bohm,christian scott,NYM@PHI,,,,,2.955,3.03,1.006,0.991,1.034,11.8,11.76,,,,,,,,0,
2026-07-16,607208,trea turner,christian scott,NYM@PHI,,,,,2.558,3.03,1.008,0.991,1.034,10.3,10.95,,,,,,,,1,
2026-07-16,683146,brett baty,aaron nola,NYM@PHI,,,,,1.715,4.272,1.006,0.991,1.001,9.4,10.47,,,,,,,,1,
2026-07-17,700250,ben rice,roki sasaki,LAD@NYY,,,,,6.447,4.703,1.011,0.982,1.047,35.8,24.63,,,,,,,,0,
2026-07-17,696100,hunter goodman,brady singer,CIN@COL,,,,,6.187,4.45,0.963,1.007,1.12,34.3,23.82,,,,,,,,0,
2026-07-17,666160,mickey moniak,brady singer,CIN@COL,,,,,5.385,4.45,0.956,1.007,1.12,30.2,21.63,,,,,,,,0,
2026-07-17,691023,jordan walker,merrill kelly,STL@AZ,,,,,4.988,4.371,1.0,1.0,1.12,28.8,20.88,,,,,,,,0,
2026-07-17,575929,willson contreras,mason englert,TB@BOS,,,,,4.884,3.722,1.037,0.991,1.026,23.2,17.87,,,,,,,,1,
2026-07-17,621566,matt olson,cal quantrill,TEX@ATL,,,,,5.352,3.093,1.009,1.0,1.039,21.2,16.8,,,,,,,,1,
2026-07-17,665862,jazz chisholm,roki sasaki,LAD@NYY,,,,,3.498,4.703,1.011,0.982,1.047,20.9,16.64,,,,,,,,0,
2026-07-17,672960,kazuma okamoto,anthony kay,CWS@TOR,,,,,5.117,2.998,1.004,1.0,1.101,20.8,16.59,,,,,,,,0,
2026-07-17,691176,jasson domínguez,roki sasaki,LAD@NYY,,,,,3.328,4.703,1.011,0.982,1.047,20.0,16.16,,,,,,,,0,
2026-07-17,592518,manny machado,seth lugo,SD@KC,,,,,4.44,3.262,1.0,1.0,1.12,19.9,16.1,,,,,,,,0,
2026-07-17,624424,michael conforto,bailey ober,MIN@CHC,,,,,4.159,3.904,0.978,1.005,1.015,19.9,16.1,,,,,,,,0,
2026-07-17,621020,dansby swanson,bailey ober,MIN@CHC,,,,,4.118,3.904,0.978,1.005,1.015,19.7,16.0,,,,,,,,0,
2026-07-17,663757,trent grisham,roki sasaki,LAD@NYY,,,,,3.274,4.703,1.011,0.982,1.047,19.7,16.0,,,,,,,,0,
2026-07-17,676609,josé caballero,roki sasaki,LAD@NYY,,,,,3.306,4.703,0.998,0.982,1.047,19.6,15.94,,,,,,,,0,
2026-07-17,665019,kody clemens,colin rea,MIN@CHC,,,,,4.355,3.282,0.976,1.005,1.12,19.4,15.83,,,,,,,,0,
2026-07-17,664983,jake mccarthy,brady singer,CIN@COL,,,,,3.205,4.45,0.966,1.007,1.12,19.2,15.73,,,,,,,,0,
2026-07-17,664023,ian happ,bailey ober,MIN@CHC,,,,,3.993,3.904,0.978,1.005,1.015,19.2,15.73,,,,,,,,0,
2026-07-17,660271,shohei ohtani,gerrit cole,LAD@NYY,,,,,4.883,3.531,1.011,0.982,0.911,19.2,15.73,,,,,,,,0,
2026-07-17,664034,ty france,seth lugo,SD@KC,,,,,4.184,3.262,1.0,1.0,1.12,18.9,15.57,,,,,,,,1,
2026-07-17,680776,jarren duran,griffin jax,TB@BOS,,,,,3.344,3.792,1.044,0.991,1.107,18.0,15.08,,,,,,,,0,
2026-07-17,571970,max muncy,gerrit cole,LAD@NYY,,,,,4.536,3.531,1.011,0.982,0.911,18.0,15.08,,,,,,,,1,
2026-07-17,657757,gavin sheets,seth lugo,SD@KC,,,,,3.983,3.262,1.0,1.0,1.12,18.0,15.08,,,,,,,,0,
2026-07-17,669224,austin wells,roki sasaki,LAD@NYY,,,,,2.874,4.703,1.011,0.982,1.047,17.5,14.82,,,,,,,,0,
2026-07-17,606466,ketel marte,michael mcgreevy,STL@AZ,,,,,3.94,3.196,1.0,1.0,1.11,17.4,14.76,,,,,,,,0,
2026-07-17,680777,ryan jeffers,colin rea,MIN@CHC,,,,,3.858,3.282,0.978,1.005,1.12,17.3,14.71,,,,,,,,1,
2026-07-17,641355,cody bellinger,roki sasaki,LAD@NYY,,,,,2.83,4.703,1.011,0.982,1.047,17.2,14.65,,,,,,,,0,
2026-07-17,691720,kyle karros,brady singer,CIN@COL,,,,,2.857,4.45,0.963,1.007,1.12,17.2,14.65,,,,,,,,0,
2026-07-17,686948,drake baldwin,cal quantrill,TEX@ATL,,,,,4.256,3.093,1.0,1.0,1.039,17.0,14.55,,,,,,,,1,
2026-07-17,663457,lars nootbaar,merrill kelly,STL@AZ,,,,,2.774,4.371,1.0,1.0,1.12,16.9,14.49,,,,,,,,0,
2026-07-17,694212,samuel basallo,peter lambert,BAL@HOU,,,,,4.676,3.097,1.025,1.0,0.904,16.7,14.39,,,,,,,,0,
2026-07-17,671739,michael harris,cal quantrill,TEX@ATL,,,,,4.136,3.093,1.009,1.0,1.039,16.7,14.39,,,,,,,,0,
2026-07-17,680776,jarren duran,mason englert,TB@BOS,,,,,3.344,3.722,1.044,0.991,1.026,16.5,14.28,,,,,,,,0,
2026-07-17,671056,iván herrera,merrill kelly,STL@AZ,,,,,2.705,4.371,1.0,1.0,1.12,16.5,14.28,,,,,,,,0,
2026-07-17,668904,royce lewis,colin rea,MIN@CHC,,,,,3.64,3.282,0.978,1.005,1.12,16.4,14.23,,,,,,,,0,
2026-07-17,695578,james wood,gage jump,WSH@ATH,,,,,5.501,2.418,1.009,1.01,0.961,16.3,14.17,,,,,,,,0,
2026-07-17,665877,josé fermín,merrill kelly,STL@AZ,,,,,2.623,4.371,1.0,1.0,1.12,16.1,14.06,,,,,,,,0,
2026-07-17,686797,brooks lee,colin rea,MIN@CHC,,,,,3.573,3.282,0.978,1.005,1.12,16.1,14.06,,,,,,,,0,
2026-07-17,624413,pete alonso,peter lambert,BAL@HOU,,,,,4.571,3.097,1.004,1.0,0.904,16.1,14.06,,,,,,,,0,
2026-07-17,691406,junior caminero,jake bennett,TB@BOS,,,,,5.923,2.291,1.044,0.991,0.9,15.8,13.9,,,,,,,,1,
2026-07-17,702332,caleb durbin,griffin jax,TB@BOS,,,,,2.903,3.792,1.037,0.991,1.107,15.7,13.85,,,,,,,,0,
2026-07-17,605141,mookie betts,gerrit cole,LAD@NYY,,,,,3.875,3.531,1.014,0.982,0.911,15.6,13.8,,,,,,,,0,
2026-07-17,691723,coby mayo,peter lambert,BAL@HOU,,,,,4.286,3.097,1.034,1.0,0.904,15.6,13.8,,,,,,,,0,
2026-07-17,677800,wilyer abreu,griffin jax,TB@BOS,,,,,2.813,3.792,1.059,0.991,1.107,15.5,13.74,,,,,,,,1,
2026-07-17,678662,ezequiel tovar,brady singer,CIN@COL,,,,,2.524,4.45,0.963,1.007,1.12,15.3,13.64,,,,,,,,0,
2026-07-17,605137,josh bell,colin rea,MIN@CHC,,,,,3.364,3.282,0.976,1.005,1.12,15.2,13.58,,,,,,,,0,
2026-07-17,666139,josh lowe,troy melton,DET@LAA,,,,,3.831,3.424,1.006,1.002,0.9,15.0,13.48,,,,,,,,0,
2026-07-17,693307,dillon dingler,reid detmers,DET@LAA,,,,,4.716,2.759,1.003,1.002,0.902,14.8,13.37,,,,,,,,0,
2026-07-17,650489,willi castro,brady singer,CIN@COL,,,,,2.401,4.45,0.963,1.007,1.12,14.6,13.26,,,,,,,,1,
2026-07-17,642715,willy adames,bryce miller,SF@SEA,,,,,3.737,3.454,1.002,1.0,0.9,14.6,13.26,,,,,,,,1,
2026-07-17,702332,caleb durbin,mason englert,TB@BOS,,,,,2.903,3.722,1.037,0.991,1.026,14.4,13.15,,,,,,,,0,
2026-07-17,682998,corbin carroll,michael mcgreevy,STL@AZ,,,,,3.221,3.196,1.0,1.0,1.11,14.4,13.15,,,,,,,,1,
2026-07-17,518692,freddie freeman,gerrit cole,LAD@NYY,,,,,3.539,3.531,1.011,0.982,0.911,14.2,13.05,,,,,,,,0,
2026-07-17,677800,wilyer abreu,mason englert,TB@BOS,,,,,2.813,3.722,1.059,0.991,1.026,14.2,13.05,,,,,,,,1,
2026-07-17,694374,tim tawa,michael mcgreevy,STL@AZ,,,,,3.053,3.196,1.0,1.0,1.11,13.7,12.78,,,,,,,,1,
2026-07-17,669127,shea langeliers,cade cavalli,WSH@ATH,,,,,4.869,2.163,1.006,1.01,0.996,13.5,12.67,,,,,,,,1,
2026-07-17,624585,jorge soler,troy melton,DET@LAA,,,,,3.407,3.424,1.003,1.002,0.9,13.4,12.62,,,,,,,,0,
2026-07-17,645277,ozzie albies,cal quantrill,TEX@ATL,,,,,3.337,3.093,0.991,1.0,1.039,13.4,12.62,,,,,,,,0,
2026-07-17,695657,colson montgomery,spencer miles,CWS@TOR,,,,,5.316,2.179,1.009,1.0,0.9,13.3,12.56,,,,,,,,0,
2026-07-17,683002,gunnar henderson,peter lambert,BAL@HOU,,,,,3.701,3.097,1.004,1.0,0.904,13.2,12.51,,,,,,,,0,
2026-07-17,678882,ceddanne rafaela,griffin jax,TB@BOS,,,,,2.395,3.792,1.037,0.991,1.107,13.1,12.46,,,,,,,,0,
2026-07-17,671218,heliot ramos,bryce miller,SF@SEA,,,,,3.329,3.454,1.002,1.0,0.9,13.1,12.46,,,,,,,,0,
2026-07-17,543807,george springer,anthony kay,CWS@TOR,,,,,3.072,2.998,1.009,1.0,1.101,13.0,12.4,,,,,,,,1,
2026-07-17,695506,jac caglianone,mike king,SD@KC,,,,,3.984,2.455,1.0,1.0,1.035,12.8,12.3,,,,,,,,0,
2026-07-17,679529,spencer torkelson,reid detmers,DET@LAA,,,,,4.009,2.759,1.003,1.002,0.902,12.7,12.24,,,,,,,,0,
2026-07-17,608348,carson kelly,bailey ober,MIN@CHC,,,,,2.611,3.904,0.961,1.005,1.015,12.7,12.24,,,,,,,,0,
2026-07-17,606192,teoscar hernández,gerrit cole,LAD@NYY,,,,,3.15,3.531,0.998,0.982,0.911,12.6,12.19,,,,,,,,0,
2026-07-17,666176,jo adell,troy melton,DET@LAA,,,,,3.209,3.424,1.003,1.002,0.9,12.6,12.19,,,,,,,,0,
2026-07-17,694192,jackson chourio,sandy alcántara,MIA@MIL,,,,,4.13,2.537,0.99,1.0,0.946,12.5,12.13,,,,,,,,0,
2026-07-17,701538,jackson merrill,seth lugo,SD@KC,,,,,2.668,3.262,1.0,1.0,1.12,12.4,12.08,,,,,,,,0,
2026-07-17,593428,xander bogaerts,seth lugo,SD@KC,,,,,2.621,3.262,1.0,1.0,1.12,12.2,11.97,,,,,,,,0,
2026-07-17,678882,ceddanne rafaela,mason englert,TB@BOS,,,,,2.395,3.722,1.037,0.991,1.026,12.0,11.87,,,,,,,,0,
2026-07-17,681297,colton cowser,peter lambert,BAL@HOU,,,,,3.329,3.097,1.004,1.0,0.904,11.9,11.81,,,,,,,,0,
2026-07-17,686527,dominic canzone,landen roupp,SF@SEA,,,,,4.996,2.065,1.0,1.0,0.9,11.8,11.76,,,,,,,,0,
2026-07-17,678246,miguel vargas,spencer miles,CWS@TOR,,,,,4.667,2.179,1.009,1.0,0.9,11.8,11.76,,,,,,,,0,
2026-07-17,702616,jackson holliday,peter lambert,BAL@HOU,,,,,3.303,3.097,1.004,1.0,0.904,11.8,11.76,,,,,,,,0,
2026-07-17,656484,tristan gray,colin rea,MIN@CHC,,,,,2.553,3.282,0.976,1.005,1.12,11.7,11.71,,,,,,,,0,
2026-07-17,665052,griffin conine,logan henderson,MIA@MIL,,,,,4.117,2.522,0.982,1.0,0.9,11.7,11.71,,,,,,,,1,
2026-07-17,695600,carter jensen,mike king,SD@KC,,,,,3.581,2.455,1.0,1.0,1.035,11.6,11.65,,,,,,,,0,
2026-07-17,807799,masataka yoshida,griffin jax,TB@BOS,,,,,2.083,3.792,1.044,0.991,1.107,11.5,11.6,,,,,,,,1,
2026-07-17,643289,mauricio dubón,cal quantrill,TEX@ATL,,,,,2.782,3.093,1.009,1.0,1.039,11.5,11.6,,,,,,,,0,
2026-07-17,608324,alex bregman,bailey ober,MIN@CHC,,,,,2.298,3.904,0.976,1.005,1.015,11.4,11.54,,,,,,,,0,
2026-07-17,642086,dominic smith,cal quantrill,TEX@ATL,,,,,2.744,3.093,1.002,1.0,1.039,11.3,11.49,,,,,,,,0,
2026-07-17,609280,miguel andújar,seth lugo,SD@KC,,,,,2.413,3.262,1.0,1.0,1.12,11.3,11.49,,,,,,,,0,
2026-07-17,671289,tyler freeman,brady singer,CIN@COL,,,,,1.802,4.45,0.966,1.007,1.12,11.2,11.44,,,,,,,,0,
2026-07-17,670042,luke raley,landen roupp,SF@SEA,,,,,4.666,2.065,1.0,1.0,0.9,11.1,11.38,,,,,,,,0,
2026-07-17,630105,jake cronenworth,seth lugo,SD@KC,,,,,2.363,3.262,1.0,1.0,1.12,11.0,11.33,,,,,,,,0,
2026-07-17,672386,alejandro kirk,anthony kay,CWS@TOR,,,,,2.596,2.998,1.004,1.0,1.101,11.0,11.33,,,,,,,,0,
2026-07-17,668939,adley rutschman,peter lambert,BAL@HOU,,,,,2.958,3.097,1.034,1.0,0.904,10.9,11.28,,,,,,,,0,
2026-07-17,665966,carlos narváez,griffin jax,TB@BOS,,,,,1.934,3.792,1.037,0.991,1.107,10.7,11.17,,,,,,,,1,
2026-07-17,691016,tyler soderstrom,cade cavalli,WSH@ATH,,,,,3.779,2.163,1.009,1.01,0.996,10.6,11.12,,,,,,,,1,
2026-07-17,662139,daulton varsho,anthony kay,CWS@TOR,,,,,2.491,2.998,1.009,1.0,1.101,10.6,11.12,,,,,,,,0,
2026-07-17,669394,jake burger,chris sale,TEX@ATL,,,,,4.001,2.276,0.991,1.0,0.909,10.5,11.06,,,,,,,,0,
2026-07-17,807799,masataka yoshida,mason englert,TB@BOS,,,,,2.083,3.722,1.044,0.991,1.026,10.5,11.06,,,,,,,,1,
2026-07-17,669065,kyle stowers,logan henderson,MIA@MIL,,,,,3.691,2.522,0.982,1.0,0.9,10.5,11.06,,,,,,,,0,
2026-07-17,663586,austin riley,cal quantrill,TEX@ATL,,,,,2.512,3.093,1.004,1.0,1.039,10.4,11.01,,,,,,,,1,
2026-07-17,682985,riley greene,reid detmers,DET@LAA,,,,,3.203,2.759,1.011,1.002,0.902,10.4,11.01,,,,,,,,0,
2026-07-17,677951,bobby witt,mike king,SD@KC,,,,,3.19,2.455,1.0,1.0,1.035,10.4,11.01,,,,,,,,0,
2026-07-17,691026,masyn winn,merrill kelly,STL@AZ,,,,,1.611,4.371,1.0,1.0,1.12,10.1,10.85,,,,,,,,0,
2026-07-17,668930,brice turang,sandy alcántara,MIA@MIL,,,,,3.275,2.537,0.97,1.0,0.946,9.8,10.69,,,,,,,,0,
2026-07-17,521692,salvador pérez,mike king,SD@KC,,,,,2.961,2.455,1.0,1.0,1.035,9.7,10.63,,,,,,,,0,
2026-07-17,686681,michael massey,mike king,SD@KC,,,,,2.92,2.455,1.0,1.0,1.035,9.5,10.53,,,,,,,,0,
2026-07-17,686611,dylan crews,gage jump,WSH@ATH,,,,,3.135,2.418,1.006,1.01,0.961,9.5,10.53,,,,,,,,0,
2026-07-17,687859,troy johnston,brady singer,CIN@COL,,,,,1.541,4.45,0.956,1.007,1.12,9.5,10.53,,,,,,,,0,
2026-07-17,657136,connor wong,mason englert,TB@BOS,,,,,1.845,3.722,1.044,0.991,1.026,9.4,10.47,,,,,,,,0,
2026-07-17,657041,lane thomas,mike king,SD@KC,,,,,2.747,2.455,1.0,1.0,1.035,9.0,10.26,,,,,,,,1,
2026-07-17,650490,yandy díaz,jake bennett,TB@BOS,,,,,3.246,2.291,1.044,0.991,0.9,8.9,10.2,,,,,,,,0,
2026-07-17,663656,kyle tucker,gerrit cole,LAD@NYY,,,,,2.129,3.531,1.011,0.982,0.911,8.8,10.15,,,,,,,,0,
2026-07-17,681351,logan o'hoppe,troy melton,DET@LAA,,,,,2.177,3.424,1.006,1.002,0.9,8.7,10.1,,,,,,,,0,
2026-07-17,696285,jacob young,gage jump,WSH@ATH,,,,,2.857,2.418,1.006,1.01,0.961,8.7,10.1,,,,,,,,0,
2026-07-17,643217,andrew benintendi,spencer miles,CWS@TOR,,,,,3.346,2.179,1.007,1.0,0.9,8.5,9.99,,,,,,,,0,
2026-07-17,666971,lourdes gurriel,michael mcgreevy,STL@AZ,,,,,1.864,3.196,1.0,1.0,1.11,8.5,9.99,,,,,,,,0,
2026-07-17,665489,vladimir guerrero,anthony kay,CWS@TOR,,,,,1.907,2.998,1.004,1.0,1.101,8.2,9.83,,,,,,,,0,
2026-07-17,677649,ezequiel duran,chris sale,TEX@ATL,,,,,3.069,2.276,0.991,1.0,0.909,8.1,9.77,,,,,,,,0,
2026-07-17,695734,daylen lile,gage jump,WSH@ATH,,,,,2.612,2.418,1.009,1.01,0.961,8.0,9.72,,,,,,,,1,
2026-07-17,666126,carlos cortes,cade cavalli,WSH@ATH,,,,,2.76,2.163,1.009,1.01,0.996,7.8,9.61,,,,,,,,0,
2026-07-17,679845,nick loftin,mike king,SD@KC,,,,,2.35,2.455,1.0,1.0,1.035,7.7,9.56,,,,,,,,0,
2026-07-17,661388,william contreras,sandy alcántara,MIA@MIL,,,,,2.517,2.537,0.99,1.0,0.946,7.7,9.56,,,,,,,,0,
2026-07-17,686469,vinnie pasquantino,mike king,SD@KC,,,,,2.306,2.455,1.0,1.0,1.035,7.6,9.51,,,,,,,,0,
2026-07-17,663728,cal raleigh,landen roupp,SF@SEA,,,,,3.164,2.065,1.002,1.0,0.9,7.6,9.51,,,,,,,,0,
2026-07-17,807712,luke keaschall,colin rea,MIN@CHC,,,,,1.615,3.282,0.976,1.005,1.12,7.5,9.45,,,,,,,,0,
2026-07-17,592885,christian yelich,sandy alcántara,MIA@MIL,,,,,2.44,2.537,0.982,1.0,0.946,7.5,9.45,,,,,,,,0,
2026-07-17,663837,matt vierling,reid detmers,DET@LAA,,,,,2.268,2.759,1.006,1.002,0.902,7.4,9.4,,,,,,,,0,
2026-07-17,663538,nico hoerner,bailey ober,MIN@CHC,,,,,1.421,3.904,0.978,1.005,1.015,7.2,9.29,,,,,,,,0,
2026-07-17,668227,randy arozarena,landen roupp,SF@SEA,,,,,2.937,2.065,1.0,1.0,0.9,7.1,9.24,,,,,,,,0,
2026-07-17,672640,otto lopez,logan henderson,MIA@MIL,,,,,2.389,2.522,0.99,1.0,0.9,7.0,9.19,,,,,,,,0,
2026-07-17,656716,zach mckinstry,reid detmers,DET@LAA,,,,,2.077,2.759,1.002,1.002,0.902,6.8,9.08,,,,,,,,0,
2026-07-17,673962,josh jung,chris sale,TEX@ATL,,,,,2.558,2.276,0.991,1.0,0.909,6.8,9.08,,,,,,,,0,
2026-07-17,686555,isaac collins,mike king,SD@KC,,,,,1.992,2.455,1.0,1.0,1.035,6.6,8.97,,,,,,,,0,
2026-07-17,805779,jacob wilson,cade cavalli,WSH@ATH,,,,,2.153,2.163,1.006,1.01,0.996,6.1,8.7,,,,,,,,0,
2026-07-17,687401,joey ortiz,sandy alcántara,MIA@MIL,,,,,1.852,2.537,0.99,1.0,0.946,5.7,8.49,,,,,,,,1,
2026-07-17,691594,javier sanoja,logan henderson,MIA@MIL,,,,,1.837,2.522,0.99,1.0,0.9,5.4,8.33,,,,,,,,0,
2026-07-17,669364,xavier edwards,logan henderson,MIA@MIL,,,,,1.831,2.522,0.982,1.0,0.9,5.3,8.27,,,,,,,,0,
2026-07-17,805300,jakob marsee,logan henderson,MIA@MIL,,,,,1.7,2.522,0.982,1.0,0.9,5.0,8.11,,,,,,,,0,
2026-07-17,663743,nick fortes,jake bennett,TB@BOS,,,,,1.663,2.291,1.049,0.991,0.9,4.7,7.95,,,,,,,,0,
2026-07-17,810938,ben williamson,jake bennett,TB@BOS,,,,,1.672,2.291,1.037,0.991,0.9,4.6,7.9,,,,,,,,0,
2026-07-17,645302,víctor robles,landen roupp,SF@SEA,,,,,1.631,2.065,1.004,1.0,0.9,4.0,7.58,,,,,,,,0,
2026-07-17,683083,nasim nuñez,gage jump,WSH@ATH,,,,,1.1,2.418,1.006,1.01,0.961,3.4,7.25,,,,,,,,0,
2026-07-17,670764,taylor walls,jake bennett,TB@BOS,,,,,0.952,2.291,1.044,0.991,0.9,2.7,6.88,,,,,,,,0,
2026-07-18,669127,shea langeliers,zack littell,WSH@ATH,,,,,5.027,5.151,1.006,1.01,1.12,33.8,23.56,,,,,,,,0,
2026-07-18,641680,jonah heim,zack littell,WSH@ATH,,,,,4.23,5.151,1.009,1.01,1.12,29.2,21.09,,,,,,,,0,
2026-07-18,691016,tyler soderstrom,zack littell,WSH@ATH,,,,,3.968,5.151,1.009,1.01,1.12,27.6,20.23,,,,,,,,1,
2026-07-18,668709,jj bleday,tomoyuki sugano,CIN@COL,,,,,4.826,4.057,0.966,1.007,1.12,25.5,19.11,,,,,,,,0,
2026-07-18,656941,kyle schwarber,sean manaea,NYM@PHI,,,,,6.621,3.038,1.006,0.991,1.002,24.2,18.41,,,,,,,,1,
2026-07-18,682829,elly de la cruz,tomoyuki sugano,CIN@COL,,,,,4.225,4.057,0.963,1.007,1.12,22.6,17.55,,,,,,,,0,
2026-07-18,701398,sal stewart,tomoyuki sugano,CIN@COL,,,,,4.202,4.057,0.963,1.007,1.12,22.5,17.5,,,,,,,,0,
2026-07-18,668715,spencer steer,tomoyuki sugano,CIN@COL,,,,,4.085,4.057,0.963,1.007,1.12,21.9,17.18,,,,,,,,0,
2026-07-18,553993,eugenio suárez,tomoyuki sugano,CIN@COL,,,,,4.013,4.057,0.963,1.007,1.12,21.6,17.01,,,,,,,,0,
2026-07-18,670541,yordan álvarez,trevor rogers,BAL@HOU,,,,,6.365,2.741,1.005,1.0,1.007,21.5,16.96,,,,,,,,0,
2026-07-18,694212,samuel basallo,spencer arrighetti,BAL@HOU,,,,,4.633,3.276,1.025,1.0,1.099,20.9,16.64,,,,,,,,0,
2026-07-18,666160,mickey moniak,rhett lowder,CIN@COL,,,,,5.34,2.915,0.956,1.007,1.12,20.6,16.48,,,,,,,,0,
2026-07-18,691023,jordan walker,brandon pfaadt,STL@AZ,,,,,4.94,3.31,1.0,1.0,1.023,20.5,16.42,,,,,,,,0,
2026-07-18,664040,brandon lowe,gavin williams,PIT@CLE,,,,,4.721,3.537,1.006,0.983,1.014,20.5,16.42,,,,,,,,0,
2026-07-18,575929,willson contreras,ian seymour,TB@BOS,,,,,5.049,3.479,1.037,0.991,0.917,20.3,16.32,,,,,,,,0,
2026-07-18,682622,noelvi marte,tomoyuki sugano,CIN@COL,,,,,3.77,4.057,0.96,1.007,1.12,20.3,16.32,,,,,,,,0,
2026-07-18,695578,james wood,j. t. ginn,WSH@ATH,,,,,5.445,3.011,1.009,1.01,0.985,20.2,16.26,,,,,,,,0,
2026-07-18,624413,pete alonso,spencer arrighetti,BAL@HOU,,,,,4.538,3.276,1.004,1.0,1.099,20.1,16.21,,,,,,,,0,
2026-07-18,671277,luis garcía,j. t. ginn,WSH@ATH,,,,,5.396,3.011,1.009,1.01,0.985,20.0,16.16,,,,,,,,0,
2026-07-18,666126,carlos cortes,zack littell,WSH@ATH,,,,,2.729,5.151,1.009,1.01,1.12,19.7,16.0,,,,,,,,1,
2026-07-18,681481,kerry carpenter,grayson rodriguez,DET@LAA,,,,,4.728,2.909,1.006,1.002,1.12,19.1,15.67,,,,,,,,0,
2026-07-18,693307,dillon dingler,grayson rodriguez,DET@LAA,,,,,4.678,2.909,1.003,1.002,1.12,18.9,15.57,,,,,,,,0,
2026-07-18,656811,ryan o'hearn,gavin williams,PIT@CLE,,,,,4.28,3.537,1.011,0.983,1.014,18.8,15.51,,,,,,,,0,
2026-07-18,621566,matt olson,mackenzie gore,TEX@ATL,,,,,5.488,2.778,1.009,1.0,0.963,18.3,15.24,,,,,,,,0,
2026-07-18,680779,henry davis,gavin williams,PIT@CLE,,,,,3.795,3.537,1.018,0.983,1.014,17.0,14.55,,,,,,,,0,
2026-07-18,547180,bryce harper,sean manaea,NYM@PHI,,,,,4.453,3.038,1.006,0.991,1.002,16.8,14.44,,,,,,,,0,
2026-07-18,683002,gunnar henderson,spencer arrighetti,BAL@HOU,,,,,3.675,3.276,1.004,1.0,1.099,16.6,14.33,,,,,,,,0,
2026-07-18,695506,jac caglianone,griffin canning,SD@KC,,,,,3.951,3.177,1.0,1.0,1.048,16.4,14.23,,,,,,,,0,
2026-07-18,679529,spencer torkelson,grayson rodriguez,DET@LAA,,,,,3.978,2.909,1.003,1.002,1.12,16.3,14.17,,,,,,,,1,
2026-07-18,621020,dansby swanson,taj bradley,MIN@CHC,,,,,4.093,3.375,0.978,1.005,0.956,16.2,14.12,,,,,,,,0,
2026-07-18,572233,christian walker,trevor rogers,BAL@HOU,,,,,4.512,2.741,1.034,1.0,1.007,16.1,14.06,,,,,,,,0,
2026-07-18,665019,kody clemens,matt boyd,MIN@CHC,,,,,4.318,2.778,0.976,1.005,1.072,15.8,13.9,,,,,,,,1,
2026-07-18,805779,jacob wilson,zack littell,WSH@ATH,,,,,2.136,5.151,1.006,1.01,1.12,15.7,13.85,,,,,,,,1,
2026-07-18,664023,ian happ,taj bradley,MIN@CHC,,,,,3.963,3.375,0.978,1.005,0.956,15.7,13.85,,,,,,,,0,
2026-07-18,656537,derek hill,sean manaea,NYM@PHI,,,,,4.034,3.038,1.008,0.991,1.002,15.4,13.69,,,,,,,,0,
2026-07-18,680777,ryan jeffers,matt boyd,MIN@CHC,,,,,4.16,2.778,0.978,1.005,1.072,15.3,13.64,,,,,,,,0,
2026-07-18,672356,gabriel arias,jared jones,PIT@CLE,,,,,4.004,3.258,1.015,0.983,0.93,15.2,13.58,,,,,,,,0,
2026-07-18,681297,colton cowser,spencer arrighetti,BAL@HOU,,,,,3.293,3.276,1.004,1.0,1.099,15.0,13.48,,,,,,,,0,
2026-07-18,702616,jackson holliday,spencer arrighetti,BAL@HOU,,,,,3.279,3.276,1.004,1.0,1.099,14.9,13.42,,,,,,,,0,
2026-07-18,686948,drake baldwin,mackenzie gore,TEX@ATL,,,,,4.435,2.778,1.0,1.0,0.963,14.9,13.42,,,,,,,,0,
2026-07-18,695600,carter jensen,griffin canning,SD@KC,,,,,3.536,3.177,1.0,1.0,1.048,14.8,13.37,,,,,,,,0,
2026-07-18,668804,bryan reynolds,gavin williams,PIT@CLE,,,,,3.264,3.537,1.015,0.983,1.014,14.7,13.31,,,,,,,,0,
2026-07-18,667472,dane myers,tomoyuki sugano,CIN@COL,,,,,2.593,4.057,0.963,1.007,1.12,14.4,13.15,,,,,,,,0,
2026-07-18,686527,dominic canzone,logan webb,SF@SEA,,,,,4.944,2.349,1.0,1.0,0.961,14.1,12.99,,,,,,,,0,
2026-07-18,671739,michael harris,mackenzie gore,TEX@ATL,,,,,4.085,2.778,1.009,1.0,0.963,13.9,12.89,,,,,,,,1,
2026-07-18,668939,adley rutschman,spencer arrighetti,BAL@HOU,,,,,2.93,3.276,1.034,1.0,1.099,13.8,12.83,,,,,,,,0,
2026-07-18,665742,juan soto,jesús luzardo,NYM@PHI,,,,,5.391,2.213,1.006,0.991,0.9,13.5,12.67,,,,,,,,0,
2026-07-18,677800,wilyer abreu,ian seymour,TB@BOS,,,,,3.143,3.479,1.059,0.991,0.917,13.3,12.56,,,,,,,,1,
2026-07-18,677951,bobby witt,griffin canning,SD@KC,,,,,3.161,3.177,1.0,1.0,1.048,13.3,12.56,,,,,,,,0,
2026-07-18,682985,riley greene,grayson rodriguez,DET@LAA,,,,,3.179,2.909,1.011,1.002,1.12,13.3,12.56,,,,,,,,0,
2026-07-18,670042,luke raley,logan webb,SF@SEA,,,,,4.631,2.349,1.0,1.0,0.961,13.2,12.51,,,,,,,,0,
2026-07-18,686797,brooks lee,matt boyd,MIN@CHC,,,,,3.545,2.778,0.978,1.005,1.072,13.1,12.46,,,,,,,,0,
2026-07-18,664983,jake mccarthy,rhett lowder,CIN@COL,,,,,3.176,2.915,0.966,1.007,1.12,12.8,12.3,,,,,,,,0,
2026-07-18,694192,jackson chourio,max meyer,MIA@MIL,,,,,4.081,2.611,0.99,1.0,0.952,12.7,12.24,,,,,,,,0,
2026-07-18,624585,jorge soler,tarik skubal,DET@LAA,,,,,3.377,3.262,1.003,1.002,0.9,12.6,12.19,,,,,,,,0,
2026-07-18,655316,andruw monasterio,ian seymour,TB@BOS,,,,,3.007,3.479,1.037,0.991,0.917,12.5,12.13,,,,,,,,0,
2026-07-18,657041,lane thomas,griffin canning,SD@KC,,,,,2.967,3.177,1.0,1.0,1.048,12.5,12.13,,,,,,,,1,
2026-07-18,521692,salvador pérez,griffin canning,SD@KC,,,,,2.932,3.177,1.0,1.0,1.048,12.4,12.08,,,,,,,,1,
2026-07-18,690993,colt keith,grayson rodriguez,DET@LAA,,,,,2.974,2.909,1.006,1.002,1.12,12.4,12.08,,,,,,,,0,
2026-07-18,605137,josh bell,matt boyd,MIN@CHC,,,,,3.338,2.778,0.976,1.005,1.072,12.4,12.08,,,,,,,,0,
2026-07-18,672960,kazuma okamoto,davis martin,CWS@TOR,,,,,5.067,1.872,1.004,1.0,1.016,12.3,12.03,,,,,,,,0,
2026-07-18,686681,michael massey,griffin canning,SD@KC,,,,,2.881,3.177,1.0,1.0,1.048,12.2,11.97,,,,,,,,0,
2026-07-18,700932,kyle manzardo,jared jones,PIT@CLE,,,,,3.184,3.258,1.006,0.983,0.93,12.1,11.92,,,,,,,,0,
2026-07-18,514888,josé altuve,trevor rogers,BAL@HOU,,,,,3.323,2.741,1.034,1.0,1.007,12.1,11.92,,,,,,,,0,
2026-07-18,666176,jo adell,tarik skubal,DET@LAA,,,,,3.185,3.262,1.003,1.002,0.9,12.0,11.87,,,,,,,,0,
2026-07-18,663698,joey bart,mackenzie gore,TEX@ATL,,,,,3.543,2.778,0.991,1.0,0.963,11.9,11.81,,,,,,,,0,
2026-07-18,624641,edmundo sosa,sean manaea,NYM@PHI,,,,,3.081,3.038,1.008,0.991,1.002,11.9,11.81,,,,,,,,0,
2026-07-18,702332,caleb durbin,ian seymour,TB@BOS,,,,,2.845,3.479,1.037,0.991,0.917,11.9,11.81,,,,,,,,0,
2026-07-18,686780,pedro pagés,brandon pfaadt,STL@AZ,,,,,2.727,3.31,1.0,1.0,1.023,11.8,11.76,,,,,,,,0,
2026-07-18,663457,lars nootbaar,brandon pfaadt,STL@AZ,,,,,2.73,3.31,1.0,1.0,1.023,11.8,11.76,,,,,,,,0,
2026-07-18,686611,dylan crews,j. t. ginn,WSH@ATH,,,,,3.076,3.011,1.006,1.01,0.985,11.8,11.76,,,,,,,,0,
2026-07-18,701358,cam smith,trevor rogers,BAL@HOU,,,,,3.235,2.741,1.034,1.0,1.007,11.7,11.71,,,,,,,,0,
2026-07-18,673237,yainer diaz,trevor rogers,BAL@HOU,,,,,3.296,2.741,1.004,1.0,1.007,11.6,11.65,,,,,,,,0,
2026-07-18,642715,willy adames,bryan woo,SF@SEA,,,,,3.899,2.546,1.002,1.0,0.918,11.6,11.65,,,,,,,,1,
2026-07-18,671056,iván herrera,brandon pfaadt,STL@AZ,,,,,2.681,3.31,1.0,1.0,1.023,11.6,11.65,,,,,,,,0,
2026-07-18,681807,david fry,mason montgomery,PIT@CLE,,,,,3.602,2.796,1.015,0.983,0.9,11.5,11.6,,,,,,,,0,
2026-07-18,664761,alec bohm,sean manaea,NYM@PHI,,,,,2.932,3.038,1.006,0.991,1.002,11.3,11.49,,,,,,,,0,
2026-07-18,645277,ozzie albies,mackenzie gore,TEX@ATL,,,,,3.306,2.778,0.991,1.0,0.963,11.2,11.44,,,,,,,,0,
2026-07-18,665877,josé fermín,brandon pfaadt,STL@AZ,,,,,2.589,3.31,1.0,1.0,1.023,11.2,11.44,,,,,,,,0,
2026-07-18,677588,josé tena,j. t. ginn,WSH@ATH,,,,,2.83,3.011,1.009,1.01,0.985,10.9,11.28,,,,,,,,0,
2026-07-18,681546,james outman,grayson rodriguez,DET@LAA,,,,,2.583,2.909,1.006,1.002,1.12,10.8,11.22,,,,,,,,0,
2026-07-18,695734,daylen lile,j. t. ginn,WSH@ATH,,,,,2.772,3.011,1.009,1.01,0.985,10.7,11.17,,,,,,,,0,
2026-07-18,642201,eli white,mackenzie gore,TEX@ATL,,,,,3.138,2.778,0.991,1.0,0.963,10.6,11.12,,,,,,,,1,
2026-07-18,607208,trea turner,sean manaea,NYM@PHI,,,,,2.725,3.038,1.008,0.991,1.002,10.6,11.12,,,,,,,,1,
2026-07-18,650489,willi castro,rhett lowder,CIN@COL,,,,,2.603,2.915,0.963,1.007,1.12,10.5,11.06,,,,,,,,0,
2026-07-18,682626,francisco álvarez,jesús luzardo,NYM@PHI,,,,,4.126,2.213,1.006,0.991,0.9,10.5,11.06,,,,,,,,0,
2026-07-18,665161,jeremy peña,trevor rogers,BAL@HOU,,,,,2.841,2.741,1.034,1.0,1.007,10.4,11.01,,,,,,,,0,
2026-07-18,605170,víctor caratini,matt boyd,MIN@CHC,,,,,2.784,2.778,0.976,1.005,1.072,10.4,11.01,,,,,,,,0,
2026-07-18,677594,julio rodríguez,logan webb,SF@SEA,,,,,3.545,2.349,1.002,1.0,0.961,10.3,10.95,,,,,,,,0,
2026-07-18,606466,ketel marte,dustin may,STL@AZ,,,,,3.904,2.142,1.0,1.0,0.948,10.2,10.9,,,,,,,,0,
2026-07-18,678662,ezequiel tovar,rhett lowder,CIN@COL,,,,,2.508,2.915,0.963,1.007,1.12,10.2,10.9,,,,,,,,0,
2026-07-18,669065,kyle stowers,shane drohan,MIA@MIL,,,,,3.657,2.401,0.982,1.0,0.9,10.0,10.79,,,,,,,,0,
2026-07-18,671218,heliot ramos,bryan woo,SF@SEA,,,,,3.283,2.546,1.002,1.0,0.918,9.9,10.74,,,,,,,,0,
2026-07-18,678882,ceddanne rafaela,ian seymour,TB@BOS,,,,,2.352,3.479,1.037,0.991,0.917,9.9,10.74,,,,,,,,0,
2026-07-18,679845,nick loftin,griffin canning,SD@KC,,,,,2.316,3.177,1.0,1.0,1.048,9.9,10.74,,,,,,,,0,
2026-07-18,665804,miguel amaya,taj bradley,MIN@CHC,,,,,2.406,3.375,0.978,1.005,0.956,9.8,10.69,,,,,,,,0,
2026-07-18,686469,vinnie pasquantino,griffin canning,SD@KC,,,,,2.28,3.177,1.0,1.0,1.048,9.7,10.63,,,,,,,,0,
2026-07-18,643289,mauricio dubón,mackenzie gore,TEX@ATL,,,,,2.754,2.778,1.009,1.0,0.963,9.6,10.58,,,,,,,,0,
2026-07-18,665966,carlos narváez,ian seymour,TB@BOS,,,,,2.245,3.479,1.037,0.991,0.917,9.5,10.53,,,,,,,,0,
2026-07-18,663837,matt vierling,grayson rodriguez,DET@LAA,,,,,2.245,2.909,1.006,1.002,1.12,9.5,10.53,,,,,,,,0,
2026-07-18,677587,brayan rocchio,jared jones,PIT@CLE,,,,,2.435,3.258,1.006,0.983,0.93,9.4,10.47,,,,,,,,0,
2026-07-18,608324,alex bregman,taj bradley,MIN@CHC,,,,,2.282,3.375,0.976,1.005,0.956,9.3,10.42,,,,,,,,0,
2026-07-18,663586,austin riley,mackenzie gore,TEX@ATL,,,,,2.684,2.778,1.004,1.0,0.963,9.3,10.42,,,,,,,,0,
2026-07-18,663728,cal raleigh,logan webb,SF@SEA,,,,,3.133,2.349,1.002,1.0,0.961,9.1,10.31,,,,,,,,0,
2026-07-18,694374,tim tawa,dustin may,STL@AZ,,,,,3.448,2.142,1.0,1.0,0.948,9.0,10.26,,,,,,,,0,
2026-07-18,682998,corbin carroll,dustin may,STL@AZ,,,,,3.389,2.142,1.0,1.0,0.948,8.9,10.2,,,,,,,,0,
2026-07-18,656716,zach mckinstry,grayson rodriguez,DET@LAA,,,,,2.061,2.909,1.002,1.002,1.12,8.7,10.1,,,,,,,,0,
2026-07-18,668227,randy arozarena,logan webb,SF@SEA,,,,,2.915,2.349,1.0,1.0,0.961,8.5,9.99,,,,,,,,0,
2026-07-18,686555,isaac collins,griffin canning,SD@KC,,,,,1.97,3.177,1.0,1.0,1.048,8.5,9.99,,,,,,,,0,
2026-07-18,681351,logan o'hoppe,tarik skubal,DET@LAA,,,,,2.16,3.262,1.006,1.002,0.9,8.3,9.88,,,,,,,,0,
2026-07-18,672275,patrick bailey,jared jones,PIT@CLE,,,,,2.151,3.258,1.008,0.983,0.93,8.3,9.88,,,,,,,,0,
2026-07-18,682177,daniel schneemann,mason montgomery,PIT@CLE,,,,,2.543,2.796,1.006,0.983,0.9,8.2,9.83,,,,,,,,0,
2026-07-18,595978,austin hedges,mason montgomery,PIT@CLE,,,,,2.515,2.796,1.015,0.983,0.9,8.2,9.83,,,,,,,,0,
2026-07-18,543807,george springer,davis martin,CWS@TOR,,,,,3.283,1.872,1.009,1.0,1.016,8.1,9.77,,,,,,,,0,
2026-07-18,661388,william contreras,max meyer,MIA@MIL,,,,,2.493,2.611,0.99,1.0,0.952,7.9,9.67,,,,,,,,0,
2026-07-18,678391,jorbit vivas,j. t. ginn,WSH@ATH,,,,,2.021,3.011,1.007,1.01,0.985,7.9,9.67,,,,,,,,0,
2026-07-18,677587,brayan rocchio,mason montgomery,PIT@CLE,,,,,2.435,2.796,1.006,0.983,0.9,7.8,9.61,,,,,,,,0,
2026-07-18,592885,christian yelich,max meyer,MIA@MIL,,,,,2.41,2.611,0.982,1.0,0.952,7.6,9.51,,,,,,,,0,
2026-07-18,666397,edouard julien,rhett lowder,CIN@COL,,,,,1.823,2.915,0.966,1.007,1.12,7.5,9.45,,,,,,,,0,
2026-07-18,543760,marcus semien,jesús luzardo,NYM@PHI,,,,,2.884,2.213,1.008,0.991,0.9,7.4,9.4,,,,,,,,0,
2026-07-18,693304,nick gonzales,gavin williams,PIT@CLE,,,,,1.56,3.537,1.006,0.983,1.014,7.2,9.29,,,,,,,,1,
2026-07-18,663968,jake mangum,gavin williams,PIT@CLE,,,,,1.525,3.537,1.018,0.983,1.014,7.1,9.24,,,,,,,,0,
2026-07-18,691026,masyn winn,brandon pfaadt,STL@AZ,,,,,1.599,3.31,1.0,1.0,1.023,7.0,9.19,,,,,,,,0,
2026-07-18,687401,joey ortiz,max meyer,MIA@MIL,,,,,2.107,2.611,0.99,1.0,0.952,6.7,9.02,,,,,,,,0,
2026-07-18,666182,bo bichette,jesús luzardo,NYM@PHI,,,,,2.549,2.213,1.008,0.991,0.9,6.6,8.97,,,,,,,,0,
2026-07-18,672640,otto lopez,shane drohan,MIA@MIL,,,,,2.372,2.401,0.99,1.0,0.9,6.6,8.97,,,,,,,,0,
2026-07-18,664770,nathan lukes,davis martin,CWS@TOR,,,,,2.563,1.872,1.009,1.0,1.016,6.4,8.86,,,,,,,,0,
2026-07-18,672386,alejandro kirk,davis martin,CWS@TOR,,,,,2.551,1.872,1.004,1.0,1.016,6.3,8.81,,,,,,,,0,
2026-07-18,662139,daulton varsho,davis martin,CWS@TOR,,,,,2.469,1.872,1.009,1.0,1.016,6.2,8.76,,,,,,,,0,
2026-07-18,687859,troy johnston,rhett lowder,CIN@COL,,,,,1.527,2.915,0.956,1.007,1.12,6.2,8.76,,,,,,,,0,
2026-07-18,665926,andrés giménez,davis martin,CWS@TOR,,,,,2.463,1.872,1.004,1.0,1.016,6.1,8.7,,,,,,,,0,
2026-07-18,807712,luke keaschall,matt boyd,MIN@CHC,,,,,1.602,2.778,0.976,1.005,1.072,6.1,8.7,,,,,,,,0,
2026-07-18,663538,nico hoerner,taj bradley,MIN@CHC,,,,,1.411,3.375,0.978,1.005,0.956,5.8,8.54,,,,,,,,0,
2026-07-18,668885,austin martin,matt boyd,MIN@CHC,,,,,1.44,2.778,0.978,1.005,1.072,5.5,8.38,,,,,,,,0,
2026-07-18,691594,javier sanoja,shane drohan,MIA@MIL,,,,,1.823,2.401,0.99,1.0,0.9,5.1,8.17,,,,,,,,0,
2026-07-18,669364,xavier edwards,shane drohan,MIA@MIL,,,,,1.818,2.401,0.982,1.0,0.9,5.0,8.11,,,,,,,,0,
2026-07-18,665489,vladimir guerrero,davis martin,CWS@TOR,,,,,1.892,1.872,1.004,1.0,1.016,4.7,7.95,,,,,,,,0,
2026-07-18,683083,nasim nuñez,j. t. ginn,WSH@ATH,,,,,1.085,3.011,1.006,1.01,0.985,4.3,7.74,,,,,,,,0,
2026-07-19,681481,kerry carpenter,ryan johnson,DET@LAA,,,,,4.675,4.537,1.006,1.002,1.079,27.4,20.12,,,,,,,,0,
2026-07-19,693307,dillon dingler,ryan johnson,DET@LAA,,,,,4.63,4.537,1.003,1.002,1.079,27.1,19.96,,,,,,,,0,
2026-07-19,679529,spencer torkelson,ryan johnson,DET@LAA,,,,,4.347,4.537,1.003,1.002,1.079,25.6,19.16,,,,,,,,0,
2026-07-19,621566,matt olson,nathan eovaldi,TEX@ATL,,,,,5.438,3.846,1.009,1.0,0.971,24.6,18.62,,,,,,,,0,
2026-07-19,695578,james wood,jacob lopez,WSH@ATH,,,,,5.408,3.789,1.009,1.01,0.964,24.2,18.41,,,,,,,,0,
2026-07-19,665019,kody clemens,shota imanaga,MIN@CHC,,,,,4.715,4.526,0.976,1.005,0.949,24.0,18.3,,,,,,,,0,
2026-07-19,665052,griffin conine,robert gasser,MIA@MIL,,,,,4.972,4.163,0.982,1.0,0.957,23.5,18.03,,,,,,,,0,
2026-07-19,695506,jac caglianone,germán márquez,SD@KC,,,,,3.918,4.401,1.0,1.0,1.12,23.4,17.98,,,,,,,,1,
2026-07-19,668709,jj bleday,ryan feltner,CIN@COL,,,,,4.779,3.735,0.966,1.007,1.089,22.9,17.71,,,,,,,,0,
2026-07-19,621020,dansby swanson,zebby matthews,MIN@CHC,,,,,4.06,4.379,0.978,1.005,1.041,22.1,17.28,,,,,,,,0,
2026-07-19,664023,ian happ,zebby matthews,MIN@CHC,,,,,3.933,4.379,0.978,1.005,1.041,21.5,16.96,,,,,,,,0,
2026-07-19,669127,shea langeliers,foster griffin,WSH@ATH,,,,,4.979,3.632,1.006,1.01,0.956,21.4,16.91,,,,,,,,0,
2026-07-19,680777,ryan jeffers,shota imanaga,MIN@CHC,,,,,4.101,4.526,0.978,1.005,0.949,21.1,16.75,,,,,,,,0,
2026-07-19,695600,carter jensen,germán márquez,SD@KC,,,,,3.499,4.401,1.0,1.0,1.12,21.1,16.75,,,,,,,,0,
2026-07-19,670541,yordan álvarez,brandon young,BAL@HOU,,,,,6.307,2.648,1.005,1.0,1.007,20.7,16.53,,,,,,,,0,
2026-07-19,682829,elly de la cruz,ryan feltner,CIN@COL,,,,,4.189,3.735,0.963,1.007,1.089,20.3,16.32,,,,,,,,0,
2026-07-19,700250,ben rice,yoshinobu yamamoto,LAD@NYY,,,,,6.397,2.889,1.011,0.982,0.9,20.3,16.32,,,,,,,,0,
2026-07-19,701398,sal stewart,ryan feltner,CIN@COL,,,,,4.171,3.735,0.963,1.007,1.089,20.2,16.26,,,,,,,,1,
2026-07-19,686948,drake baldwin,nathan eovaldi,TEX@ATL,,,,,4.385,3.846,1.0,1.0,0.971,20.1,16.21,,,,,,,,1,
2026-07-19,668715,spencer steer,ryan feltner,CIN@COL,,,,,4.051,3.735,0.963,1.007,1.089,19.7,16.0,,,,,,,,0,
2026-07-19,671739,michael harris,nathan eovaldi,TEX@ATL,,,,,4.248,3.846,1.009,1.0,0.971,19.7,16.0,,,,,,,,0,
2026-07-19,691406,junior caminero,sonny gray,TB@BOS,,,,,5.976,2.741,1.044,0.991,0.933,19.5,15.89,,,,,,,,0,
2026-07-19,663993,nathaniel lowe,ryan feltner,CIN@COL,,,,,3.934,3.735,0.975,1.007,1.089,19.4,15.83,,,,,,,,1,
2026-07-19,657041,lane thomas,germán márquez,SD@KC,,,,,3.188,4.401,1.0,1.0,1.12,19.4,15.83,,,,,,,,0,
2026-07-19,682985,riley greene,ryan johnson,DET@LAA,,,,,3.155,4.537,1.011,1.002,1.079,19.3,15.78,,,,,,,,1,
2026-07-19,553993,eugenio suárez,ryan feltner,CIN@COL,,,,,3.972,3.735,0.963,1.007,1.089,19.3,15.78,,,,,,,,0,
2026-07-19,521692,salvador pérez,germán márquez,SD@KC,,,,,3.107,4.401,1.0,1.0,1.12,18.9,15.57,,,,,,,,0,
2026-07-19,668904,royce lewis,shota imanaga,MIN@CHC,,,,,3.602,4.526,0.978,1.005,0.949,18.8,15.51,,,,,,,,0,
2026-07-19,656941,kyle schwarber,nolan mclean,NYM@PHI,,,,,6.744,2.439,1.006,0.991,0.918,18.6,15.41,,,,,,,,0,
2026-07-19,669394,jake burger,grant holmes,TEX@ATL,,,,,3.93,3.728,0.991,1.0,1.036,18.6,15.41,,,,,,,,0,
2026-07-19,686797,brooks lee,shota imanaga,MIN@CHC,,,,,3.517,4.526,0.978,1.005,0.949,18.4,15.3,,,,,,,,0,
2026-07-19,668670,jake rogers,ryan johnson,DET@LAA,,,,,3.013,4.537,1.003,1.002,1.079,18.3,15.24,,,,,,,,0,
2026-07-19,641680,jonah heim,foster griffin,WSH@ATH,,,,,4.16,3.632,1.009,1.01,0.956,18.2,15.19,,,,,,,,0,
2026-07-19,691016,tyler soderstrom,foster griffin,WSH@ATH,,,,,4.136,3.632,1.009,1.01,0.956,18.1,15.14,,,,,,,,0,
2026-07-19,690993,colt keith,ryan johnson,DET@LAA,,,,,2.937,4.537,1.006,1.002,1.079,18.0,15.08,,,,,,,,0,
2026-07-19,592518,manny machado,noah cameron,SD@KC,,,,,4.363,3.074,1.0,1.0,1.076,17.9,15.03,,,,,,,,0,
2026-07-19,691023,jordan walker,eduardo rodríguez,STL@AZ,,,,,4.903,2.71,1.0,1.0,1.086,17.9,15.03,,,,,,,,0,
2026-07-19,664034,ty france,noah cameron,SD@KC,,,,,4.37,3.074,1.0,1.0,1.076,17.9,15.03,,,,,,,,1,
2026-07-19,669065,kyle stowers,robert gasser,MIA@MIL,,,,,3.623,4.163,0.982,1.0,0.957,17.6,14.87,,,,,,,,0,
2026-07-19,694212,samuel basallo,hunter brown,BAL@HOU,,,,,4.579,3.151,1.025,1.0,0.951,17.5,14.82,,,,,,,,0,
2026-07-19,672960,kazuma okamoto,sean burke,CWS@TOR,,,,,5.027,2.99,1.004,1.0,0.932,17.5,14.82,,,,,,,,0,
2026-07-19,605137,josh bell,shota imanaga,MIN@CHC,,,,,3.311,4.526,0.976,1.005,0.949,17.3,14.71,,,,,,,,0,
2026-07-19,694192,jackson chourio,eury pérez,MIA@MIL,,,,,4.031,3.515,0.99,1.0,0.995,17.3,14.71,,,,,,,,0,
2026-07-19,543309,kyle higashioka,grant holmes,TEX@ATL,,,,,3.551,3.728,0.991,1.0,1.036,16.9,14.49,,,,,,,,0,
2026-07-19,624413,pete alonso,hunter brown,BAL@HOU,,,,,4.497,3.151,1.004,1.0,0.951,16.8,14.44,,,,,,,,0,
2026-07-19,596142,gary sánchez,eury pérez,MIA@MIL,,,,,3.923,3.515,0.974,1.0,0.995,16.7,14.39,,,,,,,,0,
2026-07-19,691723,coby mayo,hunter brown,BAL@HOU,,,,,4.229,3.151,1.034,1.0,0.951,16.3,14.17,,,,,,,,1,
2026-07-19,681546,james outman,ryan johnson,DET@LAA,,,,,2.534,4.537,1.006,1.002,1.079,15.7,13.85,,,,,,,,0,
2026-07-19,645277,ozzie albies,nathan eovaldi,TEX@ATL,,,,,3.276,3.846,0.991,1.0,0.971,15.2,13.58,,,,,,,,0,
2026-07-19,677594,julio rodríguez,robbie ray,SF@SEA,,,,,3.51,3.296,1.002,1.0,1.043,15.2,13.58,,,,,,,,0,
2026-07-19,700250,ben rice,will klein,LAD@NYY,,,,,6.397,2.126,1.011,0.982,0.9,15.2,13.58,,,,,,,,0,
2026-07-19,687515,colby thomas,foster griffin,WSH@ATH,,,,,3.433,3.632,1.006,1.01,0.956,15.2,13.58,,,,,,,,0,
2026-07-19,642715,willy adames,logan gilbert,SF@SEA,,,,,4.065,3.097,1.002,1.0,0.954,15.1,13.53,,,,,,,,0,
2026-07-19,695657,colson montgomery,trey yesavage,CWS@TOR,,,,,5.223,2.519,1.009,1.0,0.9,15.0,13.48,,,,,,,,1,
2026-07-19,660271,shohei ohtani,cam schlittler,LAD@NYY,,,,,4.847,2.684,1.011,0.982,0.9,14.6,13.26,,,,,,,,0,
2026-07-19,605170,víctor caratini,shota imanaga,MIN@CHC,,,,,2.755,4.526,0.976,1.005,0.949,14.6,13.26,,,,,,,,0,
2026-07-19,694497,evan carter,grant holmes,TEX@ATL,,,,,2.982,3.728,1.009,1.0,1.036,14.6,13.26,,,,,,,,0,
2026-07-19,677649,ezequiel duran,grant holmes,TEX@ATL,,,,,3.015,3.728,0.991,1.0,1.036,14.5,13.21,,,,,,,,0,
2026-07-19,656811,ryan o'hearn,joey cantillo,PIT@CLE,,,,,4.207,2.854,1.011,0.983,0.966,14.5,13.21,,,,,,,,0,
2026-07-19,608348,carson kelly,zebby matthews,MIN@CHC,,,,,2.584,4.379,0.961,1.005,1.041,14.3,13.1,,,,,,,,0,
2026-07-19,571970,max muncy,cam schlittler,LAD@NYY,,,,,4.715,2.684,1.011,0.982,0.9,14.2,13.05,,,,,,,,0,
2026-07-19,679845,nick loftin,germán márquez,SD@KC,,,,,2.295,4.401,1.0,1.0,1.12,14.2,13.05,,,,,,,,0,
2026-07-19,686611,dylan crews,jacob lopez,WSH@ATH,,,,,3.037,3.789,1.006,1.01,0.964,14.2,13.05,,,,,,,,1,
2026-07-19,668930,brice turang,eury pérez,MIA@MIL,,,,,3.246,3.515,0.97,1.0,0.995,13.9,12.89,,,,,,,,0,
2026-07-19,683002,gunnar henderson,hunter brown,BAL@HOU,,,,,3.642,3.151,1.004,1.0,0.951,13.8,12.83,,,,,,,,0,
2026-07-19,663728,cal raleigh,robbie ray,SF@SEA,,,,,3.103,3.296,1.002,1.0,1.043,13.5,12.67,,,,,,,,0,
2026-07-19,660271,shohei ohtani,ryan yarbrough,LAD@NYY,,,,,4.847,2.463,1.011,0.982,0.9,13.5,12.67,,,,,,,,0,
2026-07-19,575929,willson contreras,shane mcclanahan,TB@BOS,,,,,5.008,2.105,1.037,0.991,0.977,13.4,12.62,,,,,,,,1,
2026-07-19,678246,miguel vargas,trey yesavage,CWS@TOR,,,,,4.589,2.519,1.009,1.0,0.9,13.3,12.56,,,,,,,,0,
2026-07-19,696285,jacob young,jacob lopez,WSH@ATH,,,,,2.817,3.789,1.006,1.01,0.964,13.2,12.51,,,,,,,,0,
2026-07-19,680779,henry davis,joey cantillo,PIT@CLE,,,,,3.747,2.854,1.018,0.983,0.966,13.1,12.46,,,,,,,,0,
2026-07-19,571970,max muncy,ryan yarbrough,LAD@NYY,,,,,4.715,2.463,1.011,0.982,0.9,13.1,12.46,,,,,,,,0,
2026-07-19,695734,daylen lile,jacob lopez,WSH@ATH,,,,,2.751,3.789,1.009,1.01,0.964,13.0,12.4,,,,,,,,0,
2026-07-19,643289,mauricio dubón,nathan eovaldi,TEX@ATL,,,,,2.732,3.846,1.009,1.0,0.971,13.0,12.4,,,,,,,,0,
2026-07-19,667472,dane myers,ryan feltner,CIN@COL,,,,,2.553,3.735,0.963,1.007,1.089,12.8,12.3,,,,,,,,0,
2026-07-19,608324,alex bregman,zebby matthews,MIN@CHC,,,,,2.266,4.379,0.976,1.005,1.041,12.8,12.3,,,,,,,,1,
2026-07-19,642086,dominic smith,nathan eovaldi,TEX@ATL,,,,,2.699,3.846,1.002,1.0,0.971,12.8,12.3,,,,,,,,0,
2026-07-19,663886,tyler stephenson,ryan feltner,CIN@COL,,,,,2.536,3.735,0.963,1.007,1.089,12.7,12.24,,,,,,,,1,
2026-07-19,663586,austin riley,nathan eovaldi,TEX@ATL,,,,,2.663,3.846,1.004,1.0,0.971,12.7,12.24,,,,,,,,1,
2026-07-19,668227,randy arozarena,robbie ray,SF@SEA,,,,,2.892,3.296,1.0,1.0,1.043,12.6,12.19,,,,,,,,0,
2026-07-19,547180,bryce harper,nolan mclean,NYM@PHI,,,,,4.411,2.439,1.006,0.991,0.918,12.5,12.13,,,,,,,,0,
2026-07-19,681297,colton cowser,hunter brown,BAL@HOU,,,,,3.265,3.151,1.004,1.0,0.951,12.5,12.13,,,,,,,,0,
2026-07-19,702616,jackson holliday,hunter brown,BAL@HOU,,,,,3.242,3.151,1.004,1.0,0.951,12.4,12.08,,,,,,,,0,
2026-07-19,686555,isaac collins,germán márquez,SD@KC,,,,,1.957,4.401,1.0,1.0,1.12,12.3,12.03,,,,,,,,0,
2026-07-19,673962,josh jung,grant holmes,TEX@ATL,,,,,2.513,3.728,0.991,1.0,1.036,12.2,11.97,,,,,,,,0,
2026-07-19,671218,heliot ramos,logan gilbert,SF@SEA,,,,,3.247,3.097,1.002,1.0,0.954,12.2,11.97,,,,,,,,0,
2026-07-19,606466,ketel marte,andre pallante,STL@AZ,,,,,3.874,2.55,1.0,1.0,0.948,11.9,11.81,,,,,,,,0,
2026-07-19,672356,gabriel arias,paul skenes,PIT@CLE,,,,,3.914,2.642,1.015,0.983,0.9,11.8,11.76,,,,,,,,0,
2026-07-19,605141,mookie betts,cam schlittler,LAD@NYY,,,,,3.835,2.684,1.014,0.982,0.9,11.7,11.71,,,,,,,,0,
2026-07-19,514888,josé altuve,brandon young,BAL@HOU,,,,,3.286,2.648,1.034,1.0,1.007,11.5,11.6,,,,,,,,1,
2026-07-19,665862,jazz chisholm,yoshinobu yamamoto,LAD@NYY,,,,,3.47,2.889,1.011,0.982,0.9,11.4,11.54,,,,,,,,1,
2026-07-19,701358,cam smith,brandon young,BAL@HOU,,,,,3.202,2.648,1.034,1.0,1.007,11.3,11.49,,,,,,,,0,
2026-07-19,668804,bryan reynolds,joey cantillo,PIT@CLE,,,,,3.216,2.854,1.015,0.983,0.966,11.3,11.49,,,,,,,,0,
2026-07-19,656775,cedric mullins,sonny gray,TB@BOS,,,,,3.308,2.741,1.044,0.991,0.933,11.2,11.44,,,,,,,,0,
2026-07-19,673237,yainer diaz,brandon young,BAL@HOU,,,,,3.241,2.648,1.004,1.0,1.007,11.1,11.38,,,,,,,,0,
2026-07-19,701538,jackson merrill,noah cameron,SD@KC,,,,,2.622,3.074,1.0,1.0,1.076,11.1,11.38,,,,,,,,1,
2026-07-19,593428,xander bogaerts,noah cameron,SD@KC,,,,,2.574,3.074,1.0,1.0,1.076,10.9,11.28,,,,,,,,0,
2026-07-19,605141,mookie betts,ryan yarbrough,LAD@NYY,,,,,3.835,2.463,1.014,0.982,0.9,10.8,11.22,,,,,,,,0,
2026-07-19,691176,jasson domínguez,yoshinobu yamamoto,LAD@NYY,,,,,3.279,2.889,1.011,0.982,0.9,10.8,11.22,,,,,,,,0,
2026-07-19,518692,freddie freeman,cam schlittler,LAD@NYY,,,,,3.513,2.684,1.011,0.982,0.9,10.8,11.22,,,,,,,,0,
2026-07-19,663757,trent grisham,yoshinobu yamamoto,LAD@NYY,,,,,3.244,2.889,1.011,0.982,0.9,10.7,11.17,,,,,,,,1,
2026-07-19,805779,jacob wilson,foster griffin,WSH@ATH,,,,,2.374,3.632,1.006,1.01,0.956,10.7,11.17,,,,,,,,0,
2026-07-19,650490,yandy díaz,sonny gray,TB@BOS,,,,,3.167,2.741,1.044,0.991,0.933,10.7,11.17,,,,,,,,0,
2026-07-19,592885,christian yelich,eury pérez,MIA@MIL,,,,,2.381,3.515,0.982,1.0,0.995,10.5,11.06,,,,,,,,0,
2026-07-19,682998,corbin carroll,andre pallante,STL@AZ,,,,,3.363,2.55,1.0,1.0,0.948,10.4,11.01,,,,,,,,0,
2026-07-19,663457,lars nootbaar,eduardo rodríguez,STL@AZ,,,,,2.686,2.71,1.0,1.0,1.086,10.1,10.85,,,,,,,,0,
2026-07-19,671056,iván herrera,eduardo rodríguez,STL@AZ,,,,,2.656,2.71,1.0,1.0,1.086,10.0,10.79,,,,,,,,0,
2026-07-19,609280,miguel andújar,noah cameron,SD@KC,,,,,2.361,3.074,1.0,1.0,1.076,10.0,10.79,,,,,,,,0,
2026-07-19,518692,freddie freeman,ryan yarbrough,LAD@NYY,,,,,3.513,2.463,1.011,0.982,0.9,9.9,10.74,,,,,,,,0,
2026-07-19,643217,andrew benintendi,trey yesavage,CWS@TOR,,,,,3.299,2.519,1.007,1.0,0.9,9.7,10.63,,,,,,,,0,
2026-07-19,665877,josé fermín,eduardo rodríguez,STL@AZ,,,,,2.555,2.71,1.0,1.0,1.086,9.7,10.63,,,,,,,,0,
2026-07-19,677800,wilyer abreu,shane mcclanahan,TB@BOS,,,,,3.493,2.105,1.059,0.991,0.977,9.7,10.63,,,,,,,,0,
2026-07-19,606192,teoscar hernández,cam schlittler,LAD@NYY,,,,,3.125,2.684,0.998,0.982,0.9,9.5,10.53,,,,,,,,0,
2026-07-19,680728,adrian del castillo,andre pallante,STL@AZ,,,,,3.06,2.55,1.0,1.0,0.948,9.5,10.53,,,,,,,,0,
2026-07-19,700932,kyle manzardo,paul skenes,PIT@CLE,,,,,3.14,2.642,1.006,0.983,0.9,9.5,10.53,,,,,,,,0,
2026-07-19,666139,josh lowe,casey mize,DET@LAA,,,,,3.795,2.112,1.006,1.002,0.9,9.3,10.42,,,,,,,,0,
2026-07-19,641355,cody bellinger,yoshinobu yamamoto,LAD@NYY,,,,,2.809,2.889,1.011,0.982,0.9,9.3,10.42,,,,,,,,0,
2026-07-19,687401,joey ortiz,eury pérez,MIA@MIL,,,,,2.084,3.515,0.99,1.0,0.995,9.3,10.42,,,,,,,,0,
2026-07-19,664770,nathan lukes,sean burke,CWS@TOR,,,,,2.533,2.99,1.009,1.0,0.932,9.2,10.36,,,,,,,,0,
2026-07-19,669364,xavier edwards,robert gasser,MIA@MIL,,,,,1.804,4.163,0.982,1.0,0.957,9.1,10.31,,,,,,,,0,
2026-07-19,691594,javier sanoja,robert gasser,MIA@MIL,,,,,1.803,4.163,0.99,1.0,0.957,9.1,10.31,,,,,,,,0,
2026-07-19,680776,jarren duran,shane mcclanahan,TB@BOS,,,,,3.266,2.105,1.044,0.991,0.977,8.9,10.2,,,,,,,,0,
2026-07-19,662139,daulton varsho,sean burke,CWS@TOR,,,,,2.452,2.99,1.009,1.0,0.932,8.9,10.2,,,,,,,,0,
2026-07-19,665926,andrés giménez,sean burke,CWS@TOR,,,,,2.446,2.99,1.004,1.0,0.932,8.8,10.15,,,,,,,,0,
2026-07-19,606192,teoscar hernández,ryan yarbrough,LAD@NYY,,,,,3.125,2.463,0.998,0.982,0.9,8.7,10.1,,,,,,,,0,
2026-07-19,807712,luke keaschall,shota imanaga,MIN@CHC,,,,,1.592,4.526,0.976,1.005,0.949,8.6,10.04,,,,,,,,0,
2026-07-19,683734,andrew vaughn,eury pérez,MIA@MIL,,,,,1.942,3.515,0.98,1.0,0.995,8.6,10.04,,,,,,,,0,
2026-07-19,665862,jazz chisholm,will klein,LAD@NYY,,,,,3.47,2.126,1.011,0.982,0.9,8.5,9.99,,,,,,,,1,
2026-07-19,805300,jakob marsee,robert gasser,MIA@MIL,,,,,1.687,4.163,0.982,1.0,0.957,8.5,9.99,,,,,,,,0,
2026-07-19,664761,alec bohm,nolan mclean,NYM@PHI,,,,,2.903,2.439,1.006,0.991,0.918,8.4,9.94,,,,,,,,1,
2026-07-19,607208,trea turner,nolan mclean,NYM@PHI,,,,,2.884,2.439,1.008,0.991,0.918,8.3,9.88,,,,,,,,0,
2026-07-19,624585,jorge soler,casey mize,DET@LAA,,,,,3.346,2.112,1.003,1.002,0.9,8.3,9.88,,,,,,,,0,
2026-07-19,655316,andruw monasterio,shane mcclanahan,TB@BOS,,,,,2.966,2.105,1.037,0.991,0.977,8.1,9.77,,,,,,,,0,
2026-07-19,663538,nico hoerner,zebby matthews,MIN@CHC,,,,,1.401,4.379,0.978,1.005,1.041,8.1,9.77,,,,,,,,0,
2026-07-19,691176,jasson domínguez,will klein,LAD@NYY,,,,,3.279,2.126,1.011,0.982,0.9,8.1,9.77,,,,,,,,0,
2026-07-19,663757,trent grisham,will klein,LAD@NYY,,,,,3.244,2.126,1.011,0.982,0.9,8.0,9.72,,,,,,,,1,
2026-07-19,676609,josé caballero,will klein,LAD@NYY,,,,,3.275,2.126,0.998,0.982,0.9,7.9,9.67,,,,,,,,0,
2026-07-19,668885,austin martin,shota imanaga,MIN@CHC,,,,,1.429,4.526,0.978,1.005,0.949,7.8,9.61,,,,,,,,0,
2026-07-19,666176,jo adell,casey mize,DET@LAA,,,,,3.161,2.112,1.003,1.002,0.9,7.8,9.61,,,,,,,,0,
2026-07-19,702332,caleb durbin,shane mcclanahan,TB@BOS,,,,,2.82,2.105,1.037,0.991,0.977,7.7,9.56,,,,,,,,0,
2026-07-19,669397,nick allen,brandon young,BAL@HOU,,,,,2.131,2.648,1.034,1.0,1.007,7.6,9.51,,,,,,,,0,
2026-07-19,677587,brayan rocchio,paul skenes,PIT@CLE,,,,,2.395,2.642,1.006,0.983,0.9,7.3,9.35,,,,,,,,0,
2026-07-19,669224,austin wells,will klein,LAD@NYY,,,,,2.858,2.126,1.011,0.982,0.9,7.0,9.19,,,,,,,,0,
2026-07-19,641355,cody bellinger,will klein,LAD@NYY,,,,,2.809,2.126,1.011,0.982,0.9,6.9,9.13,,,,,,,,0,
2026-07-19,500743,miguel rojas,ryan yarbrough,LAD@NYY,,,,,2.415,2.463,0.998,0.982,0.9,6.8,9.08,,,,,,,,0,
2026-07-19,665489,vladimir guerrero,sean burke,CWS@TOR,,,,,1.878,2.99,1.004,1.0,0.932,6.8,9.08,,,,,,,,0,
2026-07-19,672724,oswald peraza,casey mize,DET@LAA,,,,,2.686,2.112,1.004,1.002,0.9,6.7,9.02,,,,,,,,0,
2026-07-19,663656,kyle tucker,cam schlittler,LAD@NYY,,,,,2.113,2.684,1.011,0.982,0.9,6.6,8.97,,,,,,,,0,
2026-07-19,672275,patrick bailey,paul skenes,PIT@CLE,,,,,2.117,2.642,1.008,0.983,0.9,6.5,8.92,,,,,,,,0,
2026-07-19,680700,richie palacios,sonny gray,TB@BOS,,,,,1.9,2.741,1.037,0.991,0.933,6.5,8.92,,,,,,,,0,
2026-07-19,678882,ceddanne rafaela,shane mcclanahan,TB@BOS,,,,,2.333,2.105,1.037,0.991,0.977,6.4,8.86,,,,,,,,0,
2026-07-19,693304,nick gonzales,joey cantillo,PIT@CLE,,,,,1.734,2.854,1.006,0.983,0.966,6.2,8.76,,,,,,,,0,
2026-07-19,663656,kyle tucker,ryan yarbrough,LAD@NYY,,,,,2.113,2.463,1.011,0.982,0.9,6.1,8.7,,,,,,,,0,
2026-07-19,691026,masyn winn,eduardo rodríguez,STL@AZ,,,,,1.585,2.71,1.0,1.0,1.086,6.1,8.7,,,,,,,,0,
2026-07-19,683011,anthony volpe,yoshinobu yamamoto,LAD@NYY,,,,,1.687,2.889,0.998,0.982,0.9,5.6,8.43,,,,,,,,0,
2026-07-19,663968,jake mangum,joey cantillo,PIT@CLE,,,,,1.482,2.854,1.018,0.983,0.966,5.3,8.27,,,,,,,,0,
2026-07-19,623168,tyler heineman,casey mize,DET@LAA,,,,,2.066,2.112,1.006,1.002,0.9,5.2,8.22,,,,,,,,0,
2026-07-19,683083,nasim nuñez,jacob lopez,WSH@ATH,,,,,1.08,3.789,1.006,1.01,0.964,5.2,8.22,,,,,,,,0,
2026-07-19,657136,connor wong,shane mcclanahan,TB@BOS,,,,,1.825,2.105,1.044,0.991,0.977,5.1,8.17,,,,,,,,0,
2026-07-19,669707,jared triolo,joey cantillo,PIT@CLE,,,,,1.387,2.854,1.015,0.983,0.966,5.0,8.11,,,,,,,,0,
2026-07-19,650859,luis rengifo,noah cameron,SD@KC,,,,,1.115,3.074,1.0,1.0,1.076,4.8,8.01,,,,,,,,0,
2026-07-19,683011,anthony volpe,will klein,LAD@NYY,,,,,1.687,2.126,0.998,0.982,0.9,4.2,7.68,,,,,,,,0,
2026-07-19,670764,taylor walls,sonny gray,TB@BOS,,,,,0.939,2.741,1.044,0.991,0.933,3.3,7.2,,,,,,,,0,
2026-07-20,681481,kerry carpenter,jameson taillon,DET@CHC,,,,,4.624,5.62,0.976,1.005,1.12,32.9,23.07,,,,,,,,0,
2026-07-20,693307,dillon dingler,jameson taillon,DET@CHC,,,,,4.594,5.62,0.978,1.005,1.12,32.8,23.02,,,,,,,,1,
2026-07-20,679529,spencer torkelson,jameson taillon,DET@CHC,,,,,4.313,5.62,0.978,1.005,1.12,31.1,22.11,,,,,,,,0,
2026-07-20,621439,byron buxton,tanner bibee,MIN@CLE,,,,,6.306,4.056,1.006,0.983,1.045,30.8,21.95,,,,,,,,0,
2026-07-20,656941,kyle schwarber,emmet sheehan,LAD@PHI,,,,,6.696,3.923,1.006,0.991,0.963,29.6,21.3,,,,,,,,0,
2026-07-20,695578,james wood,kyle freeland,WSH@COL,,,,,5.363,4.09,0.966,1.007,1.12,28.2,20.55,,,,,,,,0,
2026-07-20,671277,luis garcía,kyle freeland,WSH@COL,,,,,5.336,4.09,0.956,1.007,1.12,27.8,20.34,,,,,,,,0,
2026-07-20,606466,ketel marte,jeffrey springs,ATH@AZ,,,,,3.839,5.279,1.0,1.0,1.04,25.2,18.94,,,,,,,,1,
2026-07-20,682985,riley greene,jameson taillon,DET@CHC,,,,,3.32,5.62,0.978,1.005,1.12,24.7,18.68,,,,,,,,1,
2026-07-20,665019,kody clemens,tanner bibee,MIN@CLE,,,,,4.696,4.056,1.006,0.983,1.045,23.7,18.14,,,,,,,,0,
2026-07-20,670541,yordan álvarez,janson junk,MIA@HOU,,,,,6.262,3.189,1.005,1.0,0.972,23.5,18.03,,,,,,,,1,
2026-07-20,694374,tim tawa,jeffrey springs,ATH@AZ,,,,,3.389,5.279,1.0,1.0,1.04,22.6,17.55,,,,,,,,0,
2026-07-20,695657,colson montgomery,jacob degrom,CWS@TEX,,,,,5.377,3.722,1.005,1.0,0.911,22.3,17.39,,,,,,,,0,
2026-07-20,690993,colt keith,jameson taillon,DET@CHC,,,,,2.923,5.62,0.976,1.005,1.12,21.9,17.18,,,,,,,,0,
2026-07-20,686527,dominic canzone,andrew abbott,CIN@SEA,,,,,4.894,3.397,1.0,1.0,1.057,21.4,16.91,,,,,,,,0,
2026-07-20,664040,brandon lowe,ryan weathers,PIT@NYY,,,,,4.65,3.688,1.011,0.982,1.02,21.2,16.8,,,,,,,,0,
2026-07-20,700250,ben rice,braxton ashcraft,PIT@NYY,,,,,6.299,3.047,1.011,0.982,0.9,20.9,16.64,,,,,,,,0,
2026-07-20,547180,bryce harper,emmet sheehan,LAD@PHI,,,,,4.38,3.923,1.006,0.991,0.963,20.2,16.26,,,,,,,,1,
2026-07-20,656811,ryan o'hearn,ryan weathers,PIT@NYY,,,,,4.164,3.688,1.011,0.982,1.02,19.1,15.67,,,,,,,,0,
2026-07-20,681546,james outman,jameson taillon,DET@CHC,,,,,2.507,5.62,0.976,1.005,1.12,19.1,15.67,,,,,,,,0,
2026-07-20,678246,miguel vargas,jacob degrom,CWS@TEX,,,,,4.556,3.722,1.006,1.0,0.911,19.1,15.67,,,,,,,,0,
2026-07-20,650402,gleyber torres,jameson taillon,DET@CHC,,,,,2.482,5.62,0.978,1.005,1.12,18.9,15.57,,,,,,,,0,
2026-07-20,664034,ty france,bryce elder,SD@ATL,,,,,4.848,3.353,0.99,1.0,0.955,18.9,15.57,,,,,,,,1,
2026-07-20,668904,royce lewis,tanner bibee,MIN@CLE,,,,,3.566,4.056,1.015,0.983,1.045,18.6,15.41,,,,,,,,0,
2026-07-20,686797,brooks lee,tanner bibee,MIN@CLE,,,,,3.49,4.056,1.015,0.983,1.045,18.3,15.24,,,,,,,,0,
2026-07-20,669394,jake burger,erick fedde,CWS@TEX,,,,,3.892,3.626,1.006,1.0,1.041,18.3,15.24,,,,,,,,1,
2026-07-20,686611,dylan crews,kyle freeland,WSH@COL,,,,,3.301,4.09,0.963,1.007,1.12,18.1,15.14,,,,,,,,0,
2026-07-20,672960,kazuma okamoto,nick martínez,TB@TOR,,,,,4.989,2.702,1.004,1.0,1.048,17.6,14.87,,,,,,,,0,
2026-07-20,680779,henry davis,ryan weathers,PIT@NYY,,,,,3.701,3.688,1.014,0.982,1.02,17.2,14.65,,,,,,,,0,
2026-07-20,605137,josh bell,tanner bibee,MIN@CLE,,,,,3.286,4.056,1.006,0.983,1.045,17.1,14.6,,,,,,,,0,
2026-07-20,592518,manny machado,bryce elder,SD@ATL,,,,,4.323,3.353,0.991,1.0,0.955,17.0,14.55,,,,,,,,1,
2026-07-20,691023,jordan walker,josé soriano,STL@LAA,,,,,4.848,2.693,1.003,1.002,1.014,16.6,14.33,,,,,,,,0,
2026-07-20,657757,gavin sheets,bryce elder,SD@ATL,,,,,3.906,3.353,1.009,1.0,0.955,15.8,13.9,,,,,,,,0,
2026-07-20,678489,jorge barrosa,jeffrey springs,ATH@AZ,,,,,2.268,5.279,1.0,1.0,1.04,15.6,13.8,,,,,,,,0,
2026-07-20,677594,julio rodríguez,andrew abbott,CIN@SEA,,,,,3.476,3.397,1.002,1.0,1.057,15.6,13.8,,,,,,,,0,
2026-07-20,696285,jacob young,kyle freeland,WSH@COL,,,,,2.791,4.09,0.963,1.007,1.12,15.5,13.74,,,,,,,,1,
2026-07-20,656716,zach mckinstry,jameson taillon,DET@CHC,,,,,2.035,5.62,0.958,1.005,1.12,15.4,13.69,,,,,,,,0,
2026-07-20,694192,jackson chourio,freddy peralta,NYM@MIL,,,,,3.994,3.185,0.99,1.0,0.955,15.1,13.53,,,,,,,,0,
2026-07-20,696100,hunter goodman,andrew alvarez,WSH@COL,,,,,6.685,1.823,0.963,1.007,1.013,15.0,13.48,,,,,,,,0,
2026-07-20,668804,bryan reynolds,ryan weathers,PIT@NYY,,,,,3.188,3.688,0.998,0.982,1.02,14.8,13.37,,,,,,,,0,
2026-07-20,642715,willy adames,michael wacha,SF@KC,,,,,4.034,2.923,1.0,1.0,0.991,14.7,13.31,,,,,,,,1,
2026-07-20,668709,jj bleday,george kirby,CIN@SEA,,,,,4.723,2.577,1.0,1.0,0.961,14.7,13.31,,,,,,,,0,
2026-07-20,664761,alec bohm,emmet sheehan,LAD@PHI,,,,,3.077,3.923,1.006,0.991,0.963,14.6,13.26,,,,,,,,0,
2026-07-20,575929,willson contreras,shane baz,BAL@BOS,,,,,5.17,2.155,1.037,0.991,1.016,14.6,13.26,,,,,,,,0,
2026-07-20,542303,marcell ozuna,ryan weathers,PIT@NYY,,,,,3.118,3.688,0.998,0.982,1.02,14.4,13.15,,,,,,,,0,
2026-07-20,605170,víctor caratini,tanner bibee,MIN@CLE,,,,,2.728,4.056,1.006,0.983,1.045,14.4,13.15,,,,,,,,0,
2026-07-20,677649,ezequiel duran,erick fedde,CWS@TEX,,,,,2.99,3.626,1.006,1.0,1.041,14.3,13.1,,,,,,,,0,
2026-07-20,694497,evan carter,erick fedde,CWS@TEX,,,,,2.968,3.626,1.004,1.0,1.041,14.2,13.05,,,,,,,,0,
2026-07-20,643217,andrew benintendi,jacob degrom,CWS@TEX,,,,,3.268,3.722,1.002,1.0,0.911,14.0,12.94,,,,,,,,0,
2026-07-20,665742,juan soto,jacob misiorowski,NYM@MIL,,,,,5.276,2.381,0.982,1.0,0.9,14.0,12.94,,,,,,,,0,
2026-07-20,514888,josé altuve,janson junk,MIA@HOU,,,,,3.48,3.189,1.034,1.0,0.972,14.0,12.94,,,,,,,,0,
2026-07-20,663728,cal raleigh,andrew abbott,CIN@SEA,,,,,3.074,3.397,1.002,1.0,1.057,13.9,12.89,,,,,,,,1,
2026-07-20,607208,trea turner,emmet sheehan,LAD@PHI,,,,,2.864,3.923,1.008,0.991,0.963,13.6,12.72,,,,,,,,1,
2026-07-20,666139,josh lowe,kyle leahy,STL@LAA,,,,,3.76,2.526,1.006,1.002,1.114,13.5,12.67,,,,,,,,0,
2026-07-20,701398,sal stewart,george kirby,CIN@SEA,,,,,4.316,2.577,1.002,1.0,0.961,13.5,12.67,,,,,,,,0,
2026-07-20,624413,pete alonso,payton tolle,BAL@BOS,,,,,4.457,2.57,1.044,0.991,0.9,13.5,12.67,,,,,,,,0,
2026-07-20,691723,coby mayo,payton tolle,BAL@BOS,,,,,4.452,2.57,1.037,0.991,0.9,13.4,12.62,,,,,,,,0,
2026-07-20,660271,shohei ohtani,cristopher sánchez,LAD@PHI,,,,,4.758,2.462,1.006,0.991,0.9,13.3,12.56,,,,,,,,0,
2026-07-20,621020,dansby swanson,jack flaherty,DET@CHC,,,,,4.027,2.614,0.978,1.005,1.013,13.2,12.51,,,,,,,,0,
2026-07-20,668227,randy arozarena,andrew abbott,CIN@SEA,,,,,2.87,3.397,1.0,1.0,1.057,13.0,12.4,,,,,,,,0,
2026-07-20,682829,elly de la cruz,george kirby,CIN@SEA,,,,,4.146,2.577,1.002,1.0,0.961,13.0,12.4,,,,,,,,0,
2026-07-20,664023,ian happ,jack flaherty,DET@CHC,,,,,3.904,2.614,0.978,1.005,1.013,12.9,12.35,,,,,,,,1,
2026-07-20,668715,spencer steer,george kirby,CIN@SEA,,,,,4.011,2.577,1.002,1.0,0.961,12.6,12.19,,,,,,,,0,
2026-07-20,673237,yainer diaz,janson junk,MIA@HOU,,,,,3.199,3.189,1.004,1.0,0.972,12.6,12.19,,,,,,,,0,
2026-07-20,665862,jazz chisholm,braxton ashcraft,PIT@NYY,,,,,3.626,3.047,1.011,0.982,0.9,12.5,12.13,,,,,,,,1,
2026-07-20,553993,eugenio suárez,george kirby,CIN@SEA,,,,,3.933,2.577,1.002,1.0,0.961,12.4,12.08,,,,,,,,0,
2026-07-20,701538,jackson merrill,bryce elder,SD@ATL,,,,,2.972,3.353,1.009,1.0,0.955,12.2,11.97,,,,,,,,0,
2026-07-20,695506,jac caglianone,trevor mcdonald,SF@KC,,,,,4.094,2.408,1.0,1.0,0.965,12.1,11.92,,,,,,,,0,
2026-07-20,668930,brice turang,freddy peralta,NYM@MIL,,,,,3.223,3.185,0.97,1.0,0.955,12.1,11.92,,,,,,,,0,
2026-07-20,673962,josh jung,erick fedde,CWS@TEX,,,,,2.489,3.626,1.006,1.0,1.041,12.0,11.87,,,,,,,,0,
2026-07-20,624585,jorge soler,kyle leahy,STL@LAA,,,,,3.317,2.526,1.003,1.002,1.114,11.9,11.81,,,,,,,,0,
2026-07-20,543807,george springer,nick martínez,TB@TOR,,,,,3.253,2.702,1.009,1.0,1.048,11.8,11.76,,,,,,,,0,
2026-07-20,663757,trent grisham,braxton ashcraft,PIT@NYY,,,,,3.409,3.047,1.011,0.982,0.9,11.8,11.76,,,,,,,,0,
2026-07-20,691406,junior caminero,dylan cease,TB@TOR,,,,,5.923,1.742,1.004,1.0,0.9,11.8,11.76,,,,,,,,0,
2026-07-20,671218,heliot ramos,michael wacha,SF@KC,,,,,3.213,2.923,1.0,1.0,0.991,11.8,11.76,,,,,,,,1,
2026-07-20,665161,jeremy peña,janson junk,MIA@HOU,,,,,2.826,3.189,1.034,1.0,0.972,11.5,11.6,,,,,,,,1,
2026-07-20,666176,jo adell,kyle leahy,STL@LAA,,,,,3.138,2.526,1.003,1.002,1.114,11.3,11.49,,,,,,,,1,
2026-07-20,691176,jasson domínguez,braxton ashcraft,PIT@NYY,,,,,3.185,3.047,1.011,0.982,0.9,11.1,11.38,,,,,,,,0,
2026-07-20,666211,taylor trammell,janson junk,MIA@HOU,,,,,2.732,3.189,1.025,1.0,0.972,11.1,11.38,,,,,,,,0,
2026-07-20,676609,josé caballero,braxton ashcraft,PIT@NYY,,,,,3.245,3.047,0.998,0.982,0.9,11.1,11.38,,,,,,,,0,
2026-07-20,683002,gunnar henderson,payton tolle,BAL@BOS,,,,,3.611,2.57,1.044,0.991,0.9,11.0,11.33,,,,,,,,0,
2026-07-20,682626,francisco álvarez,jacob misiorowski,NYM@MIL,,,,,4.082,2.381,0.982,1.0,0.9,11.0,11.33,,,,,,,,0,
2026-07-20,605141,mookie betts,cristopher sánchez,LAD@PHI,,,,,3.748,2.462,1.008,0.991,0.9,10.6,11.12,,,,,,,,1,
2026-07-20,593428,xander bogaerts,bryce elder,SD@ATL,,,,,2.549,3.353,0.991,1.0,0.955,10.3,10.95,,,,,,,,0,
2026-07-20,695600,carter jensen,trevor mcdonald,SF@KC,,,,,3.471,2.408,1.0,1.0,0.965,10.3,10.95,,,,,,,,0,
2026-07-20,661388,william contreras,freddy peralta,NYM@MIL,,,,,2.654,3.185,0.99,1.0,0.955,10.2,10.9,,,,,,,,0,
2026-07-20,677800,wilyer abreu,shane baz,BAL@BOS,,,,,3.468,2.155,1.059,0.991,1.016,10.2,10.9,,,,,,,,0,
2026-07-20,681807,david fry,joe ryan,MIN@CLE,,,,,3.577,2.424,1.015,0.983,0.9,10.0,10.79,,,,,,,,0,
2026-07-20,669224,austin wells,braxton ashcraft,PIT@NYY,,,,,2.826,3.047,1.011,0.982,0.9,9.9,10.74,,,,,,,,0,
2026-07-20,641933,tyler o'neill,payton tolle,BAL@BOS,,,,,3.264,2.57,1.037,0.991,0.9,9.9,10.74,,,,,,,,0,
2026-07-20,518692,freddie freeman,cristopher sánchez,LAD@PHI,,,,,3.455,2.462,1.006,0.991,0.9,9.8,10.69,,,,,,,,0,
2026-07-20,641355,cody bellinger,braxton ashcraft,PIT@NYY,,,,,2.772,3.047,1.011,0.982,0.9,9.7,10.63,,,,,,,,0,
2026-07-20,669236,jeremiah jackson,payton tolle,BAL@BOS,,,,,3.192,2.57,1.037,0.991,0.9,9.7,10.63,,,,,,,,0,
2026-07-20,663886,tyler stephenson,george kirby,CIN@SEA,,,,,3.029,2.577,1.002,1.0,0.961,9.6,10.58,,,,,,,,0,
2026-07-20,630105,jake cronenworth,bryce elder,SD@ATL,,,,,2.3,3.353,1.0,1.0,0.955,9.5,10.53,,,,,,,,0,
2026-07-20,666023,freddy fermin,bryce elder,SD@ATL,,,,,2.332,3.353,0.99,1.0,0.955,9.5,10.53,,,,,,,,0,
2026-07-20,657041,lane thomas,trevor mcdonald,SF@KC,,,,,3.158,2.408,1.0,1.0,0.965,9.4,10.47,,,,,,,,0,
2026-07-20,677951,bobby witt,trevor mcdonald,SF@KC,,,,,3.138,2.408,1.0,1.0,0.965,9.4,10.47,,,,,,,,0,
2026-07-20,680776,jarren duran,shane baz,BAL@BOS,,,,,3.242,2.155,1.044,0.991,1.016,9.4,10.47,,,,,,,,0,
2026-07-20,663457,lars nootbaar,josé soriano,STL@LAA,,,,,2.635,2.693,1.002,1.002,1.014,9.3,10.42,,,,,,,,0,
2026-07-20,671056,iván herrera,josé soriano,STL@LAA,,,,,2.629,2.693,1.003,1.002,1.014,9.3,10.42,,,,,,,,0,
2026-07-20,521692,salvador pérez,trevor mcdonald,SF@KC,,,,,3.083,2.408,1.0,1.0,0.965,9.2,10.36,,,,,,,,1,
2026-07-20,672386,alejandro kirk,nick martínez,TB@TOR,,,,,2.508,2.702,1.004,1.0,1.048,9.2,10.36,,,,,,,,0,
2026-07-20,664770,nathan lukes,nick martínez,TB@TOR,,,,,2.505,2.702,1.009,1.0,1.048,9.2,10.36,,,,,,,,0,
2026-07-20,592885,christian yelich,freddy peralta,NYM@MIL,,,,,2.359,3.185,0.982,1.0,0.955,9.1,10.31,,,,,,,,0,
2026-07-20,662139,daulton varsho,nick martínez,TB@TOR,,,,,2.436,2.702,1.009,1.0,1.048,9.0,10.26,,,,,,,,0,
2026-07-20,665926,andrés giménez,nick martínez,TB@TOR,,,,,2.436,2.702,1.004,1.0,1.048,8.9,10.2,,,,,,,,0,
2026-07-20,606192,teoscar hernández,cristopher sánchez,LAD@PHI,,,,,3.069,2.462,1.008,0.991,0.9,8.7,10.1,,,,,,,,0,
2026-07-20,686681,michael massey,trevor mcdonald,SF@KC,,,,,2.844,2.408,1.0,1.0,0.965,8.5,9.99,,,,,,,,0,
2026-07-20,693304,nick gonzales,ryan weathers,PIT@NYY,,,,,1.718,3.688,1.011,0.982,1.02,8.3,9.88,,,,,,,,0,
2026-07-20,702332,caleb durbin,shane baz,BAL@BOS,,,,,2.796,2.155,1.037,0.991,1.016,8.1,9.77,,,,,,,,1,
2026-07-20,608324,alex bregman,jack flaherty,DET@CHC,,,,,2.424,2.614,0.976,1.005,1.013,8.1,9.77,,,,,,,,0,
2026-07-20,667472,dane myers,george kirby,CIN@SEA,,,,,2.516,2.577,1.002,1.0,0.961,8.1,9.77,,,,,,,,0,
2026-07-20,665804,miguel amaya,jack flaherty,DET@CHC,,,,,2.374,2.614,0.978,1.005,1.013,8.0,9.72,,,,,,,,0,
2026-07-20,687401,joey ortiz,freddy peralta,NYM@MIL,,,,,2.068,3.185,0.99,1.0,0.955,8.0,9.72,,,,,,,,1,
2026-07-20,681351,logan o'hoppe,kyle leahy,STL@LAA,,,,,2.143,2.526,1.006,1.002,1.114,7.9,9.67,,,,,,,,0,
2026-07-20,645302,víctor robles,andrew abbott,CIN@SEA,,,,,1.613,3.397,1.004,1.0,1.057,7.5,9.45,,,,,,,,0,
2026-07-20,683734,andrew vaughn,freddy peralta,NYM@MIL,,,,,1.917,3.185,0.98,1.0,0.955,7.4,9.4,,,,,,,,1,
2026-07-20,664983,jake mccarthy,andrew alvarez,WSH@COL,,,,,3.112,1.823,0.966,1.007,1.013,7.2,9.29,,,,,,,,0,
2026-07-20,663647,ke'bryan hayes,george kirby,CIN@SEA,,,,,2.198,2.577,1.002,1.0,0.961,7.1,9.24,,,,,,,,0,
2026-07-20,673357,luis robert,jacob misiorowski,NYM@MIL,,,,,2.612,2.381,0.98,1.0,0.9,7.1,9.24,,,,,,,,0,
2026-07-20,682177,daniel schneemann,joe ryan,MIN@CLE,,,,,2.518,2.424,1.006,0.983,0.9,7.0,9.19,,,,,,,,0,
2026-07-20,665489,vladimir guerrero,nick martínez,TB@TOR,,,,,1.864,2.702,1.004,1.0,1.048,6.9,9.13,,,,,,,,0,
2026-07-20,500743,miguel rojas,cristopher sánchez,LAD@PHI,,,,,2.399,2.462,1.008,0.991,0.9,6.9,9.13,,,,,,,,0,
2026-07-20,666182,bo bichette,jacob misiorowski,NYM@MIL,,,,,2.503,2.381,0.99,1.0,0.9,6.9,9.13,,,,,,,,0,
2026-07-20,678882,ceddanne rafaela,shane baz,BAL@BOS,,,,,2.316,2.155,1.037,0.991,1.016,6.8,9.08,,,,,,,,0,
2026-07-20,807799,masataka yoshida,shane baz,BAL@BOS,,,,,2.331,2.155,1.044,0.991,1.016,6.8,9.08,,,,,,,,0,
2026-07-20,686469,vinnie pasquantino,trevor mcdonald,SF@KC,,,,,2.26,2.408,1.0,1.0,0.965,6.8,9.08,,,,,,,,0,
2026-07-20,677587,brayan rocchio,joe ryan,MIN@CLE,,,,,2.377,2.424,1.006,0.983,0.9,6.7,9.02,,,,,,,,1,
2026-07-20,656775,cedric mullins,dylan cease,TB@TOR,,,,,3.28,1.742,1.004,1.0,0.9,6.7,9.02,,,,,,,,1,
2026-07-20,669707,jared triolo,ryan weathers,PIT@NYY,,,,,1.368,3.688,0.998,0.982,1.02,6.5,8.92,,,,,,,,0,
2026-07-20,650489,willi castro,andrew alvarez,WSH@COL,,,,,2.778,1.823,0.963,1.007,1.013,6.5,8.92,,,,,,,,0,
2026-07-20,691720,kyle karros,andrew alvarez,WSH@COL,,,,,2.808,1.823,0.963,1.007,1.013,6.5,8.92,,,,,,,,0,
2026-07-20,650490,yandy díaz,dylan cease,TB@TOR,,,,,3.138,1.742,1.004,1.0,0.9,6.4,8.86,,,,,,,,0,
2026-07-20,593871,jorge polanco,jacob misiorowski,NYM@MIL,,,,,2.312,2.381,0.982,1.0,0.9,6.3,8.81,,,,,,,,0,
2026-07-20,683083,nasim nuñez,kyle freeland,WSH@COL,,,,,1.072,4.09,0.963,1.007,1.12,6.2,8.76,,,,,,,,0,
2026-07-20,686555,isaac collins,trevor mcdonald,SF@KC,,,,,1.941,2.408,1.0,1.0,0.965,5.9,8.6,,,,,,,,0,
2026-07-20,672275,patrick bailey,joe ryan,MIN@CLE,,,,,2.098,2.424,1.008,0.983,0.9,5.9,8.6,,,,,,,,1,
2026-07-20,678662,ezequiel tovar,andrew alvarez,WSH@COL,,,,,2.488,1.823,0.963,1.007,1.013,5.8,8.54,,,,,,,,0,
2026-07-20,691026,masyn winn,josé soriano,STL@LAA,,,,,1.57,2.693,1.003,1.002,1.014,5.6,8.43,,,,,,,,0,
2026-07-20,669743,alex call,cristopher sánchez,LAD@PHI,,,,,1.841,2.462,1.008,0.991,0.9,5.3,8.27,,,,,,,,0,
2026-07-20,657136,connor wong,shane baz,BAL@BOS,,,,,1.805,2.155,1.044,0.991,1.016,5.3,8.27,,,,,,,,0,
2026-07-20,683146,brett baty,jacob misiorowski,NYM@MIL,,,,,1.902,2.381,0.982,1.0,0.9,5.2,8.22,,,,,,,,0,
2026-07-20,663538,nico hoerner,jack flaherty,DET@CHC,,,,,1.389,2.614,0.978,1.005,1.013,4.7,7.95,,,,,,,,0,
2026-07-20,671289,tyler freeman,andrew alvarez,WSH@COL,,,,,1.766,1.823,0.966,1.007,1.013,4.2,7.68,,,,,,,,0,
2026-07-20,680700,richie palacios,dylan cease,TB@TOR,,,,,1.88,1.742,1.009,1.0,0.9,3.9,7.52,,,,,,,,0,
2026-07-20,663743,nick fortes,dylan cease,TB@TOR,,,,,1.627,1.742,1.01,1.0,0.9,3.4,7.25,,,,,,,,1,
2026-07-20,670764,taylor walls,dylan cease,TB@TOR,,,,,0.93,1.742,1.004,1.0,0.9,1.9,6.45,,,,,,,,0,
2026-07-21,665742,juan soto,brandon sproat,NYM@MIL,,,,,5.236,3.897,0.982,1.0,1.065,25.4,19.05,,,,,,,,0,
2026-07-21,670541,yordan álvarez,tyler phillips,MIA@HOU,,,,,6.579,2.661,1.005,1.0,1.066,22.6,17.55,,,,,,,,0,
2026-07-21,665052,griffin conine,tatsuya imai,MIA@HOU,,,,,4.804,3.562,1.004,1.0,1.089,22.6,17.55,,,,,,,,0,
2026-07-21,691406,junior caminero,kevin gausman,TB@TOR,,,,,5.873,3.163,1.004,1.0,0.962,21.7,17.07,,,,,,,,0,
2026-07-21,695578,james wood,michael lorenzen,WSH@COL,,,,,5.321,3.041,0.966,1.007,1.12,21.4,16.91,,,,,,,,0,
2026-07-21,671277,luis garcía,michael lorenzen,WSH@COL,,,,,5.293,3.041,0.956,1.007,1.12,21.1,16.75,,,,,,,,0,
2026-07-21,621566,matt olson,walker buehler,SD@ATL,,,,,5.363,3.093,1.009,1.0,1.03,20.9,16.64,,,,,,,,0,
2026-07-21,664034,ty france,reynaldo lópez,SD@ATL,,,,,5.071,3.083,0.99,1.0,1.03,19.5,15.89,,,,,,,,0,
2026-07-21,669394,jake burger,noah schultz,CWS@TEX,,,,,4.069,3.309,1.006,1.0,1.12,18.6,15.41,,,,,,,,0,
2026-07-21,686948,drake baldwin,walker buehler,SD@ATL,,,,,4.741,3.093,1.0,1.0,1.03,18.6,15.41,,,,,,,,0,
2026-07-21,656941,kyle schwarber,justin wrobleski,LAD@PHI,,,,,6.651,2.298,1.006,0.991,0.99,18.5,15.35,,,,,,,,0,
2026-07-21,668709,jj bleday,luis castillo,CIN@SEA,,,,,4.682,3.076,1.0,1.0,1.035,18.3,15.24,,,,,,,,0,
2026-07-21,678246,miguel vargas,kumar rocker,CWS@TEX,,,,,4.518,3.082,1.006,1.0,1.053,18.1,15.14,,,,,,,,0,
2026-07-21,671739,michael harris,walker buehler,SD@ATL,,,,,4.386,3.093,1.009,1.0,1.03,17.4,14.76,,,,,,,,0,
2026-07-21,592518,manny machado,reynaldo lópez,SD@ATL,,,,,4.483,3.083,0.991,1.0,1.03,17.4,14.76,,,,,,,,1,
2026-07-21,624585,jorge soler,matthew liberatore,STL@LAA,,,,,3.291,3.83,1.003,1.002,1.103,17.3,14.71,,,,,,,,0,
2026-07-21,666176,jo adell,matthew liberatore,STL@LAA,,,,,3.305,3.83,1.003,1.002,1.103,17.3,14.71,,,,,,,,1,
2026-07-21,606466,ketel marte,jack perkins,ATH@AZ,,,,,3.999,3.536,1.0,1.0,0.988,17.3,14.71,,,,,,,,0,
2026-07-21,693307,dillon dingler,david peterson,DET@CHC,,,,,4.952,2.554,0.978,1.005,1.111,17.1,14.6,,,,,,,,1,
2026-07-21,669065,kyle stowers,tatsuya imai,MIA@HOU,,,,,3.555,3.562,1.004,1.0,1.089,17.1,14.6,,,,,,,,0,
2026-07-21,695506,jac caglianone,tyler mahle,SF@KC,,,,,4.064,3.41,1.0,1.0,0.999,17.1,14.6,,,,,,,,0,
2026-07-21,621439,byron buxton,parker messick,MIN@CLE,,,,,6.269,2.461,1.006,0.983,0.9,17.0,14.55,,,,,,,,0,
2026-07-21,672960,kazuma okamoto,drew rasmussen,TB@TOR,,,,,4.954,3.07,1.004,1.0,0.9,17.0,14.55,,,,,,,,0,
2026-07-21,701398,sal stewart,luis castillo,CIN@SEA,,,,,4.288,3.076,1.002,1.0,1.035,16.9,14.49,,,,,,,,0,
2026-07-21,663993,nathaniel lowe,luis castillo,CIN@SEA,,,,,4.168,3.076,1.0,1.0,1.035,16.5,14.28,,,,,,,,1,
2026-07-21,572233,christian walker,tyler phillips,MIA@HOU,,,,,4.5,2.661,1.034,1.0,1.066,16.4,14.23,,,,,,,,0,
2026-07-21,682829,elly de la cruz,luis castillo,CIN@SEA,,,,,4.115,3.076,1.002,1.0,1.035,16.3,14.17,,,,,,,,1,
2026-07-21,686527,dominic canzone,chase burns,CIN@SEA,,,,,4.835,2.956,1.0,1.0,0.9,16.0,14.01,,,,,,,,0,
2026-07-21,670042,luke raley,chase burns,CIN@SEA,,,,,4.81,2.956,1.0,1.0,0.9,15.9,13.96,,,,,,,,0,
2026-07-21,657757,gavin sheets,reynaldo lópez,SD@ATL,,,,,3.893,3.083,1.009,1.0,1.03,15.5,13.74,,,,,,,,0,
2026-07-21,553993,eugenio suárez,luis castillo,CIN@SEA,,,,,3.909,3.076,1.002,1.0,1.035,15.5,13.74,,,,,,,,1,
2026-07-21,660271,shohei ohtani,zack wheeler,LAD@PHI,,,,,4.718,2.899,1.006,0.991,0.9,15.3,13.64,,,,,,,,0,
2026-07-21,571970,max muncy,zack wheeler,LAD@PHI,,,,,4.62,2.899,1.013,0.991,0.9,15.1,13.53,,,,,,,,1,
2026-07-21,679529,spencer torkelson,david peterson,DET@CHC,,,,,4.274,2.554,0.978,1.005,1.111,14.9,13.42,,,,,,,,0,
2026-07-21,682622,noelvi marte,luis castillo,CIN@SEA,,,,,3.707,3.076,1.002,1.0,1.035,14.8,13.37,,,,,,,,0,
2026-07-21,642715,willy adames,luinder avila,SF@KC,,,,,4.2,2.654,1.0,1.0,1.065,14.8,13.37,,,,,,,,0,
2026-07-21,695600,carter jensen,tyler mahle,SF@KC,,,,,3.439,3.41,1.0,1.0,0.999,14.6,13.26,,,,,,,,1,
2026-07-21,694374,tim tawa,jack perkins,ATH@AZ,,,,,3.339,3.536,1.0,1.0,0.988,14.6,13.26,,,,,,,,0,
2026-07-21,682998,corbin carroll,jack perkins,ATH@AZ,,,,,3.342,3.536,1.0,1.0,0.988,14.6,13.26,,,,,,,,0,
2026-07-21,543760,marcus semien,brandon sproat,NYM@MIL,,,,,2.831,3.897,0.99,1.0,1.065,14.5,13.21,,,,,,,,0,
2026-07-21,672724,oswald peraza,matthew liberatore,STL@LAA,,,,,2.665,3.83,1.004,1.002,1.103,14.2,13.05,,,,,,,,0,
2026-07-21,521692,salvador pérez,tyler mahle,SF@KC,,,,,3.258,3.41,1.0,1.0,0.999,13.9,12.89,,,,,,,,0,
2026-07-21,677649,ezequiel duran,noah schultz,CWS@TEX,,,,,2.975,3.309,1.006,1.0,1.12,13.9,12.89,,,,,,,,0,
2026-07-21,605141,mookie betts,zack wheeler,LAD@PHI,,,,,4.21,2.899,1.008,0.991,0.9,13.8,12.83,,,,,,,,0,
2026-07-21,645277,ozzie albies,walker buehler,SD@ATL,,,,,3.409,3.093,0.991,1.0,1.03,13.5,12.67,,,,,,,,0,
2026-07-21,657041,lane thomas,tyler mahle,SF@KC,,,,,3.131,3.41,1.0,1.0,0.999,13.4,12.62,,,,,,,,0,
2026-07-21,643217,andrew benintendi,kumar rocker,CWS@TEX,,,,,3.249,3.082,1.002,1.0,1.053,13.3,12.56,,,,,,,,0,
2026-07-21,656775,cedric mullins,kevin gausman,TB@TOR,,,,,3.469,3.163,1.004,1.0,0.962,13.3,12.56,,,,,,,,0,
2026-07-21,673357,luis robert,brandon sproat,NYM@MIL,,,,,2.573,3.897,0.98,1.0,1.065,13.2,12.51,,,,,,,,1,
2026-07-21,547180,bryce harper,justin wrobleski,LAD@PHI,,,,,4.534,2.298,1.006,0.991,0.99,12.9,12.35,,,,,,,,0,
2026-07-21,666182,bo bichette,brandon sproat,NYM@MIL,,,,,2.489,3.897,0.99,1.0,1.065,12.9,12.35,,,,,,,,0,
2026-07-21,665019,kody clemens,parker messick,MIN@CLE,,,,,4.649,2.461,1.006,0.983,0.9,12.8,12.3,,,,,,,,0,
2026-07-21,514888,josé altuve,tyler phillips,MIA@HOU,,,,,3.453,2.661,1.034,1.0,1.066,12.8,12.3,,,,,,,,0,
2026-07-21,664023,ian happ,framber valdez,DET@CHC,,,,,4.051,2.527,0.978,1.005,0.998,12.7,12.24,,,,,,,,0,
2026-07-21,621020,dansby swanson,framber valdez,DET@CHC,,,,,3.99,2.527,0.978,1.005,0.998,12.5,12.13,,,,,,,,0,
2026-07-21,696285,jacob young,michael lorenzen,WSH@COL,,,,,3.005,3.041,0.963,1.007,1.12,12.5,12.13,,,,,,,,0,
2026-07-21,656537,derek hill,justin wrobleski,LAD@PHI,,,,,4.322,2.298,1.008,0.991,0.99,12.4,12.08,,,,,,,,0,
2026-07-21,671218,heliot ramos,luinder avila,SF@KC,,,,,3.455,2.654,1.0,1.0,1.065,12.3,12.03,,,,,,,,0,
2026-07-21,682985,riley greene,david peterson,DET@CHC,,,,,3.478,2.554,0.978,1.005,1.111,12.2,11.97,,,,,,,,0,
2026-07-21,663586,austin riley,walker buehler,SD@ATL,,,,,3.016,3.093,1.004,1.0,1.03,12.2,11.97,,,,,,,,0,
2026-07-21,686681,michael massey,tyler mahle,SF@KC,,,,,2.819,3.41,1.0,1.0,0.999,12.1,11.92,,,,,,,,0,
2026-07-21,701538,jackson merrill,reynaldo lópez,SD@ATL,,,,,2.954,3.083,1.009,1.0,1.03,12.0,11.87,,,,,,,,1,
2026-07-21,650490,yandy díaz,kevin gausman,TB@TOR,,,,,3.112,3.163,1.004,1.0,0.962,12.0,11.87,,,,,,,,1,
2026-07-21,672640,otto lopez,tatsuya imai,MIA@HOU,,,,,2.354,3.562,1.034,1.0,1.089,11.9,11.81,,,,,,,,0,
2026-07-21,677588,josé tena,michael lorenzen,WSH@COL,,,,,2.793,3.041,0.966,1.007,1.12,11.7,11.71,,,,,,,,0,
2026-07-21,673962,josh jung,noah schultz,CWS@TEX,,,,,2.473,3.309,1.006,1.0,1.12,11.7,11.71,,,,,,,,0,
2026-07-21,665161,jeremy peña,tyler phillips,MIA@HOU,,,,,3.087,2.661,1.034,1.0,1.066,11.5,11.6,,,,,,,,1,
2026-07-21,681351,logan o'hoppe,matthew liberatore,STL@LAA,,,,,2.136,3.83,1.006,1.002,1.103,11.5,11.6,,,,,,,,0,
2026-07-21,543807,george springer,drew rasmussen,TB@TOR,,,,,3.227,3.07,1.009,1.0,0.9,11.4,11.54,,,,,,,,0,
2026-07-21,680777,ryan jeffers,parker messick,MIN@CLE,,,,,4.067,2.461,1.015,0.983,0.9,11.4,11.54,,,,,,,,1,
2026-07-21,695734,daylen lile,michael lorenzen,WSH@COL,,,,,2.725,3.041,0.956,1.007,1.12,11.3,11.49,,,,,,,,0,
2026-07-21,518692,freddie freeman,zack wheeler,LAD@PHI,,,,,3.434,2.899,1.006,0.991,0.9,11.3,11.49,,,,,,,,0,
2026-07-21,663728,cal raleigh,chase burns,CIN@SEA,,,,,3.281,2.956,1.002,1.0,0.9,11.1,11.38,,,,,,,,0,
2026-07-21,643289,mauricio dubón,walker buehler,SD@ATL,,,,,2.694,3.093,1.009,1.0,1.03,11.0,11.33,,,,,,,,0,
2026-07-21,668670,jake rogers,david peterson,DET@CHC,,,,,2.997,2.554,0.978,1.005,1.111,10.6,11.12,,,,,,,,0,
2026-07-21,691023,jordan walker,walbert ureña,STL@LAA,,,,,4.815,1.913,1.003,1.002,0.9,10.6,11.12,,,,,,,,0,
2026-07-21,543877,christian vázquez,tyler phillips,MIA@HOU,,,,,2.775,2.661,1.034,1.0,1.066,10.3,10.95,,,,,,,,0,
2026-07-21,593428,xander bogaerts,reynaldo lópez,SD@ATL,,,,,2.532,3.083,0.991,1.0,1.03,10.1,10.85,,,,,,,,0,
2026-07-21,678489,jorge barrosa,jack perkins,ATH@AZ,,,,,2.249,3.536,1.0,1.0,0.988,10.0,10.79,,,,,,,,0,
2026-07-21,666211,taylor trammell,tyler phillips,MIA@HOU,,,,,2.696,2.661,1.025,1.0,1.066,10.0,10.79,,,,,,,,0,
2026-07-21,668904,royce lewis,parker messick,MIN@CLE,,,,,3.534,2.461,1.015,0.983,0.9,10.0,10.79,,,,,,,,0,
2026-07-21,620443,luis torrens,brandon sproat,NYM@MIL,,,,,1.885,3.897,0.99,1.0,1.065,9.9,10.74,,,,,,,,0,
2026-07-21,679845,nick loftin,tyler mahle,SF@KC,,,,,2.255,3.41,1.0,1.0,0.999,9.8,10.69,,,,,,,,0,
2026-07-21,686469,vinnie pasquantino,tyler mahle,SF@KC,,,,,2.243,3.41,1.0,1.0,0.999,9.7,10.63,,,,,,,,0,
2026-07-21,668227,randy arozarena,chase burns,CIN@SEA,,,,,2.846,2.956,1.0,1.0,0.9,9.7,10.63,,,,,,,,0,
2026-07-21,607208,trea turner,justin wrobleski,LAD@PHI,,,,,3.203,2.298,1.008,0.991,0.99,9.3,10.42,,,,,,,,0,
2026-07-21,630105,jake cronenworth,reynaldo lópez,SD@ATL,,,,,2.275,3.083,1.0,1.0,1.03,9.2,10.36,,,,,,,,0,
2026-07-21,691594,javier sanoja,tatsuya imai,MIA@HOU,,,,,1.771,3.562,1.034,1.0,1.089,9.1,10.31,,,,,,,,0,
2026-07-21,605137,josh bell,parker messick,MIN@CLE,,,,,3.264,2.461,1.006,0.983,0.9,9.1,10.31,,,,,,,,0,
2026-07-21,669364,xavier edwards,tatsuya imai,MIA@HOU,,,,,1.779,3.562,1.004,1.0,1.089,8.9,10.2,,,,,,,,0,
2026-07-21,664761,alec bohm,justin wrobleski,LAD@PHI,,,,,3.057,2.298,1.006,0.991,0.99,8.9,10.2,,,,,,,,0,
2026-07-21,664770,nathan lukes,drew rasmussen,TB@TOR,,,,,2.482,3.07,1.009,1.0,0.9,8.9,10.2,,,,,,,,0,
2026-07-21,624641,edmundo sosa,justin wrobleski,LAD@PHI,,,,,3.036,2.298,1.008,0.991,0.99,8.8,10.15,,,,,,,,0,
2026-07-21,650402,gleyber torres,david peterson,DET@CHC,,,,,2.448,2.554,0.978,1.005,1.111,8.7,10.1,,,,,,,,0,
2026-07-21,662139,daulton varsho,drew rasmussen,TB@TOR,,,,,2.418,3.07,1.009,1.0,0.9,8.6,10.04,,,,,,,,0,
2026-07-21,665926,andrés giménez,drew rasmussen,TB@TOR,,,,,2.418,3.07,1.004,1.0,0.9,8.6,10.04,,,,,,,,0,
2026-07-21,516782,starling marte,tyler mahle,SF@KC,,,,,1.924,3.41,1.0,1.0,0.999,8.4,9.94,,,,,,,,0,
2026-07-21,805300,jakob marsee,tatsuya imai,MIA@HOU,,,,,1.669,3.562,1.004,1.0,1.089,8.3,9.88,,,,,,,,0,
2026-07-21,608348,carson kelly,framber valdez,DET@CHC,,,,,2.556,2.527,0.961,1.005,0.998,8.0,9.72,,,,,,,,0,
2026-07-21,663837,matt vierling,david peterson,DET@CHC,,,,,2.211,2.554,0.976,1.005,1.111,7.9,9.67,,,,,,,,0,
2026-07-21,608324,alex bregman,framber valdez,DET@CHC,,,,,2.406,2.527,0.976,1.005,0.998,7.7,9.56,,,,,,,,0,
2026-07-21,605170,víctor caratini,parker messick,MIN@CLE,,,,,2.705,2.461,1.006,0.983,0.9,7.6,9.51,,,,,,,,0,
2026-07-21,663743,nick fortes,kevin gausman,TB@TOR,,,,,1.896,3.163,1.01,1.0,0.962,7.5,9.45,,,,,,,,1,
2026-07-21,682668,luisangel acuña,kumar rocker,CWS@TEX,,,,,1.659,3.082,1.006,1.0,1.053,7.0,9.19,,,,,,,,0,
2026-07-21,663656,kyle tucker,zack wheeler,LAD@PHI,,,,,2.08,2.899,1.006,0.991,0.9,7.0,9.19,,,,,,,,0,
2026-07-21,665489,vladimir guerrero,drew rasmussen,TB@TOR,,,,,1.854,3.07,1.004,1.0,0.9,6.6,8.97,,,,,,,,0,
2026-07-21,810938,ben williamson,kevin gausman,TB@TOR,,,,,1.628,3.163,1.009,1.0,0.962,6.5,8.92,,,,,,,,0,
2026-07-21,669743,alex call,zack wheeler,LAD@PHI,,,,,1.834,2.899,1.008,0.991,0.9,6.2,8.76,,,,,,,,0,
2026-07-21,671056,iván herrera,walbert ureña,STL@LAA,,,,,2.613,1.913,1.003,1.002,0.9,5.9,8.6,,,,,,,,0,
2026-07-21,663457,lars nootbaar,walbert ureña,STL@LAA,,,,,2.602,1.913,1.002,1.002,0.9,5.8,8.54,,,,,,,,0,
2026-07-21,645302,víctor robles,chase burns,CIN@SEA,,,,,1.593,2.956,1.004,1.0,0.9,5.5,8.38,,,,,,,,0,
2026-07-21,683083,nasim nuñez,michael lorenzen,WSH@COL,,,,,1.066,3.041,0.963,1.007,1.12,4.6,7.9,,,,,,,,0,
2026-07-21,663538,nico hoerner,framber valdez,DET@CHC,,,,,1.38,2.527,0.978,1.005,0.998,4.5,7.84,,,,,,,,0,
2026-07-21,650859,luis rengifo,reynaldo lópez,SD@ATL,,,,,1.095,3.083,0.991,1.0,1.03,4.5,7.84,,,,,,,,0,
2026-07-21,807712,luke keaschall,parker messick,MIN@CLE,,,,,1.584,2.461,1.006,0.983,0.9,4.5,7.84,,,,,,,,0,
2026-07-21,668885,austin martin,parker messick,MIN@CLE,,,,,1.414,2.461,1.015,0.983,0.9,4.1,7.63,,,,,,,,0,
2026-07-21,670764,taylor walls,kevin gausman,TB@TOR,,,,,0.926,3.163,1.004,1.0,0.962,3.7,7.42,,,,,,,,0,
2026-07-21,691026,masyn winn,walbert ureña,STL@LAA,,,,,1.564,1.913,1.003,1.002,0.9,3.5,7.31,,,,,,,,0,
2026-07-22,656941,kyle schwarber,eric lauer,LAD@PHI,,,,,6.603,4.757,1.006,0.991,1.075,37.6,25.59,,,,,,,,0,
2026-07-22,575929,willson contreras,dean kremer,BAL@BOS,,,,,5.132,5.371,1.037,0.991,1.069,34.4,23.88,,,,,,,,0,
2026-07-22,669127,shea langeliers,merrill kelly,ATH@AZ,,,,,5.04,4.391,1.0,1.0,1.12,29.0,20.98,,,,,,,,0,
2026-07-22,670042,luke raley,brady singer,CIN@SEA,,,,,4.786,4.429,1.0,1.0,1.096,27.4,20.12,,,,,,,,0,
2026-07-22,686527,dominic canzone,brady singer,CIN@SEA,,,,,4.774,4.429,1.0,1.0,1.096,27.3,20.07,,,,,,,,0,
2026-07-22,547180,bryce harper,eric lauer,LAD@PHI,,,,,4.501,4.757,1.006,0.991,1.075,27.1,19.96,,,,,,,,0,
2026-07-22,571970,max muncy,aaron nola,LAD@PHI,,,,,4.792,4.584,1.013,0.991,0.997,26.1,19.43,,,,,,,,1,
2026-07-22,656537,derek hill,eric lauer,LAD@PHI,,,,,4.275,4.757,1.008,0.991,1.075,25.9,19.32,,,,,,,,0,
2026-07-22,660271,shohei ohtani,aaron nola,LAD@PHI,,,,,4.684,4.584,1.006,0.991,0.997,25.4,19.05,,,,,,,,0,
2026-07-22,677800,wilyer abreu,dean kremer,BAL@BOS,,,,,3.446,5.371,1.059,0.991,1.069,24.8,18.73,,,,,,,,0,
2026-07-22,700250,ben rice,mitch keller,PIT@NYY,,,,,6.255,2.975,1.011,0.982,1.114,24.6,18.62,,,,,,,,1,
2026-07-22,691016,tyler soderstrom,merrill kelly,ATH@AZ,,,,,4.015,4.391,1.0,1.0,1.12,23.7,18.14,,,,,,,,0,
2026-07-22,641680,jonah heim,merrill kelly,ATH@AZ,,,,,3.985,4.391,1.0,1.0,1.12,23.5,18.03,,,,,,,,0,
2026-07-22,605141,mookie betts,aaron nola,LAD@PHI,,,,,4.178,4.584,1.008,0.991,0.997,23.0,17.77,,,,,,,,0,
2026-07-22,680776,jarren duran,dean kremer,BAL@BOS,,,,,3.22,5.371,1.044,0.991,1.069,23.0,17.77,,,,,,,,0,
2026-07-22,693307,dillon dingler,colin rea,DET@CHC,,,,,5.112,3.323,0.978,1.005,1.118,22.5,17.5,,,,,,,,0,
2026-07-22,677594,julio rodríguez,brady singer,CIN@SEA,,,,,3.641,4.429,1.002,1.0,1.096,21.5,16.96,,,,,,,,0,
2026-07-22,702332,caleb durbin,dean kremer,BAL@BOS,,,,,2.994,5.371,1.037,0.991,1.069,21.4,16.91,,,,,,,,0,
2026-07-22,691406,junior caminero,braydon fisher,TB@TOR,,,,,5.811,3.04,1.004,1.0,0.945,20.4,16.37,,,,,,,,0,
2026-07-22,681481,kerry carpenter,colin rea,DET@CHC,,,,,4.566,3.323,0.976,1.005,1.118,20.3,16.32,,,,,,,,0,
2026-07-22,607208,trea turner,eric lauer,LAD@PHI,,,,,3.18,4.757,1.008,0.991,1.075,19.8,16.05,,,,,,,,0,
2026-07-22,670541,yordan álvarez,sandy alcántara,MIA@HOU,,,,,6.533,2.593,1.005,1.0,0.938,19.5,15.89,,,,,,,,1,
2026-07-22,663728,cal raleigh,brady singer,CIN@SEA,,,,,3.25,4.429,1.002,1.0,1.096,19.4,15.83,,,,,,,,0,
2026-07-22,700250,ben rice,bubba chandler,PIT@NYY,,,,,6.255,2.564,1.011,0.982,0.991,19.3,15.78,,,,,,,,1,
2026-07-22,664034,ty france,martín pérez,SD@ATL,,,,,5.004,3.031,0.99,1.0,1.041,19.1,15.67,,,,,,,,0,
2026-07-22,518692,freddie freeman,aaron nola,LAD@PHI,,,,,3.409,4.584,1.006,0.991,0.997,19.0,15.62,,,,,,,,0,
2026-07-22,664761,alec bohm,eric lauer,LAD@PHI,,,,,3.033,4.757,1.006,0.991,1.075,19.0,15.62,,,,,,,,1,
2026-07-22,679529,spencer torkelson,colin rea,DET@CHC,,,,,4.241,3.323,0.978,1.005,1.118,19.0,15.62,,,,,,,,1,
2026-07-22,624641,edmundo sosa,eric lauer,LAD@PHI,,,,,2.994,4.757,1.008,0.991,1.075,18.8,15.51,,,,,,,,0,
2026-07-22,664040,brandon lowe,gerrit cole,PIT@NYY,,,,,4.611,3.59,1.011,0.982,0.919,18.5,15.35,,,,,,,,0,
2026-07-22,592518,manny machado,martín pérez,SD@ATL,,,,,4.815,3.031,0.991,1.0,1.041,18.5,15.35,,,,,,,,0,
2026-07-22,642715,willy adames,seth lugo,SF@KC,,,,,4.168,3.148,1.0,1.0,1.12,18.1,15.14,,,,,,,,0,
2026-07-22,696100,hunter goodman,cade cavalli,WSH@COL,,,,,6.767,2.259,0.963,1.007,0.991,18.1,15.14,,,,,,,,0,
2026-07-22,666126,carlos cortes,merrill kelly,ATH@AZ,,,,,2.959,4.391,1.0,1.0,1.12,17.9,15.03,,,,,,,,0,
2026-07-22,668709,jj bleday,emerson hancock,CIN@SEA,,,,,4.649,3.076,1.0,1.0,1.011,17.8,14.98,,,,,,,,1,
2026-07-22,665019,kody clemens,slade cecconi,MIN@CLE,,,,,4.61,3.042,1.006,0.983,1.037,17.7,14.92,,,,,,,,0,
2026-07-22,621566,matt olson,mike king,SD@ATL,,,,,5.315,2.539,1.009,1.0,1.042,17.5,14.82,,,,,,,,0,
2026-07-22,575929,willson contreras,kyle bradish,BAL@BOS,,,,,5.132,2.755,1.037,0.991,0.956,17.2,14.65,,,,,,,,0,
2026-07-22,606192,teoscar hernández,aaron nola,LAD@PHI,,,,,3.035,4.584,1.008,0.991,0.997,17.1,14.6,,,,,,,,0,
2026-07-22,805779,jacob wilson,merrill kelly,ATH@AZ,,,,,2.812,4.391,1.0,1.0,1.12,17.1,14.6,,,,,,,,0,
2026-07-22,669394,jake burger,anthony kay,CWS@TEX,,,,,4.03,3.079,1.006,1.0,1.109,17.1,14.6,,,,,,,,0,
2026-07-22,807799,masataka yoshida,dean kremer,BAL@BOS,,,,,2.309,5.371,1.044,0.991,1.069,17.0,14.55,,,,,,,,0,
2026-07-22,668227,randy arozarena,brady singer,CIN@SEA,,,,,2.819,4.429,1.0,1.0,1.096,16.9,14.49,,,,,,,,0,
2026-07-22,663993,nathaniel lowe,emerson hancock,CIN@SEA,,,,,4.401,3.076,1.0,1.0,1.011,16.9,14.49,,,,,,,,0,
2026-07-22,656811,ryan o'hearn,gerrit cole,PIT@NYY,,,,,4.133,3.59,1.011,0.982,0.919,16.8,14.44,,,,,,,,0,
2026-07-22,678882,ceddanne rafaela,dean kremer,BAL@BOS,,,,,2.301,5.371,1.037,0.991,1.069,16.8,14.44,,,,,,,,1,
2026-07-22,543807,george springer,griffin jax,TB@TOR,,,,,3.197,3.81,1.009,1.0,1.107,16.8,14.44,,,,,,,,0,
2026-07-22,682829,elly de la cruz,emerson hancock,CIN@SEA,,,,,4.288,3.076,1.002,1.0,1.011,16.6,14.33,,,,,,,,0,
2026-07-22,701398,sal stewart,emerson hancock,CIN@SEA,,,,,4.257,3.076,1.002,1.0,1.011,16.4,14.23,,,,,,,,1,
2026-07-22,665862,jazz chisholm,mitch keller,PIT@NYY,,,,,4.007,2.975,1.011,0.982,1.114,16.4,14.23,,,,,,,,0,
2026-07-22,665052,griffin conine,peter lambert,MIA@HOU,,,,,4.74,2.957,1.004,1.0,0.9,15.7,13.85,,,,,,,,0,
2026-07-22,682985,riley greene,colin rea,DET@CHC,,,,,3.459,3.323,0.978,1.005,1.118,15.7,13.85,,,,,,,,0,
2026-07-22,668715,spencer steer,emerson hancock,CIN@SEA,,,,,3.991,3.076,1.002,1.0,1.011,15.5,13.74,,,,,,,,0,
2026-07-22,686948,drake baldwin,mike king,SD@ATL,,,,,4.69,2.539,1.0,1.0,1.042,15.4,13.69,,,,,,,,0,
2026-07-22,671218,heliot ramos,seth lugo,SF@KC,,,,,3.418,3.148,1.0,1.0,1.12,15.0,13.48,,,,,,,,0,
2026-07-22,680779,henry davis,gerrit cole,PIT@NYY,,,,,3.672,3.59,1.014,0.982,0.919,15.0,13.48,,,,,,,,0,
2026-07-22,666160,mickey moniak,cade cavalli,WSH@COL,,,,,5.431,2.259,0.956,1.007,0.991,14.6,13.26,,,,,,,,0,
2026-07-22,671739,michael harris,mike king,SD@ATL,,,,,4.351,2.539,1.009,1.0,1.042,14.5,13.21,,,,,,,,0,
2026-07-22,700932,kyle manzardo,bailey ober,MIN@CLE,,,,,3.103,3.738,1.006,0.983,1.005,14.4,13.15,,,,,,,,1,
2026-07-22,691023,jordan walker,reid detmers,STL@LAA,,,,,4.779,2.667,1.003,1.002,0.9,14.4,13.15,,,,,,,,0,
2026-07-22,572233,christian walker,sandy alcántara,MIA@HOU,,,,,4.474,2.593,1.034,1.0,0.938,14.1,12.99,,,,,,,,0,
2026-07-22,694192,jackson chourio,christian scott,NYM@MIL,,,,,3.923,2.889,0.99,1.0,0.989,13.9,12.89,,,,,,,,0,
2026-07-22,663757,trent grisham,mitch keller,PIT@NYY,,,,,3.382,2.975,1.011,0.982,1.114,13.9,12.89,,,,,,,,0,
2026-07-22,668904,royce lewis,slade cecconi,MIN@CLE,,,,,3.498,3.042,1.015,0.983,1.037,13.8,12.83,,,,,,,,0,
2026-07-22,686797,brooks lee,slade cecconi,MIN@CLE,,,,,3.466,3.042,1.015,0.983,1.037,13.7,12.78,,,,,,,,1,
2026-07-22,657136,connor wong,dean kremer,BAL@BOS,,,,,1.792,5.371,1.044,0.991,1.069,13.4,12.62,,,,,,,,0,
2026-07-22,690993,colt keith,colin rea,DET@CHC,,,,,2.907,3.323,0.976,1.005,1.118,13.3,12.56,,,,,,,,0,
2026-07-22,676609,josé caballero,mitch keller,PIT@NYY,,,,,3.219,2.975,0.998,0.982,1.114,13.2,12.51,,,,,,,,0,
2026-07-22,672386,alejandro kirk,griffin jax,TB@TOR,,,,,2.473,3.81,1.004,1.0,1.107,13.2,12.51,,,,,,,,1,
2026-07-22,664770,nathan lukes,griffin jax,TB@TOR,,,,,2.454,3.81,1.009,1.0,1.107,13.1,12.46,,,,,,,,0,
2026-07-22,691176,jasson domínguez,mitch keller,PIT@NYY,,,,,3.146,2.975,1.011,0.982,1.114,13.0,12.4,,,,,,,,0,
2026-07-22,668804,bryan reynolds,gerrit cole,PIT@NYY,,,,,3.169,3.59,0.998,0.982,0.919,12.9,12.35,,,,,,,,0,
2026-07-22,662139,daulton varsho,griffin jax,TB@TOR,,,,,2.397,3.81,1.009,1.0,1.107,12.8,12.3,,,,,,,,0,
2026-07-22,665926,andrés giménez,griffin jax,TB@TOR,,,,,2.402,3.81,1.004,1.0,1.107,12.8,12.3,,,,,,,,0,
2026-07-22,677649,ezequiel duran,anthony kay,CWS@TEX,,,,,2.943,3.079,1.006,1.0,1.109,12.7,12.24,,,,,,,,0,
2026-07-22,665862,jazz chisholm,bubba chandler,PIT@NYY,,,,,4.007,2.564,1.011,0.982,0.991,12.7,12.24,,,,,,,,0,
2026-07-22,605137,josh bell,slade cecconi,MIN@CLE,,,,,3.239,3.042,1.006,0.983,1.037,12.7,12.24,,,,,,,,0,
2026-07-22,701538,jackson merrill,martín pérez,SD@ATL,,,,,3.112,3.031,1.009,1.0,1.041,12.5,12.13,,,,,,,,1,
2026-07-22,656775,cedric mullins,braydon fisher,TB@TOR,,,,,3.423,3.04,1.004,1.0,0.945,12.4,12.08,,,,,,,,0,
2026-07-22,695657,colson montgomery,tyler alexander,CWS@TEX,,,,,5.34,2.013,1.005,1.0,0.9,12.3,12.03,,,,,,,,0,
2026-07-22,682626,francisco álvarez,logan henderson,NYM@MIL,,,,,4.042,2.739,0.982,1.0,0.9,12.3,12.03,,,,,,,,0,
2026-07-22,624424,michael conforto,keider montero,DET@CHC,,,,,4.384,2.485,0.978,1.005,0.912,12.3,12.03,,,,,,,,0,
2026-07-22,677800,wilyer abreu,kyle bradish,BAL@BOS,,,,,3.446,2.755,1.059,0.991,0.956,12.0,11.87,,,,,,,,0,
2026-07-22,677587,brayan rocchio,bailey ober,MIN@CLE,,,,,2.538,3.738,1.006,0.983,1.005,11.9,11.81,,,,,,,,0,
2026-07-22,669065,kyle stowers,peter lambert,MIA@HOU,,,,,3.515,2.957,1.004,1.0,0.9,11.9,11.81,,,,,,,,0,
2026-07-22,663656,kyle tucker,aaron nola,LAD@PHI,,,,,2.068,4.584,1.006,0.991,0.997,11.9,11.81,,,,,,,,0,
2026-07-22,650490,yandy díaz,braydon fisher,TB@TOR,,,,,3.262,3.04,1.004,1.0,0.945,11.9,11.81,,,,,,,,0,
2026-07-22,663886,tyler stephenson,emerson hancock,CIN@SEA,,,,,3.011,3.076,1.002,1.0,1.011,11.9,11.81,,,,,,,,0,
2026-07-22,669224,austin wells,mitch keller,PIT@NYY,,,,,2.799,2.975,1.011,0.982,1.114,11.7,11.71,,,,,,,,0,
2026-07-22,682177,daniel schneemann,bailey ober,MIN@CLE,,,,,2.491,3.738,1.006,0.983,1.005,11.7,11.71,,,,,,,,0,
2026-07-22,641355,cody bellinger,mitch keller,PIT@NYY,,,,,2.755,2.975,1.011,0.982,1.114,11.5,11.6,,,,,,,,0,
2026-07-22,681546,james outman,colin rea,DET@CHC,,,,,2.459,3.323,0.976,1.005,1.118,11.4,11.54,,,,,,,,0,
2026-07-22,664023,ian happ,keider montero,DET@CHC,,,,,4.014,2.485,0.978,1.005,0.912,11.3,11.49,,,,,,,,0,
2026-07-22,624413,pete alonso,jake bennett,BAL@BOS,,,,,4.421,2.165,1.044,0.991,0.9,11.3,11.49,,,,,,,,0,
2026-07-22,621020,dansby swanson,keider montero,DET@CHC,,,,,3.958,2.485,0.978,1.005,0.912,11.2,11.44,,,,,,,,0,
2026-07-22,691723,coby mayo,jake bennett,BAL@BOS,,,,,4.421,2.165,1.037,0.991,0.9,11.2,11.44,,,,,,,,0,
2026-07-22,672275,patrick bailey,bailey ober,MIN@CLE,,,,,2.381,3.738,1.008,0.983,1.005,11.2,11.44,,,,,,,,0,
2026-07-22,645277,ozzie albies,mike king,SD@ATL,,,,,3.378,2.539,0.991,1.0,1.042,11.2,11.44,,,,,,,,0,
2026-07-22,668930,brice turang,christian scott,NYM@MIL,,,,,3.18,2.889,0.97,1.0,0.989,11.2,11.44,,,,,,,,0,
2026-07-22,680776,jarren duran,kyle bradish,BAL@BOS,,,,,3.22,2.755,1.044,0.991,0.956,11.1,11.38,,,,,,,,0,
2026-07-22,606466,ketel marte,gage jump,ATH@AZ,,,,,3.962,2.317,1.0,1.0,0.951,11.1,11.38,,,,,,,,0,
2026-07-22,663757,trent grisham,bubba chandler,PIT@NYY,,,,,3.382,2.564,1.011,0.982,0.991,10.8,11.22,,,,,,,,0,
2026-07-22,665161,jeremy peña,sandy alcántara,MIA@HOU,,,,,3.337,2.593,1.034,1.0,0.938,10.7,11.17,,,,,,,,1,
2026-07-22,605170,víctor caratini,slade cecconi,MIN@CLE,,,,,2.678,3.042,1.006,0.983,1.037,10.6,11.12,,,,,,,,0,
2026-07-22,678246,miguel vargas,tyler alexander,CWS@TEX,,,,,4.485,2.013,1.006,1.0,0.9,10.4,11.01,,,,,,,,0,
2026-07-22,702332,caleb durbin,kyle bradish,BAL@BOS,,,,,2.994,2.755,1.037,0.991,0.956,10.3,10.95,,,,,,,,0,
2026-07-22,663586,austin riley,mike king,SD@ATL,,,,,2.993,2.539,1.004,1.0,1.042,10.1,10.85,,,,,,,,0,
2026-07-22,655316,andruw monasterio,kyle bradish,BAL@BOS,,,,,2.934,2.755,1.037,0.991,0.956,10.1,10.85,,,,,,,,0,
2026-07-22,691176,jasson domínguez,bubba chandler,PIT@NYY,,,,,3.146,2.564,1.011,0.982,0.991,10.1,10.85,,,,,,,,0,
2026-07-22,593428,xander bogaerts,martín pérez,SD@ATL,,,,,2.512,3.031,0.991,1.0,1.041,10.0,10.79,,,,,,,,0,
2026-07-22,673237,yainer diaz,sandy alcántara,MIA@HOU,,,,,3.164,2.593,1.004,1.0,0.938,9.9,10.74,,,,,,,,0,
2026-07-22,667472,dane myers,emerson hancock,CIN@SEA,,,,,2.486,3.076,1.002,1.0,1.011,9.9,10.74,,,,,,,,0,
2026-07-22,665489,vladimir guerrero,griffin jax,TB@TOR,,,,,1.84,3.81,1.004,1.0,1.107,9.9,10.74,,,,,,,,0,
2026-07-22,661388,william contreras,christian scott,NYM@MIL,,,,,2.617,2.889,0.99,1.0,0.989,9.5,10.53,,,,,,,,0,
2026-07-22,682998,corbin carroll,gage jump,ATH@AZ,,,,,3.311,2.317,1.0,1.0,0.951,9.3,10.42,,,,,,,,1,
2026-07-22,683002,gunnar henderson,jake bennett,BAL@BOS,,,,,3.577,2.165,1.044,0.991,0.9,9.2,10.36,,,,,,,,0,
2026-07-22,656716,zach mckinstry,colin rea,DET@CHC,,,,,2.009,3.323,0.958,1.005,1.118,9.2,10.36,,,,,,,,0,
2026-07-22,694374,tim tawa,gage jump,ATH@AZ,,,,,3.268,2.317,1.0,1.0,0.951,9.2,10.36,,,,,,,,0,
2026-07-22,643289,mauricio dubón,mike king,SD@ATL,,,,,2.673,2.539,1.009,1.0,1.042,9.1,10.31,,,,,,,,0,
2026-07-22,630105,jake cronenworth,martín pérez,SD@ATL,,,,,2.238,3.031,1.0,1.0,1.041,9.0,10.26,,,,,,,,0,
2026-07-22,543877,christian vázquez,sandy alcántara,MIA@HOU,,,,,2.749,2.593,1.034,1.0,0.938,8.9,10.2,,,,,,,,0,
2026-07-22,641355,cody bellinger,bubba chandler,PIT@NYY,,,,,2.755,2.564,1.011,0.982,0.991,8.9,10.2,,,,,,,,0,
2026-07-22,543760,marcus semien,logan henderson,NYM@MIL,,,,,2.806,2.739,0.99,1.0,0.9,8.8,10.15,,,,,,,,1,
2026-07-22,663647,ke'bryan hayes,emerson hancock,CIN@SEA,,,,,2.181,3.076,1.002,1.0,1.011,8.7,10.1,,,,,,,,0,
2026-07-22,664983,jake mccarthy,cade cavalli,WSH@COL,,,,,3.054,2.259,0.966,1.007,0.991,8.5,9.99,,,,,,,,0,
2026-07-22,592885,christian yelich,christian scott,NYM@MIL,,,,,2.335,2.889,0.982,1.0,0.989,8.4,9.94,,,,,,,,0,
2026-07-22,687401,joey ortiz,christian scott,NYM@MIL,,,,,2.305,2.889,0.99,1.0,0.989,8.4,9.94,,,,,,,,0,
2026-07-22,702616,jackson holliday,jake bennett,BAL@BOS,,,,,3.192,2.165,1.044,0.991,0.9,8.3,9.88,,,,,,,,0,
2026-07-22,695600,carter jensen,landen roupp,SF@KC,,,,,3.615,1.987,1.0,1.0,0.904,8.3,9.88,,,,,,,,0,
2026-07-22,641933,tyler o'neill,jake bennett,BAL@BOS,,,,,3.216,2.165,1.037,0.991,0.9,8.3,9.88,,,,,,,,0,
2026-07-22,672640,otto lopez,peter lambert,MIA@HOU,,,,,2.333,2.957,1.034,1.0,0.9,8.2,9.83,,,,,,,,0,
2026-07-22,664040,brandon lowe,max fried,PIT@NYY,,,,,4.611,1.537,1.011,0.982,0.9,8.1,9.77,,,,,,,,0,
2026-07-22,807799,masataka yoshida,kyle bradish,BAL@BOS,,,,,2.309,2.755,1.044,0.991,0.956,8.1,9.77,,,,,,,,0,
2026-07-22,678882,ceddanne rafaela,kyle bradish,BAL@BOS,,,,,2.301,2.755,1.037,0.991,0.956,8.0,9.72,,,,,,,,1,
2026-07-22,671056,iván herrera,reid detmers,STL@LAA,,,,,2.595,2.667,1.003,1.002,0.9,8.0,9.72,,,,,,,,0,
2026-07-22,683734,andrew vaughn,christian scott,NYM@MIL,,,,,2.208,2.889,0.98,1.0,0.989,7.9,9.67,,,,,,,,0,
2026-07-22,665966,carlos narváez,kyle bradish,BAL@BOS,,,,,2.238,2.755,1.037,0.991,0.956,7.8,9.61,,,,,,,,0,
2026-07-22,665877,josé fermín,reid detmers,STL@LAA,,,,,2.504,2.667,1.003,1.002,0.9,7.8,9.61,,,,,,,,0,
2026-07-22,691720,kyle karros,cade cavalli,WSH@COL,,,,,2.764,2.259,0.963,1.007,0.991,7.7,9.56,,,,,,,,0,
2026-07-22,666182,bo bichette,logan henderson,NYM@MIL,,,,,2.466,2.739,0.99,1.0,0.9,7.7,9.56,,,,,,,,0,
2026-07-22,650489,willi castro,cade cavalli,WSH@COL,,,,,2.728,2.259,0.963,1.007,0.991,7.6,9.51,,,,,,,,0,
2026-07-22,643217,andrew benintendi,tyler alexander,CWS@TEX,,,,,3.227,2.013,1.002,1.0,0.9,7.5,9.45,,,,,,,,0,
2026-07-22,521692,salvador pérez,landen roupp,SF@KC,,,,,3.233,1.987,1.0,1.0,0.904,7.5,9.45,,,,,,,,1,
2026-07-22,656811,ryan o'hearn,max fried,PIT@NYY,,,,,4.133,1.537,1.011,0.982,0.9,7.3,9.35,,,,,,,,0,
2026-07-22,657041,lane thomas,landen roupp,SF@KC,,,,,3.101,1.987,1.0,1.0,0.904,7.2,9.29,,,,,,,,0,
2026-07-22,693304,nick gonzales,gerrit cole,PIT@NYY,,,,,1.705,3.59,1.011,0.982,0.919,7.2,9.29,,,,,,,,1,
2026-07-22,593871,jorge polanco,logan henderson,NYM@MIL,,,,,2.277,2.739,0.982,1.0,0.9,7.1,9.24,,,,,,,,0,
2026-07-22,608348,carson kelly,keider montero,DET@CHC,,,,,2.523,2.485,0.961,1.005,0.912,7.1,9.24,,,,,,,,0,
2026-07-22,680700,richie palacios,braydon fisher,TB@TOR,,,,,1.865,3.04,1.009,1.0,0.945,7.0,9.19,,,,,,,,0,
2026-07-22,669397,nick allen,sandy alcántara,MIA@HOU,,,,,2.114,2.593,1.034,1.0,0.938,6.9,9.13,,,,,,,,0,
2026-07-22,608324,alex bregman,keider montero,DET@CHC,,,,,2.385,2.485,0.976,1.005,0.912,6.8,9.08,,,,,,,,0,
2026-07-22,686681,michael massey,landen roupp,SF@KC,,,,,2.79,1.987,1.0,1.0,0.904,6.5,8.92,,,,,,,,0,
2026-07-22,807712,luke keaschall,slade cecconi,MIN@CLE,,,,,1.571,3.042,1.006,0.983,1.037,6.3,8.81,,,,,,,,0,
2026-07-22,663968,jake mangum,gerrit cole,PIT@NYY,,,,,1.461,3.59,1.014,0.982,0.919,6.2,8.76,,,,,,,,0,
2026-07-22,691594,javier sanoja,peter lambert,MIA@HOU,,,,,1.753,2.957,1.034,1.0,0.9,6.2,8.76,,,,,,,,0,
2026-07-22,669364,xavier edwards,peter lambert,MIA@HOU,,,,,1.766,2.957,1.004,1.0,0.9,6.1,8.7,,,,,,,,0,
2026-07-22,683146,brett baty,logan henderson,NYM@MIL,,,,,1.89,2.739,0.982,1.0,0.9,5.9,8.6,,,,,,,,1,
2026-07-22,668804,bryan reynolds,max fried,PIT@NYY,,,,,3.169,1.537,0.998,0.982,0.9,5.6,8.43,,,,,,,,0,
2026-07-22,683011,anthony volpe,bubba chandler,PIT@NYY,,,,,1.66,2.564,0.998,0.982,0.991,5.4,8.33,,,,,,,,0,
2026-07-22,542303,marcell ozuna,max fried,PIT@NYY,,,,,3.091,1.537,0.998,0.982,0.9,5.4,8.33,,,,,,,,0,
2026-07-22,686469,vinnie pasquantino,landen roupp,SF@KC,,,,,2.223,1.987,1.0,1.0,0.904,5.2,8.22,,,,,,,,0,
2026-07-22,666397,edouard julien,cade cavalli,WSH@COL,,,,,1.79,2.259,0.966,1.007,0.991,5.1,8.17,,,,,,,,0,
2026-07-22,691026,masyn winn,reid detmers,STL@LAA,,,,,1.552,2.667,1.003,1.002,0.9,4.9,8.06,,,,,,,,0,
2026-07-22,686555,isaac collins,landen roupp,SF@KC,,,,,1.923,1.987,1.0,1.0,0.904,4.5,7.84,,,,,,,,0,
2026-07-22,516782,starling marte,landen roupp,SF@KC,,,,,1.893,1.987,1.0,1.0,0.904,4.4,7.79,,,,,,,,0,
2026-07-22,650859,luis rengifo,martín pérez,SD@ATL,,,,,1.083,3.031,0.991,1.0,1.041,4.4,7.79,,,,,,,,1,
2026-07-22,663538,nico hoerner,keider montero,DET@CHC,,,,,1.368,2.485,0.978,1.005,0.912,4.0,7.58,,,,,,,,0,
2026-07-22,670764,taylor walls,braydon fisher,TB@TOR,,,,,0.915,3.04,1.004,1.0,0.945,3.5,7.31,,,,,,,,0,
2026-07-22,693304,nick gonzales,max fried,PIT@NYY,,,,,1.705,1.537,1.011,0.982,0.9,3.1,7.09,,,,,,,,1,
2026-07-22,669707,jared triolo,max fried,PIT@NYY,,,,,1.366,1.537,0.998,0.982,0.9,2.4,6.72,,,,,,,,0,
2026-07-23,691406,junior caminero,shane bieber,TB@TOR,,,,,5.769,4.511,1.004,1.0,1.12,33.5,23.4,,,,,,,,0,
2026-07-23,621439,byron buxton,gavin williams,MIN@CLE,,,,,6.214,3.874,1.006,0.983,1.009,28.2,20.55,,,,,,,,0,
2026-07-23,665019,kody clemens,gavin williams,MIN@CLE,,,,,4.561,3.874,1.006,0.983,1.009,21.4,16.91,,,,,,,,0,
2026-07-23,680777,ryan jeffers,gavin williams,MIN@CLE,,,,,4.353,3.874,1.015,0.983,1.009,20.7,16.53,,,,,,,,0,
2026-07-23,650490,yandy díaz,shane bieber,TB@TOR,,,,,3.232,4.511,1.004,1.0,1.12,20.0,16.16,,,,,,,,0,
2026-07-23,691023,jordan walker,brandon pfaadt,AZ@STL,,,,,4.744,3.128,0.998,0.999,1.001,18.2,15.19,,,,,,,,0,
2026-07-23,621566,matt olson,kyle hart,SD@ATL,,,,,5.268,2.928,1.009,1.0,0.947,18.1,15.14,,,,,,,,0,
2026-07-23,686797,brooks lee,gavin williams,MIN@CLE,,,,,3.626,3.874,1.015,0.983,1.009,17.5,14.82,,,,,,,,0,
2026-07-23,672960,kazuma okamoto,casey legumina,TB@TOR,,,,,4.907,2.65,1.004,1.0,1.066,17.2,14.65,,,,,,,,0,
2026-07-23,668904,royce lewis,gavin williams,MIN@CLE,,,,,3.453,3.874,1.015,0.983,1.009,16.7,14.39,,,,,,,,0,
2026-07-23,686948,drake baldwin,kyle hart,SD@ATL,,,,,4.639,2.928,1.0,1.0,0.947,16.0,14.01,,,,,,,,1,
2026-07-23,605137,josh bell,gavin williams,MIN@CLE,,,,,3.207,3.874,1.006,0.983,1.009,15.5,13.74,,,,,,,,0,
2026-07-23,682998,corbin carroll,michael mcgreevy,AZ@STL,,,,,3.471,3.23,0.998,0.999,1.108,15.4,13.69,,,,,,,,0,
2026-07-23,671739,michael harris,kyle hart,SD@ATL,,,,,4.308,2.928,1.009,1.0,0.947,15.0,13.48,,,,,,,,1,
2026-07-23,694374,tim tawa,michael mcgreevy,AZ@STL,,,,,3.199,3.23,0.994,0.999,1.108,14.2,13.05,,,,,,,,0,
2026-07-23,680728,adrian del castillo,michael mcgreevy,AZ@STL,,,,,3.024,3.23,0.995,0.999,1.108,13.5,12.67,,,,,,,,0,
2026-07-23,700932,kyle manzardo,taj bradley,MIN@CLE,,,,,3.291,3.406,1.006,0.983,0.965,13.4,12.62,,,,,,,,0,
2026-07-23,695600,carter jensen,troy melton,KC@DET,,,,,3.585,3.215,0.999,0.986,0.9,12.9,12.35,,,,,,,,0,
2026-07-23,664034,ty france,chris sale,SD@ATL,,,,,4.937,2.19,0.99,1.0,0.9,12.2,11.97,,,,,,,,1,
2026-07-23,521692,salvador pérez,troy melton,KC@DET,,,,,3.399,3.215,0.979,0.986,0.9,12.0,11.87,,,,,,,,0,
2026-07-23,680700,richie palacios,shane bieber,TB@TOR,,,,,1.854,4.511,1.009,1.0,1.12,12.0,11.87,,,,,,,,0,
2026-07-23,592518,manny machado,chris sale,SD@ATL,,,,,4.77,2.19,0.991,1.0,0.9,11.8,11.76,,,,,,,,0,
2026-07-23,645277,ozzie albies,kyle hart,SD@ATL,,,,,3.347,2.928,0.991,1.0,0.947,11.6,11.65,,,,,,,,1,
2026-07-23,543807,george springer,casey legumina,TB@TOR,,,,,3.166,2.65,1.009,1.0,1.066,11.4,11.54,,,,,,,,0,
2026-07-23,657041,lane thomas,troy melton,KC@DET,,,,,3.07,3.215,0.999,0.986,0.9,11.1,11.38,,,,,,,,0,
2026-07-23,663586,austin riley,kyle hart,SD@ATL,,,,,2.964,2.928,1.004,1.0,0.947,10.5,11.06,,,,,,,,0,
2026-07-23,810938,ben williamson,shane bieber,TB@TOR,,,,,1.595,4.511,1.009,1.0,1.12,10.4,11.01,,,,,,,,0,
2026-07-23,677587,brayan rocchio,taj bradley,MIN@CLE,,,,,2.512,3.406,1.006,0.983,0.965,10.4,11.01,,,,,,,,0,
2026-07-23,672386,alejandro kirk,casey legumina,TB@TOR,,,,,2.868,2.65,1.004,1.0,1.066,10.4,11.01,,,,,,,,0,
2026-07-23,663457,lars nootbaar,brandon pfaadt,AZ@STL,,,,,2.561,3.128,0.989,0.999,1.001,10.1,10.85,,,,,,,,0,
2026-07-23,686681,michael massey,troy melton,KC@DET,,,,,2.76,3.215,0.999,0.986,0.9,10.0,10.79,,,,,,,,0,
2026-07-23,665877,josé fermín,brandon pfaadt,AZ@STL,,,,,2.479,3.128,0.998,0.999,1.001,9.9,10.74,,,,,,,,0,
2026-07-23,657757,gavin sheets,chris sale,SD@ATL,,,,,3.842,2.19,1.009,1.0,0.9,9.8,10.69,,,,,,,,0,
2026-07-23,672275,patrick bailey,taj bradley,MIN@CLE,,,,,2.351,3.406,1.008,0.983,0.965,9.8,10.69,,,,,,,,1,
2026-07-23,642086,dominic smith,kyle hart,SD@ATL,,,,,2.675,2.928,1.002,1.0,0.947,9.5,10.53,,,,,,,,1,
2026-07-23,643289,mauricio dubón,kyle hart,SD@ATL,,,,,2.647,2.928,1.009,1.0,0.947,9.5,10.53,,,,,,,,0,
2026-07-23,686469,vinnie pasquantino,troy melton,KC@DET,,,,,2.202,3.215,0.999,0.986,0.9,8.1,9.77,,,,,,,,0,
2026-07-23,679845,nick loftin,troy melton,KC@DET,,,,,2.222,3.215,0.999,0.986,0.9,8.1,9.77,,,,,,,,0,
2026-07-23,807712,luke keaschall,gavin williams,MIN@CLE,,,,,1.554,3.874,1.006,0.983,1.009,7.7,9.56,,,,,,,,0,
2026-07-23,668885,austin martin,gavin williams,MIN@CLE,,,,,1.403,3.874,1.015,0.983,1.009,7.1,9.24,,,,,,,,0,
2026-07-23,686555,isaac collins,troy melton,KC@DET,,,,,1.906,3.215,0.973,0.986,0.9,6.8,9.08,,,,,,,,1,
2026-07-23,665489,vladimir guerrero,casey legumina,TB@TOR,,,,,1.825,2.65,1.004,1.0,1.066,6.7,9.02,,,,,,,,0,
2026-07-23,593428,xander bogaerts,chris sale,SD@ATL,,,,,2.492,2.19,0.991,1.0,0.9,6.3,8.81,,,,,,,,0,
2026-07-23,691026,masyn winn,brandon pfaadt,AZ@STL,,,,,1.542,3.128,0.998,0.999,1.001,6.2,8.76,,,,,,,,0,
2026-07-23,666023,freddy fermin,chris sale,SD@ATL,,,,,2.322,2.19,0.99,1.0,0.9,5.9,8.6,,,,,,,,0,
2026-07-23,630105,jake cronenworth,chris sale,SD@ATL,,,,,2.207,2.19,1.0,1.0,0.9,5.6,8.43,,,,,,,,0,
2026-07-23,650859,luis rengifo,chris sale,SD@ATL,,,,,1.353,2.19,0.991,1.0,0.9,3.5,7.31,,,,,,,,0,
2026-07-24,665742,juan soto,roki sasaki,LAD@NYM,,,,,5.18,4.51,0.99,0.981,1.038,27.8,20.34,,,,,,,,0,
2026-07-24,669127,shea langeliers,zebby matthews,ATH@MIN,,,,,5.011,4.392,0.99,1.016,1.057,27.6,20.23,,,,,,,,0,
2026-07-24,665052,griffin conine,germán márquez,SD@MIA,,,,,4.655,4.467,0.977,1.0,1.12,26.9,19.86,,,,,,,,0,
2026-07-24,621439,byron buxton,jacob lopez,ATH@MIN,,,,,6.147,3.627,1.009,1.016,0.963,26.2,19.48,,,,,,,,0,
2026-07-24,691016,tyler soderstrom,zebby matthews,ATH@MIN,,,,,3.989,4.392,1.009,1.016,1.057,22.9,17.71,,,,,,,,0,
2026-07-24,694192,jackson chourio,tomoyuki sugano,COL@MIL,,,,,3.885,4.254,0.99,1.0,1.12,22.2,17.34,,,,,,,,0,
2026-07-24,695657,colson montgomery,spencer arrighetti,HOU@CWS,,,,,5.298,3.15,1.009,0.996,1.085,22.0,17.23,,,,,,,,0,
2026-07-24,682626,francisco álvarez,roki sasaki,LAD@NYM,,,,,3.996,4.51,0.99,0.981,1.038,22.0,17.23,,,,,,,,1,
2026-07-24,669065,kyle stowers,germán márquez,SD@MIA,,,,,3.483,4.467,0.977,1.0,1.12,20.7,16.53,,,,,,,,0,
2026-07-24,624413,pete alonso,grant holmes,ATL@BAL,,,,,4.342,3.57,1.015,0.996,1.038,19.9,16.1,,,,,,,,0,
2026-07-24,656941,kyle schwarber,cam schlittler,NYY@PHI,,,,,6.555,2.603,1.006,0.991,0.9,18.8,15.51,,,,,,,,0,
2026-07-24,678246,miguel vargas,spencer arrighetti,HOU@CWS,,,,,4.452,3.15,1.004,0.996,1.085,18.7,15.46,,,,,,,,0,
2026-07-24,691406,junior caminero,joey cantillo,CLE@TB,,,,,5.728,2.74,1.0,1.0,0.97,18.7,15.46,,,,,,,,0,
2026-07-24,671277,luis garcía,eduardo rodríguez,AZ@WSH,,,,,5.395,2.644,0.991,0.983,1.09,18.6,15.41,,,,,,,,0,
2026-07-24,680777,ryan jeffers,jacob lopez,ATH@MIN,,,,,4.278,3.627,0.99,1.016,0.963,18.5,15.35,,,,,,,,0,
2026-07-24,660271,shohei ohtani,sean manaea,LAD@NYM,,,,,4.64,3.294,0.99,0.981,1.013,18.5,15.35,,,,,,,,0,
2026-07-24,695578,james wood,eduardo rodríguez,AZ@WSH,,,,,5.232,2.644,0.998,0.983,1.09,18.2,15.19,,,,,,,,0,
2026-07-24,691023,jordan walker,rhett lowder,CIN@STL,,,,,4.708,2.811,0.998,0.999,1.12,18.2,15.19,,,,,,,,0,
2026-07-24,668930,brice turang,tomoyuki sugano,COL@MIL,,,,,3.156,4.254,0.97,1.0,1.12,18.0,15.08,,,,,,,,1,
2026-07-24,664040,brandon lowe,matt boyd,CHC@PIT,,,,,4.542,2.897,1.016,0.986,1.052,17.2,14.65,,,,,,,,0,
2026-07-24,666126,carlos cortes,zebby matthews,ATH@MIN,,,,,2.925,4.392,1.009,1.016,1.057,17.2,14.65,,,,,,,,0,
2026-07-24,621566,matt olson,trevor rogers,ATL@BAL,,,,,5.23,2.613,1.015,0.996,0.999,17.1,14.6,,,,,,,,1,
2026-07-24,664034,ty france,ryan gusto,SD@MIA,,,,,5.145,2.651,0.97,1.0,1.04,17.0,14.55,,,,,,,,0,
2026-07-24,642715,willy adames,grayson rodriguez,LAA@SF,,,,,4.143,3.02,0.988,0.993,1.12,17.0,14.55,,,,,,,,0,
2026-07-24,686527,dominic canzone,mackenzie gore,SEA@TEX,,,,,4.724,2.981,1.004,1.0,0.971,17.0,14.55,,,,,,,,0,
2026-07-24,543760,marcus semien,roki sasaki,LAD@NYM,,,,,2.999,4.51,0.991,0.981,1.038,16.9,14.49,,,,,,,,0,
2026-07-24,696100,hunter goodman,shane drohan,COL@MIL,,,,,6.713,2.277,0.99,1.0,0.9,16.9,14.49,,,,,,,,0,
2026-07-24,673357,luis robert,roki sasaki,LAD@NYM,,,,,2.942,4.51,0.991,0.981,1.038,16.6,14.33,,,,,,,,1,
2026-07-24,605141,mookie betts,sean manaea,LAD@NYM,,,,,4.135,3.294,0.991,0.981,1.013,16.6,14.33,,,,,,,,0,
2026-07-24,683002,gunnar henderson,grant holmes,ATL@BAL,,,,,3.522,3.57,1.015,0.996,1.038,16.4,14.23,,,,,,,,0,
2026-07-24,700250,ben rice,jesús luzardo,NYY@PHI,,,,,6.336,2.305,1.006,0.991,0.9,16.3,14.17,,,,,,,,0,
2026-07-24,805779,jacob wilson,zebby matthews,ATH@MIN,,,,,2.781,4.392,0.986,1.016,1.057,16.1,14.06,,,,,,,,0,
2026-07-24,592518,manny machado,ryan gusto,SD@MIA,,,,,4.734,2.651,0.974,1.0,1.04,15.8,13.9,,,,,,,,0,
2026-07-24,669394,jake burger,bryce miller,SEA@TEX,,,,,3.997,3.487,1.006,1.0,0.9,15.7,13.85,,,,,,,,1,
2026-07-24,686797,brooks lee,jacob lopez,ATH@MIN,,,,,3.591,3.627,0.99,1.016,0.963,15.7,13.85,,,,,,,,0,
2026-07-24,686948,drake baldwin,trevor rogers,ATL@BAL,,,,,4.811,2.613,0.999,0.996,0.999,15.6,13.8,,,,,,,,1,
2026-07-24,656811,ryan o'hearn,matt boyd,CHC@PIT,,,,,4.063,2.897,1.014,0.986,1.052,15.4,13.69,,,,,,,,0,
2026-07-24,661388,william contreras,tomoyuki sugano,COL@MIL,,,,,2.596,4.254,0.99,1.0,1.12,15.3,13.64,,,,,,,,0,
2026-07-24,575929,willson contreras,trey yesavage,TOR@BOS,,,,,5.05,2.605,1.037,0.991,0.9,15.2,13.58,,,,,,,,0,
2026-07-24,668904,royce lewis,jacob lopez,ATH@MIN,,,,,3.41,3.627,0.99,1.016,0.963,15.0,13.48,,,,,,,,0,
2026-07-24,670541,yordan álvarez,davis martin,HOU@CWS,,,,,6.662,1.802,0.991,0.996,1.016,15.0,13.48,,,,,,,,0,
2026-07-24,681297,colton cowser,grant holmes,ATL@BAL,,,,,3.19,3.57,1.015,0.996,1.038,14.9,13.42,,,,,,,,0,
2026-07-24,671739,michael harris,trevor rogers,ATL@BAL,,,,,4.461,2.613,1.015,0.996,0.999,14.7,13.31,,,,,,,,0,
2026-07-24,702616,jackson holliday,grant holmes,ATL@BAL,,,,,3.099,3.57,1.015,0.996,1.038,14.5,13.21,,,,,,,,0,
2026-07-24,605137,josh bell,jacob lopez,ATH@MIN,,,,,3.176,3.627,1.009,1.016,0.963,14.3,13.1,,,,,,,,0,
2026-07-24,672640,otto lopez,germán márquez,SD@MIA,,,,,2.315,4.467,0.974,1.0,1.12,14.1,12.99,,,,,,,,0,
2026-07-24,671218,heliot ramos,grayson rodriguez,LAA@SF,,,,,3.38,3.02,0.984,0.993,1.12,14.0,12.94,,,,,,,,0,
2026-07-24,666182,bo bichette,roki sasaki,LAD@NYM,,,,,2.448,4.51,0.991,0.981,1.038,14.0,12.94,,,,,,,,0,
2026-07-24,680779,henry davis,matt boyd,CHC@PIT,,,,,3.636,2.897,1.012,0.986,1.052,13.9,12.89,,,,,,,,0,
2026-07-24,518692,freddie freeman,sean manaea,LAD@NYM,,,,,3.377,3.294,0.99,0.981,1.013,13.8,12.83,,,,,,,,0,
2026-07-24,664023,ian happ,jared jones,CHC@PIT,,,,,3.983,3.068,1.007,0.986,0.9,13.7,12.78,,,,,,,,0,
2026-07-24,643217,andrew benintendi,spencer arrighetti,HOU@CWS,,,,,3.195,3.15,0.999,0.996,1.085,13.7,12.78,,,,,,,,0,
2026-07-24,621020,dansby swanson,jared jones,CHC@PIT,,,,,3.934,3.068,1.007,0.986,0.9,13.6,12.72,,,,,,,,0,
2026-07-24,592885,christian yelich,tomoyuki sugano,COL@MIL,,,,,2.306,4.254,0.982,1.0,1.12,13.6,12.72,,,,,,,,1,
2026-07-24,687401,joey ortiz,tomoyuki sugano,COL@MIL,,,,,2.279,4.254,0.99,1.0,1.12,13.5,12.67,,,,,,,,0,
2026-07-24,666160,mickey moniak,shane drohan,COL@MIL,,,,,5.37,2.277,0.97,1.0,0.9,13.4,12.62,,,,,,,,0,
2026-07-24,677594,julio rodríguez,mackenzie gore,SEA@TEX,,,,,3.611,2.981,1.006,1.0,0.971,13.2,12.51,,,,,,,,0,
2026-07-24,547180,bryce harper,cam schlittler,NYY@PHI,,,,,4.468,2.603,1.006,0.991,0.9,13.1,12.46,,,,,,,,0,
2026-07-24,657757,gavin sheets,ryan gusto,SD@MIA,,,,,3.808,2.651,0.977,1.0,1.04,12.9,12.35,,,,,,,,0,
2026-07-24,606192,teoscar hernández,sean manaea,LAD@NYM,,,,,3.002,3.294,0.991,0.981,1.013,12.3,12.03,,,,,,,,0,
2026-07-24,695600,carter jensen,tarik skubal,KC@DET,,,,,3.549,3.1,0.999,0.986,0.9,12.3,12.03,,,,,,,,0,
2026-07-24,605170,víctor caratini,jacob lopez,ATH@MIN,,,,,2.663,3.627,1.009,1.016,0.963,12.1,11.92,,,,,,,,0,
2026-07-24,668709,jj bleday,dustin may,CIN@STL,,,,,4.838,2.052,0.995,0.999,0.964,12.0,11.87,,,,,,,,0,
2026-07-24,668804,bryan reynolds,matt boyd,CHC@PIT,,,,,3.117,2.897,1.007,0.986,1.052,11.9,11.81,,,,,,,,0,
2026-07-24,663728,cal raleigh,mackenzie gore,SEA@TEX,,,,,3.218,2.981,1.006,1.0,0.971,11.9,11.81,,,,,,,,0,
2026-07-24,542303,marcell ozuna,matt boyd,CHC@PIT,,,,,3.057,2.897,1.007,0.986,1.052,11.7,11.71,,,,,,,,0,
2026-07-24,694497,evan carter,bryce miller,SEA@TEX,,,,,2.934,3.487,1.004,1.0,0.9,11.7,11.71,,,,,,,,0,
2026-07-24,677649,ezequiel duran,bryce miller,SEA@TEX,,,,,2.916,3.487,1.006,1.0,0.9,11.7,11.71,,,,,,,,0,
2026-07-24,645277,ozzie albies,trevor rogers,ATL@BAL,,,,,3.5,2.613,1.006,0.996,0.999,11.6,11.65,,,,,,,,0,
2026-07-24,686611,dylan crews,eduardo rodríguez,AZ@WSH,,,,,3.215,2.644,0.995,0.983,1.09,11.5,11.6,,,,,,,,1,
2026-07-24,521692,salvador pérez,tarik skubal,KC@DET,,,,,3.366,3.1,0.979,0.986,0.9,11.5,11.6,,,,,,,,0,
2026-07-24,656775,cedric mullins,joey cantillo,CLE@TB,,,,,3.392,2.74,1.0,1.0,0.97,11.4,11.54,,,,,,,,0,
2026-07-24,642201,eli white,trevor rogers,ATL@BAL,,,,,3.428,2.613,1.006,0.996,0.999,11.4,11.54,,,,,,,,0,
2026-07-24,663698,joey bart,trevor rogers,ATL@BAL,,,,,3.425,2.613,1.006,0.996,0.999,11.4,11.54,,,,,,,,0,
2026-07-24,682657,angel martínez,shane mcclanahan,CLE@TB,,,,,4.052,2.203,1.0,1.0,0.995,11.3,11.49,,,,,,,,0,
2026-07-24,701538,jackson merrill,ryan gusto,SD@MIA,,,,,3.267,2.651,0.977,1.0,1.04,11.2,11.44,,,,,,,,0,
2026-07-24,666152,david hamilton,tomoyuki sugano,COL@MIL,,,,,1.873,4.254,0.982,1.0,1.12,11.1,11.38,,,,,,,,0,
2026-07-24,701398,sal stewart,dustin may,CIN@STL,,,,,4.404,2.052,0.998,0.999,0.964,11.0,11.33,,,,,,,,0,
2026-07-24,663993,nathaniel lowe,dustin may,CIN@STL,,,,,4.351,2.052,0.998,0.999,0.964,10.9,11.28,,,,,,,,0,
2026-07-24,669364,xavier edwards,germán márquez,SD@MIA,,,,,1.752,4.467,0.977,1.0,1.12,10.9,11.28,,,,,,,,0,
2026-07-24,650490,yandy díaz,joey cantillo,CLE@TB,,,,,3.208,2.74,1.0,1.0,0.97,10.8,11.22,,,,,,,,0,
2026-07-24,691594,javier sanoja,germán márquez,SD@MIA,,,,,1.733,4.467,0.974,1.0,1.12,10.7,11.17,,,,,,,,0,
2026-07-24,682829,elly de la cruz,dustin may,CIN@STL,,,,,4.243,2.052,0.998,0.999,0.964,10.7,11.17,,,,,,,,0,
2026-07-24,696285,jacob young,eduardo rodríguez,AZ@WSH,,,,,2.976,2.644,0.995,0.983,1.09,10.7,11.17,,,,,,,,0,
2026-07-24,657041,lane thomas,tarik skubal,KC@DET,,,,,3.033,3.1,0.999,0.986,0.9,10.6,11.12,,,,,,,,0,
2026-07-24,672356,gabriel arias,shane mcclanahan,CLE@TB,,,,,3.786,2.203,1.0,1.0,0.995,10.6,11.12,,,,,,,,0,
2026-07-24,677800,wilyer abreu,trey yesavage,TOR@BOS,,,,,3.395,2.605,1.059,0.991,0.9,10.6,11.12,,,,,,,,0,
2026-07-24,572233,christian walker,davis martin,HOU@CWS,,,,,4.44,1.802,1.004,0.996,1.016,10.4,11.01,,,,,,,,0,
2026-07-24,553993,eugenio suárez,dustin may,CIN@STL,,,,,4.115,2.052,0.998,0.999,0.964,10.3,10.95,,,,,,,,1,
2026-07-24,668227,randy arozarena,mackenzie gore,SEA@TEX,,,,,2.796,2.981,1.004,1.0,0.971,10.3,10.95,,,,,,,,0,
2026-07-24,671056,iván herrera,rhett lowder,CIN@STL,,,,,2.576,2.811,0.998,0.999,1.12,10.3,10.95,,,,,,,,0,
2026-07-24,805300,jakob marsee,germán márquez,SD@MIA,,,,,1.658,4.467,0.977,1.0,1.12,10.3,10.95,,,,,,,,0,
2026-07-24,622761,jorge mateo,trevor rogers,ATL@BAL,,,,,3.022,2.613,1.006,0.996,0.999,10.1,10.85,,,,,,,,0,
2026-07-24,666176,jo adell,logan webb,LAA@SF,,,,,3.439,2.422,0.988,0.993,0.956,10.0,10.79,,,,,,,,0,
2026-07-24,663457,lars nootbaar,rhett lowder,CIN@STL,,,,,2.512,2.811,0.989,0.999,1.12,10.0,10.79,,,,,,,,0,
2026-07-24,668715,spencer steer,dustin may,CIN@STL,,,,,3.957,2.052,0.998,0.999,0.964,10.0,10.79,,,,,,,,0,
2026-07-24,681807,david fry,shane mcclanahan,CLE@TB,,,,,3.492,2.203,1.0,1.0,0.995,9.8,10.69,,,,,,,,0,
2026-07-24,500743,miguel rojas,sean manaea,LAD@NYM,,,,,2.37,3.294,0.991,0.981,1.013,9.8,10.69,,,,,,,,0,
2026-07-24,680776,jarren duran,trey yesavage,TOR@BOS,,,,,3.17,2.605,1.044,0.991,0.9,9.8,10.69,,,,,,,,0,
2026-07-24,663586,austin riley,trevor rogers,ATL@BAL,,,,,2.941,2.613,1.005,0.996,0.999,9.8,10.69,,,,,,,,0,
2026-07-24,664761,alec bohm,cam schlittler,NYY@PHI,,,,,3.201,2.603,1.006,0.991,0.9,9.6,10.58,,,,,,,,0,
2026-07-24,686681,michael massey,tarik skubal,KC@DET,,,,,2.731,3.1,0.999,0.986,0.9,9.6,10.58,,,,,,,,0,
2026-07-24,624585,jorge soler,logan webb,LAA@SF,,,,,3.261,2.422,0.988,0.993,0.956,9.5,10.53,,,,,,,,0,
2026-07-24,607208,trea turner,cam schlittler,NYY@PHI,,,,,3.151,2.603,1.008,0.991,0.9,9.4,10.47,,,,,,,,0,
2026-07-24,702332,caleb durbin,trey yesavage,TOR@BOS,,,,,2.941,2.605,1.037,0.991,0.9,9.1,10.31,,,,,,,,0,
2026-07-24,655316,andruw monasterio,trey yesavage,TOR@BOS,,,,,2.902,2.605,1.037,0.991,0.9,9.0,10.26,,,,,,,,0,
2026-07-24,643289,mauricio dubón,trevor rogers,ATL@BAL,,,,,2.626,2.613,1.015,0.996,0.999,8.9,10.2,,,,,,,,0,
2026-07-24,608348,carson kelly,jared jones,CHC@PIT,,,,,2.502,3.068,1.012,0.986,0.9,8.8,10.15,,,,,,,,0,
2026-07-24,663757,trent grisham,jesús luzardo,NYY@PHI,,,,,3.312,2.305,1.013,0.991,0.9,8.8,10.15,,,,,,,,0,
2026-07-24,676609,josé caballero,jesús luzardo,NYY@PHI,,,,,3.188,2.305,1.008,0.991,0.9,8.5,9.99,,,,,,,,0,
2026-07-24,663656,kyle tucker,sean manaea,LAD@NYM,,,,,2.051,3.294,0.99,0.981,1.013,8.5,9.99,,,,,,,,1,
2026-07-24,593428,xander bogaerts,ryan gusto,SD@MIA,,,,,2.472,2.651,0.974,1.0,1.04,8.5,9.99,,,,,,,,0,
2026-07-24,665161,jeremy peña,davis martin,HOU@CWS,,,,,3.569,1.802,1.004,0.996,1.016,8.4,9.94,,,,,,,,0,
2026-07-24,608324,alex bregman,jared jones,CHC@PIT,,,,,2.367,3.068,1.016,0.986,0.9,8.4,9.94,,,,,,,,0,
2026-07-24,514888,josé altuve,davis martin,HOU@CWS,,,,,3.422,1.802,1.004,0.996,1.016,8.1,9.77,,,,,,,,0,
2026-07-24,691176,jasson domínguez,jesús luzardo,NYY@PHI,,,,,3.055,2.305,1.006,0.991,0.9,8.1,9.77,,,,,,,,0,
2026-07-24,664983,jake mccarthy,shane drohan,COL@MIL,,,,,3.019,2.277,0.982,1.0,0.9,7.8,9.61,,,,,,,,0,
2026-07-24,679845,nick loftin,tarik skubal,KC@DET,,,,,2.196,3.1,0.999,0.986,0.9,7.8,9.61,,,,,,,,0,
2026-07-24,686469,vinnie pasquantino,tarik skubal,KC@DET,,,,,2.176,3.1,0.999,0.986,0.9,7.7,9.56,,,,,,,,0,
2026-07-24,663886,tyler stephenson,dustin may,CIN@STL,,,,,2.979,2.052,0.998,0.999,0.964,7.6,9.51,,,,,,,,0,
2026-07-24,678882,ceddanne rafaela,trey yesavage,TOR@BOS,,,,,2.458,2.605,1.037,0.991,0.9,7.6,9.51,,,,,,,,1,
2026-07-24,701358,cam smith,davis martin,HOU@CWS,,,,,3.173,1.802,1.004,0.996,1.016,7.5,9.45,,,,,,,,1,
2026-07-24,630105,jake cronenworth,ryan gusto,SD@MIA,,,,,2.178,2.651,0.97,1.0,1.04,7.5,9.45,,,,,,,,0,
2026-07-24,693304,nick gonzales,matt boyd,CHC@PIT,,,,,1.87,2.897,1.016,0.986,1.052,7.4,9.4,,,,,,,,0,
2026-07-24,686555,isaac collins,tarik skubal,KC@DET,,,,,2.106,3.1,0.973,0.986,0.9,7.3,9.35,,,,,,,,0,
2026-07-24,663743,nick fortes,joey cantillo,CLE@TB,,,,,2.135,2.74,1.0,1.0,0.97,7.3,9.35,,,,,,,,0,
2026-07-24,641355,cody bellinger,jesús luzardo,NYY@PHI,,,,,2.713,2.305,1.006,0.991,0.9,7.2,9.29,,,,,,,,0,
2026-07-24,691720,kyle karros,shane drohan,COL@MIL,,,,,2.739,2.277,0.99,1.0,0.9,7.2,9.29,,,,,,,,0,
2026-07-24,807799,masataka yoshida,trey yesavage,TOR@BOS,,,,,2.254,2.605,1.044,0.991,0.9,7.1,9.24,,,,,,,,0,
2026-07-24,650489,willi castro,shane drohan,COL@MIL,,,,,2.704,2.277,0.99,1.0,0.9,7.1,9.24,,,,,,,,0,
2026-07-24,807712,luke keaschall,jacob lopez,ATH@MIN,,,,,1.538,3.627,1.009,1.016,0.963,7.1,9.24,,,,,,,,0,
2026-07-24,677587,brayan rocchio,shane mcclanahan,CLE@TB,,,,,2.487,2.203,1.0,1.0,0.995,7.0,9.19,,,,,,,,0,
2026-07-24,595978,austin hedges,shane mcclanahan,CLE@TB,,,,,2.466,2.203,1.0,1.0,0.995,7.0,9.19,,,,,,,,1,
2026-07-24,516782,starling marte,tarik skubal,KC@DET,,,,,1.86,3.1,0.979,0.986,0.9,6.5,8.92,,,,,,,,0,
2026-07-24,543877,christian vázquez,davis martin,HOU@CWS,,,,,2.721,1.802,1.004,0.996,1.016,6.4,8.86,,,,,,,,0,
2026-07-24,678662,ezequiel tovar,shane drohan,COL@MIL,,,,,2.454,2.277,0.99,1.0,0.9,6.4,8.86,,,,,,,,0,
2026-07-24,668885,austin martin,jacob lopez,ATH@MIN,,,,,1.395,3.627,0.99,1.016,0.963,6.3,8.81,,,,,,,,0,
2026-07-24,667472,dane myers,dustin may,CIN@STL,,,,,2.448,2.052,0.998,0.999,0.964,6.3,8.81,,,,,,,,0,
2026-07-24,691026,masyn winn,rhett lowder,CIN@STL,,,,,1.526,2.811,0.998,0.999,1.12,6.2,8.76,,,,,,,,0,
2026-07-24,623168,tyler heineman,logan webb,LAA@SF,,,,,2.012,2.422,0.993,0.993,0.956,6.0,8.65,,,,,,,,0,
2026-07-24,663968,jake mangum,matt boyd,CHC@PIT,,,,,1.441,2.897,1.012,0.986,1.052,5.7,8.49,,,,,,,,0,
2026-07-24,657136,connor wong,trey yesavage,TOR@BOS,,,,,1.77,2.605,1.044,0.991,0.9,5.6,8.43,,,,,,,,0,
2026-07-24,810938,ben williamson,joey cantillo,CLE@TB,,,,,1.581,2.74,1.0,1.0,0.97,5.5,8.38,,,,,,,,0,
2026-07-24,669707,jared triolo,matt boyd,CHC@PIT,,,,,1.345,2.897,1.007,0.986,1.052,5.3,8.27,,,,,,,,0,
2026-07-24,663538,nico hoerner,jared jones,CHC@PIT,,,,,1.357,3.068,1.007,0.986,0.9,4.8,8.01,,,,,,,,0,
2026-07-24,671289,tyler freeman,shane drohan,COL@MIL,,,,,1.751,2.277,0.982,1.0,0.9,4.6,7.9,,,,,,,,0,
2026-07-24,683011,anthony volpe,jesús luzardo,NYY@PHI,,,,,1.64,2.305,1.008,0.991,0.9,4.4,7.79,,,,,,,,0,
2026-07-24,683083,nasim nuñez,eduardo rodríguez,AZ@WSH,,,,,1.046,2.644,0.995,0.983,1.09,3.9,7.52,,,,,,,,0,
2026-07-24,687859,troy johnston,shane drohan,COL@MIL,,,,,1.484,2.277,0.97,1.0,0.9,3.9,7.52,,,,,,,,0,
2026-07-25,696100,hunter goodman,robert gasser,COL@MIL,,,,,6.66,4.234,0.99,1.0,0.96,31.1,22.11,,,,,,,,0,
2026-07-25,656941,kyle schwarber,ryan weathers,NYY@PHI,,,,,6.507,3.715,1.006,0.991,1.035,29.3,21.14,,,,,,,,0,
2026-07-25,691406,junior caminero,tanner bibee,CLE@TB,,,,,5.677,3.896,1.0,1.0,1.03,27.0,19.91,,,,,,,,0,
2026-07-25,670042,luke raley,nathan eovaldi,SEA@TEX,,,,,4.722,4.199,1.004,1.0,0.979,23.5,18.03,,,,,,,,0,
2026-07-25,686527,dominic canzone,nathan eovaldi,SEA@TEX,,,,,4.675,4.199,1.004,1.0,0.979,23.3,17.93,,,,,,,,0,
2026-07-25,642715,willy adames,ryan johnson,LAA@SF,,,,,4.11,4.57,0.988,0.993,1.043,23.2,17.87,,,,,,,,0,
2026-07-25,694192,jackson chourio,ryan feltner,COL@MIL,,,,,3.848,4.271,0.99,1.0,1.12,22.1,17.28,,,,,,,,0,
2026-07-25,665052,griffin conine,randy vásquez,SD@MIA,,,,,4.592,3.462,0.977,1.0,1.12,21.2,16.8,,,,,,,,0,
2026-07-25,670541,yordan álvarez,sean burke,HOU@CWS,,,,,6.602,2.88,0.991,0.996,0.924,21.1,16.75,,,,,,,,0,
2026-07-25,547180,bryce harper,ryan weathers,NYY@PHI,,,,,4.434,3.715,1.006,0.991,1.035,20.8,16.59,,,,,,,,0,
2026-07-25,656811,ryan o'hearn,shota imanaga,CHC@PIT,,,,,4.028,4.336,1.014,0.986,0.947,20.2,16.26,,,,,,,,0,
2026-07-25,664034,ty france,eury pérez,SD@MIA,,,,,5.09,3.37,0.97,1.0,0.983,20.0,16.16,,,,,,,,0,
2026-07-25,656537,derek hill,ryan weathers,NYY@PHI,,,,,4.223,3.715,1.008,0.991,1.035,19.9,16.1,,,,,,,,0,
2026-07-25,671218,heliot ramos,ryan johnson,LAA@SF,,,,,3.333,4.57,0.984,0.993,1.043,19.1,15.67,,,,,,,,0,
2026-07-25,668930,brice turang,ryan feltner,COL@MIL,,,,,3.309,4.271,0.97,1.0,1.12,18.9,15.57,,,,,,,,0,
2026-07-25,592518,manny machado,eury pérez,SD@MIA,,,,,4.69,3.37,0.974,1.0,0.983,18.7,15.46,,,,,,,,0,
2026-07-25,695657,colson montgomery,hunter brown,HOU@CWS,,,,,5.246,2.925,1.009,0.996,0.98,18.6,15.41,,,,,,,,0,
2026-07-25,624413,pete alonso,bryce elder,ATL@BAL,,,,,4.303,3.562,1.015,0.996,0.961,18.4,15.3,,,,,,,,0,
2026-07-25,700250,ben rice,tim mayza,NYY@PHI,,,,,6.287,2.582,1.006,0.991,0.916,18.3,15.24,,,,,,,,0,
2026-07-25,677594,julio rodríguez,nathan eovaldi,SEA@TEX,,,,,3.575,4.199,1.006,1.0,0.979,18.2,15.19,,,,,,,,0,
2026-07-25,680779,henry davis,shota imanaga,CHC@PIT,,,,,3.589,4.336,1.012,0.986,0.947,18.2,15.19,,,,,,,,0,
2026-07-25,621566,matt olson,brandon young,ATL@BAL,,,,,5.358,2.518,1.015,0.996,0.999,16.9,14.49,,,,,,,,0,
2026-07-25,672960,kazuma okamoto,sonny gray,TOR@BOS,,,,,5.019,2.795,1.044,0.991,0.933,16.8,14.44,,,,,,,,0,
2026-07-25,656775,cedric mullins,tanner bibee,CLE@TB,,,,,3.354,3.896,1.0,1.0,1.03,16.7,14.39,,,,,,,,0,
2026-07-25,663728,cal raleigh,nathan eovaldi,SEA@TEX,,,,,3.186,4.199,1.006,1.0,0.979,16.4,14.23,,,,,,,,0,
2026-07-25,669065,kyle stowers,randy vásquez,SD@MIA,,,,,3.443,3.462,0.977,1.0,1.12,16.2,14.12,,,,,,,,0,
2026-07-25,681481,kerry carpenter,michael wacha,KC@DET,,,,,4.465,2.973,0.999,0.986,0.996,16.2,14.12,,,,,,,,0,
2026-07-25,650490,yandy díaz,tanner bibee,CLE@TB,,,,,3.177,3.896,1.0,1.0,1.03,15.9,13.96,,,,,,,,0,
2026-07-25,678246,miguel vargas,hunter brown,HOU@CWS,,,,,4.41,2.925,1.004,0.996,0.98,15.8,13.9,,,,,,,,0,
2026-07-25,606466,ketel marte,foster griffin,AZ@WSH,,,,,3.896,3.471,0.992,0.983,0.962,15.8,13.9,,,,,,,,0,
2026-07-25,668804,bryan reynolds,shota imanaga,CHC@PIT,,,,,3.089,4.336,1.007,0.986,0.947,15.7,13.85,,,,,,,,0,
2026-07-25,686948,drake baldwin,brandon young,ATL@BAL,,,,,4.968,2.518,0.999,0.996,0.999,15.5,13.74,,,,,,,,0,
2026-07-25,542303,marcell ozuna,shota imanaga,CHC@PIT,,,,,3.023,4.336,1.007,0.986,0.947,15.4,13.69,,,,,,,,0,
2026-07-25,657757,gavin sheets,eury pérez,SD@MIA,,,,,3.774,3.37,0.977,1.0,0.983,15.3,13.64,,,,,,,,0,
2026-07-25,661388,william contreras,ryan feltner,COL@MIL,,,,,2.575,4.271,0.99,1.0,1.12,15.3,13.64,,,,,,,,0,
2026-07-25,664761,alec bohm,ryan weathers,NYY@PHI,,,,,3.175,3.715,1.006,0.991,1.035,15.2,13.58,,,,,,,,0,
2026-07-25,683002,gunnar henderson,bryce elder,ATL@BAL,,,,,3.49,3.562,1.015,0.996,0.961,15.1,13.53,,,,,,,,1,
2026-07-25,607208,trea turner,ryan weathers,NYY@PHI,,,,,3.127,3.715,1.008,0.991,1.035,15.0,13.48,,,,,,,,0,
2026-07-25,664983,jake mccarthy,robert gasser,COL@MIL,,,,,2.984,4.234,0.982,1.0,0.96,14.9,13.42,,,,,,,,0,
2026-07-25,592885,christian yelich,ryan feltner,COL@MIL,,,,,2.511,4.271,0.982,1.0,1.12,14.8,13.37,,,,,,,,0,
2026-07-25,572233,christian walker,sean burke,HOU@CWS,,,,,4.397,2.88,1.004,0.996,0.924,14.7,13.31,,,,,,,,0,
2026-07-25,668227,randy arozarena,nathan eovaldi,SEA@TEX,,,,,2.768,4.199,1.004,1.0,0.979,14.3,13.1,,,,,,,,0,
2026-07-25,624641,edmundo sosa,ryan weathers,NYY@PHI,,,,,2.939,3.715,1.008,0.991,1.035,14.2,13.05,,,,,,,,0,
2026-07-25,671739,michael harris,brandon young,ATL@BAL,,,,,4.416,2.518,1.015,0.996,0.999,14.1,12.99,,,,,,,,0,
2026-07-25,682998,corbin carroll,foster griffin,AZ@WSH,,,,,3.4,3.471,1.001,0.983,0.962,14.1,12.99,,,,,,,,0,
2026-07-25,666176,jo adell,robbie ray,LAA@SF,,,,,3.412,3.18,0.988,0.993,1.044,14.0,12.94,,,,,,,,0,
2026-07-25,668709,jj bleday,andre pallante,CIN@STL,,,,,4.78,2.458,0.995,0.999,0.945,13.9,12.89,,,,,,,,0,
2026-07-25,691720,kyle karros,robert gasser,COL@MIL,,,,,2.708,4.234,0.99,1.0,0.96,13.7,12.78,,,,,,,,0,
2026-07-25,682657,angel martínez,nick martínez,CLE@TB,,,,,4.005,2.595,1.0,1.0,1.041,13.6,12.72,,,,,,,,0,
2026-07-25,641933,tyler o'neill,bryce elder,ATL@BAL,,,,,3.139,3.562,1.006,0.996,0.961,13.6,12.72,,,,,,,,0,
2026-07-25,682626,francisco álvarez,yoshinobu yamamoto,LAD@NYM,,,,,4.231,2.913,0.99,0.981,0.9,13.6,12.72,,,,,,,,0,
2026-07-25,650489,willi castro,robert gasser,COL@MIL,,,,,2.679,4.234,0.99,1.0,0.96,13.6,12.72,,,,,,,,0,
2026-07-25,702616,jackson holliday,bryce elder,ATL@BAL,,,,,3.052,3.562,1.015,0.996,0.961,13.3,12.56,,,,,,,,0,
2026-07-25,624585,jorge soler,robbie ray,LAA@SF,,,,,3.223,3.18,0.988,0.993,1.044,13.2,12.51,,,,,,,,0,
2026-07-25,701538,jackson merrill,eury pérez,SD@MIA,,,,,3.241,3.37,0.977,1.0,0.983,13.2,12.51,,,,,,,,0,
2026-07-25,571970,max muncy,nolan mclean,LAD@NYM,,,,,4.948,2.359,0.989,0.981,0.904,12.9,12.35,,,,,,,,0,
2026-07-25,701398,sal stewart,andre pallante,CIN@STL,,,,,4.364,2.458,0.998,0.999,0.945,12.8,12.3,,,,,,,,0,
2026-07-25,694374,tim tawa,foster griffin,AZ@WSH,,,,,3.079,3.471,0.992,0.983,0.962,12.7,12.24,,,,,,,,0,
2026-07-25,672356,gabriel arias,nick martínez,CLE@TB,,,,,3.717,2.595,1.0,1.0,1.041,12.7,12.24,,,,,,,,0,
2026-07-25,553993,eugenio suárez,andre pallante,CIN@STL,,,,,4.306,2.458,0.998,0.999,0.945,12.6,12.19,,,,,,,,0,
2026-07-25,678662,ezequiel tovar,robert gasser,COL@MIL,,,,,2.432,4.234,0.99,1.0,0.96,12.4,12.08,,,,,,,,0,
2026-07-25,682829,elly de la cruz,andre pallante,CIN@STL,,,,,4.198,2.458,0.998,0.999,0.945,12.3,12.03,,,,,,,,0,
2026-07-25,682985,riley greene,michael wacha,KC@DET,,,,,3.381,2.973,0.983,0.986,0.996,12.3,12.03,,,,,,,,0,
2026-07-25,660271,shohei ohtani,nolan mclean,LAD@NYM,,,,,4.597,2.359,0.99,0.981,0.904,12.1,11.92,,,,,,,,0,
2026-07-25,665161,jeremy peña,sean burke,HOU@CWS,,,,,3.508,2.88,1.004,0.996,0.924,11.8,11.76,,,,,,,,0,
2026-07-25,575929,willson contreras,dylan cease,TOR@BOS,,,,,5.0,2.011,1.037,0.991,0.9,11.8,11.76,,,,,,,,0,
2026-07-25,665862,jazz chisholm,tim mayza,NYY@PHI,,,,,3.94,2.582,1.006,0.991,0.916,11.8,11.76,,,,,,,,0,
2026-07-25,643217,andrew benintendi,hunter brown,HOU@CWS,,,,,3.171,2.925,0.999,0.996,0.98,11.5,11.6,,,,,,,,0,
2026-07-25,514888,josé altuve,sean burke,HOU@CWS,,,,,3.383,2.88,1.004,0.996,0.924,11.4,11.54,,,,,,,,0,
2026-07-25,664023,ian happ,paul skenes,CHC@PIT,,,,,3.952,2.532,1.007,0.986,0.9,11.4,11.54,,,,,,,,0,
2026-07-25,701358,cam smith,sean burke,HOU@CWS,,,,,3.34,2.88,1.004,0.996,0.924,11.3,11.49,,,,,,,,0,
2026-07-25,700932,kyle manzardo,nick martínez,CLE@TB,,,,,3.259,2.595,1.0,1.0,1.041,11.2,11.44,,,,,,,,0,
2026-07-25,621020,dansby swanson,paul skenes,CHC@PIT,,,,,3.901,2.532,1.007,0.986,0.9,11.2,11.44,,,,,,,,0,
2026-07-25,666152,david hamilton,ryan feltner,COL@MIL,,,,,1.856,4.271,0.982,1.0,1.12,11.1,11.38,,,,,,,,0,
2026-07-25,645277,ozzie albies,brandon young,ATL@BAL,,,,,3.468,2.518,1.006,0.996,0.999,11.1,11.38,,,,,,,,1,
2026-07-25,672640,otto lopez,randy vásquez,SD@MIA,,,,,2.292,3.462,0.974,1.0,1.12,11.0,11.33,,,,,,,,0,
2026-07-25,673357,luis robert,yoshinobu yamamoto,LAD@NYM,,,,,3.333,2.913,0.991,0.981,0.9,10.8,11.22,,,,,,,,0,
2026-07-25,605141,mookie betts,nolan mclean,LAD@NYM,,,,,4.093,2.359,0.991,0.981,0.904,10.8,11.22,,,,,,,,0,
2026-07-25,668670,jake rogers,michael wacha,KC@DET,,,,,2.938,2.973,0.979,0.986,0.996,10.7,11.17,,,,,,,,0,
2026-07-25,680700,richie palacios,tanner bibee,CLE@TB,,,,,2.098,3.896,1.0,1.0,1.03,10.7,11.17,,,,,,,,0,
2026-07-25,682622,noelvi marte,andre pallante,CIN@STL,,,,,3.646,2.458,0.994,0.999,0.945,10.7,11.17,,,,,,,,0,
2026-07-25,690993,colt keith,michael wacha,KC@DET,,,,,2.839,2.973,0.999,0.986,0.996,10.6,11.12,,,,,,,,0,
2026-07-25,543807,george springer,sonny gray,TOR@BOS,,,,,3.099,2.795,1.037,0.991,0.933,10.6,11.12,,,,,,,,1,
2026-07-25,673237,yainer diaz,sean burke,HOU@CWS,,,,,3.119,2.88,0.997,0.996,0.924,10.5,11.06,,,,,,,,0,
2026-07-25,593428,xander bogaerts,eury pérez,SD@MIA,,,,,2.451,3.37,0.974,1.0,0.983,10.1,10.85,,,,,,,,0,
2026-07-25,663757,trent grisham,tim mayza,NYY@PHI,,,,,3.288,2.582,1.013,0.991,0.916,10.0,10.79,,,,,,,,0,
2026-07-25,693304,nick gonzales,shota imanaga,CHC@PIT,,,,,1.851,4.336,1.016,0.986,0.947,9.7,10.63,,,,,,,,0,
2026-07-25,543760,marcus semien,yoshinobu yamamoto,LAD@NYM,,,,,2.978,2.913,0.991,0.981,0.9,9.7,10.63,,,,,,,,0,
2026-07-25,676609,josé caballero,tim mayza,NYY@PHI,,,,,3.164,2.582,1.008,0.991,0.916,9.6,10.58,,,,,,,,0,
2026-07-25,666023,freddy fermin,eury pérez,SD@MIA,,,,,2.294,3.37,0.97,1.0,0.983,9.5,10.53,,,,,,,,0,
2026-07-25,663586,austin riley,brandon young,ATL@BAL,,,,,2.918,2.518,1.005,0.996,0.999,9.4,10.47,,,,,,,,0,
2026-07-25,677649,ezequiel duran,bryan woo,SEA@TEX,,,,,2.89,2.771,1.006,1.0,0.912,9.4,10.47,,,,,,,,0,
2026-07-25,694497,evan carter,bryan woo,SEA@TEX,,,,,2.903,2.771,1.004,1.0,0.912,9.4,10.47,,,,,,,,0,
2026-07-25,642086,dominic smith,brandon young,ATL@BAL,,,,,2.915,2.518,1.002,0.996,0.999,9.4,10.47,,,,,,,,0,
2026-07-25,695506,jac caglianone,casey mize,KC@DET,,,,,4.037,2.043,0.999,0.986,0.9,9.4,10.47,,,,,,,,0,
2026-07-25,672275,patrick bailey,nick martínez,CLE@TB,,,,,2.612,2.595,1.0,1.0,1.041,9.1,10.31,,,,,,,,0,
2026-07-25,691176,jasson domínguez,tim mayza,NYY@PHI,,,,,3.0,2.582,1.006,0.991,0.916,9.1,10.31,,,,,,,,1,
2026-07-25,681351,logan o'hoppe,robbie ray,LAA@SF,,,,,2.109,3.18,0.993,0.993,1.044,8.9,10.2,,,,,,,,0,
2026-07-25,671289,tyler freeman,robert gasser,COL@MIL,,,,,1.74,4.234,0.982,1.0,0.96,8.9,10.2,,,,,,,,0,
2026-07-25,518692,freddie freeman,nolan mclean,LAD@NYM,,,,,3.351,2.359,0.99,0.981,0.904,8.9,10.2,,,,,,,,0,
2026-07-25,663886,tyler stephenson,andre pallante,CIN@STL,,,,,2.947,2.458,0.998,0.999,0.945,8.8,10.15,,,,,,,,0,
2026-07-25,630105,jake cronenworth,eury pérez,SD@MIA,,,,,2.14,3.37,0.97,1.0,0.983,8.8,10.15,,,,,,,,0,
2026-07-25,650402,gleyber torres,michael wacha,KC@DET,,,,,2.354,2.973,0.979,0.986,0.996,8.7,10.1,,,,,,,,0,
2026-07-25,677587,brayan rocchio,nick martínez,CLE@TB,,,,,2.466,2.595,1.0,1.0,1.041,8.6,10.04,,,,,,,,0,
2026-07-25,643289,mauricio dubón,brandon young,ATL@BAL,,,,,2.599,2.518,1.015,0.996,0.999,8.5,9.99,,,,,,,,0,
2026-07-25,669224,austin wells,tim mayza,NYY@PHI,,,,,2.771,2.582,1.013,0.991,0.916,8.5,9.99,,,,,,,,1,
2026-07-25,669364,xavier edwards,randy vásquez,SD@MIA,,,,,1.738,3.462,0.977,1.0,1.12,8.5,9.99,,,,,,,,0,
2026-07-25,691594,javier sanoja,randy vásquez,SD@MIA,,,,,1.713,3.462,0.974,1.0,1.12,8.3,9.88,,,,,,,,0,
2026-07-25,664770,nathan lukes,sonny gray,TOR@BOS,,,,,2.41,2.795,1.037,0.991,0.933,8.3,9.88,,,,,,,,0,
2026-07-25,665926,andrés giménez,sonny gray,TOR@BOS,,,,,2.377,2.795,1.044,0.991,0.933,8.3,9.88,,,,,,,,0,
2026-07-25,695600,carter jensen,casey mize,KC@DET,,,,,3.519,2.043,0.999,0.986,0.9,8.2,9.83,,,,,,,,0,
2026-07-25,641355,cody bellinger,tim mayza,NYY@PHI,,,,,2.692,2.582,1.006,0.991,0.916,8.2,9.83,,,,,,,,0,
2026-07-25,677800,wilyer abreu,dylan cease,TOR@BOS,,,,,3.363,2.011,1.059,0.991,0.9,8.2,9.83,,,,,,,,0,
2026-07-25,663837,matt vierling,michael wacha,KC@DET,,,,,2.164,2.973,0.999,0.986,0.996,8.1,9.77,,,,,,,,0,
2026-07-25,662139,daulton varsho,sonny gray,TOR@BOS,,,,,2.357,2.795,1.037,0.991,0.933,8.1,9.77,,,,,,,,0,
2026-07-25,810938,ben williamson,tanner bibee,CLE@TB,,,,,1.557,3.896,1.0,1.0,1.03,8.1,9.77,,,,,,,,0,
2026-07-25,666182,bo bichette,yoshinobu yamamoto,LAD@NYM,,,,,2.429,2.913,0.991,0.981,0.9,8.0,9.72,,,,,,,,0,
2026-07-25,805300,jakob marsee,randy vásquez,SD@MIA,,,,,1.647,3.462,0.977,1.0,1.12,8.0,9.72,,,,,,,,0,
2026-07-25,606192,teoscar hernández,nolan mclean,LAD@NYM,,,,,2.969,2.359,0.991,0.981,0.904,7.9,9.67,,,,,,,,0,
2026-07-25,521692,salvador pérez,casey mize,KC@DET,,,,,3.339,2.043,0.979,0.986,0.9,7.7,9.56,,,,,,,,1,
2026-07-25,680776,jarren duran,dylan cease,TOR@BOS,,,,,3.145,2.011,1.044,0.991,0.9,7.6,9.51,,,,,,,,0,
2026-07-25,663968,jake mangum,shota imanaga,CHC@PIT,,,,,1.421,4.336,1.012,0.986,0.947,7.5,9.45,,,,,,,,0,
2026-07-25,656716,zach mckinstry,michael wacha,KC@DET,,,,,1.954,2.973,0.999,0.986,0.996,7.4,9.4,,,,,,,,0,
2026-07-25,593871,jorge polanco,yoshinobu yamamoto,LAD@NYM,,,,,2.206,2.913,0.99,0.981,0.9,7.3,9.35,,,,,,,,0,
2026-07-25,702332,caleb durbin,dylan cease,TOR@BOS,,,,,2.915,2.011,1.037,0.991,0.9,7.0,9.19,,,,,,,,0,
2026-07-25,669707,jared triolo,shota imanaga,CHC@PIT,,,,,1.327,4.336,1.007,0.986,0.947,7.0,9.19,,,,,,,,0,
2026-07-25,657041,lane thomas,casey mize,KC@DET,,,,,3.002,2.043,0.999,0.986,0.9,7.0,9.19,,,,,,,,0,
2026-07-25,608324,alex bregman,paul skenes,CHC@PIT,,,,,2.35,2.532,1.016,0.986,0.9,6.9,9.13,,,,,,,,0,
2026-07-25,665804,miguel amaya,paul skenes,CHC@PIT,,,,,2.35,2.532,1.007,0.986,0.9,6.9,9.13,,,,,,,,0,
2026-07-25,683146,brett baty,yoshinobu yamamoto,LAD@NYM,,,,,2.095,2.913,0.99,0.981,0.9,6.9,9.13,,,,,,,,0,
2026-07-25,655316,andruw monasterio,dylan cease,TOR@BOS,,,,,2.861,2.011,1.037,0.991,0.9,6.9,9.13,,,,,,,,0,
2026-07-25,650859,luis rengifo,eury pérez,SD@MIA,,,,,1.61,3.37,0.974,1.0,0.983,6.7,9.02,,,,,,,,0,
2026-07-25,663647,ke'bryan hayes,andre pallante,CIN@STL,,,,,2.142,2.458,0.994,0.999,0.945,6.4,8.86,,,,,,,,0,
2026-07-25,686681,michael massey,casey mize,KC@DET,,,,,2.708,2.043,0.999,0.986,0.9,6.4,8.86,,,,,,,,0,
2026-07-25,665489,vladimir guerrero,sonny gray,TOR@BOS,,,,,1.793,2.795,1.044,0.991,0.933,6.3,8.81,,,,,,,,0,
2026-07-25,678882,ceddanne rafaela,dylan cease,TOR@BOS,,,,,2.624,2.011,1.037,0.991,0.9,6.3,8.81,,,,,,,,0,
2026-07-25,663656,kyle tucker,nolan mclean,LAD@NYM,,,,,2.224,2.359,0.99,0.981,0.904,6.0,8.65,,,,,,,,1,
2026-07-25,807799,masataka yoshida,dylan cease,TOR@BOS,,,,,2.225,2.011,1.044,0.991,0.9,5.4,8.33,,,,,,,,0,
2026-07-25,679845,nick loftin,casey mize,KC@DET,,,,,2.169,2.043,0.999,0.986,0.9,5.1,8.17,,,,,,,,1,
2026-07-25,686469,vinnie pasquantino,casey mize,KC@DET,,,,,2.155,2.043,0.999,0.986,0.9,5.1,8.17,,,,,,,,0,
2026-07-25,686555,isaac collins,casey mize,KC@DET,,,,,2.09,2.043,0.973,0.986,0.9,4.8,8.01,,,,,,,,0,
2026-07-25,657136,connor wong,dylan cease,TOR@BOS,,,,,1.747,2.011,1.044,0.991,0.9,4.3,7.74,,,,,,,,0,
2026-07-25,663538,nico hoerner,paul skenes,CHC@PIT,,,,,1.346,2.532,1.007,0.986,0.9,4.0,7.58,,,,,,,,0,
2026-07-26,621439,byron buxton,jeffrey springs,ATH@MIN,,,,,6.038,5.266,1.009,1.016,1.058,38.7,26.18,,,,,,,,0,
2026-07-26,664040,brandon lowe,jameson taillon,CHC@PIT,,,,,4.503,5.808,1.016,0.986,1.12,33.8,23.56,,,,,,,,0,
2026-07-26,656811,ryan o'hearn,jameson taillon,CHC@PIT,,,,,4.0,5.808,1.014,0.986,1.12,30.5,21.79,,,,,,,,1,
2026-07-26,665019,kody clemens,jeffrey springs,ATH@MIN,,,,,4.47,5.266,1.009,1.016,1.058,30.0,21.52,,,,,,,,0,
2026-07-26,670541,yordan álvarez,erick fedde,HOU@CWS,,,,,6.553,3.705,0.991,0.996,1.037,29.3,21.14,,,,,,,,0,
2026-07-26,680777,ryan jeffers,jeffrey springs,ATH@MIN,,,,,4.212,5.266,0.99,1.016,1.058,28.0,20.45,,,,,,,,0,
2026-07-26,656941,kyle schwarber,will warren,NYY@PHI,,,,,6.458,3.19,1.006,0.991,1.031,25.4,19.05,,,,,,,,0,
2026-07-26,668804,bryan reynolds,jameson taillon,CHC@PIT,,,,,3.069,5.808,1.007,0.986,1.12,24.0,18.3,,,,,,,,0,
2026-07-26,686797,brooks lee,jeffrey springs,ATH@MIN,,,,,3.538,5.266,0.99,1.016,1.058,24.0,18.3,,,,,,,,0,
2026-07-26,668904,royce lewis,jeffrey springs,ATH@MIN,,,,,3.336,5.266,0.99,1.016,1.058,22.7,17.6,,,,,,,,0,
2026-07-26,606466,ketel marte,miles mikolas,AZ@WSH,,,,,3.864,4.507,0.992,0.983,1.088,22.5,17.5,,,,,,,,1,
2026-07-26,694192,jackson chourio,kyle freeland,COL@MIL,,,,,3.799,4.241,0.99,1.0,1.12,21.8,17.12,,,,,,,,0,
2026-07-26,596142,gary sánchez,kyle freeland,COL@MIL,,,,,3.829,4.241,0.974,1.0,1.12,21.7,17.07,,,,,,,,0,
2026-07-26,664034,ty france,janson junk,SD@MIA,,,,,5.033,3.497,0.97,1.0,1.001,21.0,16.69,,,,,,,,0,
2026-07-26,682998,corbin carroll,miles mikolas,AZ@WSH,,,,,3.372,4.507,1.001,0.983,1.088,20.0,16.16,,,,,,,,0,
2026-07-26,592518,manny machado,janson junk,SD@MIA,,,,,4.644,3.497,0.974,1.0,1.001,19.5,15.89,,,,,,,,1,
2026-07-26,691023,jordan walker,andrew abbott,CIN@STL,,,,,4.635,3.264,0.998,0.999,1.042,19.4,15.83,,,,,,,,0,
2026-07-26,624413,pete alonso,reynaldo lópez,ATL@BAL,,,,,4.27,3.372,1.015,0.996,1.069,19.2,15.73,,,,,,,,1,
2026-07-26,670042,luke raley,jacob degrom,SEA@TEX,,,,,4.693,3.57,1.004,1.0,0.919,19.1,15.67,,,,,,,,0,
2026-07-26,571970,max muncy,freddy peralta,LAD@NYM,,,,,4.902,3.364,0.989,0.981,0.959,19.0,15.62,,,,,,,,0,
2026-07-26,575929,willson contreras,kevin gausman,TOR@BOS,,,,,4.967,3.053,1.037,0.991,0.979,18.9,15.57,,,,,,,,0,
2026-07-26,686527,dominic canzone,jacob degrom,SEA@TEX,,,,,4.624,3.57,1.004,1.0,0.919,18.9,15.57,,,,,,,,1,
2026-07-26,668930,brice turang,kyle freeland,COL@MIL,,,,,3.283,4.241,0.97,1.0,1.12,18.7,15.46,,,,,,,,0,
2026-07-26,694374,tim tawa,miles mikolas,AZ@WSH,,,,,3.035,4.507,0.992,0.983,1.088,18.0,15.08,,,,,,,,0,
2026-07-26,547180,bryce harper,will warren,NYY@PHI,,,,,4.399,3.19,1.006,0.991,1.031,17.9,15.03,,,,,,,,0,
2026-07-26,660271,shohei ohtani,freddy peralta,LAD@NYM,,,,,4.553,3.364,0.99,0.981,0.959,17.7,14.92,,,,,,,,0,
2026-07-26,680728,adrian del castillo,miles mikolas,AZ@WSH,,,,,2.922,4.507,0.998,0.983,1.088,17.5,14.82,,,,,,,,0,
2026-07-26,696100,hunter goodman,jacob misiorowski,COL@MIL,,,,,6.606,2.309,0.99,1.0,0.9,17.0,14.55,,,,,,,,0,
2026-07-26,668709,jj bleday,kyle leahy,CIN@STL,,,,,4.732,2.612,0.995,0.999,1.102,16.9,14.49,,,,,,,,0,
2026-07-26,683002,gunnar henderson,reynaldo lópez,ATL@BAL,,,,,3.631,3.372,1.015,0.996,1.069,16.6,14.33,,,,,,,,0,
2026-07-26,665161,jeremy peña,erick fedde,HOU@CWS,,,,,3.464,3.705,1.004,0.996,1.037,16.6,14.33,,,,,,,,1,
2026-07-26,700250,ben rice,cristopher sánchez,NYY@PHI,,,,,6.237,2.371,1.006,0.991,0.9,16.6,14.33,,,,,,,,1,
2026-07-26,665052,griffin conine,walker buehler,SD@MIA,,,,,4.525,2.954,0.977,1.0,1.019,16.6,14.33,,,,,,,,0,
2026-07-26,624424,michael conforto,braxton ashcraft,CHC@PIT,,,,,4.298,3.264,1.014,0.986,0.924,16.2,14.12,,,,,,,,0,
2026-07-26,514888,josé altuve,erick fedde,HOU@CWS,,,,,3.35,3.705,1.004,0.996,1.037,16.1,14.06,,,,,,,,0,
2026-07-26,657757,gavin sheets,janson junk,SD@MIA,,,,,3.746,3.497,0.977,1.0,1.001,16.1,14.06,,,,,,,,0,
2026-07-26,691406,junior caminero,parker messick,CLE@TB,,,,,5.634,2.528,1.0,1.0,0.9,16.1,14.06,,,,,,,,0,
2026-07-26,701762,nick kurtz,connor prielipp,ATH@MIN,,,,,4.401,2.831,1.009,1.016,1.004,16.1,14.06,,,,,,,,1,
2026-07-26,605141,mookie betts,freddy peralta,LAD@NYM,,,,,4.048,3.364,0.991,0.981,0.959,15.9,13.96,,,,,,,,0,
2026-07-26,701358,cam smith,erick fedde,HOU@CWS,,,,,3.309,3.705,1.004,0.996,1.037,15.9,13.96,,,,,,,,0,
2026-07-26,693307,dillon dingler,luinder avila,KC@DET,,,,,4.977,2.488,0.979,0.986,1.057,15.8,13.9,,,,,,,,0,
2026-07-26,669394,jake burger,logan gilbert,SEA@TEX,,,,,4.153,3.141,1.006,1.0,0.946,15.6,13.8,,,,,,,,0,
2026-07-26,553993,eugenio suárez,kyle leahy,CIN@STL,,,,,4.26,2.612,0.998,0.999,1.102,15.4,13.69,,,,,,,,0,
2026-07-26,663993,nathaniel lowe,kyle leahy,CIN@STL,,,,,4.284,2.612,0.998,0.999,1.102,15.4,13.69,,,,,,,,0,
2026-07-26,661388,william contreras,kyle freeland,COL@MIL,,,,,2.552,4.241,0.99,1.0,1.12,15.1,13.53,,,,,,,,0,
2026-07-26,682829,elly de la cruz,kyle leahy,CIN@STL,,,,,4.161,2.612,0.998,0.999,1.102,15.0,13.48,,,,,,,,1,
2026-07-26,693304,nick gonzales,jameson taillon,CHC@PIT,,,,,1.833,5.808,1.016,0.986,1.12,15.0,13.48,,,,,,,,0,
2026-07-26,673237,yainer diaz,erick fedde,HOU@CWS,,,,,3.073,3.705,0.997,0.996,1.037,14.8,13.37,,,,,,,,0,
2026-07-26,664023,ian happ,braxton ashcraft,CHC@PIT,,,,,3.92,3.264,1.007,0.986,0.924,14.8,13.37,,,,,,,,0,
2026-07-26,677594,julio rodríguez,jacob degrom,SEA@TEX,,,,,3.544,3.57,1.006,1.0,0.919,14.7,13.31,,,,,,,,0,
2026-07-26,621020,dansby swanson,braxton ashcraft,CHC@PIT,,,,,3.859,3.264,1.007,0.986,0.924,14.6,13.26,,,,,,,,0,
2026-07-26,681481,kerry carpenter,luinder avila,KC@DET,,,,,4.424,2.488,0.999,0.986,1.057,14.5,13.21,,,,,,,,0,
2026-07-26,681297,colton cowser,reynaldo lópez,ATL@BAL,,,,,3.14,3.372,1.015,0.996,1.069,14.4,13.15,,,,,,,,0,
2026-07-26,691016,tyler soderstrom,connor prielipp,ATH@MIN,,,,,3.92,2.831,1.009,1.016,1.004,14.4,13.15,,,,,,,,0,
2026-07-26,641680,jonah heim,connor prielipp,ATH@MIN,,,,,3.877,2.831,1.009,1.016,1.004,14.3,13.1,,,,,,,,0,
2026-07-26,668715,spencer steer,kyle leahy,CIN@STL,,,,,3.92,2.612,0.998,0.999,1.102,14.2,13.05,,,,,,,,0,
2026-07-26,621566,matt olson,shane baz,ATL@BAL,,,,,5.317,2.07,1.015,0.996,1.007,14.2,13.05,,,,,,,,0,
2026-07-26,701538,jackson merrill,janson junk,SD@MIA,,,,,3.214,3.497,0.977,1.0,1.001,13.9,12.89,,,,,,,,1,
2026-07-26,702616,jackson holliday,reynaldo lópez,ATL@BAL,,,,,3.003,3.372,1.015,0.996,1.069,13.9,12.89,,,,,,,,0,
2026-07-26,679529,spencer torkelson,luinder avila,KC@DET,,,,,4.328,2.488,0.979,0.986,1.057,13.9,12.89,,,,,,,,0,
2026-07-26,666160,mickey moniak,jacob misiorowski,COL@MIL,,,,,5.304,2.309,0.97,1.0,0.9,13.5,12.67,,,,,,,,0,
2026-07-26,642715,willy adames,josé soriano,LAA@SF,,,,,4.075,2.585,0.988,0.993,1.019,13.4,12.62,,,,,,,,0,
2026-07-26,687401,joey ortiz,kyle freeland,COL@MIL,,,,,2.248,4.241,0.99,1.0,1.12,13.4,12.62,,,,,,,,0,
2026-07-26,682657,angel martínez,drew rasmussen,CLE@TB,,,,,3.957,2.938,1.0,1.0,0.9,13.3,12.56,,,,,,,,0,
2026-07-26,677800,wilyer abreu,kevin gausman,TOR@BOS,,,,,3.336,3.053,1.059,0.991,0.979,13.3,12.56,,,,,,,,0,
2026-07-26,663728,cal raleigh,jacob degrom,SEA@TEX,,,,,3.159,3.57,1.006,1.0,0.919,13.2,12.51,,,,,,,,0,
2026-07-26,518692,freddie freeman,freddy peralta,LAD@NYM,,,,,3.324,3.364,0.99,0.981,0.959,13.2,12.51,,,,,,,,0,
2026-07-26,664761,alec bohm,will warren,NYY@PHI,,,,,3.147,3.19,1.006,0.991,1.031,13.1,12.46,,,,,,,,0,
2026-07-26,682622,noelvi marte,kyle leahy,CIN@STL,,,,,3.585,2.612,0.994,0.999,1.102,13.0,12.4,,,,,,,,0,
2026-07-26,686948,drake baldwin,shane baz,ATL@BAL,,,,,4.923,2.07,0.999,0.996,1.007,13.0,12.4,,,,,,,,0,
2026-07-26,607208,trea turner,will warren,NYY@PHI,,,,,3.102,3.19,1.008,0.991,1.031,12.9,12.35,,,,,,,,0,
2026-07-26,666211,taylor trammell,erick fedde,HOU@CWS,,,,,2.63,3.705,1.009,0.996,1.037,12.9,12.35,,,,,,,,1,
2026-07-26,683734,andrew vaughn,kyle freeland,COL@MIL,,,,,2.155,4.241,0.98,1.0,1.12,12.7,12.24,,,,,,,,1,
2026-07-26,669065,kyle stowers,walker buehler,SD@MIA,,,,,3.408,2.954,0.977,1.0,1.019,12.7,12.24,,,,,,,,1,
2026-07-26,695506,jac caglianone,framber valdez,KC@DET,,,,,4.0,2.48,0.999,0.986,1.01,12.6,12.19,,,,,,,,0,
2026-07-26,680776,jarren duran,kevin gausman,TOR@BOS,,,,,3.123,3.053,1.044,0.991,0.979,12.3,12.03,,,,,,,,0,
2026-07-26,687515,colby thomas,connor prielipp,ATH@MIN,,,,,3.353,2.831,0.99,1.016,1.004,12.2,11.97,,,,,,,,0,
2026-07-26,666182,bo bichette,emmet sheehan,LAD@NYM,,,,,2.404,4.114,0.991,0.981,0.965,11.8,11.76,,,,,,,,0,
2026-07-26,671739,michael harris,shane baz,ATL@BAL,,,,,4.378,2.07,1.015,0.996,1.007,11.8,11.76,,,,,,,,0,
2026-07-26,606192,teoscar hernández,freddy peralta,LAD@NYM,,,,,2.934,3.364,0.991,0.981,0.959,11.7,11.71,,,,,,,,0,
2026-07-26,686780,pedro pagés,andrew abbott,CIN@STL,,,,,2.694,3.264,0.998,0.999,1.042,11.7,11.71,,,,,,,,0,
2026-07-26,668227,randy arozarena,jacob degrom,SEA@TEX,,,,,2.744,3.57,1.004,1.0,0.919,11.6,11.65,,,,,,,,1,
2026-07-26,663968,jake mangum,jameson taillon,CHC@PIT,,,,,1.402,5.808,1.012,0.986,1.12,11.6,11.65,,,,,,,,0,
2026-07-26,702332,caleb durbin,kevin gausman,TOR@BOS,,,,,2.886,3.053,1.037,0.991,0.979,11.3,11.49,,,,,,,,0,
2026-07-26,655316,andruw monasterio,kevin gausman,TOR@BOS,,,,,2.827,3.053,1.037,0.991,0.979,11.1,11.38,,,,,,,,0,
2026-07-26,807712,luke keaschall,jeffrey springs,ATH@MIN,,,,,1.521,5.266,1.009,1.016,1.058,11.1,11.38,,,,,,,,0,
2026-07-26,694497,evan carter,logan gilbert,SEA@TEX,,,,,2.87,3.141,1.004,1.0,0.946,11.0,11.33,,,,,,,,0,
2026-07-26,671056,iván herrera,andrew abbott,CIN@STL,,,,,2.535,3.264,0.998,0.999,1.042,11.0,11.33,,,,,,,,1,
2026-07-26,677649,ezequiel duran,logan gilbert,SEA@TEX,,,,,2.862,3.141,1.006,1.0,0.946,11.0,11.33,,,,,,,,1,
2026-07-26,682985,riley greene,luinder avila,KC@DET,,,,,3.353,2.488,0.983,0.986,1.057,10.9,11.28,,,,,,,,0,
2026-07-26,700932,kyle manzardo,drew rasmussen,CLE@TB,,,,,3.233,2.938,1.0,1.0,0.9,10.9,11.28,,,,,,,,0,
2026-07-26,671218,heliot ramos,josé soriano,LAA@SF,,,,,3.285,2.585,0.984,0.993,1.019,10.8,11.22,,,,,,,,0,
2026-07-26,672960,kazuma okamoto,ranger suarez,TOR@BOS,,,,,4.968,1.825,1.044,0.991,0.9,10.8,11.22,,,,,,,,0,
2026-07-26,521692,salvador pérez,framber valdez,KC@DET,,,,,3.498,2.48,0.979,0.986,1.01,10.8,11.22,,,,,,,,0,
2026-07-26,593871,jorge polanco,emmet sheehan,LAD@NYM,,,,,2.156,4.114,0.99,0.981,0.965,10.7,11.17,,,,,,,,0,
2026-07-26,665877,josé fermín,andrew abbott,CIN@STL,,,,,2.43,3.264,0.998,0.999,1.042,10.6,11.12,,,,,,,,0,
2026-07-26,683146,brett baty,emmet sheehan,LAD@NYM,,,,,2.077,4.114,0.99,0.981,0.965,10.3,10.95,,,,,,,,0,
2026-07-26,678882,ceddanne rafaela,kevin gausman,TOR@BOS,,,,,2.601,3.053,1.037,0.991,0.979,10.3,10.95,,,,,,,,0,
2026-07-26,805779,jacob wilson,connor prielipp,ATH@MIN,,,,,2.717,2.831,0.986,1.016,1.004,10.0,10.79,,,,,,,,0,
2026-07-26,668885,austin martin,jeffrey springs,ATH@MIN,,,,,1.375,5.266,0.99,1.016,1.058,9.9,10.74,,,,,,,,0,
2026-07-26,645277,ozzie albies,shane baz,ATL@BAL,,,,,3.615,2.07,1.006,0.996,1.007,9.7,10.63,,,,,,,,0,
2026-07-26,663656,kyle tucker,freddy peralta,LAD@NYM,,,,,2.392,3.364,0.99,0.981,0.959,9.7,10.63,,,,,,,,0,
2026-07-26,656775,cedric mullins,parker messick,CLE@TB,,,,,3.322,2.528,1.0,1.0,0.9,9.7,10.63,,,,,,,,0,
2026-07-26,608348,carson kelly,braxton ashcraft,CHC@PIT,,,,,2.475,3.264,1.012,0.986,0.924,9.6,10.58,,,,,,,,0,
2026-07-26,690993,colt keith,luinder avila,KC@DET,,,,,2.807,2.488,0.999,0.986,1.057,9.4,10.47,,,,,,,,0,
2026-07-26,595978,austin hedges,drew rasmussen,CLE@TB,,,,,2.772,2.938,1.0,1.0,0.9,9.4,10.47,,,,,,,,0,
2026-07-26,657041,lane thomas,framber valdez,KC@DET,,,,,2.969,2.48,0.999,0.986,1.01,9.4,10.47,,,,,,,,1,
2026-07-26,630105,jake cronenworth,janson junk,SD@MIA,,,,,2.1,3.497,0.97,1.0,1.001,9.2,10.36,,,,,,,,0,
2026-07-26,650490,yandy díaz,parker messick,CLE@TB,,,,,3.151,2.528,1.0,1.0,0.9,9.2,10.36,,,,,,,,0,
2026-07-26,620443,luis torrens,emmet sheehan,LAD@NYM,,,,,1.844,4.114,0.991,0.981,0.965,9.2,10.36,,,,,,,,0,
2026-07-26,681546,james outman,luinder avila,KC@DET,,,,,2.742,2.488,0.999,0.986,1.057,9.2,10.36,,,,,,,,0,
2026-07-26,663757,trent grisham,cristopher sánchez,NYY@PHI,,,,,3.255,2.371,1.013,0.991,0.9,9.0,10.26,,,,,,,,0,
2026-07-26,691176,jasson domínguez,cristopher sánchez,NYY@PHI,,,,,3.292,2.371,1.006,0.991,0.9,9.0,10.26,,,,,,,,0,
2026-07-26,667472,dane myers,kyle leahy,CIN@STL,,,,,2.403,2.612,0.998,0.999,1.102,8.9,10.2,,,,,,,,0,
2026-07-26,807799,masataka yoshida,kevin gausman,TOR@BOS,,,,,2.2,3.053,1.044,0.991,0.979,8.8,10.15,,,,,,,,0,
2026-07-26,665966,carlos narváez,kevin gausman,TOR@BOS,,,,,2.212,3.053,1.037,0.991,0.979,8.8,10.15,,,,,,,,0,
2026-07-26,676609,josé caballero,cristopher sánchez,NYY@PHI,,,,,3.13,2.371,1.008,0.991,0.9,8.6,10.04,,,,,,,,0,
2026-07-26,672640,otto lopez,walker buehler,SD@MIA,,,,,2.272,2.954,0.974,1.0,1.019,8.6,10.04,,,,,,,,0,
2026-07-26,677587,brayan rocchio,drew rasmussen,CLE@TB,,,,,2.443,2.938,1.0,1.0,0.9,8.4,9.94,,,,,,,,0,
2026-07-26,688363,graham pauley,walker buehler,SD@MIA,,,,,2.137,2.954,0.97,1.0,1.019,8.1,9.77,,,,,,,,0,
2026-07-26,663647,ke'bryan hayes,kyle leahy,CIN@STL,,,,,2.111,2.612,0.994,0.999,1.102,7.8,9.61,,,,,,,,1,
2026-07-26,663586,austin riley,shane baz,ATL@BAL,,,,,2.893,2.07,1.005,0.996,1.007,7.8,9.61,,,,,,,,0,
2026-07-26,642086,dominic smith,shane baz,ATL@BAL,,,,,2.878,2.07,1.002,0.996,1.007,7.8,9.61,,,,,,,,0,
2026-07-26,664983,jake mccarthy,jacob misiorowski,COL@MIL,,,,,2.948,2.309,0.982,1.0,0.9,7.8,9.61,,,,,,,,0,
2026-07-26,679845,nick loftin,framber valdez,KC@DET,,,,,2.418,2.48,0.999,0.986,1.01,7.7,9.56,,,,,,,,0,
2026-07-26,650402,gleyber torres,luinder avila,KC@DET,,,,,2.32,2.488,0.979,0.986,1.057,7.6,9.51,,,,,,,,0,
2026-07-26,691720,kyle karros,jacob misiorowski,COL@MIL,,,,,2.675,2.309,0.99,1.0,0.9,7.2,9.29,,,,,,,,0,
2026-07-26,543807,george springer,ranger suarez,TOR@BOS,,,,,3.284,1.825,1.037,0.991,0.9,7.2,9.29,,,,,,,,0,
2026-07-26,650489,willi castro,jacob misiorowski,COL@MIL,,,,,2.653,2.309,0.99,1.0,0.9,7.1,9.24,,,,,,,,1,
2026-07-26,643289,mauricio dubón,shane baz,ATL@BAL,,,,,2.576,2.07,1.015,0.996,1.007,7.1,9.24,,,,,,,,0,
2026-07-26,650859,luis rengifo,janson junk,SD@MIA,,,,,1.586,3.497,0.974,1.0,1.001,7.0,9.19,,,,,,,,0,
2026-07-26,691026,masyn winn,andrew abbott,CIN@STL,,,,,1.5,3.264,0.998,0.999,1.042,6.6,8.97,,,,,,,,0,
2026-07-26,669364,xavier edwards,walker buehler,SD@MIA,,,,,1.722,2.954,0.977,1.0,1.019,6.6,8.97,,,,,,,,0,
2026-07-26,686555,isaac collins,framber valdez,KC@DET,,,,,2.068,2.48,0.973,0.986,1.01,6.5,8.92,,,,,,,,0,
2026-07-26,663743,nick fortes,parker messick,CLE@TB,,,,,2.104,2.528,1.0,1.0,0.9,6.2,8.76,,,,,,,,0,
2026-07-26,680700,richie palacios,parker messick,CLE@TB,,,,,2.07,2.528,1.0,1.0,0.9,6.1,8.7,,,,,,,,0,
2026-07-26,672386,alejandro kirk,ranger suarez,TOR@BOS,,,,,2.749,1.825,1.044,0.991,0.9,6.1,8.7,,,,,,,,0,
2026-07-26,516782,starling marte,framber valdez,KC@DET,,,,,1.821,2.48,0.979,0.986,1.01,5.8,8.54,,,,,,,,0,
2026-07-26,663538,nico hoerner,braxton ashcraft,CHC@PIT,,,,,1.333,3.264,1.007,0.986,0.924,5.2,8.22,,,,,,,,0,
2026-07-26,664770,nathan lukes,ranger suarez,TOR@BOS,,,,,2.371,1.825,1.037,0.991,0.9,5.2,8.22,,,,,,,,0,
2026-07-26,665926,andrés giménez,ranger suarez,TOR@BOS,,,,,2.352,1.825,1.044,0.991,0.9,5.2,8.22,,,,,,,,0,
2026-07-26,662139,daulton varsho,ranger suarez,TOR@BOS,,,,,2.332,1.825,1.037,0.991,0.9,5.2,8.22,,,,,,,,0,
2026-07-26,666397,edouard julien,jacob misiorowski,COL@MIL,,,,,1.762,2.309,0.982,1.0,0.9,4.7,7.95,,,,,,,,0,
2026-07-26,810938,ben williamson,parker messick,CLE@TB,,,,,1.539,2.528,1.0,1.0,0.9,4.6,7.9,,,,,,,,0,
2026-07-26,683011,anthony volpe,cristopher sánchez,NYY@PHI,,,,,1.613,2.371,1.008,0.991,0.9,4.5,7.84,,,,,,,,0,
2026-07-26,665489,vladimir guerrero,ranger suarez,TOR@BOS,,,,,1.773,1.825,1.044,0.991,0.9,4.0,7.58,,,,,,,,0,
2026-07-26,687859,troy johnston,jacob misiorowski,COL@MIL,,,,,1.465,2.309,0.97,1.0,0.9,3.9,7.52,,,,,,,,0,
2026-07-27,695578,james wood,max scherzer,TOR@WSH,,,,,5.433,5.399,0.998,0.983,1.12,36.5,25.0,,,,,,,,0,
2026-07-27,671277,luis garcía,max scherzer,TOR@WSH,,,,,5.274,5.399,0.991,0.983,1.12,35.4,24.41,,,,,,,,0,
2026-07-27,700250,ben rice,noah schultz,NYY@CWS,,,,,6.364,3.367,0.997,0.996,1.12,28.2,20.55,,,,,,,,0,
2026-07-27,664040,brandon lowe,merrill kelly,AZ@PIT,,,,,4.472,4.412,1.016,0.986,1.12,26.4,19.59,,,,,,,,0,
2026-07-27,656811,ryan o'hearn,merrill kelly,AZ@PIT,,,,,4.17,4.412,1.014,0.986,1.12,24.8,18.73,,,,,,,,0,
2026-07-27,686611,dylan crews,max scherzer,TOR@WSH,,,,,3.377,5.399,0.995,0.983,1.12,24.1,18.36,,,,,,,,0,
2026-07-27,656941,kyle schwarber,tyler phillips,PHI@MIA,,,,,6.402,2.754,0.977,1.0,1.057,22.2,17.34,,,,,,,,0,
2026-07-27,575929,willson contreras,jack perkins,BOS@ATH,,,,,4.93,3.587,1.006,1.01,0.986,21.6,17.01,,,,,,,,0,
2026-07-27,680779,henry davis,merrill kelly,AZ@PIT,,,,,3.551,4.412,1.012,0.986,1.12,21.4,16.91,,,,,,,,0,
2026-07-27,642715,willy adames,brandon sproat,MIL@SF,,,,,4.045,3.925,0.988,0.993,1.071,20.5,16.42,,,,,,,,0,
2026-07-27,664023,ian happ,matthew liberatore,CHC@STL,,,,,3.886,3.831,0.998,0.999,1.106,20.2,16.26,,,,,,,,0,
2026-07-27,621020,dansby swanson,matthew liberatore,CHC@STL,,,,,3.829,3.831,0.998,0.999,1.106,19.9,16.1,,,,,,,,0,
2026-07-27,677588,josé tena,max scherzer,TOR@WSH,,,,,2.714,5.399,0.998,0.983,1.12,19.8,16.05,,,,,,,,0,
2026-07-27,695734,daylen lile,max scherzer,TOR@WSH,,,,,2.636,5.399,0.991,0.983,1.12,19.2,15.73,,,,,,,,0,
2026-07-27,668804,bryan reynolds,merrill kelly,AZ@PIT,,,,,3.049,4.412,1.007,0.986,1.12,18.5,15.35,,,,,,,,0,
2026-07-27,686527,dominic canzone,kumar rocker,SEA@TEX,,,,,4.813,2.96,1.004,1.0,1.041,18.4,15.3,,,,,,,,0,
2026-07-27,665862,jazz chisholm,noah schultz,NYY@CWS,,,,,3.905,3.367,0.997,0.996,1.12,18.1,15.14,,,,,,,,0,
2026-07-27,670042,luke raley,kumar rocker,SEA@TEX,,,,,4.671,2.96,1.004,1.0,1.041,17.9,15.03,,,,,,,,0,
2026-07-27,671218,heliot ramos,brandon sproat,MIL@SF,,,,,3.244,3.925,0.984,0.993,1.071,16.6,14.33,,,,,,,,0,
2026-07-27,666139,josh lowe,tatsuya imai,HOU@LAA,,,,,3.651,3.334,1.006,1.002,1.072,16.4,14.23,,,,,,,,0,
2026-07-27,666176,jo adell,tatsuya imai,HOU@LAA,,,,,3.547,3.334,1.003,1.002,1.072,16.0,14.01,,,,,,,,0,
2026-07-27,694192,jackson chourio,tyler mahle,MIL@SF,,,,,3.758,3.452,0.988,0.993,1.007,16.0,14.01,,,,,,,,0,
2026-07-27,606466,ketel marte,mitch keller,AZ@PIT,,,,,4.008,2.867,1.012,0.986,1.104,15.9,13.96,,,,,,,,0,
2026-07-27,547180,bryce harper,tyler phillips,PHI@MIA,,,,,4.361,2.754,0.977,1.0,1.057,15.6,13.8,,,,,,,,1,
2026-07-27,682626,francisco álvarez,martín pérez,ATL@NYM,,,,,4.182,2.927,0.99,0.981,1.039,15.5,13.74,,,,,,,,0,
2026-07-27,691023,jordan walker,david peterson,CHC@STL,,,,,4.595,2.438,0.998,0.999,1.102,15.4,13.69,,,,,,,,0,
2026-07-27,624585,jorge soler,tatsuya imai,HOU@LAA,,,,,3.373,3.334,1.003,1.002,1.072,15.2,13.58,,,,,,,,0,
2026-07-27,691176,jasson domínguez,noah schultz,NYY@CWS,,,,,3.239,3.367,0.997,0.996,1.12,15.2,13.58,,,,,,,,0,
2026-07-27,693307,dillon dingler,kyle bradish,BAL@DET,,,,,4.939,2.648,0.979,0.986,0.961,15.2,13.58,,,,,,,,0,
2026-07-27,677800,wilyer abreu,jack perkins,BOS@ATH,,,,,3.313,3.587,1.009,1.01,0.986,15.0,13.48,,,,,,,,0,
2026-07-27,678391,jorbit vivas,max scherzer,TOR@WSH,,,,,1.96,5.399,1.001,0.983,1.12,14.7,13.31,,,,,,,,0,
2026-07-27,676609,josé caballero,noah schultz,NYY@CWS,,,,,3.103,3.367,1.004,0.996,1.12,14.7,13.31,,,,,,,,0,
2026-07-27,665052,griffin conine,zack wheeler,PHI@MIA,,,,,4.47,2.944,0.977,1.0,0.9,14.6,13.26,,,,,,,,1,
2026-07-27,668930,brice turang,tyler mahle,MIL@SF,,,,,3.255,3.452,1.015,0.993,1.007,14.4,13.15,,,,,,,,0,
2026-07-27,680776,jarren duran,jack perkins,BOS@ATH,,,,,3.101,3.587,1.009,1.01,0.986,14.1,12.99,,,,,,,,0,
2026-07-27,677594,julio rodríguez,kumar rocker,SEA@TEX,,,,,3.512,2.96,1.006,1.0,1.041,13.8,12.83,,,,,,,,0,
2026-07-27,670541,yordan álvarez,walbert ureña,HOU@LAA,,,,,6.508,1.819,1.002,1.002,0.9,13.5,12.67,,,,,,,,0,
2026-07-27,679529,spencer torkelson,kyle bradish,BAL@DET,,,,,4.296,2.648,0.979,0.986,0.961,13.4,12.62,,,,,,,,0,
2026-07-27,682998,corbin carroll,mitch keller,AZ@PIT,,,,,3.342,2.867,1.014,0.986,1.104,13.4,12.62,,,,,,,,0,
2026-07-27,608348,carson kelly,matthew liberatore,CHC@STL,,,,,2.451,3.831,0.994,0.999,1.106,13.1,12.46,,,,,,,,0,
2026-07-27,702332,caleb durbin,jack perkins,BOS@ATH,,,,,2.863,3.587,1.006,1.01,0.986,13.0,12.4,,,,,,,,0,
2026-07-27,624413,pete alonso,keider montero,BAL@DET,,,,,4.405,2.567,0.999,0.986,0.902,12.8,12.3,,,,,,,,0,
2026-07-27,655316,andruw monasterio,jack perkins,BOS@ATH,,,,,2.792,3.587,1.006,1.01,0.986,12.7,12.24,,,,,,,,0,
2026-07-27,669394,jake burger,george kirby,SEA@TEX,,,,,4.122,2.489,1.006,1.0,0.949,12.5,12.13,,,,,,,,1,
2026-07-27,665804,miguel amaya,matthew liberatore,CHC@STL,,,,,2.305,3.831,0.998,0.999,1.106,12.4,12.08,,,,,,,,0,
2026-07-27,608324,alex bregman,matthew liberatore,CHC@STL,,,,,2.323,3.831,0.995,0.999,1.106,12.4,12.08,,,,,,,,1,
2026-07-27,691723,coby mayo,keider montero,BAL@DET,,,,,4.356,2.567,0.979,0.986,0.902,12.4,12.08,,,,,,,,1,
2026-07-27,673357,luis robert,martín pérez,ATL@NYM,,,,,3.256,2.927,0.991,0.981,1.039,12.2,11.97,,,,,,,,0,
2026-07-27,691016,tyler soderstrom,payton tolle,BOS@ATH,,,,,3.89,2.626,1.009,1.01,0.9,11.9,11.81,,,,,,,,1,
2026-07-27,543760,marcus semien,martín pérez,ATL@NYM,,,,,3.158,2.927,0.991,0.981,1.039,11.9,11.81,,,,,,,,1,
2026-07-27,669065,kyle stowers,zack wheeler,PHI@MIA,,,,,3.596,2.944,0.977,1.0,0.9,11.9,11.81,,,,,,,,0,
2026-07-27,641680,jonah heim,payton tolle,BOS@ATH,,,,,3.832,2.626,1.009,1.01,0.9,11.8,11.76,,,,,,,,1,
2026-07-27,678882,ceddanne rafaela,jack perkins,BOS@ATH,,,,,2.582,3.587,1.006,1.01,0.986,11.8,11.76,,,,,,,,1,
2026-07-27,680728,adrian del castillo,mitch keller,AZ@PIT,,,,,2.894,2.867,1.016,0.986,1.104,11.7,11.71,,,,,,,,0,
2026-07-27,693304,nick gonzales,merrill kelly,AZ@PIT,,,,,1.82,4.412,1.016,0.986,1.12,11.5,11.6,,,,,,,,0,
2026-07-27,668227,randy arozarena,kumar rocker,SEA@TEX,,,,,2.904,2.96,1.004,1.0,1.041,11.5,11.6,,,,,,,,1,
2026-07-27,664761,alec bohm,tyler phillips,PHI@MIA,,,,,3.118,2.754,0.977,1.0,1.057,11.3,11.49,,,,,,,,0,
2026-07-27,607208,trea turner,tyler phillips,PHI@MIA,,,,,3.075,2.754,0.974,1.0,1.057,11.1,11.38,,,,,,,,0,
2026-07-27,661388,william contreras,tyler mahle,MIL@SF,,,,,2.529,3.452,0.988,0.993,1.007,11.0,11.33,,,,,,,,0,
2026-07-27,592885,christian yelich,tyler mahle,MIL@SF,,,,,2.479,3.452,0.993,0.993,1.007,10.9,11.28,,,,,,,,0,
2026-07-27,683734,andrew vaughn,tyler mahle,MIL@SF,,,,,2.439,3.452,0.984,0.993,1.007,10.6,11.12,,,,,,,,0,
2026-07-27,683002,gunnar henderson,keider montero,BAL@DET,,,,,3.602,2.567,0.999,0.986,0.902,10.5,11.06,,,,,,,,0,
2026-07-27,682985,riley greene,kyle bradish,BAL@DET,,,,,3.324,2.648,0.983,0.986,0.961,10.5,11.06,,,,,,,,0,
2026-07-27,687515,colby thomas,payton tolle,BOS@ATH,,,,,3.326,2.626,1.006,1.01,0.9,10.2,10.9,,,,,,,,0,
2026-07-27,807799,masataka yoshida,jack perkins,BOS@ATH,,,,,2.183,3.587,1.009,1.01,0.986,10.1,10.85,,,,,,,,0,
2026-07-27,687401,joey ortiz,tyler mahle,MIL@SF,,,,,2.227,3.452,0.988,0.993,1.007,9.8,10.69,,,,,,,,0,
2026-07-27,671056,iván herrera,david peterson,CHC@STL,,,,,2.686,2.438,0.998,0.999,1.102,9.3,10.42,,,,,,,,0,
2026-07-27,677649,ezequiel duran,george kirby,SEA@TEX,,,,,3.046,2.489,1.006,1.0,0.949,9.3,10.42,,,,,,,,1,
2026-07-27,572233,christian walker,walbert ureña,HOU@LAA,,,,,4.362,1.819,1.003,1.002,0.9,9.2,10.36,,,,,,,,0,
2026-07-27,623168,tyler heineman,tatsuya imai,HOU@LAA,,,,,1.968,3.334,1.006,1.002,1.072,9.1,10.31,,,,,,,,0,
2026-07-27,666182,bo bichette,martín pérez,ATL@NYM,,,,,2.388,2.927,0.991,0.981,1.039,9.1,10.31,,,,,,,,0,
2026-07-27,669236,jeremiah jackson,keider montero,BAL@DET,,,,,3.133,2.567,0.979,0.986,0.902,9.0,10.26,,,,,,,,0,
2026-07-27,690993,colt keith,kyle bradish,BAL@DET,,,,,2.775,2.648,0.999,0.986,0.961,9.0,10.26,,,,,,,,0,
2026-07-27,695657,colson montgomery,max fried,NYY@CWS,,,,,5.204,1.463,1.009,0.996,0.9,8.9,10.2,,,,,,,,0,
2026-07-27,663968,jake mangum,merrill kelly,AZ@PIT,,,,,1.39,4.412,1.012,0.986,1.12,8.8,10.15,,,,,,,,0,
2026-07-27,702616,jackson holliday,keider montero,BAL@DET,,,,,2.954,2.567,0.999,0.986,0.902,8.7,10.1,,,,,,,,0,
2026-07-27,694497,evan carter,george kirby,SEA@TEX,,,,,2.843,2.489,1.004,1.0,0.949,8.7,10.1,,,,,,,,0,
2026-07-27,681546,james outman,kyle bradish,BAL@DET,,,,,2.705,2.648,0.999,0.986,0.961,8.7,10.1,,,,,,,,0,
2026-07-27,665161,jeremy peña,walbert ureña,HOU@LAA,,,,,3.968,1.819,1.003,1.002,0.9,8.4,9.94,,,,,,,,0,
2026-07-27,805779,jacob wilson,payton tolle,BOS@ATH,,,,,2.684,2.626,1.006,1.01,0.9,8.3,9.88,,,,,,,,0,
2026-07-27,665877,josé fermín,david peterson,CHC@STL,,,,,2.394,2.438,0.998,0.999,1.102,8.3,9.88,,,,,,,,1,
2026-07-27,663457,lars nootbaar,david peterson,CHC@STL,,,,,2.422,2.438,0.989,0.999,1.102,8.3,9.88,,,,,,,,0,
2026-07-27,657136,connor wong,jack perkins,BOS@ATH,,,,,1.722,3.587,1.009,1.01,0.986,8.0,9.72,,,,,,,,0,
2026-07-27,683011,anthony volpe,noah schultz,NYY@CWS,,,,,1.593,3.367,1.004,0.996,1.12,7.8,9.61,,,,,,,,0,
2026-07-27,683083,nasim nuñez,max scherzer,TOR@WSH,,,,,1.016,5.399,0.995,0.983,1.12,7.8,9.61,,,,,,,,0,
2026-07-27,678246,miguel vargas,max fried,NYY@CWS,,,,,4.514,1.463,1.004,0.996,0.9,7.7,9.56,,,,,,,,0,
2026-07-27,672640,otto lopez,zack wheeler,PHI@MIA,,,,,2.257,2.944,0.974,1.0,0.9,7.6,9.51,,,,,,,,0,
2026-07-27,663538,nico hoerner,matthew liberatore,CHC@STL,,,,,1.325,3.831,0.998,0.999,1.106,7.3,9.35,,,,,,,,1,
2026-07-27,514888,josé altuve,walbert ureña,HOU@LAA,,,,,3.323,1.819,1.003,1.002,0.9,7.1,9.24,,,,,,,,0,
2026-07-27,620443,luis torrens,martín pérez,ATL@NYM,,,,,1.822,2.927,0.991,0.981,1.039,7.0,9.19,,,,,,,,0,
2026-07-27,663837,matt vierling,kyle bradish,BAL@DET,,,,,2.139,2.648,0.999,0.986,0.961,7.0,9.19,,,,,,,,0,
2026-07-27,666211,taylor trammell,walbert ureña,HOU@LAA,,,,,2.978,1.819,1.011,1.002,0.9,6.4,8.86,,,,,,,,1,
2026-07-27,656716,zach mckinstry,kyle bradish,BAL@DET,,,,,1.926,2.648,0.999,0.986,0.961,6.3,8.81,,,,,,,,0,
2026-07-27,669364,xavier edwards,zack wheeler,PHI@MIA,,,,,1.711,2.944,0.977,1.0,0.9,5.8,8.54,,,,,,,,0,
2026-07-27,543877,christian vázquez,walbert ureña,HOU@LAA,,,,,2.664,1.819,1.003,1.002,0.9,5.7,8.49,,,,,,,,0,
2026-07-27,691594,javier sanoja,zack wheeler,PHI@MIA,,,,,1.683,2.944,0.974,1.0,0.9,5.7,8.49,,,,,,,,0,
2026-07-27,805300,jakob marsee,zack wheeler,PHI@MIA,,,,,1.632,2.944,0.977,1.0,0.9,5.5,8.38,,,,,,,,0,
2026-07-27,691026,masyn winn,david peterson,CHC@STL,,,,,1.486,2.438,0.998,0.999,1.102,5.2,8.22,,,,,,,,0,
2026-07-27,682668,luisangel acuña,max fried,NYY@CWS,,,,,1.598,1.463,1.004,0.996,0.9,2.8,6.93,,,,,,,,0,
2026-07-28,693307,Dillon Dingler,Dean Kremer,BAL@DET,,4.0,,,4.79,5.45,0.979,0.989,1.075,34.0,23.66,,,,,,,,0,
2026-07-28,695578,James Wood,Shane Bieber,TOR@WSH,,1.0,,,5.3,3.98,0.998,0.984,1.12,31.1,22.11,,,,,,,,0,
2026-07-28,671277,Luis García,Shane Bieber,TOR@WSH,,2.0,,,5.32,3.98,0.991,0.984,1.12,30.4,21.73,,,,,,,,1,
2026-07-28,679529,Spencer Torkelson,Dean Kremer,BAL@DET,,6.0,,,4.37,5.45,0.979,0.989,1.075,29.6,21.3,,,,,,,,0,
2026-07-28,665052,Griffin Conine,Aaron Nola,PHI@MIA,,6.0,,,5.13,4.71,0.977,1.0,1.016,28.7,20.82,,,,,,,,0,
2026-07-28,700250,Ben Rice,Anthony Kay,NYY@CWS,,2.0,,,6.19,3.01,0.997,0.999,1.095,27.1,19.96,,,,,,,,0,
2026-07-28,621439,Byron Buxton,Seth Lugo,KC@MIN,,2.0,,,5.95,2.91,1.009,1.018,1.116,26.5,19.64,,,,,,,,0,
2026-07-28,682985,Riley Greene,Dean Kremer,BAL@DET,,3.0,,,3.25,5.45,0.983,0.989,1.075,24.5,18.57,,,,,,,,0,
2026-07-28,571970,Max Muncy,Luis Castillo,SEA@LAD,,4.0,,,4.97,3.46,1.001,1.0,1.065,24.2,18.41,,,,,,,,1,
2026-07-28,691406,Junior Caminero,Cal Quantrill,TEX@TB,,3.0,,,5.53,3.15,1.0,1.0,1.032,23.8,18.19,,,,,,,,0,
2026-07-28,660271,Shohei Ohtani,Luis Castillo,SEA@LAD,,1.0,,,4.62,3.46,0.996,1.0,1.065,23.7,18.14,,,,,,,,1,
2026-07-28,670541,Yordan Álvarez,Reid Detmers,HOU@LAA,,2.0,,,6.51,2.95,1.002,1.002,0.906,23.7,18.14,,,,,,,,1,
2026-07-28,696100,Hunter Goodman,Mike King,COL@SD,,3.0,,,6.46,2.64,1.007,0.999,1.04,23.6,18.09,,,,,,,,0,
2026-07-28,669065,Kyle Stowers,Aaron Nola,PHI@MIA,,2.0,,,3.7,4.71,0.977,1.0,1.016,23.5,18.03,,,,,,,,1,
2026-07-28,668709,Jj Bleday,Gavin Williams,CLE@CIN,,3.0,,,4.8,3.75,1.011,0.997,0.972,23.4,17.98,,,,,,,,1,
2026-07-28,691023,Jordan Walker,Colin Rea,CHC@STL,,2.0,,,4.49,3.39,0.998,1.004,1.12,23.3,17.93,,,,,,,,0,
2026-07-28,664034,Ty France,Michael Lorenzen,COL@SD,,4.0,,,4.87,3.16,0.999,0.999,1.12,22.8,17.66,,,,,,,,0,
2026-07-28,668709,Jj Bleday,Slade Cecconi,CLE@CIN,,3.0,,,4.8,3.3,1.011,0.997,1.057,22.5,17.5,,,,,,,,1,
2026-07-28,592518,Manny Machado,Michael Lorenzen,COL@SD,,3.0,,,4.7,3.16,1.007,0.999,1.12,22.3,17.39,,,,,,,,0,
2026-07-28,695657,Colson Montgomery,Gerrit Cole,NYY@CWS,,4.0,,,5.08,3.63,1.009,0.999,0.9,22.2,17.34,,,,,,,,0,
2026-07-28,701398,Sal Stewart,Gavin Williams,CLE@CIN,,2.0,,,4.39,3.75,1.011,0.997,0.972,22.1,17.28,,,,,,,,1,
2026-07-28,682829,Elly De La Cruz,Gavin Williams,CLE@CIN,,1.0,,,4.2,3.75,1.011,0.997,0.972,21.7,17.07,,,,,,,,0,
2026-07-28,701398,Sal Stewart,Slade Cecconi,CLE@CIN,,2.0,,,4.39,3.3,1.011,0.997,1.057,21.2,16.8,,,,,,,,1,
2026-07-28,686611,Dylan Crews,Shane Bieber,TOR@WSH,,3.0,,,3.57,3.98,0.995,0.984,1.12,20.9,16.64,,,,,,,,1,
2026-07-28,682829,Elly De La Cruz,Slade Cecconi,CLE@CIN,,1.0,,,4.2,3.3,1.011,0.997,1.057,20.8,16.59,,,,,,,,0,
2026-07-28,666160,Mickey Moniak,Mike King,COL@SD,,2.0,,,5.38,2.64,1.007,0.999,1.04,20.5,16.42,,,,,,,,1,
2026-07-28,663993,Nathaniel Lowe,Gavin Williams,CLE@CIN,,4.0,,,4.13,3.75,1.011,0.997,0.972,20.3,16.32,,,,,,,,0,
2026-07-28,690993,Colt Keith,Dean Kremer,BAL@DET,,5.0,,,2.71,5.45,0.999,0.989,1.075,20.2,16.26,,,,,,,,0,
2026-07-28,650402,Gleyber Torres,Dean Kremer,BAL@DET,,2.0,,,2.5,5.45,0.979,0.989,1.075,19.6,15.94,,,,,,,,1,
2026-07-28,553993,Eugenio Suárez,Slade Cecconi,CLE@CIN,,4.0,,,4.13,3.3,1.011,0.997,1.057,19.5,15.89,,,,,,,,0,
2026-07-28,678246,Miguel Vargas,Gerrit Cole,NYY@CWS,,3.0,,,4.4,3.63,1.004,0.999,0.9,19.5,15.89,,,,,,,,0,
2026-07-28,665019,Kody Clemens,Seth Lugo,KC@MIN,,4.0,,,4.35,2.91,1.009,1.018,1.116,19.5,15.89,,,,,,,,0,
2026-07-28,686527,Dominic Canzone,Justin Wrobleski,SEA@LAD,,4.0,,,5.15,2.76,0.996,1.0,1.014,19.3,15.78,,,,,,,,1,
2026-07-28,669394,Jake Burger,Griffin Jax,TEX@TB,,6.0,,,4.21,3.45,1.0,1.0,1.054,19.2,15.73,,,,,,,,0,
2026-07-28,663993,Nathaniel Lowe,Slade Cecconi,CLE@CIN,,5.0,,,4.13,3.3,1.011,0.997,1.057,18.9,15.57,,,,,,,,0,
2026-07-28,605141,Mookie Betts,Luis Castillo,SEA@LAD,,5.0,,,3.92,3.46,1.001,1.0,1.065,18.8,15.51,,,,,,,,0,
2026-07-28,680777,Ryan Jeffers,Seth Lugo,KC@MIN,,3.0,,,4.09,2.91,0.99,1.018,1.116,18.2,15.19,,,,,,,,0,
2026-07-28,575929,Willson Contreras,Gage Jump,BOS@ATH,,3.0,,,4.81,2.76,1.006,1.011,0.98,18.0,15.08,,,,,,,,0,
2026-07-28,624424,Michael Conforto,Michael Mcgreevy,CHC@STL,,7.0,,,4.13,3.16,0.998,1.004,1.12,17.6,14.87,,,,,,,,0,
2026-07-28,664023,Ian Happ,Michael Mcgreevy,CHC@STL,,5.0,,,3.79,3.16,0.998,1.004,1.12,17.6,14.87,,,,,,,,0,
2026-07-28,695506,Jac Caglianone,Taj Bradley,KC@MIN,,3.0,,,3.89,3.3,1.009,1.018,0.957,17.2,14.65,,,,,,,,0,
2026-07-28,664040,Brandon Lowe,Brandon Pfaadt,AZ@PIT,,2.0,,,4.53,2.75,1.016,0.987,0.981,17.1,14.6,,,,,,,,1,
2026-07-28,595879,Javier Báez,Dean Kremer,BAL@DET,,9.0,,,2.68,5.45,0.979,0.989,1.075,16.8,14.44,,,,,,,,0,
2026-07-28,624413,Pete Alonso,Troy Melton,BAL@DET,,2.0,,,4.3,3.07,0.999,0.989,0.9,16.5,14.28,,,,,,,,0,
2026-07-28,518692,Freddie Freeman,Luis Castillo,SEA@LAD,,3.0,,,3.25,3.46,0.996,1.0,1.065,16.4,14.23,,,,,,,,0,
2026-07-28,572233,Christian Walker,Reid Detmers,HOU@LAA,,4.0,,,4.44,2.95,1.003,1.002,0.906,16.3,14.17,,,,,,,,1,
2026-07-28,695600,Carter Jensen,Taj Bradley,KC@MIN,,1.0,,,3.41,3.3,1.009,1.018,0.957,16.0,14.01,,,,,,,,0,
2026-07-28,682622,Noelvi Marte,Gavin Williams,CLE@CIN,,6.0,,,3.44,3.75,1.012,0.997,0.972,16.0,14.01,,,,,,,,0,
2026-07-28,677649,Ezequiel Duran,Griffin Jax,TEX@TB,,3.0,,,3.17,3.45,1.0,1.0,1.054,15.9,13.96,,,,,,,,0,
2026-07-28,547180,Bryce Harper,Sandy Alcántara,PHI@MIA,,3.0,,,4.43,2.78,0.977,1.0,0.953,15.8,13.9,,,,,,,,0,
2026-07-28,665161,Jeremy Peña,Reid Detmers,HOU@LAA,,1.0,,,4.07,2.95,1.003,1.002,0.906,15.8,13.9,,,,,,,,0,
2026-07-28,657757,Gavin Sheets,Michael Lorenzen,COL@SD,,7.0,,,3.66,3.16,1.002,0.999,1.12,15.7,13.85,,,,,,,,0,
2026-07-28,701538,Jackson Merrill,Michael Lorenzen,COL@SD,,5.0,,,3.32,3.16,1.002,0.999,1.12,15.5,13.74,,,,,,,,0,
2026-07-28,650490,Yandy Díaz,Cal Quantrill,TEX@TB,,1.0,,,3.26,3.15,1.0,1.0,1.032,15.4,13.69,,,,,,,,0,
2026-07-28,665862,Jazz Chisholm,Anthony Kay,NYY@CWS,,7.0,,,3.8,3.01,0.997,0.999,1.095,15.1,13.53,,,,,,,,0,
2026-07-28,672640,Otto Lopez,Aaron Nola,PHI@MIA,,1.0,,,2.2,4.71,0.974,1.0,1.016,14.9,13.42,,,,,,,,0,
2026-07-28,521692,Salvador Pérez,Taj Bradley,KC@MIN,,4.0,,,3.41,3.3,0.99,1.018,0.957,14.9,13.42,,,,,,,,0,
2026-07-28,656775,Cedric Mullins,Cal Quantrill,TEX@TB,,4.0,,,3.27,3.15,1.0,1.0,1.032,14.6,13.26,,,,,,,,0,
2026-07-28,691723,Coby Mayo,Troy Melton,BAL@DET,,7.0,,,4.47,3.07,0.979,0.989,0.9,14.5,13.21,,,,,,,,0,
2026-07-28,656811,Ryan O'Hearn,Brandon Pfaadt,AZ@PIT,,5.0,,,4.05,2.75,1.014,0.987,0.981,14.5,13.21,,,,,,,,0,
2026-07-28,695734,Daylen Lile,Shane Bieber,TOR@WSH,,6.0,,,2.58,3.98,0.991,0.984,1.12,14.3,13.1,,,,,,,,0,
2026-07-28,657041,Lane Thomas,Taj Bradley,KC@MIN,,2.0,,,3.1,3.3,1.009,1.018,0.957,14.3,13.1,,,,,,,,0,
2026-07-28,624431,Jose Trevino,Gavin Williams,CLE@CIN,,8.0,,,3.27,3.75,1.011,0.997,0.972,14.1,12.99,,,,,,,,0,
2026-07-28,677594,Julio Rodríguez,Justin Wrobleski,SEA@LAD,,3.0,,,3.61,2.76,1.001,1.0,1.014,14.1,12.99,,,,,,,,1,
2026-07-28,691176,Jasson Domínguez,Anthony Kay,NYY@CWS,,4.0,,,3.09,3.01,0.997,0.999,1.095,14.0,12.94,,,,,,,,0,
2026-07-28,663757,Trent Grisham,Anthony Kay,NYY@CWS,,5.0,,,3.15,3.01,1.009,0.999,1.095,13.9,12.89,,,,,,,,0,
2026-07-28,701762,Nick Kurtz,Jake Bennett,BOS@ATH,,2.0,,,4.5,2.36,1.009,1.011,0.9,13.9,12.89,,,,,,,,0,
2026-07-28,671056,Iván Herrera,Colin Rea,CHC@STL,,4.0,,,2.62,3.39,0.998,1.004,1.12,13.8,12.83,,,,,,,,0,
2026-07-28,696285,Jacob Young,Shane Bieber,TOR@WSH,,9.0,,,2.84,3.98,0.995,0.984,1.12,13.8,12.83,,,,,,,,0,
2026-07-28,605137,Josh Bell,Seth Lugo,KC@MIN,,5.0,,,3.07,2.91,1.009,1.018,1.116,13.6,12.72,,,,,,,,0,
2026-07-28,642715,Willy Adames,Logan Henderson,MIL@SF,,6.0,,,3.95,2.99,0.988,0.996,0.9,13.5,12.67,,,,,,,,0,
2026-07-28,694497,Evan Carter,Griffin Jax,TEX@TB,,5.0,,,2.78,3.45,1.0,1.0,1.054,13.4,12.62,,,,,,,,0,
2026-07-28,683002,Gunnar Henderson,Troy Melton,BAL@DET,,3.0,,,3.51,3.07,0.999,0.989,0.9,13.3,12.56,,,,,,,,0,
2026-07-28,686797,Brooks Lee,Seth Lugo,KC@MIN,,8.0,,,3.46,2.91,0.99,1.018,1.116,13.3,12.56,,,,,,,,0,
2026-07-28,643217,Andrew Benintendi,Gerrit Cole,NYY@CWS,,5.0,,,3.04,3.63,0.999,0.999,0.9,13.2,12.51,,,,,,,,0,
2026-07-28,656716,Zach Mckinstry,Dean Kremer,BAL@DET,,7.0,,,1.86,5.45,0.999,0.989,1.075,13.2,12.51,,,,,,,,0,
2026-07-28,641680,Jonah Heim,Jake Bennett,BOS@ATH,,3.0,,,4.26,2.36,1.009,1.011,0.9,12.9,12.35,,,,,,,,0,
2026-07-28,663886,Tyler Stephenson,Slade Cecconi,CLE@CIN,,6.0,,,2.84,3.3,1.011,0.997,1.057,12.9,12.35,,,,,,,,0,
2026-07-28,682657,Angel Martínez,Chase Burns,CLE@CIN,,7.0,,,3.88,2.91,1.011,0.997,0.9,12.5,12.13,,,,,,,,0,
2026-07-28,606466,Ketel Marte,Bubba Chandler,AZ@PIT,,4.0,,,3.9,2.38,1.012,0.987,0.974,12.5,12.13,,,,,,,,0,
2026-07-28,677800,Wilyer Abreu,Gage Jump,BOS@ATH,,4.0,,,3.23,2.76,1.009,1.011,0.98,12.4,12.08,,,,,,,,0,
2026-07-28,606192,Teoscar Hernández,Luis Castillo,SEA@LAD,,8.0,,,2.84,3.46,1.001,1.0,1.065,12.4,12.08,,,,,,,,0,
2026-07-28,663728,Cal Raleigh,Justin Wrobleski,SEA@LAD,,5.0,,,3.3,2.76,1.001,1.0,1.014,12.3,12.03,,,,,,,,1,
2026-07-28,668227,Randy Arozarena,Justin Wrobleski,SEA@LAD,,2.0,,,3.02,2.76,0.996,1.0,1.014,12.1,11.92,,,,,,,,0,
2026-07-28,700932,Kyle Manzardo,Chase Burns,CLE@CIN,,6.0,,,3.57,2.91,1.011,0.997,0.9,12.1,11.92,,,,,,,,1,
2026-07-28,672356,Gabriel Arias,Caleb Ferguson,CLE@CIN,,7.0,,,3.52,3.0,1.011,0.997,0.925,12.1,11.92,,,,,,,,0,
2026-07-28,607208,Trea Turner,Sandy Alcántara,PHI@MIA,,1.0,,,3.17,2.78,0.974,1.0,0.953,12.0,11.87,,,,,,,,0,
2026-07-28,608324,Alex Bregman,Michael Mcgreevy,CHC@STL,,4.0,,,2.43,3.16,0.995,1.004,1.12,12.0,11.87,,,,,,,,0,
2026-07-28,691016,Tyler Soderstrom,Jake Bennett,BOS@ATH,,4.0,,,3.98,2.36,1.009,1.011,0.9,12.0,11.87,,,,,,,,0,
2026-07-28,663457,Lars Nootbaar,Colin Rea,CHC@STL,,5.0,,,2.34,3.39,0.989,1.004,1.12,11.8,11.76,,,,,,,,0,
2026-07-28,668804,Bryan Reynolds,Brandon Pfaadt,AZ@PIT,,3.0,,,3.14,2.75,1.007,0.987,0.981,11.8,11.76,,,,,,,,1,
2026-07-28,665877,José Fermín,Colin Rea,CHC@STL,,8.0,,,2.6,3.39,0.998,1.004,1.12,11.7,11.71,,,,,,,,0,
2026-07-28,514888,José Altuve,Reid Detmers,HOU@LAA,,5.0,,,3.22,2.95,1.003,1.002,0.906,11.6,11.65,,,,,,,,0,
2026-07-28,671218,Heliot Ramos,Logan Henderson,MIL@SF,,3.0,,,3.13,2.99,0.984,0.996,0.9,11.6,11.65,,,,,,,,0,
2026-07-28,664983,Jake Mccarthy,Mike King,COL@SD,,1.0,,,2.86,2.64,1.002,0.999,1.04,11.6,11.65,,,,,,,,0,
2026-07-28,688363,Graham Pauley,Aaron Nola,PHI@MIA,,8.0,,,2.09,4.71,0.97,1.0,1.016,11.5,11.6,,,,,,,,0,
2026-07-28,624585,Jorge Soler,Peter Lambert,HOU@LAA,,4.0,,,3.3,2.69,1.003,1.002,0.911,11.4,11.54,,,,,,,,0,
2026-07-28,686681,Michael Massey,Taj Bradley,KC@MIN,,7.0,,,2.85,3.3,1.006,1.018,0.957,11.4,11.54,,,,,,,,0,
2026-07-28,701358,Cam Smith,Reid Detmers,HOU@LAA,,6.0,,,3.22,2.95,1.003,1.002,0.906,11.2,11.44,,,,,,,,0,
2026-07-28,667472,Dane Myers,Gavin Williams,CLE@CIN,,5.0,,,2.27,3.75,1.011,0.997,0.972,11.2,11.44,,,,,,,,0,
2026-07-28,682998,Corbin Carroll,Bubba Chandler,AZ@PIT,,1.0,,,3.25,2.38,1.014,0.987,0.974,11.1,11.38,,,,,,,,0,
2026-07-28,605170,Víctor Caratini,Seth Lugo,KC@MIN,,6.0,,,2.56,2.91,1.009,1.018,1.116,11.0,11.33,,,,,,,,0,
2026-07-28,664761,Alec Bohm,Sandy Alcántara,PHI@MIA,,4.0,,,3.05,2.78,0.977,1.0,0.953,11.0,11.33,,,,,,,,0,
2026-07-28,669224,Austin Wells,Anthony Kay,NYY@CWS,,9.0,,,2.95,3.01,1.009,0.999,1.095,11.0,11.33,,,,,,,,0,
2026-07-28,669364,Xavier Edwards,Aaron Nola,PHI@MIA,,4.0,,,1.67,4.71,0.977,1.0,1.016,10.9,11.28,,,,,,,,0,
2026-07-28,680474,Max Schuemann,Anthony Kay,NYY@CWS,,8.0,,,2.78,3.01,1.004,0.999,1.095,10.9,11.28,,,,,,,,0,
2026-07-28,608701,Rob Refsnyder,Justin Wrobleski,SEA@LAD,,7.0,,,3.12,2.76,1.001,1.0,1.014,10.8,11.22,,,,,,,,1,
2026-07-28,666211,Taylor Trammell,Reid Detmers,HOU@LAA,,7.0,,,3.2,2.95,1.011,1.002,0.906,10.7,11.17,,,,,,,,0,
2026-07-28,642215,Weston Wilson,Justin Wrobleski,SEA@LAD,,8.0,,,3.22,2.76,1.001,1.0,1.014,10.7,11.17,,,,,,,,0,
2026-07-28,666176,Jo Adell,Peter Lambert,HOU@LAA,,7.0,,,3.47,2.69,1.003,1.002,0.911,10.6,11.12,,,,,,,,0,
2026-07-28,663656,Kyle Tucker,Luis Castillo,SEA@LAD,,7.0,,,2.34,3.46,0.996,1.0,1.065,10.6,11.12,,,,,,,,0,
2026-07-28,680776,Jarren Duran,Gage Jump,BOS@ATH,,7.0,,,3.04,2.76,1.009,1.011,0.98,10.4,11.01,,,,,,,,0,
2026-07-28,650489,Willi Castro,Mike King,COL@SD,,7.0,,,3.0,2.64,1.007,0.999,1.04,10.2,10.9,,,,,,,,1,
2026-07-28,543807,George Springer,Cade Cavalli,TOR@WSH,,4.0,,,3.38,2.23,0.995,0.984,0.982,10.2,10.9,,,,,,,,1,
2026-07-28,702616,Jackson Holliday,Troy Melton,BAL@DET,,6.0,,,2.84,3.07,0.999,0.989,0.9,10.1,10.85,,,,,,,,0,
2026-07-28,593428,Xander Bogaerts,Michael Lorenzen,COL@SD,,8.0,,,2.39,3.16,1.007,0.999,1.12,10.1,10.85,,,,,,,,0,
2026-07-28,630105,Jake Cronenworth,Michael Lorenzen,COL@SD,,2.0,,,2.01,3.16,0.987,0.999,1.12,10.1,10.85,,,,,,,,0,
2026-07-28,608348,Carson Kelly,Michael Mcgreevy,CHC@STL,,8.0,,,2.39,3.16,0.994,1.004,1.12,10.1,10.85,,,,,,,,0,
2026-07-28,663647,Ke'Bryan Hayes,Gavin Williams,CLE@CIN,,9.0,,,2.4,3.75,1.012,0.997,0.972,10.0,10.79,,,,,,,,0,
2026-07-28,678882,Ceddanne Rafaela,Gage Jump,BOS@ATH,,5.0,,,2.7,2.76,1.006,1.011,0.98,10.0,10.79,,,,,,,,0,
2026-07-28,702332,Caleb Durbin,Gage Jump,BOS@ATH,,6.0,,,2.78,2.76,1.006,1.011,0.98,10.0,10.79,,,,,,,,0,
2026-07-28,681297,Colton Cowser,Troy Melton,BAL@DET,,8.0,,,3.08,3.07,0.999,0.989,0.9,10.0,10.79,,,,,,,,0,
2026-07-28,667472,Dane Myers,Slade Cecconi,CLE@CIN,,7.0,,,2.27,3.3,1.011,0.997,1.057,9.9,10.74,,,,,,,,0,
2026-07-28,678391,Jorbit Vivas,Shane Bieber,TOR@WSH,,8.0,,,1.9,3.98,1.001,0.984,1.12,9.9,10.74,,,,,,,,0,
2026-07-28,679845,Nick Loftin,Taj Bradley,KC@MIN,,6.0,,,2.33,3.3,1.009,1.018,0.957,9.8,10.69,,,,,,,,0,
2026-07-28,655316,Andruw Monasterio,Gage Jump,BOS@ATH,,8.0,,,2.98,2.76,1.006,1.011,0.98,9.8,10.69,,,,,,,,0,
2026-07-28,694192,Jackson Chourio,Landen Roupp,MIL@SF,,2.0,,,3.64,2.01,0.988,0.996,0.917,9.6,10.58,,,,,,,,0,
2026-07-28,624641,Edmundo Sosa,Sandy Alcántara,PHI@MIA,,6.0,,,2.81,2.78,0.974,1.0,0.953,9.5,10.53,,,,,,,,0,
2026-07-28,542303,Marcell Ozuna,Brandon Pfaadt,AZ@PIT,,8.0,,,2.94,2.75,1.007,0.987,0.981,9.4,10.47,,,,,,,,0,
2026-07-28,686469,Vinnie Pasquantino,Taj Bradley,KC@MIN,,5.0,,,2.11,3.3,1.009,1.018,0.957,9.3,10.42,,,,,,,,0,
2026-07-28,805300,Jakob Marsee,Aaron Nola,PHI@MIA,,7.0,,,1.6,4.71,0.977,1.0,1.016,9.3,10.42,,,,,,,,0,
2026-07-28,595978,Austin Hedges,Caleb Ferguson,CLE@CIN,,8.0,,,2.71,3.0,1.011,0.997,0.925,9.1,10.31,,,,,,,,0,
2026-07-28,687515,Colby Thomas,Jake Bennett,BOS@ATH,,6.0,,,3.19,2.36,1.006,1.011,0.9,9.0,10.26,,,,,,,,0,
2026-07-28,543510,James Mccann,Bubba Chandler,AZ@PIT,,8.0,,,3.22,2.38,1.016,0.987,0.974,9.0,10.26,,,,,,,,0,
2026-07-28,677587,Brayan Rocchio,Caleb Ferguson,CLE@CIN,,5.0,,,2.36,3.0,1.011,0.997,0.925,8.9,10.2,,,,,,,,0,
2026-07-28,668930,Brice Turang,Landen Roupp,MIL@SF,,1.0,,,3.18,2.01,1.015,0.996,0.917,8.8,10.15,,,,,,,,0,
2026-07-28,677587,Brayan Rocchio,Chase Burns,CLE@CIN,,5.0,,,2.36,2.91,1.011,0.997,0.9,8.5,9.99,,,,,,,,0,
2026-07-28,805779,Jacob Wilson,Jake Bennett,BOS@ATH,,1.0,,,2.59,2.36,1.006,1.011,0.9,8.4,9.94,,,,,,,,0,
2026-07-28,694374,Tim Tawa,Bubba Chandler,AZ@PIT,,7.0,,,2.88,2.38,1.012,0.987,0.974,8.3,9.88,,,,,,,,0,
2026-07-28,680700,Richie Palacios,Cal Quantrill,TEX@TB,,7.0,,,2.04,3.15,1.0,1.0,1.032,8.3,9.88,,,,,,,,0,
2026-07-28,672275,Patrick Bailey,Chase Burns,CLE@CIN,,8.0,,,2.51,2.91,1.011,0.997,0.9,8.0,9.72,,,,,,,,0,
2026-07-28,543877,Christian Vázquez,Reid Detmers,HOU@LAA,,9.0,,,2.59,2.95,1.003,1.002,0.906,7.9,9.67,,,,,,,,0,
2026-07-28,686555,Isaac Collins,Taj Bradley,KC@MIN,,8.0,,,2.01,3.3,0.986,1.018,0.957,7.7,9.56,,,,,,,,0,
2026-07-28,672724,Oswald Peraza,Peter Lambert,HOU@LAA,,8.0,,,2.57,2.69,1.004,1.002,0.911,7.6,9.51,,,,,,,,0,
2026-07-28,678662,Ezequiel Tovar,Mike King,COL@SD,,9.0,,,2.38,2.64,1.007,0.999,1.04,7.5,9.45,,,,,,,,0,
2026-07-28,691026,Masyn Winn,Colin Rea,CHC@STL,,6.0,,,1.45,3.39,0.998,1.004,1.12,7.3,9.35,,,,,,,,0,
2026-07-28,664770,Nathan Lukes,Cade Cavalli,TOR@WSH,,2.0,,,2.26,2.23,1.001,0.984,0.982,7.2,9.29,,,,,,,,0,
2026-07-28,650859,Luis Rengifo,Michael Lorenzen,COL@SD,,6.0,,,1.53,3.16,1.007,0.999,1.12,7.2,9.29,,,,,,,,0,
2026-07-28,663538,Nico Hoerner,Michael Mcgreevy,CHC@STL,,6.0,,,1.47,3.16,0.998,1.004,1.12,6.9,9.13,,,,,,,,0,
2026-07-28,665966,Carlos Narváez,Gage Jump,BOS@ATH,,9.0,,,2.16,2.76,1.006,1.011,0.98,6.8,9.08,,,,,,,,0,
2026-07-28,683011,Anthony Volpe,Anthony Kay,NYY@CWS,,6.0,,,1.54,3.01,1.004,0.999,1.095,6.7,9.02,,,,,,,,0,
2026-07-28,661388,William Contreras,Landen Roupp,MIL@SF,,3.0,,,2.49,2.01,0.988,0.996,0.917,6.5,8.92,,,,,,,,0,
2026-07-28,662139,Daulton Varsho,Cade Cavalli,TOR@WSH,,6.0,,,2.25,2.23,1.001,0.984,0.982,6.4,8.86,,,,,,,,0,
2026-07-28,693304,Nick Gonzales,Brandon Pfaadt,AZ@PIT,,6.0,,,1.77,2.75,1.016,0.987,0.981,6.3,8.81,,,,,,,,0,
2026-07-28,592885,Christian Yelich,Landen Roupp,MIL@SF,,4.0,,,2.4,2.01,0.993,0.996,0.917,6.2,8.76,,,,,,,,0,
2026-07-28,807712,Luke Keaschall,Seth Lugo,KC@MIN,,7.0,,,1.49,2.91,1.009,1.018,1.116,6.2,8.76,,,,,,,,0,
2026-07-28,665926,Andrés Giménez,Cade Cavalli,TOR@WSH,,8.0,,,2.28,2.23,0.998,0.984,0.982,6.0,8.65,,,,,,,,0,
2026-07-28,683734,Andrew Vaughn,Landen Roupp,MIL@SF,,5.0,,,2.36,2.01,0.984,0.996,0.917,5.8,8.54,,,,,,,,0,
2026-07-28,681351,Logan O'Hoppe,Peter Lambert,HOU@LAA,,9.0,,,2.04,2.69,1.006,1.002,0.911,5.8,8.54,,,,,,,,0,
2026-07-28,666397,Edouard Julien,Mike King,COL@SD,,8.0,,,1.73,2.64,1.002,0.999,1.04,5.7,8.49,,,,,,,,0,
2026-07-28,663968,Jake Mangum,Brandon Pfaadt,AZ@PIT,,1.0,,,1.35,2.75,1.012,0.987,0.981,5.5,8.38,,,,,,,,0,
2026-07-28,665489,Vladimir Guerrero,Cade Cavalli,TOR@WSH,,3.0,,,1.74,2.23,0.998,0.984,0.982,5.4,8.33,,,,,,,,0,
2026-07-28,683083,Nasim Nuñez,Shane Bieber,TOR@WSH,,7.0,,,0.99,3.98,0.995,0.984,1.12,5.4,8.33,,,,,,,,0,
2026-07-28,687859,Troy Johnston,Mike King,COL@SD,,6.0,,,1.43,2.64,1.007,0.999,1.04,5.2,8.22,,,,,,,,0,
2026-07-28,666152,David Hamilton,Landen Roupp,MIL@SF,,9.0,,,1.8,2.01,0.993,0.996,0.917,3.8,7.47,,,,,,,,0,
2026-07-28,670764,Taylor Walls,Cal Quantrill,TEX@TB,,8.0,,,0.88,3.15,1.0,1.0,1.032,3.5,7.31,,,,,,,,0,
2026-07-30,691406,Junior Caminero,Cole Winn,TEX@TB,,3.0,3B,,5.53,3.78,1.0,1.0,1.077,29.1,21.04,,,,,,,,0,
2026-07-30,695578,James Wood,Grant Holmes,WSH@ATL,,1.0,RF,,5.3,3.42,1.009,1.0,1.055,26.5,19.64,,,,,,,,0,
2026-07-30,671277,Luis García,Grant Holmes,WSH@ATL,,2.0,1B,,5.32,3.42,1.009,1.0,1.055,26.0,19.37,,,,,,,,1,
2026-07-30,691023,Jordan Walker,Javier Assad,CHC@STL,,2.0,DH,,4.49,4.02,0.998,1.018,1.047,25.9,19.32,,,,,,,,0,
2026-07-30,695657,Colson Montgomery,Ryan Weathers,NYY@CWS,,5.0,3B,,5.08,3.56,1.009,1.033,1.032,24.6,18.62,,,,,,,,0,
2026-07-30,621566,Matt Olson,Jake Irvin,WSH@ATL,,3.0,1B,,5.32,3.06,1.009,1.0,1.105,24.1,18.36,,,,,,,,0,
2026-07-30,686948,Drake Baldwin,Jake Irvin,WSH@ATL,,1.0,C,,4.74,3.06,1.0,1.0,1.105,22.5,17.5,,,,,,,,0,
2026-07-30,678246,Miguel Vargas,Ryan Weathers,NYY@CWS,,3.0,DH,,4.4,3.56,1.004,1.033,1.032,22.4,17.44,,,,,,,,0,
2026-07-30,700250,Ben Rice,Sean Burke,NYY@CWS,,2.0,1B,,6.19,2.76,0.997,1.033,0.912,22.0,17.23,,,,,,,,0,
2026-07-30,695506,Jac Caglianone,Bailey Ober,KC@MIN,,3.0,1B,,3.89,3.57,1.009,1.036,1.023,20.0,16.16,,,,,,,,1,
2026-07-30,671739,Michael Harris,Jake Irvin,WSH@ATL,,4.0,CF,,4.24,3.06,1.009,1.0,1.105,19.5,15.89,,,,,,,,0,
2026-07-30,665019,Kody Clemens,Noah Cameron,KC@MIN,,5.0,RF,,4.35,2.98,1.009,1.036,1.075,18.9,15.57,,,,,,,,1,
2026-07-30,650490,Yandy Díaz,Cole Winn,TEX@TB,,1.0,DH,,3.26,3.78,1.0,1.0,1.077,18.9,15.57,,,,,,,,0,
2026-07-30,680777,Ryan Jeffers,Noah Cameron,KC@MIN,,2.0,C,,4.09,2.98,0.99,1.036,1.075,18.7,15.46,,,,,,,,0,
2026-07-30,695600,Carter Jensen,Bailey Ober,KC@MIN,,1.0,DH,,3.41,3.57,1.009,1.036,1.023,18.6,15.41,,,,,,,,0,
2026-07-30,656775,Cedric Mullins,Cole Winn,TEX@TB,,4.0,CF,,3.27,3.78,1.0,1.0,1.077,18.1,15.14,,,,,,,,1,
2026-07-30,686611,Dylan Crews,Grant Holmes,WSH@ATL,,3.0,CF,,3.57,3.42,0.991,1.0,1.055,17.4,14.76,,,,,,,,0,
2026-07-30,521692,Salvador Pérez,Bailey Ober,KC@MIN,,4.0,C,,3.41,3.57,0.99,1.036,1.023,17.3,14.71,,,,,,,,0,
2026-07-30,645277,Ozzie Albies,Jake Irvin,WSH@ATL,,5.0,2B,,3.67,3.06,0.991,1.0,1.105,16.2,14.12,,,,,,,,0,
2026-07-30,677592,Everson Pereira,Ryan Weathers,NYY@CWS,,6.0,CF,,3.33,3.56,1.004,1.033,1.032,16.1,14.06,,,,,,,,0,
2026-07-30,671056,Iván Herrera,Javier Assad,CHC@STL,,4.0,C,,2.62,4.02,0.998,1.018,1.047,15.4,13.69,,,,,,,,0,
2026-07-30,668904,Royce Lewis,Noah Cameron,KC@MIN,,3.0,2B,,3.25,2.98,0.99,1.036,1.075,14.8,13.37,,,,,,,,0,
2026-07-30,686681,Michael Massey,Bailey Ober,KC@MIN,,5.0,2B,,2.85,3.57,1.006,1.036,1.023,14.4,13.15,,,,,,,,0,
2026-07-30,665052,Griffin Conine,Nolan Mclean,MIA@NYM,,6.0,RF,,5.13,2.41,0.99,0.989,0.919,14.2,13.05,,,,,,,,0,
2026-07-30,605137,Josh Bell,Noah Cameron,KC@MIN,,4.0,DH,,3.07,2.98,1.009,1.036,1.075,14.2,13.05,,,,,,,,0,
2026-07-30,668709,Jj Bleday,Yohan Ramírez,PIT@CIN,,3.0,LF,,4.8,2.16,1.011,1.002,0.955,13.9,12.89,,,,,,,,0,
2026-07-30,686797,Brooks Lee,Noah Cameron,KC@MIN,,7.0,3B,,3.46,2.98,0.99,1.036,1.075,13.9,12.89,,,,,,,,0,
2026-07-30,682626,Francisco Álvarez,Eury Pérez,MIA@NYM,,9.0,C,,4.05,3.19,0.99,0.989,0.978,13.8,12.83,,,,,,,,0,
2026-07-30,663457,Lars Nootbaar,Javier Assad,CHC@STL,,5.0,RF,,2.34,4.02,0.989,1.018,1.047,13.2,12.51,,,,,,,,0,
2026-07-30,701398,Sal Stewart,Yohan Ramírez,PIT@CIN,,2.0,1B,,4.39,2.16,1.011,1.002,0.955,13.1,12.46,,,,,,,,0,
2026-07-30,682829,Elly De La Cruz,Yohan Ramírez,PIT@CIN,,1.0,SS,,4.2,2.16,1.011,1.002,0.955,12.8,12.3,,,,,,,,0,
2026-07-30,665862,Jazz Chisholm,Sean Burke,NYY@CWS,,6.0,2B,,3.8,2.76,0.997,1.033,0.912,12.7,12.24,,,,,,,,0,
2026-07-30,673357,Luis Robert,Eury Pérez,MIA@NYM,,5.0,CF,,3.12,3.19,0.991,0.989,0.978,12.7,12.24,,,,,,,,0,
2026-07-30,695734,Daylen Lile,Grant Holmes,WSH@ATL,,5.0,LF,,2.58,3.42,1.009,1.0,1.055,12.5,12.13,,,,,,,,1,
2026-07-30,543760,Marcus Semien,Eury Pérez,MIA@NYM,,7.0,2B,,3.3,3.19,0.991,0.989,0.978,12.4,12.08,,,,,,,,0,
2026-07-30,669394,Jake Burger,Shane Mcclanahan,TEX@TB,,4.0,1B,,4.21,2.12,1.0,1.0,0.995,12.3,12.03,,,,,,,,0,
2026-07-30,663757,Trent Grisham,Sean Burke,NYY@CWS,,1.0,CF,,3.15,2.76,1.009,1.033,0.912,12.2,11.97,,,,,,,,0,
2026-07-30,677588,José Tena,Grant Holmes,WSH@ATL,,7.0,DH,,2.68,3.42,1.009,1.0,1.055,12.0,11.87,,,,,,,,0,
2026-07-30,642086,Dominic Smith,Jake Irvin,WSH@ATL,,7.0,DH,,2.84,3.06,1.002,1.0,1.105,11.8,11.76,,,,,,,,0,
2026-07-30,663993,Nathaniel Lowe,Yohan Ramírez,PIT@CIN,,5.0,DH,,4.13,2.16,1.011,1.002,0.955,11.6,11.65,,,,,,,,0,
2026-07-30,679845,Nick Loftin,Bailey Ober,KC@MIN,,6.0,RF,,2.33,3.57,1.009,1.036,1.023,11.5,11.6,,,,,,,,0,
2026-07-30,624424,Michael Conforto,Andre Pallante,CHC@STL,,7.0,RF,,4.13,2.36,0.998,1.018,0.935,11.4,11.54,,,,,,,,0,
2026-07-30,664023,Ian Happ,Andre Pallante,CHC@STL,,5.0,LF,,3.79,2.36,0.998,1.018,0.935,11.4,11.54,,,,,,,,0,
2026-07-30,691176,Jasson Domínguez,Sean Burke,NYY@CWS,,3.0,RF,,3.09,2.76,0.997,1.033,0.912,11.3,11.49,,,,,,,,0,
2026-07-30,669065,Kyle Stowers,Nolan Mclean,MIA@NYM,,4.0,1B,,3.7,2.41,0.99,0.989,0.919,11.2,11.44,,,,,,,,1,
2026-07-30,553993,Eugenio Suárez,Yohan Ramírez,PIT@CIN,,6.0,3B,,4.13,2.16,1.011,1.002,0.955,11.2,11.44,,,,,,,,0,
2026-07-30,643289,Mauricio Dubón,Jake Irvin,WSH@ATL,,6.0,3B,,2.5,3.06,1.009,1.0,1.105,11.1,11.38,,,,,,,,0,
2026-07-30,666182,Bo Bichette,Eury Pérez,MIA@NYM,,3.0,3B,,2.33,3.19,0.991,0.989,0.978,10.0,10.79,,,,,,,,0,
2026-07-30,677649,Ezequiel Duran,Shane Mcclanahan,TEX@TB,,2.0,3B,,3.17,2.12,1.0,1.0,0.995,9.7,10.63,,,,,,,,0,
2026-07-30,621020,Dansby Swanson,Andre Pallante,CHC@STL,,9.0,SS,,3.77,2.36,0.998,1.018,0.935,9.5,10.53,,,,,,,,0,
2026-07-30,686555,Isaac Collins,Bailey Ober,KC@MIN,,7.0,LF,,2.01,3.57,0.986,1.036,1.023,9.3,10.42,,,,,,,,0,
2026-07-30,669224,Austin Wells,Sean Burke,NYY@CWS,,9.0,C,,2.95,2.76,1.009,1.033,0.912,8.8,10.15,,,,,,,,0,
2026-07-30,682622,Noelvi Marte,Yohan Ramírez,PIT@CIN,,8.0,RF,,3.44,2.16,1.012,1.002,0.955,8.6,10.04,,,,,,,,0,
2026-07-30,663886,Tyler Stephenson,Yohan Ramírez,PIT@CIN,,4.0,C,,2.84,2.16,1.011,1.002,0.955,8.4,9.94,,,,,,,,0,
2026-07-30,683146,Brett Baty,Eury Pérez,MIA@NYM,,6.0,1B,,2.05,3.19,0.99,0.989,0.978,8.2,9.83,,,,,,,,0,
2026-07-30,678391,Jorbit Vivas,Grant Holmes,WSH@ATL,,8.0,3B,,1.9,3.42,1.0,1.0,1.055,8.2,9.83,,,,,,,,0,
2026-07-30,691026,Masyn Winn,Javier Assad,CHC@STL,,6.0,SS,,1.45,4.02,0.998,1.018,1.047,8.1,9.77,,,,,,,,0,
2026-07-30,608324,Alex Bregman,Andre Pallante,CHC@STL,,4.0,3B,,2.43,2.36,0.995,1.018,0.935,7.7,9.56,,,,,,,,0,
2026-07-30,810938,Ben Williamson,Cole Winn,TEX@TB,,7.0,2B,,1.51,3.78,1.0,1.0,1.077,7.7,9.56,,,,,,,,0,
2026-07-30,593871,Jorge Polanco,Eury Pérez,MIA@NYM,,8.0,DH,,2.07,3.19,0.99,0.989,0.978,7.6,9.51,,,,,,,,0,
2026-07-30,682668,Luisangel Acuña,Ryan Weathers,NYY@CWS,,8.0,SS,,1.57,3.56,1.004,1.033,1.032,7.2,9.29,,,,,,,,0,
2026-07-30,672640,Otto Lopez,Nolan Mclean,MIA@NYM,,3.0,SS,,2.2,2.41,0.991,0.989,0.919,6.8,9.08,,,,,,,,0,
2026-07-30,668885,Austin Martin,Noah Cameron,KC@MIN,,1.0,LF,,1.35,2.98,0.99,1.036,1.075,6.7,9.02,,,,,,,,0,
2026-07-30,807712,Luke Keaschall,Noah Cameron,KC@MIN,,6.0,CF,,1.49,2.98,1.009,1.036,1.075,6.6,8.97,,,,,,,,0,
2026-07-30,608348,Carson Kelly,Andre Pallante,CHC@STL,,8.0,C,,2.39,2.36,0.994,1.018,0.935,6.4,8.86,,,,,,,,0,
2026-07-30,667472,Dane Myers,Yohan Ramírez,PIT@CIN,,7.0,CF,,2.27,2.16,1.011,1.002,0.955,6.0,8.65,,,,,,,,0,
2026-07-30,688363,Graham Pauley,Nolan Mclean,MIA@NYM,,8.0,3B,,2.09,2.41,0.989,0.989,0.919,5.5,8.38,,,,,,,,0,
2026-07-30,669364,Xavier Edwards,Nolan Mclean,MIA@NYM,,2.0,2B,,1.67,2.41,0.99,0.989,0.919,5.3,8.27,,,,,,,,0,
2026-07-30,683011,Anthony Volpe,Sean Burke,NYY@CWS,,7.0,SS,,1.54,2.76,1.004,1.033,0.912,5.1,8.17,,,,,,,,0,
2026-07-30,663538,Nico Hoerner,Andre Pallante,CHC@STL,,6.0,2B,,1.47,2.36,0.998,1.018,0.935,4.4,7.79,,,,,,,,0,
2026-07-30,805300,Jakob Marsee,Nolan Mclean,MIA@NYM,,7.0,CF,,1.6,2.41,0.99,0.989,0.919,4.4,7.79,,,,,,,,1,
2026-07-30,670764,Taylor Walls,Cole Winn,TEX@TB,,8.0,SS,,0.88,3.78,1.0,1.0,1.077,4.4,7.79,,,,,,,,0,
2026-07-30,683083,Nasim Nuñez,Grant Holmes,WSH@ATL,,9.0,2B,,0.99,3.42,0.991,1.0,1.055,4.1,7.63,,,,,,,,0,
2026-07-31,665052,Griffin Conine,Kodai Senga,MIA@NYM,,5.0,RF,,5.04,4.82,0.99,1.035,1.12,33.7,23.5,,,,,,,,0,
2026-07-31,670541,Yordan Álvarez,Nathan Eovaldi,TEX@HOU,,2.0,DH,,6.51,4.04,1.005,1.0,0.972,33.2,23.23,,,,,,,,0,
2026-07-31,700250,Ben Rice,Shota Imanaga,NYY@CHC,,2.0,DH,,6.13,4.17,0.976,1.032,0.936,31.5,22.32,,,,,,,,0,
2026-07-31,691406,Junior Caminero,Erick Fedde,CWS@TB,,3.0,3B,,5.49,4.11,1.0,1.0,1.052,30.5,21.79,,,,,,,,1,
2026-07-31,669065,Kyle Stowers,Kodai Senga,MIA@NYM,,4.0,1B,,3.88,4.82,0.99,1.035,1.12,27.8,20.34,,,,,,,,1,
2026-07-31,624413,Pete Alonso,Andrew Painter,PHI@BAL,,2.0,1B,,4.3,4.14,1.015,1.011,1.1,26.9,19.86,,,,,,,,1,
2026-07-31,671277,Luis García,Bryce Elder,WSH@ATL,,2.0,1B,,5.47,3.59,1.009,1.029,0.975,26.7,19.75,,,,,,,,0,
2026-07-31,695578,James Wood,Bryce Elder,WSH@ATL,,1.0,DH,,5.26,3.59,1.009,1.029,0.975,26.3,19.53,,,,,,,,0,
2026-07-31,695506,Jac Caglianone,Tomoyuki Sugano,KC@COL,,3.0,1B,,4.05,4.43,0.966,1.012,1.12,25.8,19.27,,,,,,,,0,
2026-07-31,696100,Hunter Goodman,Michael Wacha,KC@COL,,3.0,C,,6.45,2.99,0.963,1.012,1.007,25.0,18.84,,,,,,,,0,
2026-07-31,691723,Coby Mayo,Andrew Painter,PHI@BAL,,7.0,3B,,4.47,4.14,1.006,1.011,1.1,24.2,18.41,,,,,,,,0,
2026-07-31,572233,Christian Walker,Nathan Eovaldi,TEX@HOU,,4.0,1B,,4.44,4.04,1.034,1.0,0.972,23.8,18.19,,,,,,,,1,
2026-07-31,621566,Matt Olson,Foster Griffin,WSH@ATL,,3.0,1B,,5.29,3.32,1.009,1.029,0.969,23.5,18.03,,,,,,,,1,
2026-07-31,665161,Jeremy Peña,Nathan Eovaldi,TEX@HOU,,1.0,SS,,4.07,4.04,1.034,1.0,0.972,23.1,17.82,,,,,,,,0,
2026-07-31,695600,Carter Jensen,Tomoyuki Sugano,KC@COL,,1.0,C,,3.38,4.43,0.966,1.012,1.12,22.9,17.71,,,,,,,,1,
2026-07-31,683002,Gunnar Henderson,Andrew Painter,PHI@BAL,,3.0,SS,,3.51,4.14,1.015,1.011,1.1,22.0,17.23,,,,,,,,0,
2026-07-31,521692,Salvador Pérez,Tomoyuki Sugano,KC@COL,,4.0,DH,,3.38,4.43,0.963,1.012,1.12,21.8,17.12,,,,,,,,0,
2026-07-31,666160,Mickey Moniak,Michael Wacha,KC@COL,,2.0,DH,,5.38,2.99,0.956,1.012,1.007,21.5,16.96,,,,,,,,0,
2026-07-31,686948,Drake Baldwin,Foster Griffin,WSH@ATL,,2.0,DH,,4.7,3.32,1.0,1.029,0.969,21.4,16.91,,,,,,,,0,
2026-07-31,656941,Kyle Schwarber,Brandon Young,PHI@BAL,,2.0,DH,,6.34,2.4,1.015,1.011,0.989,21.3,16.85,,,,,,,,0,
2026-07-31,672960,Kazuma Okamoto,Kyle Leahy,STL@TOR,,3.0,3B,,5.01,2.84,1.004,1.0,1.1,21.2,16.8,,,,,,,,0,
2026-07-31,657041,Lane Thomas,Tomoyuki Sugano,KC@COL,,2.0,CF,,3.09,4.43,0.966,1.012,1.12,20.7,16.53,,,,,,,,0,
2026-07-31,606466,Ketel Marte,Tanner Bibee,AZ@CLE,,4.0,2B,,3.9,3.72,1.018,0.989,1.032,20.3,16.32,,,,,,,,0,
2026-07-31,656775,Cedric Mullins,Erick Fedde,CWS@TB,,4.0,CF,,3.45,4.11,1.0,1.0,1.052,20.0,16.16,,,,,,,,0,
2026-07-31,650490,Yandy Díaz,Erick Fedde,CWS@TB,,1.0,DH,,3.23,4.11,1.0,1.0,1.052,19.9,16.1,,,,,,,,0,
2026-07-31,671739,Michael Harris,Foster Griffin,WSH@ATL,,5.0,CF,,4.21,3.32,1.009,1.029,0.969,18.4,15.3,,,,,,,,1,
2026-07-31,682998,Corbin Carroll,Tanner Bibee,AZ@CLE,,1.0,RF,,3.25,3.72,1.011,0.989,1.032,17.9,15.03,,,,,,,,0,
2026-07-31,686681,Michael Massey,Tomoyuki Sugano,KC@COL,,5.0,2B,,2.82,4.43,0.956,1.012,1.12,17.7,14.92,,,,,,,,0,
2026-07-31,695657,Colson Montgomery,Nick Martínez,CWS@TB,,4.0,SS,,5.03,2.5,1.0,1.0,1.014,17.4,14.76,,,,,,,,1,
2026-07-31,686611,Dylan Crews,Bryce Elder,WSH@ATL,,3.0,RF,,3.53,3.59,0.991,1.029,0.975,17.2,14.65,,,,,,,,0,
2026-07-31,514888,José Altuve,Nathan Eovaldi,TEX@HOU,,5.0,2B,,3.22,4.04,1.034,1.0,0.972,17.1,14.6,,,,,,,,0,
2026-07-31,664023,Ian Happ,Will Warren,NYY@CHC,,5.0,LF,,3.75,3.26,0.978,1.032,1.042,16.9,14.49,,,,,,,,0,
2026-07-31,624424,Michael Conforto,Will Warren,NYY@CHC,,7.0,RF,,4.07,3.26,0.978,1.032,1.042,16.8,14.44,,,,,,,,0,
2026-07-31,702616,Jackson Holliday,Andrew Painter,PHI@BAL,,6.0,2B,,2.84,4.14,1.015,1.011,1.1,16.8,14.44,,,,,,,,0,
2026-07-31,681297,Colton Cowser,Andrew Painter,PHI@BAL,,8.0,CF,,3.08,4.14,1.015,1.011,1.1,16.7,14.39,,,,,,,,0,
2026-07-31,672640,Otto Lopez,Kodai Senga,MIA@NYM,,3.0,SS,,2.18,4.82,0.991,1.035,1.12,16.6,14.33,,,,,,,,0,
2026-07-31,645277,Ozzie Albies,Foster Griffin,WSH@ATL,,4.0,2B,,3.65,3.32,0.991,1.029,0.969,16.4,14.23,,,,,,,,0,
2026-07-31,691176,Jasson Domínguez,Shota Imanaga,NYY@CHC,,4.0,RF,,3.04,4.17,0.976,1.032,0.936,16.3,14.17,,,,,,,,0,
2026-07-31,666211,Taylor Trammell,Nathan Eovaldi,TEX@HOU,,6.0,CF,,3.2,4.04,1.025,1.0,0.972,16.3,14.17,,,,,,,,0,
2026-07-31,663757,Trent Grisham,Shota Imanaga,NYY@CHC,,5.0,CF,,3.11,4.17,0.978,1.032,0.936,16.1,14.06,,,,,,,,0,
2026-07-31,691781,Brady House,Bryce Elder,WSH@ATL,,5.0,3B,,3.44,3.59,0.991,1.029,0.975,16.1,14.06,,,,,,,,0,
2026-07-31,673237,Yainer Diaz,Nathan Eovaldi,TEX@HOU,,7.0,C,,3.29,4.04,1.004,1.0,0.972,15.7,13.85,,,,,,,,1,
2026-07-31,678246,Miguel Vargas,Nick Martínez,CWS@TB,,3.0,3B,,4.36,2.5,1.0,1.0,1.014,15.3,13.64,,,,,,,,1,
2026-07-31,621020,Dansby Swanson,Will Warren,NYY@CHC,,8.0,SS,,3.74,3.26,0.978,1.032,1.042,15.0,13.48,,,,,,,,0,
2026-07-31,547180,Bryce Harper,Brandon Young,PHI@BAL,,3.0,1B,,4.43,2.4,1.015,1.011,0.989,14.9,13.42,,,,,,,,0,
2026-07-31,668709,Jj Bleday,Paul Skenes,PIT@CIN,,3.0,LF,,4.75,2.43,1.011,1.024,0.9,14.9,13.42,,,,,,,,1,
2026-07-31,682626,Francisco Álvarez,Janson Junk,MIA@NYM,,9.0,C,,4.02,3.34,0.99,1.035,0.981,14.9,13.42,,,,,,,,0,
2026-07-31,543807,George Springer,Kyle Leahy,STL@TOR,,4.0,DH,,3.37,2.84,1.009,1.0,1.1,14.7,13.31,,,,,,,,0,
2026-07-31,701358,Cam Smith,Nathan Eovaldi,TEX@HOU,,9.0,RF,,3.22,4.04,1.034,1.0,0.972,14.5,13.21,,,,,,,,0,
2026-07-31,608369,Corey Seager,Hunter Brown,TEX@HOU,,3.0,SS,,4.03,2.72,1.004,1.0,0.94,14.3,13.1,,,,,,,,0,
2026-07-31,701398,Sal Stewart,Paul Skenes,PIT@CIN,,2.0,1B,,4.36,2.43,1.011,1.024,0.9,14.0,12.94,,,,,,,,1,
2026-07-31,682829,Elly De La Cruz,Paul Skenes,PIT@CIN,,1.0,SS,,4.16,2.43,1.011,1.024,0.9,13.7,12.78,,,,,,,,0,
2026-07-31,673357,Luis Robert,Janson Junk,MIA@NYM,,5.0,CF,,3.06,3.34,0.991,1.035,0.981,13.7,12.78,,,,,,,,0,
2026-07-31,695734,Daylen Lile,Bryce Elder,WSH@ATL,,6.0,LF,,2.91,3.59,1.009,1.029,0.975,13.6,12.72,,,,,,,,0,
2026-07-31,669394,Jake Burger,Hunter Brown,TEX@HOU,,7.0,1B,,4.18,2.72,1.034,1.0,0.94,13.5,12.67,,,,,,,,0,
2026-07-31,676609,José Caballero,Shota Imanaga,NYY@CHC,,9.0,2B,,3.04,4.17,0.978,1.032,0.936,13.4,12.62,,,,,,,,0,
2026-07-31,680728,Adrian Del Castillo,Tanner Bibee,AZ@CLE,,7.0,DH,,2.86,3.72,1.006,0.989,1.032,13.4,12.62,,,,,,,,0,
2026-07-31,669364,Xavier Edwards,Kodai Senga,MIA@NYM,,2.0,2B,,1.66,4.82,0.99,1.035,1.12,13.1,12.46,,,,,,,,0,
2026-07-31,694374,Tim Tawa,Tanner Bibee,AZ@CLE,,8.0,1B,,2.88,3.72,1.018,0.989,1.032,13.1,12.46,,,,,,,,0,
2026-07-31,663698,Joey Bart,Foster Griffin,WSH@ATL,,8.0,C,,3.26,3.32,0.991,1.029,0.969,12.6,12.19,,,,,,,,0,
2026-07-31,664983,Jake Mccarthy,Michael Wacha,KC@COL,,1.0,LF,,2.86,2.99,0.966,1.012,1.007,12.4,12.08,,,,,,,,0,
2026-07-31,686555,Isaac Collins,Tomoyuki Sugano,KC@COL,,6.0,LF,,2.0,4.43,0.96,1.012,1.12,12.4,12.08,,,,,,,,0,
2026-07-31,663993,Nathaniel Lowe,Paul Skenes,PIT@CIN,,5.0,DH,,4.08,2.43,1.011,1.024,0.9,12.3,12.03,,,,,,,,0,
2026-07-31,805300,Jakob Marsee,Kodai Senga,MIA@NYM,,7.0,CF,,1.77,4.82,0.99,1.035,1.12,12.0,11.87,,,,,,,,0,
2026-07-31,553993,Eugenio Suárez,Paul Skenes,PIT@CIN,,6.0,3B,,4.09,2.43,1.011,1.024,0.9,12.0,11.87,,,,,,,,0,
2026-07-31,660821,Jesús Sánchez,Kyle Leahy,STL@TOR,,7.0,LF,,3.01,2.84,1.003,1.0,1.1,11.6,11.65,,,,,,,,0,
2026-07-31,608324,Alex Bregman,Will Warren,NYY@CHC,,4.0,DH,,2.41,3.26,0.976,1.032,1.042,11.5,11.6,,,,,,,,0,
2026-07-31,663586,Austin Riley,Foster Griffin,WSH@ATL,,7.0,3B,,2.81,3.32,1.004,1.029,0.969,11.5,11.6,,,,,,,,0,
2026-07-31,677588,José Tena,Bryce Elder,WSH@ATL,,8.0,2B,,2.65,3.59,1.009,1.029,0.975,11.4,11.54,,,,,,,,0,
2026-07-31,696285,Jacob Young,Bryce Elder,WSH@ATL,,9.0,CF,,2.84,3.59,0.991,1.029,0.975,11.4,11.54,,,,,,,,0,
2026-07-31,607208,Trea Turner,Brandon Young,PHI@BAL,,1.0,SS,,3.17,2.4,1.006,1.011,0.989,11.3,11.49,,,,,,,,1,
2026-07-31,677649,Ezequiel Duran,Hunter Brown,TEX@HOU,,5.0,3B,,3.14,2.72,1.034,1.0,0.94,11.2,11.44,,,,,,,,0,
2026-07-31,691023,Jordan Walker,Dylan Cease,STL@TOR,,2.0,RF,,4.45,1.9,1.009,1.0,0.9,11.1,11.38,,,,,,,,0,
2026-07-31,680700,Richie Palacios,Erick Fedde,CWS@TB,,7.0,2B,,2.04,4.11,1.0,1.0,1.052,10.9,11.28,,,,,,,,0,
2026-07-31,666182,Bo Bichette,Janson Junk,MIA@NYM,,3.0,3B,,2.31,3.34,0.991,1.035,0.981,10.9,11.28,,,,,,,,0,
2026-07-31,643289,Mauricio Dubón,Foster Griffin,WSH@ATL,,6.0,LF,,2.48,3.32,1.009,1.029,0.969,10.8,11.22,,,,,,,,0,
2026-07-31,664770,Nathan Lukes,Kyle Leahy,STL@TOR,,1.0,RF,,2.26,2.84,1.009,1.0,1.1,10.6,11.12,,,,,,,,0,
2026-07-31,691720,Kyle Karros,Michael Wacha,KC@COL,,5.0,3B,,2.65,2.99,0.963,1.012,1.007,10.5,11.06,,,,,,,,0,
2026-07-31,643217,Andrew Benintendi,Nick Martínez,CWS@TB,,5.0,DH,,3.04,2.5,1.0,1.0,1.014,10.4,11.01,,,,,,,,1,
2026-07-31,664761,Alec Bohm,Brandon Young,PHI@BAL,,4.0,3B,,3.05,2.4,1.015,1.011,0.989,10.4,11.01,,,,,,,,0,
2026-07-31,691594,Javier Sanoja,Kodai Senga,MIA@NYM,,9.0,3B,,1.64,4.82,0.991,1.035,1.12,10.2,10.9,,,,,,,,0,
2026-07-31,662139,Daulton Varsho,Kyle Leahy,STL@TOR,,5.0,CF,,2.24,2.84,1.009,1.0,1.1,9.6,10.58,,,,,,,,0,
2026-07-31,694497,Evan Carter,Hunter Brown,TEX@HOU,,6.0,CF,,2.77,2.72,1.004,1.0,0.94,9.3,10.42,,,,,,,,0,
2026-07-31,682622,Noelvi Marte,Paul Skenes,PIT@CIN,,8.0,RF,,3.39,2.43,1.012,1.024,0.9,9.2,10.36,,,,,,,,0,
2026-07-31,663886,Tyler Stephenson,Paul Skenes,PIT@CIN,,4.0,C,,2.81,2.43,1.011,1.024,0.9,9.0,10.26,,,,,,,,0,
2026-07-31,665804,Miguel Amaya,Will Warren,NYY@CHC,,9.0,C,,2.24,3.26,0.978,1.032,1.042,8.7,10.1,,,,,,,,0,
2026-07-31,683146,Brett Baty,Janson Junk,MIA@NYM,,7.0,2B,,2.03,3.34,0.99,1.035,0.981,8.5,9.99,,,,,,,,0,
2026-07-31,593871,Jorge Polanco,Janson Junk,MIA@NYM,,8.0,DH,,2.04,3.34,0.99,1.035,0.981,8.2,9.83,,,,,,,,0,
2026-07-31,665926,Andrés Giménez,Kyle Leahy,STL@TOR,,9.0,SS,,2.28,2.84,1.004,1.0,1.1,8.2,9.83,,,,,,,,0,
2026-07-31,665489,Vladimir Guerrero,Kyle Leahy,STL@TOR,,2.0,1B,,1.74,2.84,1.004,1.0,1.1,8.0,9.72,,,,,,,,0,
2026-07-31,678662,Ezequiel Tovar,Michael Wacha,KC@COL,,9.0,SS,,2.37,2.99,0.963,1.012,1.007,7.9,9.67,,,,,,,,0,
2026-07-31,683011,Anthony Volpe,Shota Imanaga,NYY@CHC,,6.0,SS,,1.51,4.17,0.978,1.032,0.936,7.8,9.61,,,,,,,,0,
2026-07-31,686668,Brenton Doyle,Michael Wacha,KC@COL,,8.0,CF,,1.93,2.99,0.963,1.012,1.007,6.8,9.08,,,,,,,,0,
2026-07-31,663538,Nico Hoerner,Will Warren,NYY@CHC,,6.0,2B,,1.45,3.26,0.978,1.032,1.042,6.6,8.97,,,,,,,,0,
2026-07-31,671289,Tyler Freeman,Michael Wacha,KC@COL,,6.0,2B,,1.69,2.99,0.966,1.012,1.007,6.6,8.97,,,,,,,,0,
2026-07-31,667472,Dane Myers,Paul Skenes,PIT@CIN,,7.0,CF,,2.23,2.43,1.011,1.024,0.9,6.4,8.86,,,,,,,,0,
2026-07-31,671056,Iván Herrera,Dylan Cease,STL@TOR,,4.0,DH,,2.61,1.9,1.009,1.0,0.9,6.4,8.86,,,,,,,,0,
2026-07-31,663457,Lars Nootbaar,Dylan Cease,STL@TOR,,5.0,LF,,2.3,1.9,1.003,1.0,0.9,5.4,8.33,,,,,,,,0,
2026-07-31,665877,José Fermín,Dylan Cease,STL@TOR,,8.0,3B,,2.58,1.9,1.009,1.0,0.9,5.4,8.33,,,,,,,,0,
2026-07-31,687859,Troy Johnston,Michael Wacha,KC@COL,,7.0,RF,,1.43,2.99,0.956,1.012,1.007,5.3,8.27,,,,,,,,0,
2026-07-31,670764,Taylor Walls,Erick Fedde,CWS@TB,,8.0,SS,,0.87,4.11,1.0,1.0,1.052,4.6,7.9,,,,,,,,0,
2026-07-31,691026,Masyn Winn,Dylan Cease,STL@TOR,,6.0,SS,,1.44,1.9,1.009,1.0,0.9,3.3,7.2,,,,,,,,0,
2026-08-01,621566,Matt Olson,Miles Mikolas,WSH@ATL,,3.0,1B,,5.42,4.71,1.009,1.031,1.1,36.3,24.9,,,,,,,,1,
2026-08-01,686948,Drake Baldwin,Miles Mikolas,WSH@ATL,,1.0,C,,4.66,4.71,1.0,1.031,1.1,33.0,23.13,,,,,,,,0,
2026-08-01,671739,Michael Harris,Miles Mikolas,WSH@ATL,,4.0,CF,,4.37,4.71,1.009,1.031,1.1,30.1,21.57,,,,,,,,0,
2026-08-01,670541,Yordan Álvarez,Jacob Degrom,TEX@HOU,,2.0,DH,,6.45,3.44,1.005,1.0,0.924,27.5,20.18,,,,,,,,0,
2026-08-01,671277,Luis García,Reynaldo López,WSH@ATL,,2.0,1B,,5.44,3.2,1.009,1.031,1.045,25.5,19.11,,,,,,,,0,
2026-08-01,695578,James Wood,Reynaldo López,WSH@ATL,,1.0,DH,,5.22,3.2,1.009,1.031,1.045,25.1,18.89,,,,,,,,0,
2026-08-01,645277,Ozzie Albies,Miles Mikolas,WSH@ATL,,5.0,2B,,3.63,4.71,0.991,1.031,1.1,24.3,18.46,,,,,,,,0,
2026-08-01,664040,Brandon Lowe,Andrew Abbott,PIT@CIN,,2.0,2B,,4.63,3.29,1.011,1.033,1.057,23.0,17.77,,,,,,,,0,
2026-08-01,696100,Hunter Goodman,Luinder Avila,KC@COL,,4.0,C,,6.41,2.37,0.963,0.999,1.066,20.8,16.59,,,,,,,,1,
2026-08-01,572233,Christian Walker,Jacob Degrom,TEX@HOU,,4.0,1B,,4.57,3.44,1.034,1.0,0.924,20.2,16.26,,,,,,,,0,
2026-08-01,668709,Jj Bleday,Braxton Ashcraft,PIT@CIN,,3.0,LF,,4.92,3.13,1.011,1.033,0.915,19.9,16.1,,,,,,,,0,
2026-08-01,642086,Dominic Smith,Miles Mikolas,WSH@ATL,,6.0,DH,,2.81,4.71,1.002,1.031,1.1,18.9,15.57,,,,,,,,1,
2026-08-01,665161,Jeremy Peña,Jacob Degrom,TEX@HOU,,1.0,SS,,4.01,3.44,1.034,1.0,0.924,18.8,15.51,,,,,,,,0,
2026-08-01,701398,Sal Stewart,Braxton Ashcraft,PIT@CIN,,2.0,DH,,4.49,3.13,1.011,1.033,0.915,18.7,15.46,,,,,,,,0,
2026-08-01,656941,Kyle Schwarber,Shane Baz,PHI@BAL,,2.0,DH,,6.3,2.01,1.015,1.014,1.013,18.4,15.3,,,,,,,,0,
2026-08-01,686527,Dominic Canzone,Connor Prielipp,MIN@SEA,,3.0,RF,,5.04,2.72,1.0,1.0,0.982,18.3,15.24,,,,,,,,0,
2026-08-01,663586,Austin Riley,Miles Mikolas,WSH@ATL,,7.0,3B,,2.79,4.71,1.004,1.031,1.1,17.9,15.03,,,,,,,,0,
2026-08-01,691023,Jordan Walker,Kevin Gausman,STL@TOR,,2.0,RF,,4.42,2.94,1.009,1.0,0.972,17.8,14.98,,,,,,,,0,
2026-08-01,695657,Colson Montgomery,Drew Rasmussen,CWS@TB,,4.0,SS,,5.17,2.81,1.0,1.0,0.9,17.8,14.98,,,,,,,,0,
2026-08-01,682829,Elly De La Cruz,Braxton Ashcraft,PIT@CIN,,1.0,SS,,4.12,3.13,1.011,1.033,0.915,17.7,14.92,,,,,,,,0,
2026-08-01,665019,Kody Clemens,Logan Gilbert,MIN@SEA,,3.0,2B,,4.48,3.02,1.0,1.0,0.935,17.3,14.71,,,,,,,,0,
2026-08-01,680777,Ryan Jeffers,Logan Gilbert,MIN@SEA,,2.0,DH,,4.3,3.02,1.002,1.0,0.935,17.1,14.6,,,,,,,,0,
2026-08-01,666160,Mickey Moniak,Luinder Avila,KC@COL,,5.0,DH,,5.33,2.37,0.956,0.999,1.066,16.8,14.44,,,,,,,,0,
2026-08-01,663993,Nathaniel Lowe,Braxton Ashcraft,PIT@CIN,,4.0,1B,,4.03,3.13,1.011,1.033,0.915,16.5,14.28,,,,,,,,0,
2026-08-01,686611,Dylan Crews,Reynaldo López,WSH@ATL,,3.0,RF,,3.48,3.2,0.991,1.031,1.045,16.3,14.17,,,,,,,,0,
2026-08-01,678246,Miguel Vargas,Drew Rasmussen,CWS@TB,,3.0,3B,,4.5,2.81,1.0,1.0,0.9,15.7,13.85,,,,,,,,0,
2026-08-01,668804,Bryan Reynolds,Andrew Abbott,PIT@CIN,,3.0,LF,,3.09,3.29,1.011,1.033,1.057,15.5,13.74,,,,,,,,0,
2026-08-01,553993,Eugenio Suárez,Braxton Ashcraft,PIT@CIN,,6.0,3B,,4.05,3.13,1.011,1.033,0.915,15.5,13.74,,,,,,,,0,
2026-08-01,665052,Griffin Conine,Zach Thornton,MIA@NYM,,9.0,DH,,4.97,2.53,0.99,1.052,1.037,15.0,13.48,,,,,,,,1,
2026-08-01,673237,Yainer Diaz,Jacob Degrom,TEX@HOU,,5.0,C,,3.54,3.44,1.004,1.0,0.924,14.9,13.42,,,,,,,,0,
2026-08-01,669065,Kyle Stowers,Zach Thornton,MIA@NYM,,6.0,1B,,4.05,2.53,0.99,1.052,1.037,14.2,13.05,,,,,,,,0,
2026-08-01,680779,Henry Davis,Andrew Abbott,PIT@CIN,,9.0,C,,3.45,3.29,1.012,1.033,1.057,14.0,12.94,,,,,,,,0,
2026-08-01,691406,Junior Caminero,Jordan Hicks,CWS@TB,,3.0,3B,,5.62,1.94,1.0,1.0,0.9,13.7,12.78,,,,,,,,0,
2026-08-01,542303,Marcell Ozuna,Andrew Abbott,PIT@CIN,,6.0,DH,,2.94,3.29,1.011,1.033,1.057,13.7,12.78,,,,,,,,0,
2026-08-01,691723,Coby Mayo,Cristopher Sánchez,PHI@BAL,,1.0,DH,,4.44,2.28,1.006,1.014,0.901,13.6,12.72,,,,,,,,0,
2026-08-01,514888,José Altuve,Jacob Degrom,TEX@HOU,,6.0,2B,,3.2,3.44,1.034,1.0,0.924,13.5,12.67,,,,,,,,0,
2026-08-01,686797,Brooks Lee,Logan Gilbert,MIN@SEA,,5.0,3B,,3.59,3.02,1.002,1.0,0.935,13.5,12.67,,,,,,,,0,
2026-08-01,668904,Royce Lewis,Logan Gilbert,MIN@SEA,,4.0,1B,,3.42,3.02,1.002,1.0,0.935,13.4,12.62,,,,,,,,0,
2026-08-01,682622,Noelvi Marte,Braxton Ashcraft,PIT@CIN,,5.0,RF,,3.34,3.13,1.012,1.033,0.915,13.3,12.56,,,,,,,,0,
2026-08-01,677594,Julio Rodríguez,Connor Prielipp,MIN@SEA,,4.0,CF,,3.56,2.72,1.002,1.0,0.982,13.2,12.51,,,,,,,,0,
2026-08-01,543760,Marcus Semien,Tyler Phillips,MIA@NYM,,6.0,2B,,3.26,2.84,0.991,1.052,1.052,13.1,12.46,,,,,,,,0,
2026-08-01,624413,Pete Alonso,Cristopher Sánchez,PHI@BAL,,4.0,1B,,4.44,2.28,1.015,1.014,0.901,13.0,12.4,,,,,,,,0,
2026-08-01,695734,Daylen Lile,Reynaldo López,WSH@ATL,,6.0,LF,,2.89,3.2,1.009,1.031,1.045,12.9,12.35,,,,,,,,0,
2026-08-01,547180,Bryce Harper,Shane Baz,PHI@BAL,,3.0,1B,,4.4,2.01,1.015,1.014,1.013,12.9,12.35,,,,,,,,0,
2026-08-01,666211,Taylor Trammell,Jacob Degrom,TEX@HOU,,7.0,CF,,3.14,3.44,1.025,1.0,0.924,12.5,12.13,,,,,,,,0,
2026-08-01,701358,Cam Smith,Jacob Degrom,TEX@HOU,,8.0,RF,,3.19,3.44,1.034,1.0,0.924,12.4,12.08,,,,,,,,0,
2026-08-01,606466,Ketel Marte,Parker Messick,AZ@CLE,,4.0,2B,,3.87,2.41,1.018,1.017,0.9,12.1,11.92,,,,,,,,0,
2026-08-01,624431,Jose Trevino,Braxton Ashcraft,PIT@CIN,,7.0,C,,3.27,3.13,1.011,1.033,0.915,12.0,11.87,,,,,,,,1,
2026-08-01,663728,Cal Raleigh,Connor Prielipp,MIN@SEA,,5.0,DH,,3.24,2.72,1.002,1.0,0.982,11.6,11.65,,,,,,,,0,
2026-08-01,668227,Randy Arozarena,Connor Prielipp,MIN@SEA,,2.0,LF,,2.97,2.72,1.0,1.0,0.982,11.4,11.54,,,,,,,,1,
2026-08-01,643217,Andrew Benintendi,Drew Rasmussen,CWS@TB,,5.0,DH,,3.23,2.81,1.0,1.0,0.9,11.0,11.33,,,,,,,,0,
2026-08-01,696285,Jacob Young,Reynaldo López,WSH@ATL,,9.0,CF,,2.83,3.2,0.991,1.031,1.045,10.9,11.28,,,,,,,,0,
2026-08-01,682998,Corbin Carroll,Parker Messick,AZ@CLE,,1.0,RF,,3.22,2.41,1.011,1.017,0.9,10.6,11.12,,,,,,,,1,
2026-08-01,671056,Iván Herrera,Kevin Gausman,STL@TOR,,4.0,DH,,2.59,2.94,1.009,1.0,0.972,10.5,11.06,,,,,,,,0,
2026-08-01,683002,Gunnar Henderson,Cristopher Sánchez,PHI@BAL,,3.0,SS,,3.49,2.28,1.015,1.014,0.901,10.4,11.01,,,,,,,,0,
2026-08-01,607208,Trea Turner,Shane Baz,PHI@BAL,,1.0,SS,,3.32,2.01,1.006,1.014,1.013,10.2,10.9,,,,,,,,0,
2026-08-01,664983,Jake Mccarthy,Luinder Avila,KC@COL,,1.0,LF,,2.84,2.37,0.966,0.999,1.066,10.2,10.9,,,,,,,,0,
2026-08-01,666182,Bo Bichette,Tyler Phillips,MIA@NYM,,3.0,DH,,2.3,2.84,0.991,1.052,1.052,10.1,10.85,,,,,,,,0,
2026-08-01,642215,Weston Wilson,Connor Prielipp,MIN@SEA,,8.0,3B,,3.1,2.72,1.002,1.0,0.982,9.9,10.74,,,,,,,,0,
2026-08-01,641933,Tyler O'Neill,Cristopher Sánchez,PHI@BAL,,5.0,RF,,3.33,2.28,1.006,1.014,0.901,9.4,10.47,,,,,,,,0,
2026-08-01,691720,Kyle Karros,Luinder Avila,KC@COL,,2.0,3B,,2.63,2.37,0.963,0.999,1.066,9.3,10.42,,,,,,,,0,
2026-08-01,650489,Willi Castro,Luinder Avila,KC@COL,,7.0,2B,,3.0,2.37,0.963,0.999,1.066,9.1,10.31,,,,,,,,1,
2026-08-01,605170,Víctor Caratini,Logan Gilbert,MIN@SEA,,7.0,C,,2.54,3.02,1.0,1.0,0.935,9.0,10.26,,,,,,,,0,
2026-08-01,664761,Alec Bohm,Shane Baz,PHI@BAL,,4.0,3B,,3.02,2.01,1.015,1.014,1.013,8.9,10.2,,,,,,,,0,
2026-08-01,663457,Lars Nootbaar,Kevin Gausman,STL@TOR,,5.0,LF,,2.27,2.94,1.003,1.0,0.972,8.8,10.15,,,,,,,,0,
2026-08-01,672640,Otto Lopez,Zach Thornton,MIA@NYM,,1.0,SS,,2.16,2.53,0.991,1.052,1.037,8.8,10.15,,,,,,,,0,
2026-08-01,693304,Nick Gonzales,Andrew Abbott,PIT@CIN,,5.0,3B,,1.74,3.29,1.011,1.033,1.057,8.6,10.04,,,,,,,,0,
2026-08-01,543510,James Mccann,Parker Messick,AZ@CLE,,8.0,C,,3.22,2.41,1.006,1.017,0.9,8.6,10.04,,,,,,,,0,
2026-08-01,650490,Yandy Díaz,Jordan Hicks,CWS@TB,,1.0,DH,,3.21,1.94,1.0,1.0,0.9,8.4,9.94,,,,,,,,0,
2026-08-01,663968,Jake Mangum,Andrew Abbott,PIT@CIN,,1.0,CF,,1.55,3.29,1.012,1.033,1.057,8.4,9.94,,,,,,,,0,
2026-08-01,694374,Tim Tawa,Parker Messick,AZ@CLE,,6.0,CF,,2.85,2.41,1.018,1.017,0.9,8.4,9.94,,,,,,,,0,
2026-08-01,683146,Brett Baty,Tyler Phillips,MIA@NYM,,7.0,3B,,2.03,2.84,0.99,1.052,1.052,7.9,9.67,,,,,,,,0,
2026-08-01,702616,Jackson Holliday,Cristopher Sánchez,PHI@BAL,,8.0,2B,,2.8,2.28,1.015,1.014,0.901,7.1,9.24,,,,,,,,0,
2026-08-01,668670,Jake Rogers,Cristopher Sánchez,PHI@BAL,,9.0,C,,2.87,2.28,1.006,1.014,0.901,6.9,9.13,,,,,,,,0,
2026-08-01,669364,Xavier Edwards,Zach Thornton,MIA@NYM,,4.0,2B,,1.65,2.53,0.99,1.052,1.037,6.4,8.86,,,,,,,,0,
2026-08-01,620443,Luis Torrens,Tyler Phillips,MIA@NYM,,9.0,C,,1.77,2.84,0.991,1.052,1.052,6.3,8.81,,,,,,,,0,
2026-08-01,669707,Jared Triolo,Andrew Abbott,PIT@CIN,,7.0,SS,,1.27,3.29,1.011,1.033,1.057,5.8,8.54,,,,,,,,0,
2026-08-01,691594,Javier Sanoja,Zach Thornton,MIA@NYM,,7.0,RF,,1.63,2.53,0.991,1.052,1.037,5.6,8.43,,,,,,,,1,
2026-08-01,807712,Luke Keaschall,Logan Gilbert,MIN@SEA,,6.0,CF,,1.47,3.02,1.0,1.0,0.935,5.5,8.38,,,,,,,,1,
2026-08-01,691026,Masyn Winn,Kevin Gausman,STL@TOR,,6.0,SS,,1.43,2.94,1.009,1.0,0.972,5.5,8.38,,,,,,,,0,
2026-08-01,686668,Brenton Doyle,Luinder Avila,KC@COL,,9.0,CF,,1.9,2.37,0.963,0.999,1.066,5.3,8.27,,,,,,,,0,
2026-08-01,671289,Tyler Freeman,Luinder Avila,KC@COL,,8.0,RF,,1.68,2.37,0.966,0.999,1.066,5.0,8.11,,,,,,,,0,
2026-08-01,668885,Austin Martin,Logan Gilbert,MIN@SEA,,9.0,RF,,1.34,3.02,1.002,1.0,0.935,4.4,7.79,,,,,,,,0,
2026-08-01,663743,Nick Fortes,Jordan Hicks,CWS@TB,,8.0,C,,2.06,1.94,1.0,1.0,0.9,4.4,7.79,,,,,,,,0,
2026-08-01,683083,Nasim Nuñez,Reynaldo López,WSH@ATL,,7.0,2B,,0.98,3.2,0.991,1.031,1.045,4.2,7.68,,,,,,,,0,
2026-08-01,810938,Ben Williamson,Jordan Hicks,CWS@TB,,7.0,2B,,1.49,1.94,1.0,1.0,0.9,3.3,7.2,,,,,,,,0,
2026-08-01,670764,Taylor Walls,Jordan Hicks,CWS@TB,,9.0,SS,,0.87,1.94,1.0,1.0,0.9,1.8,6.4,,,,,,,,0,
2026-08-02,691023,Jordan Walker,Max Scherzer,STL@TOR,,2.0,DH,,4.39,5.09,1.009,1.0,1.12,32.7,22.97,,,,,,,,0,
2026-08-02,700250,Ben Rice,Colin Rea,NYY@CHC,,2.0,1B,,6.08,3.39,0.976,0.962,1.12,28.8,20.88,,,,,,,,0,
2026-08-02,695578,James Wood,Jr Ritchie,WSH@ATL,,1.0,RF,,5.19,3.51,1.009,1.032,1.065,27.6,20.23,,,,,,,,0,
2026-08-02,672960,Kazuma Okamoto,Matthew Liberatore,STL@TOR,,3.0,1B,,4.94,3.87,1.004,1.0,1.096,27.4,20.12,,,,,,,,0,
2026-08-02,670541,Yordan Álvarez,Kumar Rocker,TEX@HOU,,2.0,LF,,6.4,3.0,1.005,1.0,1.04,26.9,19.86,,,,,,,,0,
2026-08-02,695506,Jac Caglianone,Kyle Freeland,KC@COL,,3.0,RF,,4.17,4.24,0.966,1.034,1.12,26.0,19.37,,,,,,,,0,
2026-08-02,695657,Colson Montgomery,Griffin Jax,CWS@TB,,4.0,SS,,5.14,3.45,1.0,1.0,1.054,24.6,18.62,,,,,,,,0,
2026-08-02,575929,Willson Contreras,Emmet Sheehan,BOS@LAD,,4.0,1B,,4.94,3.95,1.001,1.0,0.954,24.5,18.57,,,,,,,,0,
2026-08-02,691406,Junior Caminero,Anthony Kay,CWS@TB,,3.0,3B,,5.58,3.01,1.0,1.0,1.095,24.3,18.46,,,,,,,,0,
2026-08-02,695600,Carter Jensen,Kyle Freeland,KC@COL,,1.0,DH,,3.51,4.24,0.966,1.034,1.12,23.3,17.93,,,,,,,,0,
2026-08-02,666160,Mickey Moniak,Seth Lugo,KC@COL,,2.0,LF,,5.26,2.9,0.956,1.034,1.117,23.0,17.77,,,,,,,,0,
2026-08-02,521692,Salvador Pérez,Kyle Freeland,KC@COL,,4.0,1B,,3.51,4.24,0.963,1.034,1.12,22.1,17.28,,,,,,,,0,
2026-08-02,678246,Miguel Vargas,Griffin Jax,CWS@TB,,3.0,3B,,4.47,3.45,1.0,1.0,1.054,21.8,17.12,,,,,,,,1,
2026-08-02,656941,Kyle Schwarber,Kyle Bradish,PHI@BAL,,2.0,DH,,6.25,2.55,1.015,1.005,0.979,21.8,17.12,,,,,,,,0,
2026-08-02,700932,Kyle Manzardo,Merrill Kelly,AZ@CLE,,5.0,1B,,3.53,4.25,1.006,0.993,1.12,21.6,17.01,,,,,,,,0,
2026-08-02,686527,Dominic Canzone,Taj Bradley,MIN@SEA,,3.0,DH,,4.98,3.3,1.0,1.0,0.958,21.1,16.75,,,,,,,,0,
2026-08-02,672356,Gabriel Arias,Merrill Kelly,AZ@CLE,,7.0,3B,,3.52,4.25,1.015,0.993,1.12,20.1,16.21,,,,,,,,0,
2026-08-02,668709,Jj Bleday,Mitch Keller,PIT@CIN,,3.0,LF,,4.87,2.76,1.011,0.996,1.093,20.0,16.16,,,,,,,,0,
2026-08-02,671056,Iván Herrera,Max Scherzer,STL@TOR,,4.0,C,,2.57,5.09,1.009,1.0,1.12,19.9,16.1,,,,,,,,0,
2026-08-02,572233,Christian Walker,Kumar Rocker,TEX@HOU,,4.0,1B,,4.53,3.0,1.034,1.0,1.04,19.7,16.0,,,,,,,,0,
2026-08-02,543807,George Springer,Matthew Liberatore,STL@TOR,,4.0,LF,,3.32,3.87,1.009,1.0,1.096,19.2,15.73,,,,,,,,0,
2026-08-02,606466,Ketel Marte,Gavin Williams,AZ@CLE,,4.0,DH,,3.83,3.75,1.018,0.993,0.973,19.1,15.67,,,,,,,,0,
2026-08-02,701398,Sal Stewart,Mitch Keller,PIT@CIN,,2.0,1B,,4.46,2.76,1.011,0.996,1.093,18.8,15.51,,,,,,,,1,
2026-08-02,693307,Dillon Dingler,Gage Jump,DET@ATH,,2.0,DH,,4.87,2.76,1.006,1.018,0.98,18.8,15.51,,,,,,,,0,
2026-08-02,665953,Andrés Chaparro,Jr Ritchie,WSH@ATL,,9.0,1B,,4.47,3.51,0.99,1.032,1.065,18.6,15.41,,,,,,,,0,
2026-08-02,663457,Lars Nootbaar,Max Scherzer,STL@TOR,,1.0,RF,,2.24,5.09,1.003,1.0,1.12,18.3,15.24,,,,,,,,0,
2026-08-02,624413,Pete Alonso,Zack Wheeler,PHI@BAL,,2.0,1B,,4.41,3.22,1.015,1.005,0.9,18.2,15.19,,,,,,,,0,
2026-08-02,665161,Jeremy Peña,Kumar Rocker,TEX@HOU,,1.0,DH,,3.96,3.0,1.034,1.0,1.04,18.2,15.19,,,,,,,,1,
2026-08-02,686611,Dylan Crews,Jr Ritchie,WSH@ATL,,3.0,CF,,3.44,3.51,0.991,1.032,1.065,17.9,15.03,,,,,,,,0,
2026-08-02,682829,Elly De La Cruz,Mitch Keller,PIT@CIN,,1.0,SS,,4.09,2.76,1.011,0.996,1.093,17.8,14.98,,,,,,,,0,
2026-08-02,665019,Kody Clemens,George Kirby,MIN@SEA,,4.0,2B,,4.44,3.03,1.0,1.0,0.968,17.7,14.92,,,,,,,,0,
2026-08-02,682998,Corbin Carroll,Gavin Williams,AZ@CLE,,1.0,RF,,3.36,3.75,1.011,0.993,0.973,17.6,14.87,,,,,,,,0,
2026-08-02,665877,José Fermín,Max Scherzer,STL@TOR,,7.0,2B,,2.56,5.09,1.009,1.0,1.12,17.6,14.87,,,,,,,,0,
2026-08-02,680777,Ryan Jeffers,George Kirby,MIN@SEA,,2.0,C,,4.24,3.03,1.002,1.0,0.968,17.4,14.76,,,,,,,,0,
2026-08-02,621566,Matt Olson,Cade Cavalli,WSH@ATL,,3.0,1B,,5.55,2.23,1.009,1.032,0.983,17.3,14.71,,,,,,,,1,
2026-08-02,677800,Wilyer Abreu,Emmet Sheehan,BOS@LAD,,3.0,RF,,3.33,3.95,0.995,1.0,0.954,17.1,14.6,,,,,,,,1,
2026-08-02,664040,Brandon Lowe,Chase Burns,PIT@CIN,,2.0,2B,,4.59,2.91,1.011,0.996,0.9,17.0,14.55,,,,,,,,0,
2026-08-02,665862,Jazz Chisholm,Colin Rea,NYY@CHC,,6.0,2B,,3.74,3.39,0.976,0.962,1.12,16.9,14.49,,,,,,,,0,
2026-08-02,678882,Ceddanne Rafaela,Emmet Sheehan,BOS@LAD,,2.0,CF,,3.18,3.95,1.001,1.0,0.954,16.8,14.44,,,,,,,,1,
2026-08-02,663757,Trent Grisham,Colin Rea,NYY@CHC,,1.0,CF,,3.08,3.39,0.978,0.962,1.12,15.9,13.96,,,,,,,,0,
2026-08-02,663993,Nathaniel Lowe,Mitch Keller,PIT@CIN,,5.0,DH,,3.99,2.76,1.011,0.996,1.093,15.9,13.96,,,,,,,,0,
2026-08-02,695734,Daylen Lile,Jr Ritchie,WSH@ATL,,2.0,LF,,2.88,3.51,1.009,1.032,1.065,15.8,13.9,,,,,,,,0,
2026-08-02,679529,Spencer Torkelson,Gage Jump,DET@ATH,,5.0,1B,,4.29,2.76,1.006,1.018,0.98,15.7,13.85,,,,,,,,0,
2026-08-02,643217,Andrew Benintendi,Griffin Jax,CWS@TB,,5.0,DH,,3.22,3.45,1.0,1.0,1.054,15.4,13.69,,,,,,,,1,
2026-08-02,677594,Julio Rodríguez,Taj Bradley,MIN@SEA,,4.0,CF,,3.52,3.3,1.002,1.0,0.958,15.3,13.64,,,,,,,,0,
2026-08-02,679845,Nick Loftin,Kyle Freeland,KC@COL,,2.0,2B,,2.27,4.24,0.966,1.034,1.12,15.3,13.64,,,,,,,,0,
2026-08-02,547180,Bryce Harper,Kyle Bradish,PHI@BAL,,3.0,1B,,4.36,2.55,1.015,1.005,0.979,15.3,13.64,,,,,,,,1,
2026-08-02,686948,Drake Baldwin,Cade Cavalli,WSH@ATL,,1.0,C,,4.61,2.23,1.0,1.032,0.983,15.2,13.58,,,,,,,,0,
2026-08-02,650490,Yandy Díaz,Anthony Kay,CWS@TB,,1.0,DH,,3.19,3.01,1.0,1.0,1.095,15.2,13.58,,,,,,,,0,
2026-08-02,664023,Ian Happ,Gerrit Cole,NYY@CHC,,5.0,LF,,3.71,3.63,0.978,0.962,0.9,15.1,13.53,,,,,,,,0,
2026-08-02,672386,Alejandro Kirk,Matthew Liberatore,STL@TOR,,5.0,C,,2.56,3.87,1.004,1.0,1.096,14.5,13.21,,,,,,,,0,
2026-08-02,660271,Shohei Ohtani,Jake Bennett,BOS@LAD,,1.0,DH,,4.72,2.36,0.996,1.0,0.9,14.5,13.21,,,,,,,,0,
2026-08-02,683002,Gunnar Henderson,Zack Wheeler,PHI@BAL,,3.0,SS,,3.47,3.22,1.015,1.005,0.9,14.2,13.05,,,,,,,,0,
2026-08-02,677587,Brayan Rocchio,Merrill Kelly,AZ@CLE,,6.0,SS,,2.33,4.25,1.006,0.993,1.12,14.2,13.05,,,,,,,,0,
2026-08-02,641680,Jonah Heim,Keider Montero,DET@ATH,,3.0,C,,4.11,2.63,1.009,1.018,0.918,14.1,12.99,,,,,,,,0,
2026-08-02,672275,Patrick Bailey,Merrill Kelly,AZ@CLE,,8.0,C,,2.5,4.25,1.008,0.993,1.12,14.0,12.94,,,,,,,,1,
2026-08-02,668227,Randy Arozarena,Taj Bradley,MIN@SEA,,2.0,LF,,3.12,3.3,1.0,1.0,0.958,14.0,12.94,,,,,,,,0,
2026-08-02,691176,Jasson Domínguez,Colin Rea,NYY@CHC,,5.0,RF,,2.96,3.39,0.976,0.962,1.12,14.0,12.94,,,,,,,,0,
2026-08-02,677592,Everson Pereira,Griffin Jax,CWS@TB,,8.0,RF,,3.27,3.45,1.0,1.0,1.054,13.9,12.89,,,,,,,,1,
2026-08-02,669394,Jake Burger,Peter Lambert,TEX@HOU,,5.0,1B,,4.14,2.69,1.034,1.0,0.912,13.9,12.89,,,,,,,,0,
2026-08-02,691016,Tyler Soderstrom,Keider Montero,DET@ATH,,2.0,LF,,3.88,2.63,1.009,1.018,0.918,13.7,12.78,,,,,,,,0,
2026-08-02,671739,Michael Harris,Cade Cavalli,WSH@ATL,,4.0,CF,,4.33,2.23,1.009,1.032,0.983,13.7,12.78,,,,,,,,0,
2026-08-02,650489,Willi Castro,Seth Lugo,KC@COL,,5.0,3B,,3.17,2.9,0.963,1.034,1.117,13.6,12.72,,,,,,,,0,
2026-08-02,608369,Corey Seager,Peter Lambert,TEX@HOU,,3.0,SS,,3.95,2.69,1.004,1.0,0.912,13.5,12.67,,,,,,,,0,
2026-08-02,686797,Brooks Lee,George Kirby,MIN@SEA,,6.0,3B,,3.57,3.03,1.002,1.0,0.968,13.5,12.67,,,,,,,,0,
2026-08-02,621020,Dansby Swanson,Gerrit Cole,NYY@CHC,,8.0,SS,,3.7,3.63,0.978,0.962,0.9,13.4,12.62,,,,,,,,0,
2026-08-02,655316,Andruw Monasterio,Emmet Sheehan,BOS@LAD,,7.0,SS,,2.88,3.95,1.001,1.0,0.954,13.3,12.56,,,,,,,,0,
2026-08-02,664983,Jake Mccarthy,Seth Lugo,KC@COL,,1.0,DH,,2.81,2.9,0.966,1.034,1.117,13.3,12.56,,,,,,,,1,
2026-08-02,656775,Cedric Mullins,Anthony Kay,CWS@TB,,8.0,CF,,3.43,3.01,1.0,1.0,1.095,13.3,12.56,,,,,,,,0,
2026-08-02,514888,José Altuve,Kumar Rocker,TEX@HOU,,6.0,2B,,3.17,3.0,1.034,1.0,1.04,13.2,12.51,,,,,,,,0,
2026-08-02,668904,Royce Lewis,George Kirby,MIN@SEA,,5.0,1B,,3.39,3.03,1.002,1.0,0.968,13.2,12.51,,,,,,,,1,
2026-08-02,702332,Caleb Durbin,Emmet Sheehan,BOS@LAD,,6.0,3B,,2.71,3.95,1.001,1.0,0.954,13.2,12.51,,,,,,,,0,
2026-08-02,666211,Taylor Trammell,Kumar Rocker,TEX@HOU,,5.0,CF,,3.09,3.0,1.025,1.0,1.04,13.2,12.51,,,,,,,,0,
2026-08-02,677588,José Tena,Jr Ritchie,WSH@ATL,,6.0,DH,,2.61,3.51,1.009,1.032,1.065,13.1,12.46,,,,,,,,0,
2026-08-02,680776,Jarren Duran,Emmet Sheehan,BOS@LAD,,8.0,LF,,2.97,3.95,0.996,1.0,0.954,13.1,12.46,,,,,,,,1,
2026-08-02,663728,Cal Raleigh,Taj Bradley,MIN@SEA,,6.0,C,,3.2,3.3,1.002,1.0,0.958,13.0,12.4,,,,,,,,1,
2026-08-02,642715,Willy Adames,Kyle Hart,SF@SD,,6.0,SS,,3.86,2.71,1.007,1.02,0.921,12.7,12.24,,,,,,,,0,
2026-08-02,694374,Tim Tawa,Gavin Williams,AZ@CLE,,7.0,CF,,2.8,3.75,1.018,0.993,0.973,12.6,12.19,,,,,,,,0,
2026-08-02,676609,José Caballero,Colin Rea,NYY@CHC,,8.0,SS,,2.99,3.39,0.978,0.962,1.12,12.6,12.19,,,,,,,,1,
2026-08-02,701358,Cam Smith,Kumar Rocker,TEX@HOU,,7.0,RF,,3.17,3.0,1.034,1.0,1.04,12.5,12.13,,,,,,,,0,
2026-08-02,605137,Josh Bell,George Kirby,MIN@SEA,,3.0,DH,,3.03,3.03,1.0,1.0,0.968,12.4,12.08,,,,,,,,0,
2026-08-02,682622,Noelvi Marte,Mitch Keller,PIT@CIN,,7.0,RF,,3.3,2.76,1.012,0.996,1.093,12.3,12.03,,,,,,,,0,
2026-08-02,664034,Ty France,Landen Roupp,SF@SD,,4.0,1B,,4.73,2.01,0.999,1.02,0.917,12.3,12.03,,,,,,,,0,
2026-08-02,607208,Trea Turner,Kyle Bradish,PHI@BAL,,1.0,SS,,3.29,2.55,1.006,1.005,0.979,12.2,11.97,,,,,,,,0,
2026-08-02,592518,Manny Machado,Landen Roupp,SF@SD,,3.0,DH,,4.6,2.01,1.007,1.02,0.917,12.2,11.97,,,,,,,,0,
2026-08-02,682626,Francisco Álvarez,Sandy Alcántara,MIA@NYM,,9.0,C,,3.98,2.78,0.99,1.044,0.953,12.2,11.97,,,,,,,,0,
2026-08-02,571970,Max Muncy,Jake Bennett,BOS@LAD,,8.0,3B,,4.87,2.36,1.001,1.0,0.9,12.2,11.97,,,,,,,,0,
2026-08-02,663886,Tyler Stephenson,Mitch Keller,PIT@CIN,,4.0,C,,2.78,2.76,1.011,0.996,1.093,11.8,11.76,,,,,,,,1,
2026-08-02,669224,Austin Wells,Colin Rea,NYY@CHC,,9.0,C,,2.92,3.39,0.978,0.962,1.12,11.7,11.71,,,,,,,,0,
2026-08-02,687462,Spencer Horwitz,Chase Burns,PIT@CIN,,5.0,1B,,3.29,2.91,1.011,0.996,0.9,11.6,11.65,,,,,,,,0,
2026-08-02,668804,Bryan Reynolds,Chase Burns,PIT@CIN,,3.0,DH,,3.07,2.91,1.011,0.996,0.9,11.3,11.49,,,,,,,,0,
2026-08-02,662139,Daulton Varsho,Matthew Liberatore,STL@TOR,,8.0,CF,,2.21,3.87,1.009,1.0,1.096,11.2,11.44,,,,,,,,0,
2026-08-02,516782,Starling Marte,Kyle Freeland,KC@COL,,5.0,LF,,1.75,4.24,0.963,1.034,1.12,11.1,11.38,,,,,,,,0,
2026-08-02,650402,Gleyber Torres,Gage Jump,DET@ATH,,1.0,2B,,2.7,2.76,1.006,1.018,0.98,11.1,11.38,,,,,,,,0,
2026-08-02,673357,Luis Robert,Sandy Alcántara,MIA@NYM,,5.0,CF,,3.02,2.78,0.991,1.044,0.953,11.1,11.38,,,,,,,,0,
2026-08-02,702616,Jackson Holliday,Zack Wheeler,PHI@BAL,,5.0,2B,,2.77,3.22,1.015,1.005,0.9,11.0,11.33,,,,,,,,0,
2026-08-02,691026,Masyn Winn,Max Scherzer,STL@TOR,,5.0,SS,,1.42,5.09,1.009,1.0,1.12,11.0,11.33,,,,,,,,0,
2026-08-02,605141,Mookie Betts,Jake Bennett,BOS@LAD,,5.0,SS,,3.84,2.36,1.001,1.0,0.9,11.0,11.33,,,,,,,,0,
2026-08-02,543760,Marcus Semien,Sandy Alcántara,MIA@NYM,,7.0,2B,,3.24,2.78,0.991,1.044,0.953,11.0,11.33,,,,,,,,0,
2026-08-02,665926,Andrés Giménez,Matthew Liberatore,STL@TOR,,9.0,SS,,2.26,3.87,1.004,1.0,1.096,10.9,11.28,,,,,,,,0,
2026-08-02,645277,Ozzie Albies,Cade Cavalli,WSH@ATL,,5.0,2B,,3.6,2.23,0.991,1.032,0.983,10.9,11.28,,,,,,,,0,
2026-08-02,671218,Heliot Ramos,Kyle Hart,SF@SD,,3.0,LF,,3.03,2.71,0.999,1.02,0.921,10.8,11.22,,,,,,,,0,
2026-08-02,664761,Alec Bohm,Kyle Bradish,PHI@BAL,,4.0,3B,,3.0,2.55,1.015,1.005,0.979,10.7,11.17,,,,,,,,0,
2026-08-02,681297,Colton Cowser,Zack Wheeler,PHI@BAL,,8.0,CF,,3.05,3.22,1.015,1.005,0.9,10.7,11.17,,,,,,,,0,
2026-08-02,666176,Jo Adell,Jacob Misiorowski,MIL@LAA,,5.0,RF,,3.43,2.41,1.003,1.047,0.9,10.5,11.06,,,,,,,,0,
2026-08-02,807799,Masataka Yoshida,Emmet Sheehan,BOS@LAD,,5.0,DH,,2.07,3.95,0.996,1.0,0.954,10.5,11.06,,,,,,,,1,
2026-08-02,665489,Vladimir Guerrero,Matthew Liberatore,STL@TOR,,2.0,DH,,1.71,3.87,1.004,1.0,1.096,10.5,11.06,,,,,,,,0,
2026-08-02,608324,Alex Bregman,Gerrit Cole,NYY@CHC,,4.0,3B,,2.38,3.63,0.976,0.962,0.9,10.3,10.95,,,,,,,,0,
2026-08-02,666139,Josh Lowe,Jacob Misiorowski,MIL@LAA,,8.0,CF,,3.57,2.41,1.006,1.047,0.9,9.7,10.63,,,,,,,,0,
2026-08-02,677649,Ezequiel Duran,Peter Lambert,TEX@HOU,,7.0,3B,,3.09,2.69,1.034,1.0,0.912,9.7,10.63,,,,,,,,0,
2026-08-02,543877,Christian Vázquez,Kumar Rocker,TEX@HOU,,9.0,C,,2.59,3.0,1.034,1.0,1.04,9.5,10.53,,,,,,,,0,
2026-08-02,518692,Freddie Freeman,Jake Bennett,BOS@LAD,,4.0,1B,,3.18,2.36,0.996,1.0,0.9,9.5,10.53,,,,,,,,0,
2026-08-02,668670,Jake Rogers,Zack Wheeler,PHI@BAL,,9.0,C,,2.84,3.22,1.006,1.005,0.9,9.4,10.47,,,,,,,,0,
2026-08-02,694192,Jackson Chourio,Walbert Ureña,MIL@LAA,,2.0,LF,,3.57,1.92,1.003,1.047,0.9,9.4,10.47,,,,,,,,0,
2026-08-02,665966,Carlos Narváez,Emmet Sheehan,BOS@LAD,,9.0,C,,2.12,3.95,1.001,1.0,0.954,9.1,10.31,,,,,,,,0,
2026-08-02,666126,Carlos Cortes,Keider Montero,DET@ATH,,6.0,DH,,2.82,2.63,1.009,1.018,0.918,9.1,10.31,,,,,,,,0,
2026-08-02,668930,Brice Turang,Walbert Ureña,MIL@LAA,,1.0,2B,,3.3,1.92,1.002,1.047,0.9,8.9,10.2,,,,,,,,0,
2026-08-02,666182,Bo Bichette,Sandy Alcántara,MIA@NYM,,3.0,3B,,2.28,2.78,0.991,1.044,0.953,8.9,10.2,,,,,,,,0,
2026-08-02,667472,Dane Myers,Mitch Keller,PIT@CIN,,6.0,CF,,2.21,2.76,1.011,0.996,1.093,8.8,10.15,,,,,,,,0,
2026-08-02,694497,Evan Carter,Peter Lambert,TEX@HOU,,6.0,CF,,2.72,2.69,1.004,1.0,0.912,8.8,10.15,,,,,,,,0,
2026-08-02,678391,Jorbit Vivas,Jr Ritchie,WSH@ATL,,8.0,3B,,1.88,3.51,1.0,1.032,1.065,8.7,10.1,,,,,,,,0,
2026-08-02,606192,Teoscar Hernández,Jake Bennett,BOS@LAD,,7.0,LF,,3.24,2.36,1.001,1.0,0.9,8.6,10.04,,,,,,,,0,
2026-08-02,657757,Gavin Sheets,Landen Roupp,SF@SD,,7.0,RF,,3.65,2.01,1.002,1.02,0.917,8.6,10.04,,,,,,,,0,
2026-08-02,678662,Ezequiel Tovar,Seth Lugo,KC@COL,,9.0,SS,,2.35,2.9,0.963,1.034,1.117,8.6,10.04,,,,,,,,0,
2026-08-02,663647,Ke'Bryan Hayes,Mitch Keller,PIT@CIN,,9.0,3B,,2.39,2.76,1.012,0.996,1.093,8.3,9.88,,,,,,,,1,
2026-08-02,701538,Jackson Merrill,Landen Roupp,SF@SD,,5.0,CF,,3.25,2.01,1.002,1.02,0.917,8.3,9.88,,,,,,,,1,
2026-08-02,669397,Nick Allen,Kumar Rocker,TEX@HOU,,8.0,SS,,2.04,3.0,1.034,1.0,1.04,7.9,9.67,,,,,,,,0,
2026-08-02,665804,Miguel Amaya,Gerrit Cole,NYY@CHC,,9.0,C,,2.22,3.63,0.978,0.962,0.9,7.8,9.61,,,,,,,,0,
2026-08-02,663743,Nick Fortes,Anthony Kay,CWS@TB,,9.0,C,,2.04,3.01,1.0,1.0,1.095,7.7,9.56,,,,,,,,0,
2026-08-02,663586,Austin Riley,Cade Cavalli,WSH@ATL,,8.0,3B,,2.77,2.23,1.004,1.032,0.983,7.6,9.51,,,,,,,,0,
2026-08-02,643289,Mauricio Dubón,Cade Cavalli,WSH@ATL,,6.0,LF,,2.47,2.23,1.009,1.032,0.983,7.4,9.4,,,,,,,,0,
2026-08-02,666397,Edouard Julien,Seth Lugo,KC@COL,,7.0,2B,,1.73,2.9,0.966,1.034,1.117,7.0,9.19,,,,,,,,0,
2026-08-02,593871,Jorge Polanco,Sandy Alcántara,MIA@NYM,,8.0,DH,,2.01,2.78,0.99,1.044,0.953,6.6,8.97,,,,,,,,0,
2026-08-02,663538,Nico Hoerner,Gerrit Cole,NYY@CHC,,6.0,2B,,1.6,3.63,0.978,0.962,0.9,6.5,8.92,,,,,,,,0,
2026-08-02,663656,Kyle Tucker,Jake Bennett,BOS@LAD,,6.0,RF,,2.3,2.36,0.996,1.0,0.9,6.4,8.86,,,,,,,,0,
2026-08-02,661388,William Contreras,Walbert Ureña,MIL@LAA,,4.0,C,,2.45,1.92,1.003,1.047,0.9,6.3,8.81,,,,,,,,0,
2026-08-02,645302,Víctor Robles,Taj Bradley,MIN@SEA,,7.0,RF,,1.52,3.3,1.004,1.0,0.958,6.1,8.7,,,,,,,,0,
2026-08-02,663968,Jake Mangum,Chase Burns,PIT@CIN,,1.0,LF,,1.53,2.91,1.012,0.996,0.9,6.1,8.7,,,,,,,,0,
2026-08-02,810938,Ben Williamson,Anthony Kay,CWS@TB,,7.0,SS,,1.48,3.01,1.0,1.0,1.095,6.1,8.7,,,,,,,,1,
2026-08-02,693304,Nick Gonzales,Chase Burns,PIT@CIN,,6.0,3B,,1.73,2.91,1.011,0.996,0.9,6.0,8.65,,,,,,,,0,
2026-08-02,687859,Troy Johnston,Seth Lugo,KC@COL,,6.0,RF,,1.42,2.9,0.956,1.034,1.117,6.0,8.65,,,,,,,,0,
2026-08-02,656716,Zach Mckinstry,Gage Jump,DET@ATH,,9.0,RF,,1.84,2.76,1.009,1.018,0.98,5.9,8.6,,,,,,,,0,
2026-08-02,807712,Luke Keaschall,George Kirby,MIN@SEA,,8.0,CF,,1.64,3.03,1.0,1.0,0.968,5.8,8.54,,,,,,,,1,
2026-08-02,683734,Andrew Vaughn,Walbert Ureña,MIL@LAA,,6.0,1B,,2.34,1.92,1.004,1.047,0.9,5.6,8.43,,,,,,,,0,
2026-08-02,593428,Xander Bogaerts,Landen Roupp,SF@SD,,8.0,SS,,2.34,2.01,1.007,1.02,0.917,5.4,8.33,,,,,,,,0,
2026-08-02,630105,Jake Cronenworth,Landen Roupp,SF@SD,,2.0,2B,,1.96,2.01,0.987,1.02,0.917,5.4,8.33,,,,,,,,0,
2026-08-02,623168,Tyler Heineman,Jacob Misiorowski,MIL@LAA,,9.0,C,,1.9,2.41,1.006,1.047,0.9,5.0,8.11,,,,,,,,0,
2026-08-02,683083,Nasim Nuñez,Jr Ritchie,WSH@ATL,,7.0,2B,,0.97,3.51,0.991,1.032,1.065,4.7,7.95,,,,,,,,0,
2026-08-02,650859,Luis Rengifo,Landen Roupp,SF@SD,,1.0,LF,,1.48,2.01,1.007,1.02,0.917,4.3,7.74,,,,,,,,0,
2026-08-02,666152,David Hamilton,Walbert Ureña,MIL@LAA,,9.0,3B,,1.77,1.92,1.006,1.047,0.9,3.7,7.42,,,,,,,,0,
2026-08-03,700250,Ben Rice,Michael Mcgreevy,STL@NYY,,2.0,DH,,6.04,3.16,1.011,1.027,1.12,29.4,21.2,,,,,,,,0,
2026-08-03,671277,Luis García,Michael Mcgreevy,STL@NYY,,3.0,1B,,5.4,3.16,1.024,1.027,1.12,26.4,19.59,,,,,,,,1,
2026-08-03,665862,Jazz Chisholm,Michael Mcgreevy,STL@NYY,,6.0,2B,,3.71,3.16,1.011,1.027,1.12,17.3,14.71,,,,,,,,0,
2026-08-03,660271,Shohei Ohtani,Matt Boyd,LAD@CHC,,1.0,DH,,4.68,2.49,0.976,0.995,1.013,16.6,14.33,,,,,,,,0,
2026-08-03,663757,Trent Grisham,Michael Mcgreevy,STL@NYY,,1.0,CF,,3.05,3.16,1.011,1.027,1.12,16.2,14.12,,,,,,,,1,
2026-08-03,656941,Kyle Schwarber,Andrew Alvarez,WSH@PHI,,2.0,DH,,6.2,1.63,1.006,1.011,1.035,15.1,13.53,,,,,,,,0,
2026-08-03,691176,Jasson Domínguez,Michael Mcgreevy,STL@NYY,,5.0,RF,,2.93,3.16,1.011,1.027,1.12,14.3,13.1,,,,,,,,0,
2026-08-03,691023,Jordan Walker,Cam Schlittler,STL@NYY,,2.0,RF,,4.35,2.41,0.998,1.027,0.9,13.8,12.83,,,,,,,,0,
2026-08-03,676609,José Caballero,Michael Mcgreevy,STL@NYY,,8.0,SS,,3.19,3.16,0.998,1.027,1.12,13.6,12.72,,,,,,,,1,
2026-08-03,605141,Mookie Betts,Matt Boyd,LAD@CHC,,5.0,SS,,3.8,2.49,0.961,0.995,1.013,12.3,12.03,,,,,,,,0,
2026-08-03,669224,Austin Wells,Michael Mcgreevy,STL@NYY,,9.0,C,,2.9,3.16,1.011,1.027,1.12,12.0,11.87,,,,,,,,1,
2026-08-03,694192,Jackson Chourio,Bubba Chandler,PIT@MIL,,2.0,LF,,3.54,2.38,0.99,1.0,0.975,11.7,11.71,,,,,,,,0,
2026-08-03,608369,Corey Seager,Logan Webb,SF@TEX,,3.0,SS,,3.9,2.22,1.004,1.0,0.962,11.7,11.71,,,,,,,,0,
2026-08-03,669394,Jake Burger,Logan Webb,SF@TEX,,6.0,1B,,4.11,2.22,1.006,1.0,0.962,11.4,11.54,,,,,,,,0,
2026-08-03,668930,Brice Turang,Bubba Chandler,PIT@MIL,,1.0,2B,,3.28,2.38,0.97,1.0,0.975,10.9,11.28,,,,,,,,0,
2026-08-03,547180,Bryce Harper,Andrew Alvarez,WSH@PHI,,3.0,1B,,4.5,1.63,1.006,1.011,1.035,10.9,11.28,,,,,,,,1,
2026-08-03,518692,Freddie Freeman,Matt Boyd,LAD@CHC,,4.0,1B,,3.16,2.49,0.976,0.995,1.013,10.9,11.28,,,,,,,,0,
2026-08-03,606192,Teoscar Hernández,Matt Boyd,LAD@CHC,,7.0,LF,,3.21,2.49,0.978,0.995,1.013,9.8,10.69,,,,,,,,1,
2026-08-03,656537,Derek Hill,Andrew Alvarez,WSH@PHI,,8.0,CF,,4.15,1.63,1.008,1.011,1.035,8.6,10.04,,,,,,,,1,
2026-08-03,607208,Trea Turner,Andrew Alvarez,WSH@PHI,,1.0,SS,,3.27,1.63,1.008,1.011,1.035,8.4,9.94,,,,,,,,0,
2026-08-03,677649,Ezequiel Duran,Logan Webb,SF@TEX,,7.0,3B,,3.06,2.22,1.006,1.0,0.962,8.2,9.83,,,,,,,,1,
2026-08-03,671056,Iván Herrera,Cam Schlittler,STL@NYY,,4.0,DH,,2.55,2.41,0.998,1.027,0.9,8.0,9.72,,,,,,,,0,
2026-08-03,694497,Evan Carter,Logan Webb,SF@TEX,,5.0,CF,,2.69,2.22,1.004,1.0,0.962,7.9,9.67,,,,,,,,0,
2026-08-03,661388,William Contreras,Bubba Chandler,PIT@MIL,,4.0,C,,2.43,2.38,0.99,1.0,0.975,7.9,9.67,,,,,,,,0,
2026-08-03,592885,Christian Yelich,Bubba Chandler,PIT@MIL,,3.0,DH,,2.35,2.38,0.982,1.0,0.975,7.6,9.51,,,,,,,,0,
2026-08-03,663656,Kyle Tucker,Matt Boyd,LAD@CHC,,6.0,RF,,2.29,2.49,0.976,0.995,1.013,7.4,9.4,,,,,,,,0,
2026-08-03,664761,Alec Bohm,Andrew Alvarez,WSH@PHI,,4.0,3B,,2.97,1.63,1.006,1.011,1.035,7.3,9.35,,,,,,,,0,
2026-08-03,683734,Andrew Vaughn,Bubba Chandler,PIT@MIL,,6.0,1B,,2.31,2.38,0.98,1.0,0.975,6.9,9.13,,,,,,,,0,
2026-08-03,665877,José Fermín,Cam Schlittler,STL@NYY,,8.0,3B,,2.52,2.41,0.998,1.027,0.9,6.8,9.08,,,,,,,,0,
2026-08-03,624641,Edmundo Sosa,Andrew Alvarez,WSH@PHI,,7.0,LF,,2.81,1.63,1.008,1.011,1.035,6.1,8.7,,,,,,,,0,
2026-08-03,687401,Joey Ortiz,Bubba Chandler,PIT@MIL,,9.0,SS,,2.18,2.38,0.99,1.0,0.975,5.8,8.54,,,,,,,,0,
2026-08-03,666152,David Hamilton,Bubba Chandler,PIT@MIL,,8.0,3B,,1.76,2.38,0.982,1.0,0.975,4.9,8.06,,,,,,,,0,
2026-08-03,691026,Masyn Winn,Cam Schlittler,STL@NYY,,6.0,SS,,1.41,2.41,0.998,1.027,0.9,4.2,7.68,,,,,,,,0,
2026-08-04,665052,Griffin Conine,Grant Holmes,MIA@ATL,,2.0,DH,,5.2,3.81,1.009,1.009,1.065,28.4,20.66,,,,,,,,0,
2026-08-04,624413,Pete Alonso,Grayson Rodriguez,LAA@BAL,,2.0,1B,,4.39,3.78,1.015,1.027,1.12,26.0,19.37,,,,,,,,0,
2026-08-04,696100,Hunter Goodman,Freddy Peralta,TB@COL,,4.0,C,,6.66,3.26,0.963,0.988,0.958,25.8,19.27,,,,,,,,0,
2026-08-04,641680,Jonah Heim,Brady Singer,ATH@CIN,,4.0,C,,4.06,4.06,1.011,1.022,1.081,24.2,18.41,,,,,,,,0,
2026-08-04,691723,Coby Mayo,Grayson Rodriguez,LAA@BAL,,6.0,DH,,4.41,3.78,1.006,1.027,1.12,23.6,18.09,,,,,,,,0,
2026-08-04,700250,Ben Rice,Hunter Dobbins,STL@NYY,,2.0,DH,,6.0,2.93,1.011,1.023,0.946,23.4,17.98,,,,,,,,0,
2026-08-04,691016,Tyler Soderstrom,Brady Singer,ATH@CIN,,3.0,LF,,3.86,4.06,1.011,1.022,1.081,23.2,17.87,,,,,,,,0,
2026-08-04,683357,Owen Caissie,Grant Holmes,MIA@ATL,,4.0,RF,,4.24,3.81,1.009,1.009,1.065,23.1,17.82,,,,,,,,0,
2026-08-04,669065,Kyle Stowers,Grant Holmes,MIA@ATL,,1.0,1B,,3.98,3.81,1.009,1.009,1.065,23.0,17.77,,,,,,,,0,
2026-08-04,671277,Luis García,Hunter Dobbins,STL@NYY,,3.0,1B,,5.56,2.93,1.024,1.023,0.946,21.6,17.01,,,,,,,,0,
2026-08-04,670541,Yordan Álvarez,Trey Yesavage,TOR@HOU,,2.0,DH,,6.3,2.76,1.005,1.0,0.9,21.5,16.96,,,,,,,,0,
2026-08-04,621566,Matt Olson,Ryan Gusto,MIA@ATL,,3.0,1B,,5.67,2.64,1.009,1.009,1.048,21.4,16.91,,,,,,,,0,
2026-08-04,666160,Mickey Moniak,Freddy Peralta,TB@COL,,3.0,LF,,5.38,3.26,0.956,0.988,0.958,21.3,16.85,,,,,,,,1,
2026-08-04,683002,Gunnar Henderson,Grayson Rodriguez,LAA@BAL,,3.0,SS,,3.46,3.78,1.015,1.027,1.12,20.5,16.42,,,,,,,,0,
2026-08-04,668709,Jj Bleday,J. T. Ginn,ATH@CIN,,3.0,LF,,4.82,2.89,1.011,1.022,0.977,19.1,15.67,,,,,,,,0,
2026-08-04,701398,Sal Stewart,J. T. Ginn,ATH@CIN,,2.0,1B,,4.59,2.89,1.011,1.022,0.977,18.6,15.41,,,,,,,,0,
2026-08-04,686948,Drake Baldwin,Ryan Gusto,MIA@ATL,,1.0,C,,4.58,2.64,1.0,1.009,1.048,18.3,15.24,,,,,,,,0,
2026-08-04,695506,Jac Caglianone,Joe Ryan,MIN@KC,,3.0,1B,,4.14,3.32,1.0,1.0,0.916,17.2,14.65,,,,,,,,0,
2026-08-04,682829,Elly De La Cruz,J. T. Ginn,ATH@CIN,,1.0,SS,,4.05,2.89,1.011,1.022,0.977,17.0,14.55,,,,,,,,0,
2026-08-04,671739,Michael Harris,Ryan Gusto,MIA@ATL,,4.0,CF,,4.31,2.64,1.009,1.009,1.048,16.6,14.33,,,,,,,,0,
2026-08-04,682657,Angel Martínez,Sean Manaea,NYM@CLE,,5.0,LF,,3.79,3.18,1.008,0.994,1.029,16.3,14.17,,,,,,,,0,
2026-08-04,805779,Jacob Wilson,Brady Singer,ATH@CIN,,2.0,SS,,2.52,4.06,1.012,1.022,1.081,16.1,14.06,,,,,,,,0,
2026-08-04,665019,Kody Clemens,Randy Dobnak,MIN@KC,,4.0,2B,,4.4,2.56,1.0,1.0,1.043,16.1,14.06,,,,,,,,0,
2026-08-04,702616,Jackson Holliday,Grayson Rodriguez,LAA@BAL,,5.0,2B,,2.75,3.78,1.015,1.027,1.12,16.0,14.01,,,,,,,,0,
2026-08-04,666176,Jo Adell,Sean Manaea,NYM@CLE,,2.0,RF,,3.41,3.18,1.015,0.994,1.029,15.8,13.9,,,,,,,,0,
2026-08-04,680777,Ryan Jeffers,Randy Dobnak,MIN@KC,,2.0,C,,4.18,2.56,1.0,1.0,1.043,15.7,13.85,,,,,,,,0,
2026-08-04,681297,Colton Cowser,Grayson Rodriguez,LAA@BAL,,8.0,CF,,3.03,3.78,1.015,1.027,1.12,15.6,13.8,,,,,,,,0,
2026-08-04,642715,Willy Adames,Mackenzie Gore,SF@TEX,,3.0,SS,,3.8,3.06,1.006,1.0,0.958,15.4,13.69,,,,,,,,0,
2026-08-04,553993,Eugenio Suárez,J. T. Ginn,ATH@CIN,,5.0,DH,,4.02,2.89,1.011,1.022,0.977,15.4,13.69,,,,,,,,0,
2026-08-04,695600,Carter Jensen,Joe Ryan,MIN@KC,,1.0,C,,3.48,3.32,1.0,1.0,0.916,15.3,13.64,,,,,,,,0,
2026-08-04,665161,Jeremy Peña,Trey Yesavage,TOR@HOU,,1.0,SS,,4.11,2.76,1.034,1.0,0.9,15.2,13.58,,,,,,,,0,
2026-08-04,572233,Christian Walker,Trey Yesavage,TOR@HOU,,5.0,1B,,4.46,2.76,1.034,1.0,0.9,15.1,13.53,,,,,,,,0,
2026-08-04,666126,Carlos Cortes,Brady Singer,ATH@CIN,,8.0,DH,,2.8,4.06,1.011,1.022,1.081,14.8,13.37,,,,,,,,0,
2026-08-04,521692,Salvador Pérez,Joe Ryan,MIN@KC,,4.0,DH,,3.49,3.32,1.0,1.0,0.916,14.6,13.26,,,,,,,,0,
2026-08-04,694192,Jackson Chourio,Jared Jones,PIT@MIL,,2.0,LF,,3.5,3.23,0.99,1.0,0.9,14.3,13.1,,,,,,,,1,
2026-08-04,682626,Francisco Álvarez,Joey Cantillo,NYM@CLE,,4.0,DH,,3.94,2.73,1.006,0.994,0.959,14.2,13.05,,,,,,,,0,
2026-08-04,672356,Gabriel Arias,Sean Manaea,NYM@CLE,,7.0,3B,,3.47,3.18,1.015,0.994,1.029,13.9,12.89,,,,,,,,0,
2026-08-04,677951,Bobby Witt,Joe Ryan,MIN@KC,,2.0,SS,,3.12,3.32,1.0,1.0,0.916,13.5,12.67,,,,,,,,0,
2026-08-04,665862,Jazz Chisholm,Hunter Dobbins,STL@NYY,,6.0,2B,,3.68,2.93,1.011,1.023,0.946,13.5,12.67,,,,,,,,1,
2026-08-04,663757,Trent Grisham,Hunter Dobbins,STL@NYY,,1.0,CF,,3.23,2.93,1.011,1.023,0.946,13.5,12.67,,,,,,,,0,
2026-08-04,668930,Brice Turang,Jared Jones,PIT@MIL,,1.0,2B,,3.25,3.23,0.97,1.0,0.9,13.4,12.62,,,,,,,,0,
2026-08-04,645277,Ozzie Albies,Ryan Gusto,MIA@ATL,,5.0,2B,,3.59,2.64,0.991,1.009,1.048,13.2,12.51,,,,,,,,1,
2026-08-04,664983,Jake Mccarthy,Freddy Peralta,TB@COL,,1.0,DH,,2.96,3.26,0.966,0.988,0.958,12.9,12.35,,,,,,,,0,
2026-08-04,575929,Willson Contreras,Davis Martin,CWS@BOS,,4.0,1B,,4.89,1.82,1.037,0.999,1.013,12.9,12.35,,,,,,,,0,
2026-08-04,668904,Royce Lewis,Randy Dobnak,MIN@KC,,5.0,1B,,3.59,2.56,1.0,1.0,1.043,12.8,12.3,,,,,,,,0,
2026-08-04,671056,Iván Herrera,Ryan Weathers,STL@NYY,,3.0,DH,,2.54,3.42,0.998,1.023,1.021,12.6,12.19,,,,,,,,0,
2026-08-04,665877,José Fermín,Ryan Weathers,STL@NYY,,4.0,3B,,2.48,3.42,0.998,1.023,1.021,12.3,12.03,,,,,,,,0,
2026-08-04,686797,Brooks Lee,Randy Dobnak,MIN@KC,,6.0,3B,,3.54,2.56,1.0,1.0,1.043,12.2,11.97,,,,,,,,0,
2026-08-04,672640,Otto Lopez,Grant Holmes,MIA@ATL,,3.0,SS,,2.13,3.81,0.991,1.009,1.065,12.1,11.92,,,,,,,,0,
2026-08-04,663886,Tyler Stephenson,J. T. Ginn,ATH@CIN,,4.0,C,,2.98,2.89,1.011,1.022,0.977,12.1,11.92,,,,,,,,0,
2026-08-04,671218,Heliot Ramos,Hunter Dobbins,STL@NYY,,4.0,LF,,3.0,2.93,1.014,1.023,0.946,12.0,11.87,,,,,,,,0,
2026-08-04,650489,Willi Castro,Freddy Peralta,TB@COL,,7.0,2B,,3.12,3.26,0.963,0.988,0.958,11.4,11.54,,,,,,,,1,
2026-08-04,605137,Josh Bell,Randy Dobnak,MIN@KC,,3.0,DH,,3.0,2.56,1.0,1.0,1.043,11.3,11.49,,,,,,,,1,
2026-08-04,686681,Michael Massey,Joe Ryan,MIN@KC,,5.0,2B,,2.77,3.32,1.0,1.0,0.916,11.3,11.49,,,,,,,,0,
2026-08-04,686780,Pedro Pagés,Ryan Weathers,STL@NYY,,9.0,C,,2.64,3.42,0.998,1.023,1.021,10.6,11.12,,,,,,,,0,
2026-08-04,543760,Marcus Semien,Joey Cantillo,NYM@CLE,,7.0,2B,,3.21,2.73,1.015,0.994,0.959,10.5,11.06,,,,,,,,0,
2026-08-04,642086,Dominic Smith,Ryan Gusto,MIA@ATL,,7.0,DH,,3.05,2.64,1.002,1.009,1.048,10.5,11.06,,,,,,,,0,
2026-08-04,514888,José Altuve,Trey Yesavage,TOR@HOU,,6.0,2B,,3.12,2.76,1.034,1.0,0.9,10.4,11.01,,,,,,,,0,
2026-08-04,665966,Carlos Narváez,Grayson Rodriguez,LAA@BAL,,9.0,C,,2.1,3.78,1.006,1.027,1.12,10.4,11.01,,,,,,,,0,
2026-08-04,595978,Austin Hedges,Sean Manaea,NYM@CLE,,8.0,C,,2.65,3.18,1.015,0.994,1.029,10.4,11.01,,,,,,,,0,
2026-08-04,673237,Yainer Diaz,Trey Yesavage,TOR@HOU,,8.0,C,,3.46,2.76,1.004,1.0,0.9,10.3,10.95,,,,,,,,0,
2026-08-04,669224,Austin Wells,Hunter Dobbins,STL@NYY,,9.0,C,,3.15,2.93,1.011,1.023,0.946,10.2,10.9,,,,,,,,0,
2026-08-04,673357,Luis Robert,Joey Cantillo,NYM@CLE,,6.0,CF,,2.97,2.73,1.018,0.994,0.959,10.2,10.9,,,,,,,,0,
2026-08-04,691720,Kyle Karros,Freddy Peralta,TB@COL,,6.0,3B,,2.58,3.26,0.963,0.988,0.958,10.0,10.79,,,,,,,,0,
2026-08-04,661388,William Contreras,Jared Jones,PIT@MIL,,4.0,C,,2.42,3.23,0.99,1.0,0.9,9.7,10.63,,,,,,,,0,
2026-08-04,666211,Taylor Trammell,Trey Yesavage,TOR@HOU,,7.0,LF,,3.01,2.76,1.025,1.0,0.9,9.5,10.53,,,,,,,,1,
2026-08-04,677800,Wilyer Abreu,Davis Martin,CWS@BOS,,3.0,RF,,3.47,1.82,1.059,0.999,1.013,9.5,10.53,,,,,,,,1,
2026-08-04,663647,Ke'Bryan Hayes,J. T. Ginn,ATH@CIN,,8.0,3B,,2.71,2.89,1.012,1.022,0.977,9.4,10.47,,,,,,,,0,
2026-08-04,805300,Jakob Marsee,Grant Holmes,MIA@ATL,,6.0,CF,,1.75,3.81,1.009,1.009,1.065,9.4,10.47,,,,,,,,0,
2026-08-04,678882,Ceddanne Rafaela,Davis Martin,CWS@BOS,,2.0,CF,,3.33,1.82,1.037,0.999,1.013,9.2,10.36,,,,,,,,0,
2026-08-04,663586,Austin Riley,Ryan Gusto,MIA@ATL,,8.0,3B,,2.75,2.64,1.004,1.009,1.048,9.2,10.36,,,,,,,,1,
2026-08-04,701358,Cam Smith,Trey Yesavage,TOR@HOU,,9.0,RF,,3.11,2.76,1.034,1.0,0.9,9.0,10.26,,,,,,,,0,
2026-08-04,679845,Nick Loftin,Joe Ryan,MIN@KC,,6.0,3B,,2.25,3.32,1.0,1.0,0.916,8.9,10.2,,,,,,,,0,
2026-08-04,677587,Brayan Rocchio,Sean Manaea,NYM@CLE,,9.0,SS,,2.31,3.18,1.006,0.994,1.029,8.6,10.04,,,,,,,,0,
2026-08-04,666182,Bo Bichette,Joey Cantillo,NYM@CLE,,3.0,3B,,2.27,2.73,1.015,0.994,0.959,8.5,9.99,,,,,,,,1,
2026-08-04,678662,Ezequiel Tovar,Freddy Peralta,TB@COL,,9.0,SS,,2.51,3.26,0.963,0.988,0.958,8.5,9.99,,,,,,,,0,
2026-08-04,691594,Javier Sanoja,Grant Holmes,MIA@ATL,,9.0,2B,,1.84,3.81,0.991,1.009,1.065,8.4,9.94,,,,,,,,0,
2026-08-04,667472,Dane Myers,J. T. Ginn,ATH@CIN,,6.0,CF,,2.17,2.89,1.011,1.022,0.977,8.3,9.88,,,,,,,,0,
2026-08-04,592885,Christian Yelich,Jared Jones,PIT@MIL,,7.0,DH,,2.33,3.23,0.982,1.0,0.9,8.3,9.88,,,,,,,,0,
2026-08-04,687597,Jordan Beck,Freddy Peralta,TB@COL,,8.0,RF,,2.25,3.26,0.963,0.988,0.958,8.0,9.72,,,,,,,,0,
2026-08-04,662139,Daulton Varsho,Trey Yesavage,TOR@HOU,,4.0,CF,,2.17,2.76,1.025,1.0,0.9,7.8,9.61,,,,,,,,0,
2026-08-04,664728,Kyle Isbel,Joe Ryan,MIN@KC,,9.0,CF,,2.2,3.32,1.0,1.0,0.916,7.6,9.51,,,,,,,,0,
2026-08-04,686555,Isaac Collins,Joe Ryan,MIN@KC,,7.0,LF,,1.97,3.32,1.0,1.0,0.916,7.5,9.45,,,,,,,,0,
2026-08-04,680776,Jarren Duran,Davis Martin,CWS@BOS,,7.0,LF,,3.12,1.82,1.044,0.999,1.013,7.5,9.45,,,,,,,,1,
2026-08-04,702332,Caleb Durbin,Davis Martin,CWS@BOS,,6.0,3B,,2.69,1.82,1.037,0.999,1.013,6.7,9.02,,,,,,,,1,
2026-08-04,691026,Masyn Winn,Ryan Weathers,STL@NYY,,6.0,SS,,1.39,3.42,0.998,1.023,1.021,6.5,8.92,,,,,,,,0,
2026-08-04,655316,Andruw Monasterio,Davis Martin,CWS@BOS,,8.0,SS,,2.84,1.82,1.037,0.999,1.013,6.5,8.92,,,,,,,,0,
2026-08-04,807799,Masataka Yoshida,Davis Martin,CWS@BOS,,5.0,DH,,2.31,1.82,1.044,0.999,1.013,6.1,8.7,,,,,,,,0,
2026-08-04,807712,Luke Keaschall,Randy Dobnak,MIN@KC,,8.0,CF,,1.82,2.56,1.0,1.0,1.043,5.9,8.6,,,,,,,,0,
2026-08-04,666152,David Hamilton,Jared Jones,PIT@MIL,,9.0,3B,,1.75,3.23,0.982,1.0,0.9,5.7,8.49,,,,,,,,0,
2026-08-04,620443,Luis Torrens,Joey Cantillo,NYM@CLE,,9.0,C,,1.76,2.73,1.015,0.994,0.959,5.3,8.27,,,,,,,,1,
2026-08-04,657136,Connor Wong,Davis Martin,CWS@BOS,,9.0,C,,1.98,1.82,1.044,0.999,1.013,4.4,7.79,,,,,,,,0,
2026-08-05,670541,Yordan Álvarez,Jameson Taillon,TOR@HOU,,2.0,DH,,6.25,6.2,1.005,1.0,1.12,50.7,32.62,,,,,,,,0,
2026-08-05,665161,Jeremy Peña,Jameson Taillon,TOR@HOU,,1.0,SS,,4.06,6.2,1.034,1.0,1.12,37.7,25.65,,,,,,,,0,
2026-08-05,572233,Christian Walker,Jameson Taillon,TOR@HOU,,6.0,1B,,4.43,6.2,1.034,1.0,1.12,36.5,25.0,,,,,,,,0,
2026-08-05,691406,Junior Caminero,Tomoyuki Sugano,TB@COL,,3.0,3B,,5.77,4.42,0.966,1.001,1.12,34.6,23.99,,,,,,,,1,
2026-08-05,656941,Kyle Schwarber,Jake Irvin,WSH@PHI,,1.0,DH,,6.12,3.41,1.006,1.015,1.12,31.9,22.54,,,,,,,,0,
2026-08-05,695506,Jac Caglianone,Dean Kremer,MIN@KC,,3.0,1B,,4.11,5.46,1.0,1.0,1.076,30.9,22.0,,,,,,,,0,
2026-08-05,666211,Taylor Trammell,Jameson Taillon,TOR@HOU,,5.0,RF,,3.31,6.2,1.025,1.0,1.12,29.1,21.04,,,,,,,,0,
2026-08-05,514888,José Altuve,Jameson Taillon,TOR@HOU,,3.0,2B,,3.09,6.2,1.034,1.0,1.12,28.7,20.82,,,,,,,,1,
2026-08-05,695600,Carter Jensen,Dean Kremer,MIN@KC,,1.0,DH,,3.45,5.46,1.0,1.0,1.076,27.6,20.23,,,,,,,,0,
2026-08-05,521692,Salvador Pérez,Dean Kremer,MIN@KC,,4.0,C,,3.46,5.46,1.0,1.0,1.076,26.5,19.64,,,,,,,,0,
2026-08-05,673237,Yainer Diaz,Jameson Taillon,TOR@HOU,,8.0,C,,3.42,6.2,1.004,1.0,1.12,26.5,19.64,,,,,,,,0,
2026-08-05,660271,Shohei Ohtani,Shota Imanaga,LAD@CHC,,1.0,DH,,4.62,4.33,0.976,1.007,0.945,25.6,19.16,,,,,,,,1,
2026-08-05,677951,Bobby Witt,Dean Kremer,MIN@KC,,2.0,SS,,3.09,5.46,1.0,1.0,1.076,24.5,18.57,,,,,,,,0,
2026-08-05,665052,Griffin Conine,Bryce Elder,MIA@ATL,,4.0,RF,,5.12,3.61,1.009,1.007,0.979,24.2,18.41,,,,,,,,0,
2026-08-05,547180,Bryce Harper,Jake Irvin,WSH@PHI,,3.0,RF,,4.61,3.41,1.006,1.015,1.12,23.8,18.19,,,,,,,,0,
2026-08-05,571970,Max Muncy,Shota Imanaga,LAD@CHC,,7.0,3B,,4.8,4.33,0.978,1.007,0.945,22.7,17.6,,,,,,,,1,
2026-08-05,666160,Mickey Moniak,Nick Martínez,TB@COL,,3.0,DH,,5.58,3.03,0.956,1.001,1.043,22.5,17.5,,,,,,,,0,
2026-08-05,621566,Matt Olson,Eury Pérez,MIA@ATL,,3.0,1B,,5.64,3.06,1.009,1.007,0.958,22.4,17.44,,,,,,,,0,
2026-08-05,664023,Ian Happ,Eric Lauer,LAD@CHC,,7.0,LF,,3.67,4.76,0.978,1.007,1.054,21.4,16.91,,,,,,,,0,
2026-08-05,621020,Dansby Swanson,Eric Lauer,LAD@CHC,,8.0,SS,,3.8,4.76,0.978,1.007,1.054,21.3,16.85,,,,,,,,0,
2026-08-05,701398,Sal Stewart,Jacob Lopez,ATH@CIN,,2.0,1B,,4.56,3.48,1.011,1.023,0.946,21.3,16.85,,,,,,,,0,
2026-08-05,686611,Dylan Crews,Andrew Painter,WSH@PHI,,3.0,RF,,3.37,4.15,1.008,1.015,1.103,21.2,16.8,,,,,,,,0,
2026-08-05,686681,Michael Massey,Dean Kremer,MIN@KC,,5.0,2B,,2.75,5.46,1.0,1.0,1.076,20.7,16.53,,,,,,,,1,
2026-08-05,662139,Daulton Varsho,Jameson Taillon,TOR@HOU,,4.0,CF,,2.15,6.2,1.025,1.0,1.12,20.5,16.42,,,,,,,,0,
2026-08-05,668709,Jj Bleday,Jacob Lopez,ATH@CIN,,6.0,LF,,4.78,3.48,1.011,1.023,0.946,20.3,16.32,,,,,,,,0,
2026-08-05,656775,Cedric Mullins,Tomoyuki Sugano,TB@COL,,6.0,CF,,3.35,4.42,0.966,1.001,1.12,20.0,16.16,,,,,,,,0,
2026-08-05,669065,Kyle Stowers,Bryce Elder,MIA@ATL,,2.0,1B,,3.95,3.61,1.009,1.007,0.979,19.6,15.94,,,,,,,,0,
2026-08-05,682829,Elly De La Cruz,Jacob Lopez,ATH@CIN,,1.0,SS,,4.02,3.48,1.011,1.023,0.946,19.5,15.89,,,,,,,,0,
2026-08-05,686948,Drake Baldwin,Eury Pérez,MIA@ATL,,1.0,DH,,4.54,3.06,1.0,1.007,0.958,19.1,15.67,,,,,,,,0,
2026-08-05,695734,Daylen Lile,Andrew Painter,WSH@PHI,,4.0,LF,,3.0,4.15,1.002,1.015,1.103,18.8,15.51,,,,,,,,0,
2026-08-05,683357,Owen Caissie,Bryce Elder,MIA@ATL,,6.0,DH,,4.19,3.61,1.009,1.007,0.979,18.8,15.51,,,,,,,,0,
2026-08-05,605141,Mookie Betts,Shota Imanaga,LAD@CHC,,6.0,SS,,3.75,4.33,0.961,1.007,0.945,18.6,15.41,,,,,,,,0,
2026-08-05,695657,Colson Montgomery,Sonny Gray,CWS@BOS,,4.0,SS,,5.06,2.71,1.037,0.997,0.961,18.4,15.3,,,,,,,,0,
2026-08-05,553993,Eugenio Suárez,Jacob Lopez,ATH@CIN,,4.0,DH,,3.98,3.48,1.011,1.023,0.946,18.3,15.24,,,,,,,,0,
2026-08-05,700250,Ben Rice,Andre Pallante,STL@NYY,,2.0,DH,,5.96,2.26,1.011,1.015,0.948,18.2,15.19,,,,,,,,0,
2026-08-05,672960,Kazuma Okamoto,Hunter Brown,TOR@HOU,,2.0,1B,,4.84,2.82,1.004,1.0,0.948,18.1,15.14,,,,,,,,0,
2026-08-05,682626,Francisco Álvarez,Tanner Bibee,NYM@CLE,,6.0,C,,3.9,3.58,1.006,0.996,1.027,18.0,15.08,,,,,,,,0,
2026-08-05,665019,Kody Clemens,Noah Cameron,MIN@KC,,4.0,CF,,4.37,2.86,1.0,1.0,1.048,17.8,14.98,,,,,,,,0,
2026-08-05,607208,Trea Turner,Jake Irvin,WSH@PHI,,2.0,SS,,3.22,3.41,1.008,1.015,1.12,17.6,14.87,,,,,,,,0,
2026-08-05,680777,Ryan Jeffers,Noah Cameron,MIN@KC,,2.0,C,,4.12,2.86,1.0,1.0,1.048,17.3,14.71,,,,,,,,0,
2026-08-05,671739,Michael Harris,Eury Pérez,MIA@ATL,,4.0,CF,,4.28,3.06,1.009,1.007,0.958,17.3,14.71,,,,,,,,0,
2026-08-05,641680,Jonah Heim,Rhett Lowder,ATH@CIN,,4.0,C,,4.02,2.77,1.011,1.023,1.107,17.3,14.71,,,,,,,,0,
2026-08-05,518692,Freddie Freeman,Shota Imanaga,LAD@CHC,,3.0,1B,,3.12,4.33,0.976,1.007,0.945,17.2,14.65,,,,,,,,0,
2026-08-05,608348,Carson Kelly,Eric Lauer,LAD@CHC,,4.0,C,,2.55,4.76,0.961,1.007,1.054,16.9,14.49,,,,,,,,0,
2026-08-05,671277,Luis García,Andre Pallante,STL@NYY,,3.0,1B,,5.51,2.26,1.024,1.015,0.948,16.8,14.44,,,,,,,,0,
2026-08-05,678246,Miguel Vargas,Sonny Gray,CWS@BOS,,3.0,3B,,4.57,2.71,1.037,0.997,0.961,16.8,14.44,,,,,,,,0,
2026-08-05,575929,Willson Contreras,Sean Burke,CWS@BOS,,4.0,1B,,4.86,2.67,1.037,0.997,0.916,16.7,14.39,,,,,,,,0,
2026-08-05,624413,Pete Alonso,Reid Detmers,LAA@BAL,,2.0,1B,,4.36,2.95,1.015,0.999,0.906,16.6,14.33,,,,,,,,0,
2026-08-05,691016,Tyler Soderstrom,Rhett Lowder,ATH@CIN,,3.0,LF,,3.83,2.77,1.011,1.023,1.107,16.6,14.33,,,,,,,,0,
2026-08-05,669397,Nick Allen,Jameson Taillon,TOR@HOU,,9.0,3B,,2.0,6.2,1.034,1.0,1.12,15.9,13.96,,,,,,,,0,
2026-08-05,679845,Nick Loftin,Dean Kremer,MIN@KC,,7.0,3B,,2.23,5.46,1.0,1.0,1.076,15.8,13.9,,,,,,,,0,
2026-08-05,608324,Alex Bregman,Eric Lauer,LAD@CHC,,3.0,3B,,2.33,4.76,0.976,1.007,1.054,15.8,13.9,,,,,,,,0,
2026-08-05,691723,Coby Mayo,Reid Detmers,LAA@BAL,,5.0,DH,,4.37,2.95,1.006,0.999,0.906,15.5,13.74,,,,,,,,1,
2026-08-05,624431,Jose Trevino,Jacob Lopez,ATH@CIN,,7.0,C,,3.7,3.48,1.011,1.023,0.946,15.3,13.64,,,,,,,,0,
2026-08-05,664761,Alec Bohm,Jake Irvin,WSH@PHI,,5.0,1B,,2.93,3.41,1.006,1.015,1.12,15.1,13.53,,,,,,,,0,
2026-08-05,677588,José Tena,Andrew Painter,WSH@PHI,,6.0,DH,,2.54,4.15,1.006,1.015,1.103,15.1,13.53,,,,,,,,0,
2026-08-05,682622,Noelvi Marte,Jacob Lopez,ATH@CIN,,5.0,RF,,3.25,3.48,1.012,1.023,0.946,14.7,13.31,,,,,,,,0,
2026-08-05,686555,Isaac Collins,Dean Kremer,MIN@KC,,6.0,LF,,1.95,5.46,1.0,1.0,1.076,14.6,13.26,,,,,,,,0,
2026-08-05,645277,Ozzie Albies,Eury Pérez,MIA@ATL,,5.0,2B,,3.73,3.06,0.991,1.007,0.958,14.4,13.15,,,,,,,,0,
2026-08-05,696285,Jacob Young,Andrew Painter,WSH@PHI,,9.0,CF,,2.77,4.15,1.008,1.015,1.103,14.4,13.15,,,,,,,,0,
2026-08-05,664728,Kyle Isbel,Dean Kremer,MIN@KC,,9.0,CF,,2.17,5.46,1.0,1.0,1.076,14.2,13.05,,,,,,,,0,
2026-08-05,668904,Royce Lewis,Noah Cameron,MIN@KC,,5.0,2B,,3.55,2.86,1.0,1.0,1.048,14.1,12.99,,,,,,,,0,
2026-08-05,663993,Nathaniel Lowe,Christian Scott,NYM@CLE,,4.0,1B,,3.92,2.6,1.011,0.996,0.951,13.5,12.67,,,,,,,,0,
2026-08-05,677800,Wilyer Abreu,Sean Burke,CWS@BOS,,3.0,RF,,3.78,2.67,1.059,0.997,0.916,13.5,12.67,,,,,,,,1,
2026-08-05,641933,Tyler O'Neill,Reid Detmers,LAA@BAL,,4.0,RF,,3.59,2.95,1.006,0.999,0.906,13.4,12.62,,,,,,,,1,
2026-08-05,605137,Josh Bell,Noah Cameron,MIN@KC,,3.0,DH,,3.16,2.86,1.0,1.0,1.048,13.2,12.51,,,,,,,,0,
2026-08-05,543760,Marcus Semien,Tanner Bibee,NYM@CLE,,9.0,2B,,3.18,3.58,1.015,0.996,1.027,13.2,12.51,,,,,,,,0,
2026-08-05,680700,Richie Palacios,Tomoyuki Sugano,TB@COL,,7.0,2B,,2.24,4.42,0.975,1.001,1.12,13.2,12.51,,,,,,,,0,
2026-08-05,664983,Jake Mccarthy,Nick Martínez,TB@COL,,1.0,LF,,2.93,3.03,0.966,1.001,1.043,13.1,12.46,,,,,,,,0,
2026-08-05,663656,Kyle Tucker,Shota Imanaga,LAD@CHC,,5.0,RF,,2.44,4.33,0.976,1.007,0.945,13.0,12.4,,,,,,,,0,
2026-08-05,683002,Gunnar Henderson,Reid Detmers,LAA@BAL,,3.0,SS,,3.43,2.95,1.015,0.999,0.906,13.0,12.4,,,,,,,,0,
2026-08-05,686797,Brooks Lee,Noah Cameron,MIN@KC,,7.0,3B,,3.52,2.86,1.0,1.0,1.048,12.9,12.35,,,,,,,,0,
2026-08-05,643217,Andrew Benintendi,Sonny Gray,CWS@BOS,,5.0,DH,,3.41,2.71,1.062,0.997,0.961,12.5,12.13,,,,,,,,0,
2026-08-05,666182,Bo Bichette,Tanner Bibee,NYM@CLE,,3.0,3B,,2.42,3.58,1.015,0.996,1.027,12.5,12.13,,,,,,,,0,
2026-08-05,543807,George Springer,Hunter Brown,TOR@HOU,,4.0,DH,,3.24,2.82,1.034,1.0,0.948,12.4,12.08,,,,,,,,0,
2026-08-05,678882,Ceddanne Rafaela,Sean Burke,CWS@BOS,,2.0,CF,,3.3,2.67,1.037,0.997,0.916,12.0,11.87,,,,,,,,0,
2026-08-05,666176,Jo Adell,Christian Scott,NYM@CLE,,3.0,RF,,3.38,2.6,1.015,0.996,0.951,11.8,11.76,,,,,,,,0,
2026-08-05,671056,Iván Herrera,Will Warren,STL@NYY,,2.0,C,,2.52,3.14,0.998,1.015,1.028,11.8,11.76,,,,,,,,0,
2026-08-05,805779,Jacob Wilson,Rhett Lowder,ATH@CIN,,2.0,DH,,2.49,2.77,1.012,1.023,1.107,11.4,11.54,,,,,,,,0,
2026-08-05,657041,Lane Thomas,Eury Pérez,MIA@ATL,,7.0,LF,,3.04,3.06,1.009,1.007,0.958,11.2,11.44,,,,,,,,0,
2026-08-05,665877,José Fermín,Will Warren,STL@NYY,,4.0,RF,,2.46,3.14,0.998,1.015,1.028,11.2,11.44,,,,,,,,0,
2026-08-05,663538,Nico Hoerner,Eric Lauer,LAD@CHC,,6.0,2B,,1.73,4.76,0.978,1.007,1.054,11.1,11.38,,,,,,,,0,
2026-08-05,660821,Jesús Sánchez,Hunter Brown,TOR@HOU,,3.0,LF,,2.95,2.82,1.005,1.0,0.948,11.1,11.38,,,,,,,,1,
2026-08-05,665862,Jazz Chisholm,Andre Pallante,STL@NYY,,6.0,2B,,3.85,2.26,1.011,1.015,0.948,11.0,11.33,,,,,,,,0,
2026-08-05,663647,Ke'Bryan Hayes,Jacob Lopez,ATH@CIN,,8.0,3B,,2.68,3.48,1.012,1.023,0.946,10.9,11.28,,,,,,,,0,
2026-08-05,691720,Kyle Karros,Nick Martínez,TB@COL,,4.0,3B,,2.55,3.03,0.963,1.001,1.043,10.9,11.28,,,,,,,,0,
2026-08-05,500743,Miguel Rojas,Shota Imanaga,LAD@CHC,,8.0,2B,,2.26,4.33,0.978,1.007,0.945,10.8,11.22,,,,,,,,0,
2026-08-05,663743,Nick Fortes,Tomoyuki Sugano,TB@COL,,9.0,C,,2.02,4.42,0.96,1.001,1.12,10.8,11.22,,,,,,,,0,
2026-08-05,672640,Otto Lopez,Bryce Elder,MIA@ATL,,3.0,SS,,2.12,3.61,0.991,1.007,0.979,10.5,11.06,,,,,,,,0,
2026-08-05,663757,Trent Grisham,Andre Pallante,STL@NYY,,1.0,CF,,3.2,2.26,1.011,1.015,0.948,10.4,11.01,,,,,,,,0,
2026-08-05,667472,Dane Myers,Jacob Lopez,ATH@CIN,,3.0,CF,,2.14,3.48,1.011,1.023,0.946,10.3,10.95,,,,,,,,0,
2026-08-05,663586,Austin Riley,Eury Pérez,MIA@ATL,,8.0,3B,,2.91,3.06,1.004,1.007,0.958,10.3,10.95,,,,,,,,0,
2026-08-05,678391,Jorbit Vivas,Andrew Painter,WSH@PHI,,8.0,3B,,1.83,4.15,1.013,1.015,1.103,10.3,10.95,,,,,,,,0,
2026-08-05,680776,Jarren Duran,Sean Burke,CWS@BOS,,7.0,LF,,3.27,2.67,1.044,0.997,0.916,10.3,10.95,,,,,,,,0,
2026-08-05,666139,Josh Lowe,Trevor Rogers,LAA@BAL,,7.0,RF,,3.52,2.38,1.015,0.999,0.97,10.2,10.9,,,,,,,,0,
2026-08-05,605170,Víctor Caratini,Noah Cameron,MIN@KC,,6.0,1B,,2.52,2.86,1.0,1.0,1.048,9.8,10.69,,,,,,,,0,
2026-08-05,669236,Jeremiah Jackson,Reid Detmers,LAA@BAL,,8.0,LF,,3.07,2.95,1.006,0.999,0.906,9.8,10.69,,,,,,,,0,
2026-08-05,643289,Mauricio Dubón,Eury Pérez,MIA@ATL,,6.0,SS,,2.44,3.06,1.009,1.007,0.958,9.5,10.53,,,,,,,,0,
2026-08-05,702332,Caleb Durbin,Sean Burke,CWS@BOS,,6.0,3B,,2.86,2.67,1.037,0.997,0.916,9.4,10.47,,,,,,,,0,
2026-08-05,671218,Heliot Ramos,Andre Pallante,STL@NYY,,4.0,LF,,2.97,2.26,1.014,1.015,0.948,9.2,10.36,,,,,,,,0,
2026-08-05,702616,Jackson Holliday,Reid Detmers,LAA@BAL,,7.0,2B,,2.73,2.95,1.015,0.999,0.906,9.2,10.36,,,,,,,,0,
2026-08-05,683146,Brett Baty,Tanner Bibee,NYM@CLE,,7.0,LF,,2.01,3.58,1.006,0.996,1.027,9.2,10.36,,,,,,,,1,
2026-08-05,678662,Ezequiel Tovar,Nick Martínez,TB@COL,,8.0,SS,,2.49,3.03,0.963,1.001,1.043,9.1,10.31,,,,,,,,0,
2026-08-05,664770,Nathan Lukes,Hunter Brown,TOR@HOU,,1.0,RF,,2.18,2.82,1.025,1.0,0.948,8.9,10.2,,,,,,,,0,
2026-08-05,687597,Jordan Beck,Nick Martínez,TB@COL,,6.0,RF,,2.21,3.03,0.963,1.001,1.043,8.8,10.15,,,,,,,,0,
2026-08-05,593871,Jorge Polanco,Tanner Bibee,NYM@CLE,,8.0,DH,,1.98,3.58,1.006,0.996,1.027,8.7,10.1,,,,,,,,1,
2026-08-05,669364,Xavier Edwards,Bryce Elder,MIA@ATL,,1.0,2B,,1.62,3.61,1.009,1.007,0.979,8.7,10.1,,,,,,,,0,
2026-08-05,655316,Andruw Monasterio,Sean Burke,CWS@BOS,,8.0,SS,,2.8,2.67,1.037,0.997,0.916,8.5,9.99,,,,,,,,0,
2026-08-05,672275,Patrick Bailey,Christian Scott,NYM@CLE,,8.0,C,,2.76,2.6,1.008,0.996,0.951,8.2,9.83,,,,,,,,0,
2026-08-05,807799,Masataka Yoshida,Sean Burke,CWS@BOS,,5.0,DH,,2.29,2.67,1.044,0.997,0.916,7.9,9.67,,,,,,,,0,
2026-08-05,669224,Austin Wells,Andre Pallante,STL@NYY,,9.0,C,,3.13,2.26,1.011,1.015,0.948,7.8,9.61,,,,,,,,0,
2026-08-05,805300,Jakob Marsee,Bryce Elder,MIA@ATL,,7.0,CF,,1.74,3.61,1.009,1.007,0.979,7.8,9.61,,,,,,,,0,
2026-08-05,677587,Brayan Rocchio,Christian Scott,NYM@CLE,,6.0,SS,,2.29,2.6,1.006,0.996,0.951,7.5,9.45,,,,,,,,0,
2026-08-05,691594,Javier Sanoja,Bryce Elder,MIA@ATL,,9.0,3B,,1.82,3.61,0.991,1.007,0.979,7.3,9.35,,,,,,,,0,
2026-08-05,665926,Andrés Giménez,Hunter Brown,TOR@HOU,,8.0,SS,,2.22,2.82,1.004,1.0,0.948,7.2,9.29,,,,,,,,0,
2026-08-05,666397,Edouard Julien,Nick Martínez,TB@COL,,7.0,2B,,1.71,3.03,0.966,1.001,1.043,6.6,8.97,,,,,,,,0,
2026-08-05,665966,Carlos Narváez,Reid Detmers,LAA@BAL,,9.0,C,,2.08,2.95,1.006,0.999,0.906,6.4,8.86,,,,,,,,0,
2026-08-05,668885,Austin Martin,Noah Cameron,MIN@KC,,1.0,RF,,1.32,2.86,1.0,1.0,1.048,6.0,8.65,,,,,,,,0,
2026-08-05,657136,Connor Wong,Sean Burke,CWS@BOS,,9.0,C,,1.95,2.67,1.044,0.997,0.916,5.7,8.49,,,,,,,,0,
2026-08-05,683083,Nasim Nuñez,Andrew Painter,WSH@PHI,,7.0,2B,,0.95,4.15,1.008,1.015,1.103,5.6,8.43,,,,,,,,0,
2026-08-05,670764,Taylor Walls,Tomoyuki Sugano,TB@COL,,8.0,SS,,0.84,4.42,0.966,1.001,1.12,4.9,8.06,,,,,,,,0,
2026-08-06,656941,Kyle Schwarber,Miles Mikolas,WSH@PHI,,1.0,DH,,6.07,4.99,1.006,1.039,1.118,44.1,29.08,,,,,,,,0,
2026-08-06,547180,Bryce Harper,Miles Mikolas,WSH@PHI,,3.0,RF,,4.57,4.99,1.006,1.039,1.118,33.6,23.45,,,,,,,,0,
2026-08-06,624413,Pete Alonso,Ryan Johnson,LAA@BAL,,2.0,1B,,4.34,4.58,1.015,0.991,1.114,29.4,21.2,,,,,,,,0,
2026-08-06,607208,Trea Turner,Miles Mikolas,WSH@PHI,,2.0,SS,,3.2,4.99,1.008,1.039,1.118,25.2,18.94,,,,,,,,0,
2026-08-06,621566,Matt Olson,Janson Junk,MIA@ATL,,3.0,1B,,5.6,3.19,1.009,1.007,0.985,23.7,18.14,23.2,300.0,,,-5.06,-6.86,,1,3.0
2026-08-06,693307,Dillon Dingler,Bryce Miller,DET@SEA,,3.0,C,,5.1,3.82,1.002,1.0,0.9,23.4,17.98,,,,,,,,1,
2026-08-06,683002,Gunnar Henderson,Ryan Johnson,LAA@BAL,,3.0,DH,,3.41,4.58,1.015,0.991,1.114,23.3,17.93,,,,,,,,0,
2026-08-06,668709,Jj Bleday,Mason Barnett,ATH@CIN,,3.0,LF,,4.75,3.47,1.011,1.028,0.976,22.3,17.39,,,,,,,,1,
2026-08-06,701398,Sal Stewart,Mason Barnett,ATH@CIN,,2.0,1B,,4.53,3.47,1.011,1.028,0.976,21.9,17.18,,,,,,,,1,
2026-08-06,664761,Alec Bohm,Miles Mikolas,WSH@PHI,,5.0,1B,,2.91,4.99,1.006,1.039,1.118,21.7,17.07,,,,,,,,0,
2026-08-06,677800,Wilyer Abreu,Luis Castillo,CWS@BOS,,3.0,RF,,3.92,3.46,1.059,1.01,1.067,20.8,16.59,23.2,300.0,,,-6.61,-8.41,,0,-1.0
2026-08-06,695506,Jac Caglianone,Bailey Ober,MIN@KC,,3.0,1B,,4.09,3.59,1.0,1.0,1.029,20.4,16.37,20.8,350.0,,,-4.43,-5.85,,0,-1.0
2026-08-06,686948,Drake Baldwin,Janson Junk,MIA@ATL,,1.0,C,,4.51,3.19,1.0,1.007,0.985,20.2,16.26,17.9,425.0,,,-1.64,-2.79,,0,-1.0
2026-08-06,682829,Elly De La Cruz,Mason Barnett,ATH@CIN,,1.0,SS,,3.99,3.47,1.011,1.028,0.976,19.9,16.1,,,,,,,,1,
2026-08-06,641680,Jonah Heim,Andrew Abbott,ATH@CIN,,3.0,DH,,3.97,3.18,1.011,1.028,1.057,18.9,15.57,,,,,,,,0,
2026-08-06,669236,Jeremiah Jackson,Ryan Johnson,LAA@BAL,,7.0,2B,,3.05,4.58,1.006,0.991,1.114,18.5,15.35,,,,,,,,0,
2026-08-06,672960,Kazuma Okamoto,David Peterson,TOR@CHC,,2.0,1B,,4.79,2.58,0.976,1.017,1.085,18.5,15.35,,,,,,,,0,
2026-08-06,671739,Michael Harris,Janson Junk,MIA@ATL,,4.0,CF,,4.25,3.19,1.009,1.007,0.985,18.4,15.3,,,,,,,,0,
2026-08-06,695600,Carter Jensen,Bailey Ober,MIN@KC,,1.0,C,,3.42,3.59,1.0,1.0,1.029,18.1,15.14,19.7,375.0,,,-4.56,-5.91,,0,-1.0
2026-08-06,679529,Spencer Torkelson,Bryce Miller,DET@SEA,,6.0,1B,,4.18,3.82,1.002,1.0,0.9,18.1,15.14,,,,,,,,0,
2026-08-06,553993,Eugenio Suárez,Mason Barnett,ATH@CIN,,5.0,3B,,3.95,3.47,1.011,1.028,0.976,18.1,15.14,,,,,,,,0,
2026-08-06,702616,Jackson Holliday,Ryan Johnson,LAA@BAL,,5.0,SS,,2.7,4.58,1.015,0.991,1.114,18.1,15.14,,,,,,,,0,
2026-08-06,691016,Tyler Soderstrom,Andrew Abbott,ATH@CIN,,4.0,LF,,3.8,3.18,1.011,1.028,1.057,18.0,15.08,,,,,,,,0,
2026-08-06,681297,Colton Cowser,Ryan Johnson,LAA@BAL,,8.0,CF,,3.0,4.58,1.015,0.991,1.114,17.8,14.98,,,,,,,,0,
2026-08-06,678882,Ceddanne Rafaela,Luis Castillo,CWS@BOS,,2.0,CF,,3.28,3.46,1.037,1.01,1.067,17.7,14.92,14.3,575.0,,,0.62,0.11,,0,-1.0
2026-08-06,682626,Francisco Álvarez,Foster Griffin,NYM@CLE,,5.0,DH,,3.86,3.5,1.006,0.999,0.99,17.5,14.82,,,,,,,,0,
2026-08-06,521692,Salvador Pérez,Bailey Ober,MIN@KC,,4.0,DH,,3.44,3.59,1.0,1.0,1.029,17.3,14.71,18.8,400.0,,,-4.09,-5.29,,0,-1.0
2026-08-06,665019,Kody Clemens,Michael Wacha,MIN@KC,,3.0,2B,,4.33,2.89,1.0,1.0,0.996,17.0,14.55,17.9,425.0,,,-3.35,-4.5,,0,-1.0
2026-08-06,686527,Dominic Canzone,Framber Valdez,DET@SEA,,3.0,DH,,4.84,2.43,1.0,1.0,1.013,16.3,14.17,,,,,,,,0,
2026-08-06,606466,Ketel Marte,Walker Buehler,SD@AZ,,4.0,2B,,3.76,3.07,1.0,1.0,1.03,16.3,14.17,,,,,,,,0,
2026-08-06,677951,Bobby Witt,Bailey Ober,MIN@KC,,2.0,SS,,3.07,3.59,1.0,1.0,1.029,16.0,14.01,,,,,,,,0,
2026-08-06,682985,Riley Greene,Bryce Miller,DET@SEA,,4.0,LF,,3.31,3.82,1.0,1.0,0.9,15.6,13.8,,,,,,,,0,
2026-08-06,680776,Jarren Duran,Luis Castillo,CWS@BOS,,7.0,LF,,3.25,3.46,1.044,1.01,1.067,15.4,13.69,17.9,425.0,,,-4.21,-5.36,,0,-1.0
2026-08-06,702332,Caleb Durbin,Luis Castillo,CWS@BOS,,4.0,3B,,2.84,3.46,1.037,1.01,1.067,15.1,13.53,10.4,800.0,,,3.13,2.42,,0,-1.0
2026-08-06,669065,Kyle Stowers,Martín Pérez,MIA@ATL,,6.0,1B,,3.92,2.84,1.009,1.007,1.026,14.8,13.37,16.4,475.0,,,-3.03,-4.02,,0,-1.0
2026-08-06,694192,Jackson Chourio,Braxton Ashcraft,PIT@MIL,,2.0,LF,,3.65,3.19,0.99,1.0,0.906,14.8,13.37,,,,,,,,1,
2026-08-06,682998,Corbin Carroll,Walker Buehler,SD@AZ,,2.0,RF,,3.27,3.07,1.0,1.0,1.03,14.6,13.26,,,,,,,,0,
2026-08-06,686681,Michael Massey,Bailey Ober,MIN@KC,,5.0,2B,,2.96,3.59,1.0,1.0,1.029,14.5,13.21,15.6,525.0,,,-2.39,-2.79,,0,-1.0
2026-08-06,663886,Tyler Stephenson,Mason Barnett,ATH@CIN,,4.0,C,,2.95,3.47,1.011,1.028,0.976,14.3,13.1,,,,,,,,1,
2026-08-06,673357,Luis Robert,Foster Griffin,NYM@CLE,,3.0,CF,,2.91,3.5,1.018,0.999,0.99,14.2,13.05,,,,,,,,0,
2026-08-06,543760,Marcus Semien,Foster Griffin,NYM@CLE,,6.0,2B,,3.16,3.5,1.015,0.999,0.99,14.2,13.05,,,,,,,,1,
2026-08-06,650402,Gleyber Torres,Bryce Miller,DET@SEA,,2.0,2B,,2.86,3.82,1.002,1.0,0.9,14.0,12.94,,,,,,,,0,
2026-08-06,655316,Andruw Monasterio,Luis Castillo,CWS@BOS,,6.0,SS,,2.78,3.46,1.037,1.01,1.067,13.8,12.83,11.7,700.0,,,1.13,0.33,,0,-1.0
2026-08-06,668904,Royce Lewis,Michael Wacha,MIN@KC,,5.0,1B,,3.53,2.89,1.0,1.0,0.996,13.5,12.67,19.7,375.0,,,-7.03,-8.38,,1,3.75
2026-08-06,691777,Max Muncy,Andrew Abbott,ATH@CIN,,5.0,3B,,2.87,3.18,1.011,1.028,1.057,13.4,12.62,,,,,,,,0,
2026-08-06,682622,Noelvi Marte,Mason Barnett,ATH@CIN,,8.0,RF,,3.22,3.47,1.012,1.028,0.976,13.3,12.56,,,,,,,,0,
2026-08-06,663993,Nathaniel Lowe,Nolan Mclean,NYM@CLE,,4.0,1B,,3.86,2.61,1.011,0.999,0.929,13.1,12.46,,,,,,,,1,
2026-08-06,668930,Brice Turang,Braxton Ashcraft,PIT@MIL,,1.0,2B,,3.2,3.19,0.97,1.0,0.906,13.1,12.46,,,,,,,,0,
2026-08-06,596142,Gary Sánchez,Braxton Ashcraft,PIT@MIL,,7.0,C,,3.73,3.19,0.974,1.0,0.906,12.9,12.35,,,,,,,,1,
2026-08-06,686797,Brooks Lee,Michael Wacha,MIN@KC,,6.0,3B,,3.5,2.89,1.0,1.0,0.996,12.9,12.35,13.3,750.0,,,-0.95,0.59,,0,-1.0
2026-08-06,665953,Andrés Chaparro,Cristopher Sánchez,WSH@PHI,,2.0,1B,,4.26,2.2,1.008,1.039,0.9,12.6,12.19,,,,,,,,0,
2026-08-06,605137,Josh Bell,Michael Wacha,MIN@KC,,4.0,DH,,3.14,2.89,1.0,1.0,0.996,12.5,12.13,15.0,525.0,,,-2.87,-3.87,,0,-1.0
2026-08-06,694374,Tim Tawa,Walker Buehler,SD@AZ,,8.0,1B,,3.32,3.07,1.0,1.0,1.03,12.4,12.08,,,,,,,,0,
2026-08-06,543807,George Springer,David Peterson,TOR@CHC,,4.0,DH,,3.21,2.58,0.978,1.017,1.085,12.4,12.08,,,,,,,,0,
2026-08-06,677594,Julio Rodríguez,Framber Valdez,DET@SEA,,4.0,CF,,3.62,2.43,1.002,1.0,1.013,12.4,12.08,,,,,,,,0,
2026-08-06,682657,Angel Martínez,Nolan Mclean,NYM@CLE,,5.0,LF,,3.72,2.61,1.008,0.999,0.929,12.2,11.97,,,,,,,,0,
2026-08-06,690993,Colt Keith,Bryce Miller,DET@SEA,,5.0,DH,,2.62,3.82,1.0,1.0,0.9,12.1,11.92,,,,,,,,0,
2026-08-06,666182,Bo Bichette,Foster Griffin,NYM@CLE,,2.0,3B,,2.4,3.5,1.015,0.999,0.99,12.1,11.92,,,,,,,,0,
2026-08-06,642086,Dominic Smith,Janson Junk,MIA@ATL,,7.0,DH,,3.03,3.19,1.002,1.007,0.985,11.8,11.76,11.7,700.0,,,0.06,-0.74,,0,-1.0
2026-08-06,807799,Masataka Yoshida,Luis Castillo,CWS@BOS,,5.0,DH,,2.27,3.46,1.044,1.01,1.067,11.8,11.76,14.3,650.0,,,-2.54,-1.57,,0,-1.0
2026-08-06,664040,Brandon Lowe,Dustin May,PIT@MIL,,2.0,2B,,4.47,1.89,0.982,1.0,0.97,11.6,11.65,,,,,,,,1,
2026-08-06,666139,Josh Lowe,Brandon Young,LAA@BAL,,8.0,RF,,3.49,2.64,1.015,0.991,1.013,11.2,11.44,,,,,,,,0,
2026-08-06,695657,Colson Montgomery,Ranger Suarez,CWS@BOS,,5.0,SS,,5.02,1.71,1.037,1.01,0.906,11.0,11.33,17.1,480.0,,,-5.77,-5.91,,0,-1.0
2026-08-06,663586,Austin Riley,Janson Junk,MIA@ATL,,8.0,3B,,2.89,3.19,1.004,1.007,0.985,10.9,11.28,15.6,500.0,,,-4.32,-5.39,,0,-1.0
2026-08-06,672386,Alejandro Kirk,David Peterson,TOR@CHC,,3.0,C,,2.81,2.58,0.976,1.017,1.085,10.9,11.28,,,,,,,,0,
2026-08-06,668227,Randy Arozarena,Framber Valdez,DET@SEA,,2.0,LF,,3.05,2.43,1.0,1.0,1.013,10.8,11.22,,,,,,,,0,
2026-08-06,643289,Mauricio Dubón,Janson Junk,MIA@ATL,,5.0,2B,,2.43,3.19,1.009,1.007,0.985,10.5,11.06,9.4,900.0,,,1.66,1.06,,0,-1.0
2026-08-06,678246,Miguel Vargas,Ranger Suarez,CWS@BOS,,3.0,3B,,4.54,1.71,1.037,1.01,0.906,10.4,11.01,19.7,375.0,,,-8.69,-10.04,,0,-1.0
2026-08-06,691781,Brady House,Cristopher Sánchez,WSH@PHI,,3.0,3B,,3.55,2.2,1.008,1.039,0.9,10.4,11.01,,,,,,,,0,
2026-08-06,595879,Javier Báez,Bryce Miller,DET@SEA,,8.0,SS,,2.52,3.82,1.002,1.0,0.9,10.3,10.95,,,,,,,,0,
2026-08-06,686611,Dylan Crews,Cristopher Sánchez,WSH@PHI,,1.0,RF,,3.32,2.2,1.008,1.039,0.9,10.2,10.9,,,,,,,,0,
2026-08-06,683734,Andrew Vaughn,Braxton Ashcraft,PIT@MIL,,4.0,1B,,2.52,3.19,0.98,1.0,0.906,10.0,10.79,,,,,,,,0,
2026-08-06,642215,Weston Wilson,Framber Valdez,DET@SEA,,6.0,1B,,3.04,2.43,1.002,1.0,1.013,9.8,10.69,,,,,,,,0,
2026-08-06,667472,Dane Myers,Mason Barnett,ATH@CIN,,6.0,CF,,2.12,3.47,1.011,1.028,0.976,9.7,10.63,,,,,,,,0,
2026-08-06,686555,Isaac Collins,Bailey Ober,MIN@KC,,6.0,LF,,1.94,3.59,1.0,1.0,1.029,9.4,10.47,11.7,750.0,,,-1.23,-1.29,,0,-1.0
2026-08-06,682663,Agustín Ramírez,Martín Pérez,MIA@ATL,,3.0,DH,,2.25,2.84,0.99,1.007,1.026,9.3,10.42,15.0,525.0,,,-4.58,-5.58,,0,-1.0
2026-08-06,663457,Lars Nootbaar,Walker Buehler,SD@AZ,,5.0,DH,,2.14,3.07,1.0,1.0,1.03,9.2,10.36,,,,,,,,0,
2026-08-06,672640,Otto Lopez,Martín Pérez,MIA@ATL,,1.0,SS,,2.1,2.84,0.991,1.007,1.026,9.1,10.31,10.4,800.0,,,-0.09,-0.8,,0,-1.0
2026-08-06,664728,Kyle Isbel,Bailey Ober,MIN@KC,,9.0,CF,,2.15,3.59,1.0,1.0,1.029,9.0,10.26,9.4,950.0,,,0.86,0.74,,0,-1.0
2026-08-06,592885,Christian Yelich,Braxton Ashcraft,PIT@MIL,,5.0,DH,,2.29,3.19,0.982,1.0,0.906,8.8,10.15,,,,,,,,0,
2026-08-06,657136,Connor Wong,Luis Castillo,CWS@BOS,,9.0,C,,1.93,3.46,1.044,1.01,1.067,8.6,10.04,9.4,900.0,,,0.64,0.04,,1,9.0
2026-08-06,605170,Víctor Caratini,Michael Wacha,MIN@KC,,8.0,C,,2.5,2.89,1.0,1.0,0.996,8.6,10.04,10.4,800.0,,,-0.36,-1.07,,0,-1.0
2026-08-06,620443,Luis Torrens,Foster Griffin,NYM@CLE,,8.0,C,,2.04,3.5,1.015,0.999,0.99,8.6,10.04,,,,,,,,1,
2026-08-06,624424,Michael Conforto,Dylan Cease,TOR@CHC,,7.0,RF,,4.02,1.83,0.978,1.017,0.9,8.2,9.83,,,,,,,,0,
2026-08-06,656484,Tristan Gray,Michael Wacha,MIN@KC,,9.0,SS,,2.51,2.89,1.0,1.0,0.996,8.2,9.83,10.4,850.0,,,-0.57,-0.7,,0,-1.0
2026-08-06,664770,Nathan Lukes,David Peterson,TOR@CHC,,5.0,RF,,2.16,2.58,0.978,1.017,1.085,8.1,9.77,,,,,,,,0,
2026-08-06,664023,Ian Happ,Dylan Cease,TOR@CHC,,5.0,LF,,3.64,1.83,0.978,1.017,0.9,8.1,9.77,,,,,,,,0,
2026-08-06,672275,Patrick Bailey,Nolan Mclean,NYM@CLE,,8.0,C,,2.72,2.61,1.008,0.999,0.929,8.0,9.72,,,,,,,,0,
2026-08-06,672724,Oswald Peraza,Brandon Young,LAA@BAL,,9.0,2B,,2.57,2.64,1.003,0.991,1.013,7.8,9.61,,,,,,,,0,
2026-08-06,687462,Spencer Horwitz,Dustin May,PIT@MIL,,5.0,1B,,3.19,1.89,0.982,1.0,0.97,7.8,9.61,,,,,,,,0,
2026-08-06,668804,Bryan Reynolds,Dustin May,PIT@MIL,,3.0,LF,,2.99,1.89,0.99,1.0,0.97,7.7,9.56,,,,,,,,0,
2026-08-06,807712,Luke Keaschall,Michael Wacha,MIN@KC,,2.0,CF,,1.81,2.89,1.0,1.0,0.996,7.6,9.51,10.4,800.0,,,-0.89,-1.6,,0,-1.0
2026-08-06,621020,Dansby Swanson,Dylan Cease,TOR@CHC,,8.0,SS,,3.77,1.83,0.978,1.017,0.9,7.4,9.4,,,,,,,,0,
2026-08-06,677587,Brayan Rocchio,Nolan Mclean,NYM@CLE,,6.0,SS,,2.27,2.61,1.006,0.999,0.929,7.3,9.35,,,,,,,,0,
2026-08-06,696285,Jacob Young,Cristopher Sánchez,WSH@PHI,,7.0,CF,,2.74,2.2,1.008,1.039,0.9,7.1,9.24,,,,,,,,0,
2026-08-06,656716,Zach Mckinstry,Bryce Miller,DET@SEA,,9.0,RF,,1.79,3.82,1.001,1.0,0.9,7.1,9.24,,,,,,,,0,
2026-08-06,665926,Andrés Giménez,David Peterson,TOR@CHC,,9.0,SS,,2.2,2.58,0.976,1.017,1.085,7.0,9.19,,,,,,,,0,
2026-08-06,680779,Henry Davis,Dustin May,PIT@MIL,,9.0,C,,3.37,1.89,0.98,1.0,0.97,6.9,9.13,,,,,,,,0,
2026-08-06,669364,Xavier Edwards,Martín Pérez,MIA@ATL,,4.0,2B,,1.61,2.84,1.009,1.007,1.026,6.8,9.08,7.3,1300.0,,,1.78,1.94,,0,-1.0
2026-08-06,663698,Joey Bart,Ranger Suarez,CWS@BOS,,6.0,C,,3.14,1.71,1.037,1.01,0.906,6.7,9.02,11.7,700.0,,,-2.68,-3.48,,0,-1.0
2026-08-06,691594,Javier Sanoja,Martín Pérez,MIA@ATL,,7.0,RF,,1.8,2.84,0.991,1.007,1.026,6.6,8.97,9.4,950.0,,,-0.43,-0.55,,0,-1.0
2026-08-06,666152,David Hamilton,Braxton Ashcraft,PIT@MIL,,8.0,3B,,1.72,3.19,0.982,1.0,0.906,5.9,8.6,,,,,,,,0,
2026-08-06,608324,Alex Bregman,Dylan Cease,TOR@CHC,,4.0,3B,,2.31,1.83,0.976,1.017,0.9,5.4,8.33,,,,,,,,1,
2026-08-06,665804,Miguel Amaya,Dylan Cease,TOR@CHC,,9.0,C,,2.17,1.83,0.978,1.017,0.9,4.1,7.63,,,,,,,,0,
2026-08-06,663968,Jake Mangum,Dustin May,PIT@MIL,,1.0,CF,,1.47,1.89,0.98,1.0,0.97,4.0,7.58,,,,,,,,0,
2026-08-06,693304,Nick Gonzales,Dustin May,PIT@MIL,,6.0,3B,,1.68,1.89,0.982,1.0,0.97,4.0,7.58,,,,,,,,0,
2026-08-06,663538,Nico Hoerner,Dylan Cease,TOR@CHC,,6.0,2B,,1.72,1.83,0.978,1.017,0.9,3.8,7.47,,,,,,,,0,
2026-08-06,686668,Brenton Doyle,Ranger Suarez,CWS@BOS,,7.0,CF,,1.85,1.71,1.037,1.01,0.906,3.8,7.47,10.4,800.0,,,-2.93,-3.64,,0,-1.0
2026-08-06,682668,Luisangel Acuña,Ranger Suarez,CWS@BOS,,9.0,LF,,1.54,1.71,1.037,1.01,0.906,2.9,6.99,7.3,1300.0,,,-0.31,-0.15,,0,-1.0
2026-08-06,683083,Nasim Nuñez,Cristopher Sánchez,WSH@PHI,,8.0,2B,,0.94,2.2,1.008,1.039,0.9,2.4,6.72,,,,,,,,0,
2026-08-07,660271,Shohei Ohtani,Merrill Kelly,LAD@AZ,,1.0,DH,,4.91,4.24,1.0,1.0,1.12,31.3,22.22,,,,,,,,0,
2026-08-07,571970,Max Muncy,Merrill Kelly,LAD@AZ,,4.0,3B,,4.95,4.24,1.0,1.0,1.12,30.1,21.57,,,,,,,,0,
2026-08-07,691023,Jordan Walker,Ryan Feltner,COL@STL,,2.0,RF,,4.31,4.45,0.998,1.036,1.12,29.4,21.2,,,,,,,,0,
2026-08-07,700250,Ben Rice,Tyler Mahle,ATL@NYY,,2.0,DH,,5.9,3.35,1.011,1.042,0.987,27.4,20.12,,,,,,,,0,
2026-08-07,696100,Hunter Goodman,Kyle Leahy,COL@STL,,4.0,C,,6.58,2.73,0.998,1.036,1.101,26.6,19.7,,,,,,,,0,
2026-08-07,670541,Yordan Álvarez,Robbie Ray,HOU@SD,,2.0,DH,,6.2,2.95,1.007,1.012,1.026,25.7,19.21,,,,,,,,0,
2026-08-07,671277,Luis García,Tyler Mahle,ATL@NYY,,4.0,1B,,5.47,3.35,1.024,1.042,0.987,25.3,19.0,,,,,,,,0,
2026-08-07,624413,Pete Alonso,Nathan Eovaldi,BAL@TEX,,2.0,1B,,4.31,4.18,1.004,1.0,0.992,24.3,18.46,,,,,,,,0,
2026-08-07,691406,Junior Caminero,Logan Gilbert,TB@SEA,,3.0,3B,,5.89,3.2,1.0,1.0,0.936,23.5,18.03,,,,,,,,0,
2026-08-07,666160,Mickey Moniak,Kyle Leahy,COL@STL,,3.0,LF,,5.54,2.73,0.989,1.036,1.101,22.8,17.66,,,,,,,,0,
2026-08-07,694192,Jackson Chourio,Zebby Matthews,MIN@MIL,,2.0,LF,,3.82,4.18,0.99,1.0,1.048,22.7,17.6,,,,,,,,1,
2026-08-07,605141,Mookie Betts,Merrill Kelly,LAD@AZ,,5.0,SS,,3.7,4.24,1.0,1.0,1.12,22.5,17.5,,,,,,,,0,
2026-08-07,691723,Coby Mayo,Nathan Eovaldi,BAL@TEX,,7.0,3B,,4.56,4.18,1.006,1.0,0.992,22.4,17.44,,,,,,,,0,
2026-08-07,656941,Kyle Schwarber,José Soriano,TOR@PHI,,1.0,DH,,6.02,2.5,1.006,1.005,1.018,21.8,17.12,,,,,,,,0,
2026-08-07,606466,Ketel Marte,Roki Sasaki,LAD@AZ,,4.0,2B,,3.73,4.29,1.0,1.0,1.004,21.5,16.96,,,,,,,,0,
2026-08-07,641933,Tyler O'Neill,Nathan Eovaldi,BAL@TEX,,4.0,DH,,3.85,4.18,1.006,1.0,0.992,21.4,16.91,,,,,,,,0,
2026-08-07,677800,Wilyer Abreu,Jack Perkins,ATH@BOS,,3.0,RF,,3.87,3.85,1.059,1.004,0.969,20.7,16.53,,,,,,,,0,
2026-08-07,683002,Gunnar Henderson,Nathan Eovaldi,BAL@TEX,,1.0,SS,,3.39,4.18,1.004,1.0,0.992,20.0,16.16,,,,,,,,0,
2026-08-07,518692,Freddie Freeman,Merrill Kelly,LAD@AZ,,3.0,1B,,3.11,4.24,1.0,1.0,1.12,19.9,16.1,,,,,,,,0,
2026-08-07,682998,Corbin Carroll,Roki Sasaki,LAD@AZ,,2.0,RF,,3.24,4.29,1.0,1.0,1.004,19.4,15.83,,,,,,,,0,
2026-08-07,668930,Brice Turang,Zebby Matthews,MIN@MIL,,1.0,2B,,3.18,4.18,0.97,1.0,1.048,19.3,15.78,,,,,,,,0,
2026-08-07,606192,Teoscar Hernández,Merrill Kelly,LAD@AZ,,7.0,LF,,3.38,4.24,1.0,1.0,1.12,19.2,15.73,,,,,,,,0,
2026-08-07,664040,Brandon Lowe,Zac Thornton,NYM@PIT,,2.0,2B,,4.6,2.67,1.016,0.996,1.068,18.5,15.35,,,,,,,,0,
2026-08-07,691781,Brady House,Chase Petty,CIN@WSH,,3.0,3B,,3.5,3.42,0.995,1.023,1.109,18.4,15.3,,,,,,,,0,
2026-08-07,672960,Kazuma Okamoto,Zack Wheeler,TOR@PHI,,5.0,1B,,4.75,3.18,1.006,1.005,0.9,17.9,15.03,,,,,,,,0,
2026-08-07,572233,Christian Walker,Robbie Ray,HOU@SD,,5.0,1B,,4.39,2.95,1.007,1.012,1.026,17.7,14.92,,,,,,,,0,
2026-08-07,665161,Jeremy Peña,Robbie Ray,HOU@SD,,1.0,SS,,4.01,2.95,1.007,1.012,1.026,17.7,14.92,,,,,,,,0,
2026-08-07,678882,Ceddanne Rafaela,Jack Perkins,ATH@BOS,,2.0,CF,,3.24,3.85,1.037,1.004,0.969,17.6,14.87,,,,,,,,0,
2026-08-07,671056,Iván Herrera,Ryan Feltner,COL@STL,,4.0,DH,,2.5,4.45,0.998,1.036,1.12,17.5,14.82,,,,,,,,1,
2026-08-07,693307,Dillon Dingler,Jt Brubaker,DET@SF,,3.0,C,,5.22,2.36,0.988,0.989,1.054,17.4,14.76,,,,,,,,0,
2026-08-07,665862,Jazz Chisholm,Tyler Mahle,ATL@NYY,,5.0,2B,,3.82,3.35,1.011,1.042,0.987,17.4,14.76,,,,,,,,0,
2026-08-07,682657,Angel Martínez,Noah Schultz,CLE@CWS,,5.0,LF,,3.67,3.11,0.991,1.008,1.12,16.8,14.44,,,,,,,,1,
2026-08-07,668709,Jj Bleday,Cade Cavalli,CIN@WSH,,3.0,LF,,4.92,2.45,0.998,1.023,0.985,16.6,14.33,,,,,,,,0,
2026-08-07,686611,Dylan Crews,Chase Petty,CIN@WSH,,5.0,RF,,3.27,3.42,0.995,1.023,1.109,16.6,14.33,,,,,,,,0,
2026-08-07,694374,Tim Tawa,Roki Sasaki,LAD@AZ,,8.0,1B,,3.27,4.29,1.0,1.0,1.004,16.4,14.23,,,,,,,,0,
2026-08-07,666176,Jo Adell,Noah Schultz,CLE@CWS,,4.0,RF,,3.33,3.11,1.004,1.008,1.12,16.1,14.06,,,,,,,,0,
2026-08-07,547180,Bryce Harper,José Soriano,TOR@PHI,,3.0,RF,,4.54,2.5,1.006,1.005,1.018,16.1,14.06,,,,,,,,0,
2026-08-07,701398,Sal Stewart,Cade Cavalli,CIN@WSH,,2.0,1B,,4.66,2.45,0.995,1.023,0.985,16.1,14.06,,,,,,,,0,
2026-08-07,686527,Dominic Canzone,Drew Rasmussen,TB@SEA,,4.0,DH,,4.79,2.71,1.0,1.0,0.9,16.0,14.01,,,,,,,,0,
2026-08-07,663757,Trent Grisham,Tyler Mahle,ATL@NYY,,1.0,CF,,3.17,3.35,1.011,1.042,0.987,16.0,14.01,,,,,,,,0,
2026-08-07,695734,Daylen Lile,Chase Petty,CIN@WSH,,4.0,LF,,2.96,3.42,0.991,1.023,1.109,15.6,13.8,,,,,,,,1,
2026-08-07,695506,Jac Caglianone,Kevin Gausman,CHC@KC,,3.0,1B,,4.06,2.83,1.0,1.0,0.974,15.4,13.69,,,,,,,,0,
2026-08-07,702616,Jackson Holliday,Nathan Eovaldi,BAL@TEX,,3.0,2B,,2.66,4.18,1.004,1.0,0.992,15.3,13.64,,,,,,,,0,
2026-08-07,680776,Jarren Duran,Jack Perkins,ATH@BOS,,7.0,LF,,3.22,3.85,1.044,1.004,0.969,15.3,13.64,,,,,,,,1,
2026-08-07,661388,William Contreras,Zebby Matthews,MIN@MIL,,4.0,C,,2.55,4.18,0.99,1.0,1.048,15.2,13.58,,,,,,,,0,
2026-08-07,641680,Jonah Heim,Payton Tolle,ATH@BOS,,3.0,C,,3.93,2.93,1.044,1.004,0.9,15.0,13.48,,,,,,,,0,
2026-08-07,702332,Caleb Durbin,Jack Perkins,ATH@BOS,,4.0,3B,,2.79,3.85,1.037,1.004,0.969,14.9,13.42,,,,,,,,0,
2026-08-07,682829,Elly De La Cruz,Cade Cavalli,CIN@WSH,,1.0,SS,,4.14,2.45,0.995,1.023,0.985,14.8,13.37,,,,,,,,1,
2026-08-07,663656,Kyle Tucker,Merrill Kelly,LAD@AZ,,6.0,RF,,2.41,4.24,1.0,1.0,1.12,14.7,13.31,,,,,,,,0,
2026-08-07,681297,Colton Cowser,Nathan Eovaldi,BAL@TEX,,8.0,CF,,2.97,4.18,1.004,1.0,0.992,14.5,13.21,,,,,,,,0,
2026-08-07,691016,Tyler Soderstrom,Payton Tolle,ATH@BOS,,4.0,LF,,3.77,2.93,1.044,1.004,0.9,14.4,13.15,,,,,,,,1,
2026-08-07,671218,Heliot Ramos,Tyler Mahle,ATL@NYY,,3.0,LF,,2.94,3.35,1.014,1.042,0.987,14.3,13.1,,,,,,,,0,
2026-08-07,695657,Colson Montgomery,Parker Messick,CLE@CWS,,5.0,3B,,4.96,2.34,1.009,1.008,0.9,14.1,12.99,,,,,,,,0,
2026-08-07,514888,José Altuve,Robbie Ray,HOU@SD,,4.0,2B,,3.25,2.95,1.007,1.012,1.026,13.9,12.89,,,,,,,,0,
2026-08-07,695600,Carter Jensen,Kevin Gausman,CHC@KC,,1.0,C,,3.4,2.83,1.0,1.0,0.974,13.7,12.78,,,,,,,,1,
2026-08-07,655316,Andruw Monasterio,Jack Perkins,ATH@BOS,,6.0,SS,,2.73,3.85,1.037,1.004,0.969,13.6,12.72,,,,,,,,0,
2026-08-07,650490,Yandy Díaz,Logan Gilbert,TB@SEA,,1.0,DH,,3.11,3.2,1.0,1.0,0.936,13.6,12.72,,,,,,,,0,
2026-08-07,678246,Miguel Vargas,Parker Messick,CLE@CWS,,3.0,1B,,4.49,2.34,1.004,1.008,0.9,13.3,12.56,,,,,,,,0,
2026-08-07,664983,Jake Mccarthy,Kyle Leahy,COL@STL,,1.0,DH,,2.9,2.73,0.995,1.036,1.101,13.2,12.51,,,,,,,,0,
2026-08-07,521692,Salvador Pérez,Kevin Gausman,CHC@KC,,4.0,DH,,3.42,2.83,1.0,1.0,0.974,13.1,12.46,,,,,,,,0,
2026-08-07,650489,Willi Castro,Kyle Leahy,COL@STL,,6.0,3B,,3.28,2.73,0.998,1.036,1.101,13.1,12.46,,,,,,,,0,
2026-08-07,679529,Spencer Torkelson,Jt Brubaker,DET@SF,,6.0,1B,,4.14,2.36,0.988,0.989,1.054,13.0,12.4,,,,,,,,0,
2026-08-07,543807,George Springer,Zack Wheeler,TOR@PHI,,4.0,DH,,3.18,3.18,1.008,1.005,0.9,12.8,12.3,,,,,,,,0,
2026-08-07,553993,Eugenio Suárez,Cade Cavalli,CIN@WSH,,5.0,DH,,3.92,2.45,0.995,1.023,0.985,12.8,12.3,,,,,,,,1,
2026-08-07,673237,Yainer Diaz,Robbie Ray,HOU@SD,,7.0,C,,3.37,2.95,1.002,1.012,1.026,12.7,12.24,,,,,,,,0,
2026-08-07,660821,Jesús Sánchez,Zack Wheeler,TOR@PHI,,3.0,LF,,3.17,3.18,1.002,1.005,0.9,12.7,12.24,,,,,,,,0,
2026-08-07,592885,Christian Yelich,Zebby Matthews,MIN@MIL,,6.0,DH,,2.27,4.18,0.982,1.0,1.048,12.6,12.19,,,,,,,,0,
2026-08-07,666139,Josh Lowe,Tyler Phillips,LAA@MIA,,8.0,RF,,3.45,2.91,0.977,1.0,1.057,12.3,12.03,,,,,,,,0,
2026-08-07,687462,Spencer Horwitz,Zac Thornton,NYM@PIT,,5.0,1B,,3.16,2.67,1.016,0.996,1.068,12.2,11.97,,,,,,,,0,
2026-08-07,663457,Lars Nootbaar,Roki Sasaki,LAD@AZ,,5.0,DH,,2.11,4.29,1.0,1.0,1.004,12.2,11.97,,,,,,,,0,
2026-08-07,668670,Jake Rogers,Jack Perkins,ATH@BOS,,9.0,C,,2.79,3.85,1.037,1.004,0.969,12.2,11.97,,,,,,,,0,
2026-08-07,669224,Austin Wells,Tyler Mahle,ATL@NYY,,9.0,C,,3.11,3.35,1.011,1.042,0.987,12.1,11.92,,,,,,,,0,
2026-08-07,677951,Bobby Witt,Kevin Gausman,CHC@KC,,2.0,SS,,3.05,2.83,1.0,1.0,0.974,12.1,11.92,,,,,,,,0,
2026-08-07,642715,Willy Adames,Keider Montero,DET@SF,,3.0,SS,,3.75,2.53,0.988,0.989,0.922,12.0,11.87,,,,,,,,1,
2026-08-07,668804,Bryan Reynolds,Zac Thornton,NYM@PIT,,3.0,LF,,2.97,2.67,1.007,0.996,1.068,11.9,11.81,,,,,,,,0,
2026-08-07,677594,Julio Rodríguez,Drew Rasmussen,TB@SEA,,5.0,CF,,3.59,2.71,1.002,1.0,0.9,11.8,11.76,,,,,,,,1,
2026-08-07,696285,Jacob Young,Chase Petty,CIN@WSH,,9.0,CF,,2.72,3.42,0.995,1.023,1.109,11.8,11.76,,,,,,,,0,
2026-08-07,807799,Masataka Yoshida,Jack Perkins,ATH@BOS,,5.0,DH,,2.24,3.85,1.044,1.004,0.969,11.8,11.76,,,,,,,,0,
2026-08-07,607208,Trea Turner,José Soriano,TOR@PHI,,2.0,SS,,3.17,2.5,1.008,1.005,1.018,11.8,11.76,,,,,,,,0,
2026-08-07,680777,Ryan Jeffers,Shane Drohan,MIN@MIL,,2.0,C,,4.04,2.25,0.99,1.0,0.9,11.7,11.71,,,,,,,,0,
2026-08-07,677588,José Tena,Chase Petty,CIN@WSH,,8.0,2B,,2.52,3.42,0.998,1.023,1.109,11.6,11.65,,,,,,,,0,
2026-08-07,672386,Alejandro Kirk,Zack Wheeler,TOR@PHI,,2.0,C,,2.76,3.18,1.006,1.005,0.9,11.5,11.6,,,,,,,,0,
2026-08-07,665019,Kody Clemens,Shane Drohan,MIN@MIL,,5.0,RF,,4.31,2.25,0.982,1.0,0.9,11.5,11.6,,,,,,,,0,
2026-08-07,701358,Cam Smith,Robbie Ray,HOU@SD,,8.0,RF,,3.09,2.95,1.007,1.012,1.026,11.3,11.49,,,,,,,,1,
2026-08-07,595978,Austin Hedges,Noah Schultz,CLE@CWS,,8.0,C,,2.61,3.11,1.004,1.008,1.12,10.9,11.28,,,,,,,,0,
2026-08-07,663886,Tyler Stephenson,Cade Cavalli,CIN@WSH,,4.0,C,,3.16,2.45,0.995,1.023,0.985,10.9,11.28,,,,,,,,0,
2026-08-07,682985,Riley Greene,Jt Brubaker,DET@SF,,4.0,LF,,3.29,2.36,0.958,0.989,1.054,10.9,11.28,,,,,,,,0,
2026-08-07,608369,Corey Seager,Shane Baz,BAL@TEX,,3.0,SS,,3.81,1.93,1.004,1.0,1.014,10.6,11.12,,,,,,,,0,
2026-08-07,668904,Royce Lewis,Shane Drohan,MIN@MIL,,3.0,2B,,3.71,2.25,0.99,1.0,0.9,10.5,11.06,,,,,,,,0,
2026-08-07,668227,Randy Arozarena,Drew Rasmussen,TB@SEA,,3.0,LF,,3.03,2.71,1.0,1.0,0.9,10.4,11.01,,,,,,,,0,
2026-08-07,621566,Matt Olson,Max Fried,ATL@NYY,,4.0,1B,,5.71,1.34,1.011,1.042,0.9,10.2,10.9,,,,,,,,1,
2026-08-07,664761,Alec Bohm,José Soriano,TOR@PHI,,5.0,1B,,2.89,2.5,1.006,1.005,1.018,10.1,10.85,,,,,,,,0,
2026-08-07,650402,Gleyber Torres,Jt Brubaker,DET@SF,,2.0,2B,,2.83,2.36,0.988,0.989,1.054,10.0,10.79,,,,,,,,0,
2026-08-07,686681,Michael Massey,Kevin Gausman,CHC@KC,,7.0,2B,,2.93,2.83,1.0,1.0,0.974,10.0,10.79,,,,,,,,0,
2026-08-07,669394,Jake Burger,Shane Baz,BAL@TEX,,7.0,1B,,4.04,1.93,1.006,1.0,1.014,9.9,10.74,,,,,,,,0,
2026-08-07,805779,Jacob Wilson,Payton Tolle,ATH@BOS,,2.0,SS,,2.47,2.93,1.049,1.004,0.9,9.9,10.74,,,,,,,,0,
2026-08-07,677587,Brayan Rocchio,Noah Schultz,CLE@CWS,,7.0,SS,,2.26,3.11,0.997,1.008,1.12,9.8,10.69,,,,,,,,0,
2026-08-07,543760,Marcus Semien,Carmen Mlodzinski,NYM@PIT,,6.0,2B,,3.32,2.1,1.007,0.996,1.068,9.7,10.63,,,,,,,,1,
2026-08-07,663728,Cal Raleigh,Drew Rasmussen,TB@SEA,,8.0,C,,3.33,2.71,1.002,1.0,0.9,9.7,10.63,,,,,,,,0,
2026-08-07,665966,Carlos Narváez,Nathan Eovaldi,BAL@TEX,,9.0,C,,2.06,4.18,1.006,1.0,0.992,9.7,10.63,,,,,,,,0,
2026-08-07,682622,Noelvi Marte,Cade Cavalli,CIN@WSH,,7.0,RF,,3.18,2.45,0.992,1.023,0.985,9.7,10.63,,,,,,,,0,
2026-08-07,678662,Ezequiel Tovar,Kyle Leahy,COL@STL,,7.0,SS,,2.48,2.73,0.998,1.036,1.101,9.6,10.58,,,,,,,,0,
2026-08-07,672724,Oswald Peraza,Tyler Phillips,LAA@MIA,,7.0,2B,,2.54,2.91,0.97,1.0,1.057,9.5,10.53,,,,,,,,0,
2026-08-07,691777,Max Muncy,Payton Tolle,ATH@BOS,,8.0,3B,,2.83,2.93,1.044,1.004,0.9,9.4,10.47,,,,,,,,0,
2026-08-07,691026,Masyn Winn,Ryan Feltner,COL@STL,,6.0,SS,,1.38,4.45,0.998,1.036,1.12,9.3,10.42,,,,,,,,0,
2026-08-07,664770,Nathan Lukes,Zack Wheeler,TOR@PHI,,1.0,RF,,2.13,3.18,1.013,1.005,0.9,9.2,10.36,,,,,,,,0,
2026-08-07,680977,Brendan Donovan,Drew Rasmussen,TB@SEA,,7.0,3B,,2.92,2.71,1.0,1.0,0.9,8.9,10.2,,,,,,,,0,
2026-08-07,605137,Josh Bell,Shane Drohan,MIN@MIL,,4.0,DH,,3.11,2.25,0.982,1.0,0.9,8.8,10.15,,,,,,,,1,
2026-08-07,676694,Jake Meyers,Robbie Ray,HOU@SD,,9.0,CF,,2.49,2.95,1.007,1.012,1.026,8.7,10.1,,,,,,,,0,
2026-08-07,690993,Colt Keith,Jt Brubaker,DET@SF,,5.0,DH,,2.59,2.36,0.993,0.989,1.054,8.6,10.04,,,,,,,,0,
2026-08-07,677649,Ezequiel Duran,Shane Baz,BAL@TEX,,5.0,3B,,3.18,1.93,1.006,1.0,1.014,8.5,9.99,,,,,,,,0,
2026-08-07,662139,Daulton Varsho,Robbie Ray,HOU@SD,,6.0,LF,,2.13,2.95,0.987,1.012,1.026,8.5,9.99,,,,,,,,0,
2026-08-07,664023,Ian Happ,Daniel Lynch,CHC@KC,,6.0,LF,,3.62,1.97,1.0,1.0,0.909,8.5,9.99,,,,,,,,0,
2026-08-07,666152,David Hamilton,Zebby Matthews,MIN@MIL,,9.0,3B,,1.7,4.18,0.982,1.0,1.048,8.3,9.88,,,,,,,,0,
2026-08-07,686948,Drake Baldwin,Max Fried,ATL@NYY,,2.0,DH,,4.46,1.34,1.011,1.042,0.9,8.3,9.88,,,,,,,,0,
2026-08-07,665926,Andrés Giménez,Zack Wheeler,TOR@PHI,,6.0,SS,,2.18,3.18,1.006,1.005,0.9,8.3,9.88,,,,,,,,1,
2026-08-07,679845,Nick Loftin,Kevin Gausman,CHC@KC,,6.0,3B,,2.2,2.83,1.0,1.0,0.974,8.0,9.72,,,,,,,,0,
2026-08-07,680700,Richie Palacios,Logan Gilbert,TB@SEA,,8.0,2B,,2.23,3.2,1.0,1.0,0.936,8.0,9.72,,,,,,,,0,
2026-08-07,663647,Ke'Bryan Hayes,Cade Cavalli,CIN@WSH,,8.0,3B,,2.65,2.45,0.992,1.023,0.985,7.8,9.61,,,,,,,,0,
2026-08-07,621020,Dansby Swanson,Daniel Lynch,CHC@KC,,9.0,SS,,3.74,1.97,1.0,1.0,0.909,7.7,9.56,,,,,,,,0,
2026-08-07,666182,Bo Bichette,Carmen Mlodzinski,NYM@PIT,,3.0,3B,,2.37,2.1,1.007,0.996,1.068,7.6,9.51,,,,,,,,0,
2026-08-07,686555,Isaac Collins,Kevin Gausman,CHC@KC,,5.0,LF,,1.92,2.83,1.0,1.0,0.974,7.2,9.29,,,,,,,,0,
2026-08-07,595879,Javier Báez,Jt Brubaker,DET@SF,,8.0,SS,,2.46,2.36,0.988,0.989,1.054,7.2,9.29,,,,,,,,0,
2026-08-07,694497,Evan Carter,Shane Baz,BAL@TEX,,6.0,CF,,2.62,1.93,1.004,1.0,1.014,6.8,9.08,,,,,,,,0,
2026-08-07,645277,Ozzie Albies,Max Fried,ATL@NYY,,3.0,2B,,3.69,1.34,0.998,1.042,0.9,6.6,8.97,,,,,,,,0,
2026-08-07,593871,Jorge Polanco,Carmen Mlodzinski,NYM@PIT,,8.0,DH,,2.36,2.1,1.016,0.996,1.068,6.5,8.92,,,,,,,,0,
2026-08-07,693304,Nick Gonzales,Zac Thornton,NYM@PIT,,6.0,3B,,1.67,2.67,1.016,0.996,1.068,6.4,8.86,,,,,,,,0,
2026-08-07,623168,Tyler Heineman,Tyler Phillips,LAA@MIA,,9.0,C,,1.86,2.91,0.977,1.0,1.057,6.4,8.86,,,,,,,,0,
2026-08-07,663968,Jake Mangum,Zac Thornton,NYM@PIT,,1.0,CF,,1.46,2.67,1.012,0.996,1.068,6.3,8.81,,,,,,,,0,
2026-08-07,683146,Brett Baty,Carmen Mlodzinski,NYM@PIT,,7.0,RF,,2.21,2.1,1.016,0.996,1.068,6.3,8.81,,,,,,,,0,
2026-08-07,608324,Alex Bregman,Daniel Lynch,CHC@KC,,3.0,3B,,2.45,1.97,1.0,1.0,0.909,6.3,8.81,,,,,,,,0,
2026-08-07,620443,Luis Torrens,Carmen Mlodzinski,NYM@PIT,,9.0,C,,2.31,2.1,1.007,0.996,1.068,6.0,8.65,,,,,,,,0,
2026-08-07,666397,Edouard Julien,Kyle Leahy,COL@STL,,9.0,2B,,1.69,2.73,0.995,1.036,1.101,6.0,8.65,,,,,,,,0,
2026-08-07,605170,Víctor Caratini,Shane Drohan,MIN@MIL,,8.0,1B,,2.47,2.25,0.982,1.0,0.9,6.0,8.65,,,,,,,,0,
2026-08-07,516782,Starling Marte,Kevin Gausman,CHC@KC,,8.0,RF,,1.72,2.83,1.0,1.0,0.974,5.8,8.54,,,,,,,,0,
2026-08-07,608348,Carson Kelly,Daniel Lynch,CHC@KC,,7.0,C,,2.51,1.97,1.0,1.0,0.909,5.7,8.49,,,,,,,,0,
2026-08-07,687859,Troy Johnston,Kyle Leahy,COL@STL,,8.0,RF,,1.39,2.73,0.989,1.036,1.101,5.2,8.22,,,,,,,,0,
2026-08-07,686668,Brenton Doyle,Parker Messick,CLE@CWS,,6.0,CF,,1.84,2.34,1.004,1.008,0.9,5.2,8.22,,,,,,,,0,
2026-08-07,656716,Zach Mckinstry,Jt Brubaker,DET@SF,,9.0,RF,,1.77,2.36,1.015,0.989,1.054,5.1,8.17,,,,,,,,0,
2026-08-07,657041,Lane Thomas,Max Fried,ATL@NYY,,6.0,LF,,3.0,1.34,1.011,1.042,0.9,5.1,8.17,,,,,,,,0,
2026-08-07,663586,Austin Riley,Max Fried,ATL@NYY,,7.0,3B,,2.87,1.34,1.024,1.042,0.9,4.7,7.95,,,,,,,,1,
2026-08-07,807712,Luke Keaschall,Shane Drohan,MIN@MIL,,6.0,CF,,1.79,2.25,0.982,1.0,0.9,4.7,7.95,,,,,,,,0,
2026-08-07,683083,Nasim Nuñez,Chase Petty,CIN@WSH,,7.0,SS,,0.93,3.42,0.995,1.023,1.109,4.6,7.9,,,,,,,,0,
2026-08-07,669707,Jared Triolo,Zac Thornton,NYM@PIT,,8.0,SS,,1.23,2.67,1.007,0.996,1.068,4.3,7.74,,,,,,,,0,
2026-08-07,643289,Mauricio Dubón,Max Fried,ATL@NYY,,5.0,CF,,2.41,1.34,1.011,1.042,0.9,4.2,7.68,,,,,,,,0,
2026-08-07,663538,Nico Hoerner,Daniel Lynch,CHC@KC,,5.0,2B,,1.71,1.97,1.0,1.0,0.909,4.2,7.68,,,,,,,,0,
2026-08-07,668885,Austin Martin,Shane Drohan,MIN@MIL,,1.0,LF,,1.3,2.25,0.99,1.0,0.9,4.0,7.58,,,,,,,,0,
2026-08-07,682668,Luisangel Acuña,Parker Messick,CLE@CWS,,9.0,SS,,1.54,2.34,1.004,1.008,0.9,3.8,7.47,,,,,,,,0,
2026-08-07,670764,Taylor Walls,Logan Gilbert,TB@SEA,,9.0,SS,,0.83,3.2,1.0,1.0,0.936,2.9,6.99,,,,,,,,0,
2026-08-07,673490,Ha-Seong Kim,Max Fried,ATL@NYY,,9.0,SS,,1.81,1.34,0.998,1.042,0.9,2.6,6.83,,,,,,,,0,
2026-08-08,656941,Kyle Schwarber,Max Scherzer,TOR@PHI,,1.0,1B,,5.97,4.68,1.006,1.017,1.12,40.7,27.26,,,,,,,,0,
2026-08-08,696100,Hunter Goodman,Matthew Liberatore,COL@STL,,4.0,C,,6.54,3.75,0.998,1.033,1.071,33.9,23.61,,,,,,,,0,
2026-08-08,547180,Bryce Harper,Max Scherzer,TOR@PHI,,3.0,DH,,4.51,4.68,1.006,1.017,1.12,30.9,22.0,,,,,,,,1,
2026-08-08,691023,Jordan Walker,Kyle Freeland,COL@STL,,2.0,RF,,4.28,4.02,0.998,1.033,1.104,26.3,19.53,,,,,,,,1,
2026-08-08,621566,Matt Olson,Gerrit Cole,ATL@NYY,,3.0,1B,,5.84,3.45,1.011,1.04,0.906,25.2,18.94,,,,,,,,0,
2026-08-08,670541,Yordan Álvarez,Mike King,HOU@SD,,2.0,DH,,6.15,2.69,1.007,0.996,1.04,23.5,18.03,,,,,,,,0,
2026-08-08,695657,Colson Montgomery,Gavin Williams,CLE@CWS,,4.0,SS,,4.92,3.64,1.009,1.012,0.957,23.2,17.87,,,,,,,,0,
2026-08-08,607208,Trea Turner,Max Scherzer,TOR@PHI,,2.0,SS,,3.15,4.68,1.008,1.017,1.12,23.1,17.82,,,,,,,,1,
2026-08-08,686527,Dominic Canzone,Griffin Jax,TB@SEA,,4.0,DH,,4.75,3.51,1.0,1.0,1.022,22.6,17.55,,,,,,,,0,
2026-08-08,691406,Junior Caminero,George Kirby,TB@SEA,,3.0,3B,,5.86,2.91,1.0,1.0,0.965,22.0,17.23,,,,,,,,0,
2026-08-08,678246,Miguel Vargas,Gavin Williams,CLE@CWS,,3.0,3B,,4.46,3.64,1.004,1.012,0.957,21.2,16.8,,,,,,,,0,
2026-08-08,660821,Jesús Sánchez,Aaron Nola,TOR@PHI,,4.0,DH,,3.14,4.84,1.002,1.017,1.015,21.0,16.69,,,,,,,,0,
2026-08-08,686948,Drake Baldwin,Gerrit Cole,ATL@NYY,,1.0,C,,4.43,3.45,1.011,1.04,0.906,20.6,16.48,,,,,,,,0,
2026-08-08,680777,Ryan Jeffers,Robert Gasser,MIN@MIL,,2.0,C,,3.98,3.77,0.99,1.0,0.962,19.8,16.05,,,,,,,,0,
2026-08-08,665019,Kody Clemens,Robert Gasser,MIN@MIL,,5.0,2B,,4.27,3.77,0.982,1.0,0.962,19.7,16.0,,,,,,,,0,
2026-08-08,671739,Michael Harris,Gerrit Cole,ATL@NYY,,4.0,CF,,4.2,3.45,1.011,1.04,0.906,18.6,15.41,,,,,,,,0,
2026-08-08,624413,Pete Alonso,Jacob Degrom,BAL@TEX,,2.0,1B,,4.28,3.31,1.004,1.0,0.931,18.5,15.35,,,,,,,,0,
2026-08-08,677592,Everson Pereira,Kyle Freeland,COL@STL,,9.0,LF,,3.68,4.02,0.998,1.033,1.104,18.4,15.3,,,,,,,,0,
2026-08-08,668904,Royce Lewis,Robert Gasser,MIN@MIL,,3.0,1B,,3.67,3.77,0.99,1.0,0.962,18.0,15.08,,,,,,,,0,
2026-08-08,575929,Willson Contreras,Gage Jump,ATH@BOS,,4.0,1B,,4.84,2.63,1.037,0.986,1.002,17.7,14.92,,,,,,,,0,
2026-08-08,677594,Julio Rodríguez,Griffin Jax,TB@SEA,,5.0,CF,,3.74,3.51,1.002,1.0,1.022,17.6,14.87,,,,,,,,0,
2026-08-08,660271,Shohei Ohtani,Brandon Pfaadt,LAD@AZ,,1.0,DH,,4.88,2.6,1.0,1.0,0.958,17.5,14.82,,,,,,,,0,
2026-08-08,664983,Jake Mccarthy,Matthew Liberatore,COL@STL,,1.0,LF,,2.88,3.75,0.995,1.033,1.071,17.1,14.6,,,,,,,,1,
2026-08-08,694192,Jackson Chourio,Taj Bradley,MIN@MIL,,2.0,LF,,3.99,3.16,0.99,1.0,0.972,17.0,14.55,,,,,,,,0,
2026-08-08,650489,Willi Castro,Matthew Liberatore,COL@STL,,6.0,2B,,3.25,3.75,0.998,1.033,1.071,17.0,14.55,,,,,,,,0,
2026-08-08,571970,Max Muncy,Brandon Pfaadt,LAD@AZ,,4.0,3B,,4.93,2.6,1.0,1.0,0.958,16.8,14.44,,,,,,,,0,
2026-08-08,671056,Iván Herrera,Kyle Freeland,COL@STL,,3.0,C,,2.64,4.02,0.998,1.033,1.104,16.6,14.33,,,,,,,,0,
2026-08-08,682657,Angel Martínez,Anthony Kay,CLE@CWS,,4.0,LF,,3.88,2.88,0.991,1.012,1.086,16.6,14.33,,,,,,,,0,
2026-08-08,641933,Tyler O'Neill,Jacob Degrom,BAL@TEX,,4.0,DH,,3.8,3.31,1.006,1.0,0.931,16.1,14.06,,,,,,,,0,
2026-08-08,572233,Christian Walker,Mike King,HOU@SD,,5.0,1B,,4.36,2.69,1.007,0.996,1.04,16.1,14.06,,,,,,,,0,
2026-08-08,665161,Jeremy Peña,Mike King,HOU@SD,,1.0,SS,,3.96,2.69,1.007,0.996,1.04,16.1,14.06,,,,,,,,0,
2026-08-08,605137,Josh Bell,Robert Gasser,MIN@MIL,,4.0,DH,,3.26,3.77,0.982,1.0,0.962,15.9,13.96,,,,,,,,0,
2026-08-08,645277,Ozzie Albies,Gerrit Cole,ATL@NYY,,5.0,2B,,3.67,3.45,0.998,1.04,0.906,15.7,13.85,,,,,,,,0,
2026-08-08,643217,Andrew Benintendi,Gavin Williams,CLE@CWS,,5.0,DH,,3.35,3.64,0.999,1.012,0.957,15.6,13.8,,,,,,,,0,
2026-08-08,700250,Ben Rice,Chris Sale,ATL@NYY,,3.0,DH,,5.86,2.02,1.011,1.04,0.9,15.5,13.74,,,,,,,,1,
2026-08-08,664770,Nathan Lukes,Aaron Nola,TOR@PHI,,1.0,RF,,2.1,4.84,1.013,1.017,1.015,15.4,13.69,,,,,,,,1,
2026-08-08,683002,Gunnar Henderson,Jacob Degrom,BAL@TEX,,1.0,SS,,3.37,3.31,1.004,1.0,0.931,15.1,13.53,,,,,,,,0,
2026-08-08,665926,Andrés Giménez,Aaron Nola,TOR@PHI,,6.0,SS,,2.36,4.84,1.006,1.017,1.015,15.1,13.53,,,,,,,,0,
2026-08-08,666176,Jo Adell,Anthony Kay,CLE@CWS,,2.0,RF,,3.3,2.88,1.004,1.012,1.086,14.9,13.42,,,,,,,,0,
2026-08-08,668227,Randy Arozarena,Griffin Jax,TB@SEA,,3.0,LF,,3.01,3.51,1.0,1.0,1.022,14.9,13.42,,,,,,,,0,
2026-08-08,664023,Ian Happ,Seth Lugo,CHC@KC,,5.0,LF,,3.59,2.8,1.0,1.0,1.116,14.9,13.42,,,,,,,,1,
2026-08-08,691720,Kyle Karros,Matthew Liberatore,COL@STL,,2.0,3B,,2.52,3.75,0.998,1.033,1.071,14.8,13.37,,,,,,,,0,
2026-08-08,665877,José Fermín,Kyle Freeland,COL@STL,,5.0,DH,,2.43,4.02,0.998,1.033,1.104,14.7,13.31,,,,,,,,0,
2026-08-08,686797,Brooks Lee,Robert Gasser,MIN@MIL,,8.0,3B,,3.47,3.77,0.99,1.0,0.962,14.6,13.26,,,,,,,,0,
2026-08-08,592518,Manny Machado,Peter Lambert,HOU@SD,,3.0,3B,,4.41,2.6,1.007,0.996,0.903,14.4,13.15,,,,,,,,0,
2026-08-08,664034,Ty France,Peter Lambert,HOU@SD,,4.0,1B,,4.46,2.6,0.999,0.996,0.903,14.4,13.15,,,,,,,,0,
2026-08-08,663728,Cal Raleigh,Griffin Jax,TB@SEA,,8.0,C,,3.31,3.51,1.002,1.0,1.022,13.9,12.89,,,,,,,,0,
2026-08-08,668930,Brice Turang,Taj Bradley,MIN@MIL,,1.0,2B,,3.16,3.16,0.97,1.0,0.972,13.7,12.78,,,,,,,,0,
2026-08-08,606466,Ketel Marte,Yoshinobu Yamamoto,LAD@AZ,,4.0,2B,,3.71,2.97,1.0,1.0,0.9,13.7,12.78,,,,,,,,0,
2026-08-08,608369,Corey Seager,Kyle Bradish,BAL@TEX,,3.0,SS,,3.77,2.65,1.004,1.0,0.983,13.7,12.78,,,,,,,,1,
2026-08-08,693307,Dillon Dingler,Landen Roupp,DET@SF,,3.0,C,,5.18,2.09,0.988,0.993,0.932,13.7,12.78,,,,,,,,0,
2026-08-08,621020,Dansby Swanson,Seth Lugo,CHC@KC,,8.0,SS,,3.72,2.8,1.0,1.0,1.116,13.6,12.72,,,,,,,,0,
2026-08-08,669394,Jake Burger,Kyle Bradish,BAL@TEX,,7.0,1B,,4.02,2.65,1.006,1.0,0.983,12.9,12.35,,,,,,,,0,
2026-08-08,680977,Brendan Donovan,Griffin Jax,TB@SEA,,7.0,3B,,2.88,3.51,1.0,1.0,1.022,12.7,12.24,,,,,,,,0,
2026-08-08,650490,Yandy Díaz,George Kirby,TB@SEA,,1.0,DH,,3.08,2.91,1.0,1.0,0.965,12.7,12.24,,,,,,,,0,
2026-08-08,514888,José Altuve,Mike King,HOU@SD,,4.0,2B,,3.22,2.69,1.007,0.996,1.04,12.6,12.19,,,,,,,,0,
2026-08-08,678882,Ceddanne Rafaela,Gage Jump,ATH@BOS,,2.0,CF,,3.21,2.63,1.037,0.986,1.002,12.4,12.08,,,,,,,,0,
2026-08-08,682998,Corbin Carroll,Yoshinobu Yamamoto,LAD@AZ,,2.0,RF,,3.22,2.97,1.0,1.0,0.9,12.3,12.03,,,,,,,,0,
2026-08-08,605141,Mookie Betts,Brandon Pfaadt,LAD@AZ,,5.0,SS,,3.67,2.6,1.0,1.0,0.958,12.3,12.03,,,,,,,,0,
2026-08-08,656775,Cedric Mullins,George Kirby,TB@SEA,,6.0,CF,,3.33,2.91,1.0,1.0,0.965,12.1,11.92,,,,,,,,0,
2026-08-08,663586,Austin Riley,Gerrit Cole,ATL@NYY,,8.0,3B,,3.02,3.45,1.024,1.04,0.906,11.9,11.81,,,,,,,,0,
2026-08-08,701358,Cam Smith,Mike King,HOU@SD,,7.0,RF,,3.43,2.69,1.007,0.996,1.04,11.9,11.81,,,,,,,,0,
2026-08-08,665489,Vladimir Guerrero,Aaron Nola,TOR@PHI,,3.0,1B,,1.67,4.84,1.006,1.017,1.015,11.8,11.76,,,,,,,,1,
2026-08-08,686611,Dylan Crews,Chase Burns,CIN@WSH,,3.0,RF,,3.24,2.8,0.995,1.026,0.9,11.7,11.71,,,,,,,,0,
2026-08-08,678662,Ezequiel Tovar,Matthew Liberatore,COL@STL,,9.0,SS,,2.46,3.75,0.998,1.033,1.071,11.4,11.54,,,,,,,,0,
2026-08-08,702616,Jackson Holliday,Jacob Degrom,BAL@TEX,,3.0,2B,,2.63,3.31,1.004,1.0,0.931,11.4,11.54,,,,,,,,1,
2026-08-08,695506,Jac Caglianone,Clay Holmes,CHC@KC,,3.0,1B,,4.03,2.08,1.0,1.0,0.97,11.4,11.54,,,,,,,,1,
2026-08-08,641680,Jonah Heim,Jake Bennett,ATH@BOS,,3.0,DH,,3.9,2.23,1.044,0.986,0.9,11.3,11.49,,,,,,,,0,
2026-08-08,691016,Tyler Soderstrom,Jake Bennett,ATH@BOS,,4.0,LF,,3.93,2.23,1.044,0.986,0.9,11.3,11.49,,,,,,,,1,
2026-08-08,642201,Eli White,Gage Jump,ATH@BOS,,6.0,RF,,3.24,2.63,1.037,0.986,1.002,11.3,11.49,,,,,,,,0,
2026-08-08,695734,Daylen Lile,Chase Burns,CIN@WSH,,4.0,LF,,3.11,2.8,0.991,1.026,0.9,11.1,11.38,,,,,,,,0,
2026-08-08,677649,Ezequiel Duran,Kyle Bradish,BAL@TEX,,5.0,3B,,3.16,2.65,1.006,1.0,0.983,11.1,11.38,,,,,,,,0,
2026-08-08,687597,Jordan Beck,Matthew Liberatore,COL@STL,,7.0,RF,,2.15,3.75,0.998,1.033,1.071,11.0,11.33,,,,,,,,0,
2026-08-08,681297,Colton Cowser,Jacob Degrom,BAL@TEX,,8.0,CF,,2.96,3.31,1.004,1.0,0.931,10.9,11.28,,,,,,,,0,
2026-08-08,701398,Sal Stewart,Andrew Alvarez,CIN@WSH,,2.0,1B,,4.63,1.54,0.995,1.026,1.039,10.9,11.28,,,,,,,,0,
2026-08-08,543510,James Mccann,Yoshinobu Yamamoto,LAD@AZ,,8.0,C,,3.42,2.97,1.0,1.0,0.9,10.9,11.28,,,,,,,,0,
2026-08-08,680776,Jarren Duran,Gage Jump,ATH@BOS,,8.0,LF,,3.36,2.63,1.044,0.986,1.002,10.8,11.22,,,,,,,,0,
2026-08-08,518692,Freddie Freeman,Brandon Pfaadt,LAD@AZ,,3.0,1B,,3.08,2.6,1.0,1.0,0.958,10.8,11.22,,,,,,,,0,
2026-08-08,661388,William Contreras,Taj Bradley,MIN@MIL,,4.0,C,,2.53,3.16,0.99,1.0,0.972,10.8,11.22,,,,,,,,0,
2026-08-08,665052,Griffin Conine,Walbert Ureña,LAA@MIA,,5.0,RF,,4.93,1.85,0.977,1.0,0.9,10.8,11.22,,,,,,,,0,
2026-08-08,668709,Jj Bleday,Andrew Alvarez,CIN@WSH,,5.0,LF,,4.88,1.54,0.998,1.026,1.039,10.8,11.22,,,,,,,,0,
2026-08-08,694374,Tim Tawa,Yoshinobu Yamamoto,LAD@AZ,,7.0,1B,,3.23,2.97,1.0,1.0,0.9,10.7,11.17,,,,,,,,0,
2026-08-08,608324,Alex Bregman,Seth Lugo,CHC@KC,,4.0,3B,,2.44,2.8,1.0,1.0,1.116,10.7,11.17,,,,,,,,0,
2026-08-08,666211,Taylor Trammell,Mike King,HOU@SD,,8.0,LF,,3.26,2.69,0.987,0.996,1.04,10.7,11.17,,,,,,,,1,
2026-08-08,695600,Carter Jensen,Clay Holmes,CHC@KC,,1.0,C,,3.56,2.08,1.0,1.0,0.97,10.6,11.12,,,,,,,,0,
2026-08-08,702332,Caleb Durbin,Gage Jump,ATH@BOS,,3.0,3B,,2.76,2.63,1.037,0.986,1.002,10.5,11.06,,,,,,,,0,
2026-08-08,657757,Gavin Sheets,Peter Lambert,HOU@SD,,7.0,DH,,3.58,2.6,1.002,0.996,0.903,10.4,11.01,,,,,,,,0,
2026-08-08,682829,Elly De La Cruz,Andrew Alvarez,CIN@WSH,,1.0,SS,,4.29,1.54,0.995,1.026,1.039,10.4,11.01,,,,,,,,0,
2026-08-08,701538,Jackson Merrill,Peter Lambert,HOU@SD,,5.0,CF,,3.27,2.6,1.002,0.996,0.903,10.3,10.95,,,,,,,,1,
2026-08-08,679529,Spencer Torkelson,Landen Roupp,DET@SF,,6.0,1B,,4.12,2.09,0.988,0.993,0.932,10.2,10.9,,,,,,,,0,
2026-08-08,643289,Mauricio Dubón,Gerrit Cole,ATL@NYY,,6.0,LF,,2.39,3.45,1.011,1.04,0.906,10.2,10.9,,,,,,,,0,
2026-08-08,666139,Josh Lowe,Sandy Alcántara,LAA@MIA,,8.0,RF,,3.42,2.69,0.977,1.0,0.952,10.2,10.9,,,,,,,,0,
2026-08-08,543760,Marcus Semien,Bubba Chandler,NYM@PIT,,7.0,2B,,3.49,2.29,1.007,1.025,0.993,10.2,10.9,,,,,,,,0,
2026-08-08,682626,Francisco Álvarez,Bubba Chandler,NYM@PIT,,9.0,C,,3.8,2.29,1.016,1.025,0.993,10.2,10.9,,,,,,,,0,
2026-08-08,606192,Teoscar Hernández,Brandon Pfaadt,LAD@AZ,,8.0,LF,,3.35,2.6,1.0,1.0,0.958,10.0,10.79,,,,,,,,0,
2026-08-08,595978,Austin Hedges,Anthony Kay,CLE@CWS,,8.0,C,,2.58,2.88,1.004,1.012,1.086,9.8,10.69,,,,,,,,0,
2026-08-08,655316,Andruw Monasterio,Gage Jump,ATH@BOS,,5.0,SS,,2.69,2.63,1.037,0.986,1.002,9.8,10.69,,,,,,,,0,
2026-08-08,683734,Andrew Vaughn,Taj Bradley,MIN@MIL,,6.0,1B,,2.49,3.16,0.98,1.0,0.972,9.8,10.69,,,,,,,,0,
2026-08-08,608348,Carson Kelly,Seth Lugo,CHC@KC,,7.0,C,,2.49,2.8,1.0,1.0,1.116,9.7,10.63,,,,,,,,0,
2026-08-08,553993,Eugenio Suárez,Andrew Alvarez,CIN@WSH,,4.0,DH,,4.1,1.54,0.995,1.026,1.039,9.4,10.47,,,,,,,,1,
2026-08-08,677587,Brayan Rocchio,Anthony Kay,CLE@CWS,,6.0,SS,,2.24,2.88,0.997,1.012,1.086,9.2,10.36,,,,,,,,0,
2026-08-08,673357,Luis Robert,Bubba Chandler,NYM@PIT,,5.0,CF,,2.85,2.29,1.012,1.025,0.993,9.1,10.31,,,,,,,,0,
2026-08-08,694497,Evan Carter,Kyle Bradish,BAL@TEX,,6.0,CF,,2.6,2.65,1.004,1.0,0.983,8.9,10.2,,,,,,,,0,
2026-08-08,669065,Kyle Stowers,Walbert Ureña,LAA@MIA,,3.0,1B,,3.85,1.85,0.977,1.0,0.9,8.9,10.2,,,,,,,,0,
2026-08-08,677951,Bobby Witt,Clay Holmes,CHC@KC,,2.0,SS,,3.02,2.08,1.0,1.0,0.97,8.9,10.2,,,,,,,,0,
2026-08-08,592885,Christian Yelich,Taj Bradley,MIN@MIL,,7.0,DH,,2.25,3.16,0.982,1.0,0.972,8.5,9.99,,,,,,,,0,
2026-08-08,682985,Riley Greene,Landen Roupp,DET@SF,,4.0,LF,,3.26,2.09,0.958,0.993,0.932,8.5,9.99,,,,,,,,0,
2026-08-08,807712,Luke Keaschall,Robert Gasser,MIN@MIL,,6.0,RF,,1.77,3.77,0.982,1.0,0.962,8.3,9.88,,,,,,,,0,
2026-08-08,683357,Owen Caissie,Walbert Ureña,LAA@MIA,,7.0,DH,,4.11,1.85,0.977,1.0,0.9,8.3,9.88,,,,,,,,0,
2026-08-08,691026,Masyn Winn,Kyle Freeland,COL@STL,,6.0,SS,,1.37,4.02,0.998,1.033,1.104,8.2,9.83,,,,,,,,0,
2026-08-08,663757,Trent Grisham,Chris Sale,ATL@NYY,,5.0,CF,,3.15,2.02,1.011,1.04,0.9,8.2,9.83,,,,,,,,0,
2026-08-08,543877,Christian Vázquez,Mike King,HOU@SD,,9.0,C,,2.57,2.69,1.007,0.996,1.04,8.2,9.83,,,,,,,,0,
2026-08-08,671289,Tyler Freeman,Matthew Liberatore,COL@STL,,8.0,DH,,1.64,3.75,0.995,1.033,1.071,8.1,9.77,,,,,,,,0,
2026-08-08,671218,Heliot Ramos,Chris Sale,ATL@NYY,,2.0,LF,,2.91,2.02,1.014,1.04,0.9,8.1,9.77,,,,,,,,0,
2026-08-08,686681,Michael Massey,Clay Holmes,CHC@KC,,5.0,2B,,2.9,2.08,1.0,1.0,0.97,8.0,9.72,,,,,,,,0,
2026-08-08,663656,Kyle Tucker,Brandon Pfaadt,LAD@AZ,,6.0,RF,,2.4,2.6,1.0,1.0,0.958,7.9,9.67,,,,,,,,1,
2026-08-08,696285,Jacob Young,Chase Burns,CIN@WSH,,9.0,CF,,2.7,2.8,0.995,1.026,0.9,7.9,9.67,,,,,,,,0,
2026-08-08,666182,Bo Bichette,Bubba Chandler,NYM@PIT,,3.0,3B,,2.35,2.29,1.007,1.025,0.993,7.9,9.67,,,,,,,,0,
2026-08-08,650402,Gleyber Torres,Landen Roupp,DET@SF,,2.0,2B,,2.79,2.09,0.988,0.993,0.932,7.8,9.61,,,,,,,,0,
2026-08-08,677588,José Tena,Chase Burns,CIN@WSH,,8.0,DH,,2.5,2.8,0.998,1.026,0.9,7.8,9.61,,,,,,,,0,
2026-08-08,676609,José Caballero,Chris Sale,ATL@NYY,,8.0,2B,,3.37,2.02,0.998,1.04,0.9,7.7,9.56,,,,,,,,0,
2026-08-08,662139,Daulton Varsho,Mike King,HOU@SD,,6.0,CF,,2.12,2.69,0.987,0.996,1.04,7.7,9.56,,,,,,,,0,
2026-08-08,680700,Richie Palacios,George Kirby,TB@SEA,,7.0,2B,,2.2,2.91,1.0,1.0,0.965,7.7,9.56,,,,,,,,0,
2026-08-08,663457,Lars Nootbaar,Yoshinobu Yamamoto,LAD@AZ,,5.0,LF,,2.09,2.97,1.0,1.0,0.9,7.6,9.51,,,,,,,,0,
2026-08-08,687401,Joey Ortiz,Taj Bradley,MIN@MIL,,9.0,3B,,2.16,3.16,0.99,1.0,0.972,7.5,9.45,,,,,,,,0,
2026-08-08,624431,Jose Trevino,Andrew Alvarez,CIN@WSH,,7.0,C,,3.65,1.54,0.995,1.026,1.039,7.5,9.45,,,,,,,,0,
2026-08-08,805779,Jacob Wilson,Jake Bennett,ATH@BOS,,2.0,SS,,2.45,2.23,1.049,0.986,0.9,7.4,9.4,,,,,,,,0,
2026-08-08,665966,Carlos Narváez,Jacob Degrom,BAL@TEX,,9.0,C,,2.04,3.31,1.006,1.0,0.931,7.2,9.29,,,,,,,,0,
2026-08-08,691777,Max Muncy,Jake Bennett,ATH@BOS,,8.0,3B,,2.8,2.23,1.044,0.986,0.9,7.0,9.19,,,,,,,,0,
2026-08-08,663538,Nico Hoerner,Seth Lugo,CHC@KC,,6.0,2B,,1.7,2.8,1.0,1.0,1.116,7.0,9.19,,,,,,,,0,
2026-08-08,668885,Austin Martin,Robert Gasser,MIN@MIL,,1.0,LF,,1.29,3.77,0.99,1.0,0.962,6.9,9.13,,,,,,,,0,
2026-08-08,657136,Connor Wong,Gage Jump,ATH@BOS,,9.0,C,,2.24,2.63,1.044,0.986,1.002,6.9,9.13,,,,,,,,0,
2026-08-08,663743,Nick Fortes,George Kirby,TB@SEA,,8.0,C,,2.01,2.91,1.002,1.0,0.965,6.8,9.08,,,,,,,,0,
2026-08-08,690993,Colt Keith,Landen Roupp,DET@SF,,5.0,DH,,2.57,2.09,0.993,0.993,0.932,6.8,9.08,,,,,,,,0,
2026-08-08,683146,Brett Baty,Bubba Chandler,NYM@PIT,,6.0,RF,,2.19,2.29,1.016,1.025,0.993,6.8,9.08,,,,,,,,0,
2026-08-08,669224,Austin Wells,Chris Sale,ATL@NYY,,9.0,C,,3.08,2.02,1.011,1.04,0.9,6.7,9.02,,,,,,,,0,
2026-08-08,593871,Jorge Polanco,Bubba Chandler,NYM@PIT,,8.0,DH,,2.32,2.29,1.016,1.025,0.993,6.6,8.97,,,,,,,,0,
2026-08-08,593428,Xander Bogaerts,Peter Lambert,HOU@SD,,8.0,SS,,2.25,2.6,1.007,0.996,0.903,6.4,8.86,,,,,,,,0,
2026-08-08,678391,Jorbit Vivas,Chase Burns,CIN@WSH,,6.0,3B,,1.82,2.8,1.001,1.026,0.9,6.2,8.76,,,,,,,,0,
2026-08-08,682622,Noelvi Marte,Andrew Alvarez,CIN@WSH,,8.0,RF,,3.14,1.54,0.992,1.026,1.039,6.2,8.76,,,,,,,,0,
2026-08-08,630105,Jake Cronenworth,Peter Lambert,HOU@SD,,2.0,2B,,1.82,2.6,0.987,0.996,0.903,6.2,8.76,,,,,,,,0,
2026-08-08,595879,Javier Báez,Landen Roupp,DET@SF,,8.0,SS,,2.42,2.09,0.988,0.993,0.932,5.6,8.43,,,,,,,,0,
2026-08-08,679845,Nick Loftin,Clay Holmes,CHC@KC,,7.0,3B,,2.18,2.08,1.0,1.0,0.97,5.6,8.43,,,,,,,,0,
2026-08-08,686555,Isaac Collins,Clay Holmes,CHC@KC,,4.0,LF,,1.91,2.08,1.0,1.0,0.97,5.5,8.38,,,,,,,,0,
2026-08-08,623168,Tyler Heineman,Sandy Alcántara,LAA@MIA,,9.0,C,,1.84,2.69,0.977,1.0,0.952,5.3,8.27,,,,,,,,0,
2026-08-08,663647,Ke'Bryan Hayes,Andrew Alvarez,CIN@WSH,,9.0,3B,,2.62,1.54,0.992,1.026,1.039,4.9,8.06,,,,,,,,0,
2026-08-08,664728,Kyle Isbel,Clay Holmes,CHC@KC,,9.0,CF,,2.12,2.08,1.0,1.0,0.97,4.9,8.06,,,,,,,,0,
2026-08-08,667472,Dane Myers,Andrew Alvarez,CIN@WSH,,3.0,CF,,2.09,1.54,0.995,1.026,1.039,4.9,8.06,,,,,,,,0,
2026-08-08,672640,Otto Lopez,Walbert Ureña,LAA@MIA,,4.0,SS,,2.07,1.85,0.974,1.0,0.9,4.8,8.01,,,,,,,,0,
2026-08-08,805300,Jakob Marsee,Walbert Ureña,LAA@MIA,,1.0,CF,,1.72,1.85,0.977,1.0,0.9,4.2,7.68,,,,,,,,0,
2026-08-08,656716,Zach Mckinstry,Landen Roupp,DET@SF,,9.0,RF,,1.76,2.09,1.015,0.993,0.932,4.0,7.58,,,,,,,,0,
2026-08-08,669364,Xavier Edwards,Walbert Ureña,LAA@MIA,,2.0,2B,,1.59,1.85,0.977,1.0,0.9,3.8,7.47,,,,,,,,0,
2026-08-08,650859,Luis Rengifo,Peter Lambert,HOU@SD,,9.0,LF,,1.38,2.6,1.007,0.996,0.903,3.8,7.47,,,,,,,,0,
2026-08-08,691594,Javier Sanoja,Walbert Ureña,LAA@MIA,,9.0,3B,,1.78,1.85,0.974,1.0,0.9,3.3,7.2,,,,,,,,0,
2026-08-08,683083,Nasim Nuñez,Chase Burns,CIN@WSH,,7.0,2B,,0.93,2.8,0.995,1.026,0.9,3.0,7.04,,,,,,,,0,
2026-08-08,670764,Taylor Walls,George Kirby,TB@SEA,,9.0,SS,,0.83,2.91,1.0,1.0,0.965,2.7,6.88,,,,,,,,0,
2026-08-09,656941,Kyle Schwarber,Shane Bieber,TOR@PHI,,1.0,DH,,5.93,3.63,1.006,1.023,1.12,33.0,23.13,,,,,,,,1,
2026-08-09,700250,Ben Rice,Grant Holmes,ATL@NYY,,2.0,DH,,5.98,3.66,1.011,1.031,1.054,31.5,22.32,,,,,,,,0,
2026-08-09,696100,Hunter Goodman,Michael Mcgreevy,COL@STL,,4.0,DH,,6.49,3.23,0.998,1.058,1.12,31.5,22.32,,,,,,,,1,
2026-08-09,670541,Yordan Álvarez,Randy Vásquez,HOU@SD,,2.0,DH,,6.11,3.17,1.007,1.007,1.12,29.1,21.04,,,,,,,,0,
2026-08-09,671277,Luis García,Grant Holmes,ATL@NYY,,4.0,1B,,5.41,3.66,1.024,1.031,1.054,28.5,20.71,,,,,,,,0,
2026-08-09,666160,Mickey Moniak,Michael Mcgreevy,COL@STL,,5.0,LF,,5.47,3.23,0.989,1.058,1.12,26.1,19.43,,,,,,,,0,
2026-08-09,547180,Bryce Harper,Shane Bieber,TOR@PHI,,3.0,RF,,4.63,3.63,1.006,1.023,1.12,25.5,19.11,,,,,,,,0,
2026-08-09,665052,Griffin Conine,Grayson Rodriguez,LAA@MIA,,4.0,DH,,4.86,3.52,0.977,1.0,1.12,24.7,18.68,,,,,,,,1,
2026-08-09,691406,Junior Caminero,Emerson Hancock,TB@SEA,,4.0,3B,,5.82,3.18,1.0,1.0,0.992,24.2,18.41,,,,,,,,0,
2026-08-09,691023,Jordan Walker,Michael Lorenzen,COL@STL,,4.0,RF,,4.41,3.22,0.998,1.058,1.12,22.4,17.44,,,,,,,,0,
2026-08-09,669065,Kyle Stowers,Grayson Rodriguez,LAA@MIA,,1.0,1B,,3.82,3.52,0.977,1.0,1.12,20.8,16.59,,,,,,,,0,
2026-08-09,592518,Manny Machado,Cristian Javier,HOU@SD,,3.0,3B,,4.38,3.12,1.007,1.007,1.097,20.5,16.42,,,,,,,,0,
2026-08-09,686527,Dominic Canzone,Ian Seymour,TB@SEA,,4.0,DH,,4.71,3.52,1.0,1.0,0.919,20.5,16.42,,,,,,,,0,
2026-08-09,664034,Ty France,Cristian Javier,HOU@SD,,4.0,1B,,4.42,3.12,0.999,1.007,1.097,20.4,16.37,,,,,,,,0,
2026-08-09,665161,Jeremy Peña,Randy Vásquez,HOU@SD,,1.0,SS,,3.92,3.17,1.007,1.007,1.12,20.0,16.16,,,,,,,,0,
2026-08-09,665862,Jazz Chisholm,Grant Holmes,ATL@NYY,,5.0,2B,,3.8,3.66,1.011,1.031,1.054,19.8,16.05,,,,,,,,0,
2026-08-09,608369,Corey Seager,Cade Povich,BAL@TEX,,2.0,DH,,4.0,3.36,1.004,1.0,1.054,19.8,16.05,,,,,,,,0,
2026-08-09,683357,Owen Caissie,Grayson Rodriguez,LAA@MIA,,6.0,RF,,4.06,3.52,0.977,1.0,1.12,19.6,15.94,,,,,,,,0,
2026-08-09,668709,Jj Bleday,Brad Lord,CIN@WSH,,3.0,LF,,4.84,2.89,0.998,1.021,1.009,19.5,15.89,,,,,,,,0,
2026-08-09,572233,Christian Walker,Randy Vásquez,HOU@SD,,6.0,1B,,4.33,3.17,1.007,1.007,1.12,19.5,15.89,,,,,,,,0,
2026-08-09,664040,Brandon Lowe,Sean Manaea,NYM@PIT,,6.0,2B,,4.69,3.02,1.016,1.016,1.049,19.3,15.78,,,,,,,,0,
2026-08-09,607208,Trea Turner,Shane Bieber,TOR@PHI,,2.0,SS,,3.28,3.63,1.008,1.023,1.12,19.1,15.67,,,,,,,,0,
2026-08-09,701398,Sal Stewart,Brad Lord,CIN@WSH,,2.0,1B,,4.6,2.89,0.995,1.021,1.009,18.9,15.57,,,,,,,,0,
2026-08-09,669394,Jake Burger,Cade Povich,BAL@TEX,,5.0,1B,,4.0,3.36,1.006,1.0,1.054,18.6,15.41,,,,,,,,0,
2026-08-09,624413,Pete Alonso,Kumar Rocker,BAL@TEX,,2.0,1B,,4.25,3.02,1.004,1.0,1.029,18.5,15.35,,,,,,,,1,
2026-08-09,621566,Matt Olson,Cam Schlittler,ATL@NYY,,3.0,1B,,5.8,2.49,1.011,1.031,0.9,18.5,15.35,,,,,,,,1,
2026-08-09,660271,Shohei Ohtani,Eduardo Rodríguez,LAD@AZ,,1.0,DH,,4.84,2.46,1.0,1.0,1.072,18.3,15.24,,,,,,,,0,
2026-08-09,575929,Willson Contreras,J. T. Ginn,ATH@BOS,,4.0,1B,,4.79,2.78,1.037,0.99,0.975,18.1,15.14,,,,,,,,0,
2026-08-09,686611,Dylan Crews,Brady Singer,CIN@WSH,,5.0,RF,,3.2,3.91,0.995,1.021,1.08,18.0,15.08,,,,,,,,0,
2026-08-09,682829,Elly De La Cruz,Brad Lord,CIN@WSH,,1.0,SS,,4.25,2.89,0.995,1.021,1.009,18.0,15.08,,,,,,,,0,
2026-08-09,663757,Trent Grisham,Grant Holmes,ATL@NYY,,1.0,CF,,3.13,3.66,1.011,1.031,1.054,18.0,15.08,,,,,,,,1,
2026-08-09,695734,Daylen Lile,Brady Singer,CIN@WSH,,4.0,LF,,3.08,3.91,0.991,1.021,1.08,17.9,15.03,,,,,,,,0,
2026-08-09,695657,Colson Montgomery,Joey Cantillo,CLE@CWS,,6.0,DH,,4.89,2.93,1.009,0.999,0.979,17.8,14.98,,,,,,,,1,
2026-08-09,664983,Jake Mccarthy,Michael Mcgreevy,COL@STL,,1.0,RF,,3.24,3.23,0.995,1.058,1.12,17.7,14.92,,,,,,,,0,
2026-08-09,678246,Miguel Vargas,Joey Cantillo,CLE@CWS,,3.0,3B,,4.43,2.93,1.004,0.999,0.979,17.5,14.82,,,,,,,,0,
2026-08-09,695506,Jac Caglianone,Matt Boyd,CHC@KC,,3.0,RF,,4.36,2.78,1.0,1.0,1.041,17.3,14.71,,,,,,,,0,
2026-08-09,691723,Coby Mayo,Kumar Rocker,BAL@TEX,,7.0,3B,,4.52,3.02,1.006,1.0,1.029,17.1,14.6,,,,,,,,0,
2026-08-09,606466,Ketel Marte,Justin Wrobleski,LAD@AZ,,4.0,DH,,3.68,3.3,1.0,1.0,1.035,17.1,14.6,,,,,,,,1,
2026-08-09,666211,Taylor Trammell,Randy Vásquez,HOU@SD,,5.0,RF,,3.58,3.17,0.987,1.007,1.12,16.6,14.33,,,,,,,,0,
2026-08-09,553993,Eugenio Suárez,Brad Lord,CIN@WSH,,5.0,DH,,4.28,2.89,0.995,1.021,1.009,16.6,14.33,,,,,,,,0,
2026-08-09,641933,Tyler O'Neill,Kumar Rocker,BAL@TEX,,4.0,DH,,3.76,3.02,1.006,1.0,1.029,16.1,14.06,,,,,,,,1,
2026-08-09,671218,Heliot Ramos,Grant Holmes,ATL@NYY,,3.0,LF,,2.88,3.66,1.014,1.031,1.054,16.0,14.01,,,,,,,,0,
2026-08-09,677594,Julio Rodríguez,Ian Seymour,TB@SEA,,5.0,CF,,3.71,3.52,1.002,1.0,0.919,15.9,13.96,,,,,,,,0,
2026-08-09,514888,José Altuve,Randy Vásquez,HOU@SD,,4.0,2B,,3.2,3.17,1.007,1.007,1.12,15.8,13.9,,,,,,,,0,
2026-08-09,701538,Jackson Merrill,Cristian Javier,HOU@SD,,5.0,CF,,3.41,3.12,1.002,1.007,1.097,15.6,13.8,,,,,,,,1,
2026-08-09,694192,Jackson Chourio,Connor Prielipp,MIN@MIL,,1.0,LF,,3.96,2.79,0.99,1.0,0.986,15.6,13.8,,,,,,,,1,
2026-08-09,682998,Corbin Carroll,Justin Wrobleski,LAD@AZ,,2.0,RF,,3.2,3.3,1.0,1.0,1.035,15.5,13.74,,,,,,,,0,
2026-08-09,677649,Ezequiel Duran,Cade Povich,BAL@TEX,,3.0,SS,,3.14,3.36,1.006,1.0,1.054,15.5,13.74,,,,,,,,0,
2026-08-09,683002,Gunnar Henderson,Kumar Rocker,BAL@TEX,,1.0,SS,,3.35,3.02,1.004,1.0,1.029,15.2,13.58,,,,,,,,0,
2026-08-09,677800,Wilyer Abreu,J. T. Ginn,ATH@BOS,,3.0,DH,,3.85,2.78,1.059,0.99,0.975,15.1,13.53,,,,,,,,0,
2026-08-09,650489,Willi Castro,Michael Mcgreevy,COL@STL,,7.0,2B,,3.23,3.23,0.998,1.058,1.12,15.0,13.48,,,,,,,,0,
2026-08-09,686948,Drake Baldwin,Cam Schlittler,ATL@NYY,,1.0,C,,4.39,2.49,1.011,1.031,0.9,14.9,13.42,,,,,,,,0,
2026-08-09,657757,Gavin Sheets,Cristian Javier,HOU@SD,,7.0,DH,,3.55,3.12,1.002,1.007,1.097,14.9,13.42,,,,,,,,1,
2026-08-09,677588,José Tena,Brady Singer,CIN@WSH,,3.0,DH,,2.48,3.91,0.998,1.021,1.08,14.8,13.37,,,,,,,,0,
2026-08-09,693307,Dillon Dingler,Logan Webb,DET@SF,,3.0,DH,,5.13,2.14,0.988,1.001,0.948,14.3,13.1,,,,,,,,0,
2026-08-09,671056,Iván Herrera,Michael Lorenzen,COL@STL,,2.0,DH,,2.62,3.22,0.998,1.058,1.12,14.2,13.05,,,,,,,,0,
2026-08-09,650490,Yandy Díaz,Emerson Hancock,TB@SEA,,1.0,DH,,3.06,3.18,1.0,1.0,0.992,14.1,12.99,,,,,,,,0,
2026-08-09,664761,Alec Bohm,Shane Bieber,TOR@PHI,,8.0,1B,,2.86,3.63,1.006,1.023,1.12,14.0,12.94,,,,,,,,0,
2026-08-09,682626,Francisco Álvarez,Jared Jones,NYM@PIT,,9.0,C,,3.77,3.57,1.016,1.016,0.9,14.0,12.94,,,,,,,,1,
2026-08-09,673237,Yainer Diaz,Randy Vásquez,HOU@SD,,8.0,C,,3.31,3.17,1.002,1.007,1.12,13.9,12.89,,,,,,,,0,
2026-08-09,642715,Willy Adames,Troy Melton,DET@SF,,3.0,SS,,3.87,2.89,0.988,1.001,0.9,13.9,12.89,,,,,,,,0,
2026-08-09,543760,Marcus Semien,Jared Jones,NYM@PIT,,7.0,2B,,3.47,3.57,1.007,1.016,0.9,13.9,12.89,,,,,,,,0,
2026-08-09,672960,Kazuma Okamoto,Jesús Luzardo,TOR@PHI,,4.0,1B,,4.69,2.3,1.006,1.023,0.9,13.9,12.89,,,,,,,,0,
2026-08-09,669224,Austin Wells,Grant Holmes,ATL@NYY,,9.0,C,,3.05,3.66,1.011,1.031,1.054,13.7,12.78,,,,,,,,0,
2026-08-09,521692,Salvador Pérez,Matt Boyd,CHC@KC,,4.0,1B,,3.39,2.78,1.0,1.0,1.041,13.6,12.72,,,,,,,,0,
2026-08-09,671739,Michael Harris,Cam Schlittler,ATL@NYY,,4.0,CF,,4.16,2.49,1.011,1.031,0.9,13.5,12.67,,,,,,,,0,
2026-08-09,668227,Randy Arozarena,Ian Seymour,TB@SEA,,3.0,LF,,2.99,3.52,1.0,1.0,0.919,13.5,12.67,,,,,,,,0,
2026-08-09,624424,Michael Conforto,Randy Dobnak,CHC@KC,,5.0,RF,,3.96,2.36,1.0,1.0,1.071,13.4,12.62,,,,,,,,0,
2026-08-09,694374,Tim Tawa,Justin Wrobleski,LAD@AZ,,7.0,CF,,3.18,3.3,1.0,1.0,1.035,13.3,12.56,,,,,,,,0,
2026-08-09,668804,Bryan Reynolds,Sean Manaea,NYM@PIT,,3.0,DH,,2.92,3.02,1.007,1.016,1.049,13.2,12.51,,,,,,,,0,
2026-08-09,596142,Gary Sánchez,Connor Prielipp,MIN@MIL,,7.0,C,,4.01,2.79,0.974,1.0,0.986,13.1,12.46,,,,,,,,0,
2026-08-09,663728,Cal Raleigh,Ian Seymour,TB@SEA,,7.0,C,,3.29,3.52,1.002,1.0,0.919,13.1,12.46,,,,,,,,0,
2026-08-09,664023,Ian Happ,Randy Dobnak,CHC@KC,,4.0,LF,,3.73,2.36,1.0,1.0,1.071,13.1,12.46,,,,,,,,1,
2026-08-09,663993,Nathaniel Lowe,Davis Martin,CLE@CWS,,4.0,1B,,4.05,2.2,1.009,0.999,1.043,13.0,12.4,,,,,,,,0,
2026-08-09,696285,Jacob Young,Brady Singer,CIN@WSH,,9.0,CF,,2.68,3.91,0.995,1.021,1.08,12.9,12.35,,,,,,,,0,
2026-08-09,665019,Kody Clemens,Jacob Misiorowski,MIN@MIL,,4.0,2B,,4.23,2.47,0.982,1.0,0.9,12.9,12.35,,,,,,,,1,
2026-08-09,605141,Mookie Betts,Eduardo Rodríguez,LAD@AZ,,5.0,SS,,3.64,2.46,1.0,1.0,1.072,12.8,12.3,,,,,,,,0,
2026-08-09,656775,Cedric Mullins,Emerson Hancock,TB@SEA,,7.0,CF,,3.3,3.18,1.0,1.0,0.992,12.8,12.3,,,,,,,,0,
2026-08-09,663886,Tyler Stephenson,Brad Lord,CIN@WSH,,4.0,C,,3.13,2.89,0.995,1.021,1.009,12.8,12.3,,,,,,,,0,
2026-08-09,678882,Ceddanne Rafaela,J. T. Ginn,ATH@BOS,,2.0,CF,,3.18,2.78,1.037,0.99,0.975,12.7,12.24,,,,,,,,0,
2026-08-09,702616,Jackson Holliday,Kumar Rocker,BAL@TEX,,3.0,2B,,2.9,3.02,1.004,1.0,1.029,12.7,12.24,,,,,,,,0,
2026-08-09,677951,Bobby Witt,Matt Boyd,CHC@KC,,2.0,DH,,3.0,2.78,1.0,1.0,1.041,12.5,12.13,,,,,,,,0,
2026-08-09,673357,Luis Robert,Jared Jones,NYM@PIT,,5.0,CF,,2.81,3.57,1.012,1.016,0.9,12.5,12.13,,,,,,,,1,
2026-08-09,691720,Kyle Karros,Michael Mcgreevy,COL@STL,,6.0,3B,,2.5,3.23,0.998,1.058,1.12,12.3,12.03,,,,,,,,0,
2026-08-09,680779,Henry Davis,Sean Manaea,NYM@PIT,,9.0,C,,3.28,3.02,1.012,1.016,1.049,12.0,11.87,,,,,,,,0,
2026-08-09,668930,Brice Turang,Connor Prielipp,MIN@MIL,,2.0,2B,,3.14,2.79,0.97,1.0,0.986,12.0,11.87,,,,,,,,0,
2026-08-09,642215,Weston Wilson,Ian Seymour,TB@SEA,,8.0,3B,,3.0,3.52,1.002,1.0,0.919,11.5,11.6,,,,,,,,0,
2026-08-09,621020,Dansby Swanson,Randy Dobnak,CHC@KC,,7.0,SS,,3.69,2.36,1.0,1.0,1.071,11.5,11.6,,,,,,,,0,
2026-08-09,668904,Royce Lewis,Jacob Misiorowski,MIN@MIL,,2.0,1B,,3.64,2.47,0.99,1.0,0.9,11.5,11.6,,,,,,,,0,
2026-08-09,666139,Josh Lowe,Ryan Gusto,LAA@MIA,,7.0,RF,,3.39,2.75,0.977,1.0,1.026,11.5,11.6,,,,,,,,0,
2026-08-09,680776,Jarren Duran,J. T. Ginn,ATH@BOS,,7.0,LF,,3.34,2.78,1.044,0.99,0.975,11.5,11.6,,,,,,,,0,
2026-08-09,691016,Tyler Soderstrom,Erik Miller,ATH@BOS,,4.0,DH,,4.07,2.18,1.044,0.99,0.9,11.5,11.6,,,,,,,,0,
2026-08-09,518692,Freddie Freeman,Eduardo Rodríguez,LAD@AZ,,3.0,1B,,3.06,2.46,1.0,1.0,1.072,11.4,11.54,,,,,,,,0,
2026-08-09,645277,Ozzie Albies,Cam Schlittler,ATL@NYY,,5.0,2B,,3.64,2.49,0.998,1.031,0.9,11.3,11.49,,,,,,,,0,
2026-08-09,672640,Otto Lopez,Grayson Rodriguez,LAA@MIA,,3.0,SS,,2.05,3.52,0.974,1.0,1.12,11.1,11.38,,,,,,,,0,
2026-08-09,641680,Jonah Heim,Erik Miller,ATH@BOS,,3.0,C,,3.85,2.18,1.044,0.99,0.9,11.0,11.33,,,,,,,,0,
2026-08-09,681297,Colton Cowser,Kumar Rocker,BAL@TEX,,8.0,CF,,2.94,3.02,1.004,1.0,1.029,10.9,11.28,,,,,,,,1,
2026-08-09,666182,Bo Bichette,Jared Jones,NYM@PIT,,3.0,3B,,2.35,3.57,1.007,1.016,0.9,10.9,11.28,,,,,,,,0,
2026-08-09,606192,Teoscar Hernández,Eduardo Rodríguez,LAD@AZ,,7.0,LF,,3.32,2.46,1.0,1.0,1.072,10.8,11.22,,,,,,,,0,
2026-08-09,686681,Michael Massey,Matt Boyd,CHC@KC,,6.0,2B,,2.88,2.78,1.0,1.0,1.041,10.8,11.22,,,,,,,,0,
2026-08-09,665877,José Fermín,Michael Lorenzen,COL@STL,,8.0,3B,,2.39,3.22,0.998,1.058,1.12,10.8,11.22,,,,,,,,0,
2026-08-09,679529,Spencer Torkelson,Logan Webb,DET@SF,,6.0,1B,,4.08,2.14,0.988,1.001,0.948,10.6,11.12,,,,,,,,0,
2026-08-09,642201,Eli White,J. T. Ginn,ATH@BOS,,8.0,RF,,3.18,2.78,1.037,0.99,0.975,10.6,11.12,,,,,,,,0,
2026-08-09,678662,Ezequiel Tovar,Michael Mcgreevy,COL@STL,,9.0,SS,,2.44,3.23,0.998,1.058,1.12,10.5,11.06,,,,,,,,0,
2026-08-09,682663,Agustín Ramírez,Grayson Rodriguez,LAA@MIA,,7.0,C,,2.19,3.52,0.97,1.0,1.12,10.4,11.01,,,,,,,,0,
2026-08-09,686797,Brooks Lee,Jacob Misiorowski,MIN@MIL,,5.0,3B,,3.45,2.47,0.99,1.0,0.9,10.3,10.95,,,,,,,,1,
2026-08-09,666176,Jo Adell,Davis Martin,CLE@CWS,,5.0,LF,,3.28,2.2,1.004,0.999,1.043,10.2,10.9,,,,,,,,0,
2026-08-09,678391,Jorbit Vivas,Brady Singer,CIN@WSH,,6.0,3B,,1.8,3.91,1.001,1.021,1.08,10.1,10.85,,,,,,,,0,
2026-08-09,655316,Andruw Monasterio,J. T. Ginn,ATH@BOS,,5.0,SS,,2.65,2.78,1.037,0.99,0.975,10.0,10.79,,,,,,,,0,
2026-08-09,605137,Josh Bell,Jacob Misiorowski,MIN@MIL,,3.0,DH,,3.24,2.47,0.982,1.0,0.9,10.0,10.79,,,,,,,,0,
2026-08-09,661388,William Contreras,Connor Prielipp,MIN@MIL,,4.0,DH,,2.51,2.79,0.99,1.0,0.986,9.6,10.58,,,,,,,,0,
2026-08-09,666023,Freddy Fermin,Cristian Javier,HOU@SD,,9.0,C,,2.42,3.12,0.999,1.007,1.097,9.4,10.47,,,,,,,,0,
2026-08-09,683734,Andrew Vaughn,Connor Prielipp,MIN@MIL,,3.0,3B,,2.46,2.79,0.98,1.0,0.986,9.4,10.47,,,,,,,,0,
2026-08-09,593428,Xander Bogaerts,Cristian Javier,HOU@SD,,8.0,SS,,2.23,3.12,1.007,1.007,1.097,9.3,10.42,,,,,,,,0,
2026-08-09,642086,Dominic Smith,Cam Schlittler,ATL@NYY,,6.0,DH,,3.0,2.49,1.024,1.031,0.9,9.3,10.42,,,,,,,,0,
2026-08-09,679845,Nick Loftin,Matt Boyd,CHC@KC,,1.0,3B,,2.16,2.78,1.0,1.0,1.041,9.3,10.42,,,,,,,,0,
2026-08-09,662139,Daulton Varsho,Randy Vásquez,HOU@SD,,7.0,CF,,2.1,3.17,0.987,1.007,1.12,9.2,10.36,,,,,,,,1,
2026-08-09,630105,Jake Cronenworth,Cristian Javier,HOU@SD,,2.0,2B,,1.79,3.12,0.987,1.007,1.097,8.9,10.2,,,,,,,,0,
2026-08-09,682985,Riley Greene,Logan Webb,DET@SF,,4.0,LF,,3.23,2.14,0.958,1.001,0.948,8.9,10.2,,,,,,,,0,
2026-08-09,663656,Kyle Tucker,Eduardo Rodríguez,LAD@AZ,,6.0,RF,,2.55,2.46,1.0,1.0,1.072,8.8,10.15,,,,,,,,0,
2026-08-09,669364,Xavier Edwards,Grayson Rodriguez,LAA@MIA,,2.0,2B,,1.58,3.52,0.977,1.0,1.12,8.8,10.15,,,,,,,,0,
2026-08-09,608324,Alex Bregman,Randy Dobnak,CHC@KC,,3.0,3B,,2.42,2.36,1.0,1.0,1.071,8.7,10.1,,,,,,,,0,
2026-08-09,668670,Jake Rogers,J. T. Ginn,ATH@BOS,,9.0,C,,2.74,2.78,1.037,0.99,0.975,8.7,10.1,,,,,,,,0,
2026-08-09,663647,Ke'Bryan Hayes,Brad Lord,CIN@WSH,,9.0,3B,,2.6,2.89,0.992,1.021,1.009,8.7,10.1,,,,,,,,0,
2026-08-09,683146,Brett Baty,Jared Jones,NYM@PIT,,8.0,DH,,2.17,3.57,1.016,1.016,0.9,8.7,10.1,,,,,,,,0,
2026-08-09,663586,Austin Riley,Cam Schlittler,ATL@NYY,,8.0,3B,,3.0,2.49,1.024,1.031,0.9,8.5,9.99,,,,,,,,0,
2026-08-09,680700,Richie Palacios,Emerson Hancock,TB@SEA,,8.0,2B,,2.18,3.18,1.0,1.0,0.992,8.3,9.88,,,,,,,,0,
2026-08-09,672386,Alejandro Kirk,Jesús Luzardo,TOR@PHI,,3.0,C,,2.7,2.3,1.006,1.023,0.9,8.2,9.83,,,,,,,,0,
2026-08-09,650402,Gleyber Torres,Logan Webb,DET@SF,,2.0,2B,,2.75,2.14,0.988,1.001,0.948,8.1,9.77,,,,,,,,0,
2026-08-09,805300,Jakob Marsee,Grayson Rodriguez,LAA@MIA,,8.0,CF,,1.7,3.52,0.977,1.0,1.12,7.9,9.67,,,,,,,,0,
2026-08-09,686668,Brenton Doyle,Joey Cantillo,CLE@CWS,,1.0,CF,,1.8,2.93,1.004,0.999,0.979,7.8,9.61,,,,,,,,0,
2026-08-09,693304,Nick Gonzales,Sean Manaea,NYM@PIT,,4.0,3B,,1.65,3.02,1.016,1.016,1.049,7.7,9.56,,,,,,,,0,
2026-08-09,691594,Javier Sanoja,Grayson Rodriguez,LAA@MIA,,9.0,3B,,1.76,3.52,0.974,1.0,1.12,7.7,9.56,,,,,,,,0,
2026-08-09,667472,Dane Myers,Brad Lord,CIN@WSH,,7.0,CF,,2.06,2.89,0.995,1.021,1.009,7.6,9.51,,,,,,,,0,
2026-08-09,665966,Carlos Narváez,Kumar Rocker,BAL@TEX,,9.0,C,,2.02,3.02,1.006,1.0,1.029,7.3,9.35,,,,,,,,0,
2026-08-09,672275,Patrick Bailey,Davis Martin,CLE@CWS,,8.0,C,,2.67,2.2,0.991,0.999,1.043,7.3,9.35,,,,,,,,0,
2026-08-09,805779,Jacob Wilson,Erik Miller,ATH@BOS,,2.0,SS,,2.42,2.18,1.049,0.99,0.9,7.2,9.29,,,,,,,,0,
2026-08-09,663968,Jake Mangum,Sean Manaea,NYM@PIT,,1.0,CF,,1.43,3.02,1.012,1.016,1.049,7.0,9.19,,,,,,,,1,
2026-08-09,690993,Colt Keith,Logan Webb,DET@SF,,5.0,3B,,2.56,2.14,0.993,1.001,0.948,7.0,9.19,,,,,,,,0,
2026-08-09,664728,Kyle Isbel,Matt Boyd,CHC@KC,,9.0,CF,,2.09,2.78,1.0,1.0,1.041,6.9,9.13,,,,,,,,0,
2026-08-09,691026,Masyn Winn,Michael Lorenzen,COL@STL,,6.0,SS,,1.36,3.22,0.998,1.058,1.12,6.8,9.08,,,,,,,,0,
2026-08-09,691777,Max Muncy,Erik Miller,ATH@BOS,,8.0,3B,,2.78,2.18,1.044,0.99,0.9,6.8,9.08,,,,,,,,0,
2026-08-09,605170,Víctor Caratini,Jacob Misiorowski,MIN@MIL,,7.0,C,,2.45,2.47,0.982,1.0,0.9,6.7,9.02,,,,,,,,0,
2026-08-09,516782,Starling Marte,Matt Boyd,CHC@KC,,5.0,LF,,1.7,2.78,1.0,1.0,1.041,6.7,9.02,,,,,,,,1,
2026-08-09,665804,Miguel Amaya,Randy Dobnak,CHC@KC,,8.0,C,,2.15,2.36,1.0,1.0,1.071,6.6,8.97,,,,,,,,1,
2026-08-09,665926,Andrés Giménez,Jesús Luzardo,TOR@PHI,,6.0,SS,,2.34,2.3,1.006,1.023,0.9,6.6,8.97,,,,,,,,0,
2026-08-09,677587,Brayan Rocchio,Davis Martin,CLE@CWS,,7.0,SS,,2.22,2.2,0.997,0.999,1.043,6.4,8.86,,,,,,,,0,
2026-08-09,650859,Luis Rengifo,Cristian Javier,HOU@SD,,6.0,LF,,1.37,3.12,1.007,1.007,1.097,6.3,8.81,,,,,,,,0,
2026-08-09,665489,Vladimir Guerrero,Jesús Luzardo,TOR@PHI,,2.0,DH,,1.83,2.3,1.006,1.023,0.9,5.8,8.54,,,,,,,,0,
2026-08-09,663538,Nico Hoerner,Randy Dobnak,CHC@KC,,6.0,2B,,1.69,2.36,1.0,1.0,1.071,5.7,8.49,,,,,,,,0,
2026-08-09,663604,Brandon Lockridge,Connor Prielipp,MIN@MIL,,8.0,CF,,1.68,2.79,0.98,1.0,0.986,5.5,8.38,,,,,,,,0,
2026-08-09,666152,David Hamilton,Connor Prielipp,MIN@MIL,,9.0,SS,,1.68,2.79,0.982,1.0,0.986,5.2,8.22,,,,,,,,0,
2026-08-09,807712,Luke Keaschall,Jacob Misiorowski,MIN@MIL,,6.0,CF,,1.76,2.47,0.982,1.0,0.9,5.1,8.17,,,,,,,,0,
2026-08-09,683083,Nasim Nuñez,Brady Singer,CIN@WSH,,7.0,2B,,0.92,3.91,0.995,1.021,1.08,5.0,8.11,,,,,,,,0,
2026-08-09,682668,Luisangel Acuña,Joey Cantillo,CLE@CWS,,9.0,SS,,1.52,2.93,1.004,0.999,0.979,5.0,8.11,,,,,,,,0,
2026-08-09,669707,Jared Triolo,Sean Manaea,NYM@PIT,,8.0,SS,,1.22,3.02,1.007,1.016,1.049,4.8,8.01,,,,,,,,0,
2026-08-09,656716,Zach Mckinstry,Logan Webb,DET@SF,,9.0,RF,,1.74,2.14,1.015,1.001,0.948,4.1,7.63,,,,,,,,0,
2026-08-09,670764,Taylor Walls,Emerson Hancock,TB@SEA,,9.0,SS,,0.82,3.18,1.0,1.0,0.992,3.0,7.04,,,,,,,,0,
2026-08-10,575929,Willson Contreras,Jameson Taillon,BOS@TOR,,4.0,1B,,4.76,6.15,1.009,1.0,1.12,40.2,26.99,,,,,,,,0,
2026-08-10,677800,Wilyer Abreu,Jameson Taillon,BOS@TOR,,3.0,RF,,3.83,6.15,1.003,1.0,1.12,33.5,23.4,,,,,,,,0,
2026-08-10,624413,Pete Alonso,Dean Kremer,BAL@MIN,,2.0,1B,,4.53,5.13,1.009,1.013,1.039,32.2,22.7,,,,,,,,0,
2026-08-10,678882,Ceddanne Rafaela,Jameson Taillon,BOS@TOR,,2.0,CF,,3.16,6.15,1.009,1.0,1.12,29.1,21.04,,,,,,,,0,
2026-08-10,641933,Tyler O'Neill,Dean Kremer,BAL@MIN,,4.0,DH,,3.99,5.13,0.99,1.013,1.039,27.7,20.29,,,,,,,,0,
2026-08-10,691723,Coby Mayo,Dean Kremer,BAL@MIN,,7.0,3B,,4.46,5.13,0.99,1.013,1.039,27.5,20.18,,,,,,,,0,
2026-08-10,656941,Kyle Schwarber,Hunter Dobbins,PHI@STL,,1.0,1B,,6.19,3.31,0.995,1.032,0.942,27.3,20.07,,,,,,,,0,
2026-08-10,680776,Jarren Duran,Jameson Taillon,BOS@TOR,,7.0,LF,,3.32,6.15,1.004,1.0,1.12,26.6,19.7,,,,,,,,0,
2026-08-10,691406,Junior Caminero,Jacob Lopez,TB@ATH,,3.0,3B,,5.77,3.55,1.009,1.046,0.922,26.2,19.48,,,,,,,,1,
2026-08-10,691023,Jordan Walker,Andrew Painter,PHI@STL,,4.0,RF,,4.38,4.0,0.998,1.032,1.096,25.9,19.32,,,,,,,,0,
2026-08-10,683002,Gunnar Henderson,Dean Kremer,BAL@MIN,,1.0,SS,,3.32,5.13,1.009,1.013,1.039,25.1,18.89,,,,,,,,0,
2026-08-10,702332,Caleb Durbin,Jameson Taillon,BOS@TOR,,6.0,3B,,2.73,6.15,1.009,1.0,1.12,23.4,17.98,,,,,,,,0,
2026-08-10,702616,Jackson Holliday,Dean Kremer,BAL@MIN,,3.0,2B,,2.86,5.13,1.009,1.013,1.039,21.0,16.69,,,,,,,,0,
2026-08-10,547180,Bryce Harper,Hunter Dobbins,PHI@STL,,3.0,DH,,4.58,3.31,0.995,1.032,0.942,19.9,16.1,,,,,,,,0,
2026-08-10,691016,Tyler Soderstrom,Freddy Peralta,TB@ATH,,2.0,DH,,4.05,3.46,1.009,1.046,0.973,19.9,16.1,,,,,,,,0,
2026-08-10,807799,Masataka Yoshida,Jameson Taillon,BOS@TOR,,5.0,DH,,2.21,6.15,1.004,1.0,1.12,19.8,16.05,,,,,,,,0,
2026-08-10,681297,Colton Cowser,Dean Kremer,BAL@MIN,,8.0,CF,,3.15,5.13,1.009,1.013,1.039,19.7,16.0,,,,,,,,0,
2026-08-10,660271,Shohei Ohtani,Noah Cameron,KC@LAD,,1.0,DH,,4.81,2.74,0.996,1.026,1.022,19.6,15.94,,,,,,,,0,
2026-08-10,621566,Matt Olson,Christian Scott,NYM@ATL,,3.0,1B,,5.92,2.47,1.009,1.027,0.955,19.6,15.94,,,,,,,,0,
2026-08-10,696100,Hunter Goodman,Michael Soroka,COL@AZ,,4.0,C,,6.62,2.18,1.0,1.0,0.98,19.2,15.73,,,,,,,,0,
2026-08-10,592518,Manny Machado,Logan Henderson,MIL@SD,,3.0,3B,,4.35,3.37,1.007,1.024,0.9,18.6,15.41,,,,,,,,0,
2026-08-10,664034,Ty France,Logan Henderson,MIL@SD,,4.0,1B,,4.38,3.37,0.999,1.024,0.9,18.4,15.3,,,,,,,,1,
2026-08-10,656537,Derek Hill,Hunter Dobbins,PHI@STL,,6.0,RF,,4.36,3.31,0.994,1.032,0.942,17.7,14.92,,,,,,,,0,
2026-08-10,641680,Jonah Heim,Freddy Peralta,TB@ATH,,6.0,C,,3.81,3.46,1.009,1.046,0.973,17.1,14.6,,,,,,,,0,
2026-08-10,608369,Corey Seager,Reid Detmers,TEX@LAA,,2.0,SS,,3.96,3.17,1.006,1.042,0.92,17.0,14.55,,,,,,,,0,
2026-08-10,657136,Connor Wong,Jameson Taillon,BOS@TOR,,9.0,C,,2.2,6.15,1.004,1.0,1.12,16.8,14.44,,,,,,,,0,
2026-08-10,671056,Iván Herrera,Andrew Painter,PHI@STL,,2.0,DH,,2.6,4.0,0.998,1.032,1.096,16.5,14.28,,,,,,,,0,
2026-08-10,571970,Max Muncy,Noah Cameron,KC@LAD,,8.0,3B,,4.88,2.74,1.001,1.026,1.022,16.4,14.23,,,,,,,,0,
2026-08-10,669394,Jake Burger,Reid Detmers,TEX@LAA,,5.0,1B,,3.97,3.17,1.003,1.042,0.92,16.0,14.01,,,,,,,,0,
2026-08-10,680869,Zack Gelof,Freddy Peralta,TB@ATH,,9.0,3B,,3.99,3.46,1.006,1.046,0.973,15.7,13.85,,,,,,,,1,
2026-08-10,695506,Jac Caglianone,Tarik Skubal,KC@LAD,,3.0,1B,,4.33,2.84,0.996,1.026,0.9,15.6,13.8,,,,,,,,1,
2026-08-10,666160,Mickey Moniak,Michael Soroka,COL@AZ,,5.0,LF,,5.42,2.18,1.0,1.0,0.98,15.4,13.69,,,,,,,,0,
2026-08-10,682626,Francisco Álvarez,Bryce Elder,NYM@ATL,,9.0,C,,3.97,3.47,1.009,1.027,0.97,15.4,13.69,,,,,,,,0,
2026-08-10,686948,Drake Baldwin,Christian Scott,NYM@ATL,,1.0,DH,,4.36,2.47,1.0,1.027,0.955,15.3,13.64,,,,,,,,0,
2026-08-10,650490,Yandy Díaz,Jacob Lopez,TB@ATH,,1.0,DH,,3.03,3.55,1.009,1.046,0.922,15.2,13.58,,,,,,,,1,
2026-08-10,543760,Marcus Semien,Bryce Elder,NYM@ATL,,6.0,2B,,3.43,3.47,0.991,1.027,0.97,15.1,13.53,,,,,,,,0,
2026-08-10,701538,Jackson Merrill,Logan Henderson,MIL@SD,,5.0,CF,,3.56,3.37,1.002,1.024,0.9,14.7,13.31,,,,,,,,1,
2026-08-10,657757,Gavin Sheets,Logan Henderson,MIL@SD,,7.0,DH,,3.73,3.37,1.002,1.024,0.9,14.2,13.05,,,,,,,,0,
2026-08-10,671739,Michael Harris,Christian Scott,NYM@ATL,,4.0,CF,,4.14,2.47,1.009,1.027,0.955,14.0,12.94,,,,,,,,0,
2026-08-10,605141,Mookie Betts,Noah Cameron,KC@LAD,,5.0,SS,,3.6,2.74,1.001,1.026,1.022,13.8,12.83,,,,,,,,0,
2026-08-10,666126,Carlos Cortes,Freddy Peralta,TB@ATH,,4.0,LF,,2.77,3.46,1.009,1.046,0.973,13.6,12.72,,,,,,,,0,
2026-08-10,677649,Ezequiel Duran,Reid Detmers,TEX@LAA,,3.0,LF,,3.11,3.17,1.003,1.042,0.92,13.2,12.51,,,,,,,,0,
2026-08-10,665877,José Fermín,Andrew Painter,PHI@STL,,7.0,LF,,2.36,4.0,0.998,1.032,1.096,13.1,12.46,,,,,,,,0,
2026-08-10,680777,Ryan Jeffers,Trevor Rogers,BAL@MIN,,2.0,C,,3.9,2.45,0.99,1.013,0.952,13.1,12.46,,,,,,,,0,
2026-08-10,695600,Carter Jensen,Tarik Skubal,KC@LAD,,5.0,DH,,3.53,2.84,0.996,1.026,0.9,12.3,12.03,,,,,,,,0,
2026-08-10,521692,Salvador Pérez,Tarik Skubal,KC@LAD,,4.0,C,,3.37,2.84,1.001,1.026,0.9,12.3,12.03,,,,,,,,0,
2026-08-10,518692,Freddie Freeman,Noah Cameron,KC@LAD,,3.0,1B,,3.04,2.74,0.996,1.026,1.022,12.2,11.97,,,,,,,,0,
2026-08-10,665966,Carlos Narváez,Dean Kremer,BAL@MIN,,9.0,C,,1.99,5.13,0.99,1.013,1.039,12.0,11.87,,,,,,,,0,
2026-08-10,805779,Jacob Wilson,Freddy Peralta,TB@ATH,,3.0,SS,,2.4,3.46,1.006,1.046,0.973,11.9,11.81,,,,,,,,0,
2026-08-10,668904,Royce Lewis,Trevor Rogers,BAL@MIN,,3.0,2B,,3.6,2.45,0.99,1.013,0.952,11.8,11.76,,,,,,,,0,
2026-08-10,606192,Teoscar Hernández,Noah Cameron,KC@LAD,,7.0,RF,,3.29,2.74,1.001,1.026,1.022,11.7,11.71,,,,,,,,0,
2026-08-10,645277,Ozzie Albies,Christian Scott,NYM@ATL,,5.0,2B,,3.62,2.47,0.991,1.027,0.955,11.7,11.71,,,,,,,,0,
2026-08-10,694192,Jackson Chourio,Casey Mize,MIL@SD,,2.0,LF,,4.11,2.06,1.007,1.024,0.9,11.3,11.49,,,,,,,,0,
2026-08-10,677951,Bobby Witt,Tarik Skubal,KC@LAD,,2.0,SS,,2.98,2.84,1.001,1.026,0.9,11.3,11.49,,,,,,,,0,
2026-08-10,666182,Bo Bichette,Bryce Elder,NYM@ATL,,3.0,3B,,2.32,3.47,0.991,1.027,0.97,11.2,11.44,,,,,,,,0,
2026-08-10,543807,George Springer,Sonny Gray,BOS@TOR,,4.0,DH,,3.14,2.61,1.009,1.0,0.944,11.0,11.33,,,,,,,,0,
2026-08-10,686797,Brooks Lee,Trevor Rogers,BAL@MIN,,6.0,3B,,3.59,2.45,0.99,1.013,0.952,10.9,11.28,,,,,,,,0,
2026-08-10,605137,Josh Bell,Trevor Rogers,BAL@MIN,,4.0,DH,,3.21,2.45,1.009,1.013,0.952,10.7,11.17,,,,,,,,1,
2026-08-10,624641,Edmundo Sosa,Hunter Dobbins,PHI@STL,,8.0,SS,,2.77,3.31,0.998,1.032,0.942,10.6,11.12,,,,,,,,0,
2026-08-10,660821,Jesús Sánchez,Sonny Gray,BOS@TOR,,5.0,LF,,3.11,2.61,1.003,1.0,0.944,10.4,11.01,,,,,,,,0,
2026-08-10,664983,Jake Mccarthy,Michael Soroka,COL@AZ,,1.0,CF,,3.21,2.18,1.0,1.0,0.98,10.2,10.9,,,,,,,,0,
2026-08-10,606466,Ketel Marte,Gabriel Hughes,COL@AZ,,4.0,2B,,3.82,2.05,1.0,1.0,0.9,9.9,10.74,,,,,,,,0,
2026-08-10,593871,Jorge Polanco,Bryce Elder,NYM@ATL,,8.0,DH,,2.29,3.47,1.009,1.027,0.97,9.6,10.58,,,,,,,,0,
2026-08-10,683146,Brett Baty,Bryce Elder,NYM@ATL,,7.0,LF,,2.15,3.47,1.009,1.027,0.97,9.4,10.47,,,,,,,,1,
2026-08-10,672724,Oswald Peraza,Mackenzie Gore,TEX@LAA,,7.0,2B,,2.51,2.95,1.004,1.042,0.959,9.3,10.42,,,,,,,,0,
2026-08-10,686681,Michael Massey,Tarik Skubal,KC@LAD,,7.0,2B,,2.85,2.84,0.995,1.026,0.9,9.3,10.42,,,,,,,,0,
2026-08-10,663586,Austin Riley,Christian Scott,NYM@ATL,,7.0,3B,,2.99,2.47,1.004,1.027,0.955,9.1,10.31,,,,,,,,0,
2026-08-10,668930,Brice Turang,Casey Mize,MIL@SD,,1.0,2B,,3.11,2.06,1.007,1.024,0.9,8.9,10.2,,,,,,,,0,
2026-08-10,666023,Freddy Fermin,Logan Henderson,MIL@SD,,8.0,C,,2.38,3.37,0.999,1.024,0.9,8.9,10.2,,,,,,,,0,
2026-08-10,664770,Nathan Lukes,Sonny Gray,BOS@TOR,,1.0,RF,,2.3,2.61,1.009,1.0,0.944,8.6,10.04,,,,,,,,0,
2026-08-10,650489,Willi Castro,Michael Soroka,COL@AZ,,7.0,2B,,3.2,2.18,1.0,1.0,0.98,8.6,10.04,,,,,,,,0,
2026-08-10,682998,Corbin Carroll,Gabriel Hughes,COL@AZ,,2.0,RF,,3.18,2.05,1.0,1.0,0.9,8.6,10.04,,,,,,,,0,
2026-08-10,663743,Nick Fortes,Jacob Lopez,TB@ATH,,7.0,C,,1.99,3.55,1.006,1.046,0.922,8.6,10.04,,,,,,,,0,
2026-08-10,500743,Miguel Rojas,Noah Cameron,KC@LAD,,6.0,2B,,2.21,2.74,1.001,1.026,1.022,8.4,9.94,,,,,,,,0,
2026-08-10,679845,Nick Loftin,Tarik Skubal,KC@LAD,,1.0,3B,,2.14,2.84,0.996,1.026,0.9,8.3,9.88,,,,,,,,0,
2026-08-10,691026,Masyn Winn,Andrew Painter,PHI@STL,,6.0,SS,,1.35,4.0,0.998,1.032,1.096,8.0,9.72,,,,,,,,0,
2026-08-10,630105,Jake Cronenworth,Logan Henderson,MIL@SD,,2.0,2B,,1.77,3.37,0.987,1.024,0.9,8.0,9.72,,,,,,,,0,
2026-08-10,643289,Mauricio Dubón,Christian Scott,NYM@ATL,,6.0,LF,,2.37,2.47,1.009,1.027,0.955,7.6,9.51,,,,,,,,0,
2026-08-10,665926,Andrés Giménez,Sonny Gray,BOS@TOR,,6.0,SS,,2.31,2.61,1.004,1.0,0.944,7.5,9.45,,,,,,,,0,
2026-08-10,516782,Starling Marte,Tarik Skubal,KC@LAD,,6.0,RF,,2.03,2.84,1.001,1.026,0.9,7.0,9.19,,,,,,,,0,
2026-08-10,694374,Tim Tawa,Gabriel Hughes,COL@AZ,,8.0,1B,,3.13,2.05,1.0,1.0,0.9,7.0,9.19,,,,,,,,0,
2026-08-10,605170,Víctor Caratini,Trevor Rogers,BAL@MIN,,8.0,1B,,2.43,2.45,1.009,1.013,0.952,7.0,9.19,,,,,,,,0,
2026-08-10,691720,Kyle Karros,Michael Soroka,COL@AZ,,6.0,3B,,2.48,2.18,1.0,1.0,0.98,7.0,9.19,,,,,,,,0,
2026-08-10,683734,Andrew Vaughn,Casey Mize,MIL@SD,,4.0,3B,,2.44,2.06,0.999,1.024,0.9,6.6,8.97,,,,,,,,0,
2026-08-10,665489,Vladimir Guerrero,Sonny Gray,BOS@TOR,,3.0,1B,,1.81,2.61,1.004,1.0,0.944,6.4,8.86,,,,,,,,0,
2026-08-10,661388,William Contreras,Casey Mize,MIL@SD,,6.0,C,,2.49,2.06,1.007,1.024,0.9,6.3,8.81,,,,,,,,0,
2026-08-10,664728,Kyle Isbel,Tarik Skubal,KC@LAD,,9.0,CF,,2.07,2.84,0.996,1.026,0.9,6.2,8.76,,,,,,,,1,
2026-08-10,686555,Isaac Collins,Tarik Skubal,KC@LAD,,8.0,LF,,1.89,2.84,1.001,1.026,0.9,6.0,8.65,,,,,,,,0,
2026-08-10,807712,Luke Keaschall,Trevor Rogers,BAL@MIN,,5.0,RF,,1.75,2.45,1.009,1.013,0.952,5.7,8.49,,,,,,,,0,
2026-08-10,650859,Luis Rengifo,Logan Henderson,MIL@SD,,6.0,LF,,1.36,3.37,1.007,1.024,0.9,5.7,8.49,,,,,,,,0,
2026-08-10,592885,Christian Yelich,Casey Mize,MIL@SD,,7.0,DH,,2.23,2.06,1.002,1.024,0.9,5.4,8.33,,,,,,,,1,
2026-08-10,687597,Jordan Beck,Michael Soroka,COL@AZ,,9.0,RF,,2.11,2.18,1.0,1.0,0.98,5.2,8.22,,,,,,,,0,
2026-08-10,663457,Lars Nootbaar,Gabriel Hughes,COL@AZ,,5.0,DH,,2.05,2.05,1.0,1.0,0.9,5.2,8.22,,,,,,,,0,
2026-08-10,668885,Austin Martin,Trevor Rogers,BAL@MIN,,1.0,LF,,1.27,2.45,0.99,1.013,0.952,4.5,7.84,,,,,,,,1,
2026-08-10,666152,David Hamilton,Casey Mize,MIL@SD,,9.0,SS,,1.66,2.06,1.002,1.024,0.9,3.7,7.42,,,,,,,,0,
2026-08-10,687859,Troy Johnston,Michael Soroka,COL@AZ,,8.0,DH,,1.39,2.18,1.0,1.0,0.98,3.6,7.36,,,,,,,,0,
2026-08-10,670764,Taylor Walls,Jacob Lopez,TB@ATH,,8.0,SS,,0.82,3.55,1.009,1.046,0.922,3.5,7.31,,,,,,,,0,
2026-08-11,693307,Dillon Dingler,Tanner Bibee,CLE@DET,DET,3.0,C,R,5.09,3.89,0.979,1.024,1.025,26.7,19.75,17.9,425.0,,,1.85,0.7,,0,-1.0
2026-08-11,665953,Andrés Chaparro,Shota Imanaga,CHC@WSH,WSH,2.0,1B,R,4.11,4.33,0.992,1.013,0.949,23.2,17.87,15.6,510.0,,,2.27,1.48,,0,-1.0
2026-08-11,624413,Pete Alonso,Bailey Ober,BAL@MIN,BAL,2.0,1B,R,4.5,3.44,1.009,1.029,1.023,22.6,17.55,23.2,300.0,,,-5.65,-7.45,,1,3.0
2026-08-11,695657,Colson Montgomery,Nick Lodolo,CIN@CWS,CWS,6.0,DH,L,5.03,3.15,1.009,1.006,1.12,22.3,17.39,17.1,450.0,,,0.29,-0.79,,0,-1.0
2026-08-11,686527,Dominic Canzone,Ryan Weathers,SEA@NYY,SEA,4.0,DH,L,4.67,3.3,1.011,1.024,1.02,21.8,17.12,16.4,475.0,,,0.72,-0.27,,0,-1.0
2026-08-11,678246,Miguel Vargas,Nick Lodolo,CIN@CWS,CWS,3.0,3B,R,4.4,3.15,1.004,1.006,1.12,21.1,16.75,18.8,400.0,,,-2.05,-3.25,,1,4.0
2026-08-11,700250,Ben Rice,Bryan Woo,SEA@NYY,NYY,2.0,DH,L,5.94,2.61,1.011,1.024,0.936,20.8,16.59,24.6,290.0,,,-8.01,-9.05,,0,-1.0
2026-08-11,621566,Matt Olson,Nolan Mclean,NYM@ATL,ATL,3.0,1B,L,5.87,2.66,1.009,1.017,0.939,20.3,16.32,20.8,350.0,,,-4.48,-5.9,,1,3.5
2026-08-11,679529,Spencer Torkelson,Tanner Bibee,CLE@DET,DET,6.0,1B,R,4.05,3.89,0.979,1.024,1.025,20.2,16.26,18.8,410.0,,,-2.54,-3.35,,0,-1.0
2026-08-11,691723,Coby Mayo,Bailey Ober,BAL@MIN,BAL,6.0,DH,R,4.42,3.44,0.99,1.029,1.023,19.9,16.1,17.9,425.0,,,-1.8,-2.95,,0,-1.0
2026-08-11,664023,Ian Happ,Jake Irvin,CHC@WSH,CHC,5.0,LF,R,3.86,3.48,0.995,1.013,1.12,19.7,16.0,17.9,440.0,,,-1.9,-2.52,,0,-1.0
2026-08-11,691781,Brady House,Shota Imanaga,CHC@WSH,WSH,3.0,3B,R,3.44,4.33,0.995,1.013,0.949,19.3,15.78,14.3,550.0,,,1.48,0.4,,0,-1.0
2026-08-11,641933,Tyler O'Neill,Bailey Ober,BAL@MIN,BAL,4.0,RF,R,3.94,3.44,0.99,1.029,1.023,19.1,15.67,20.8,410.0,,,-5.13,-3.94,,0,-1.0
2026-08-11,686611,Dylan Crews,Shota Imanaga,CHC@WSH,WSH,1.0,RF,R,3.17,4.33,0.995,1.013,0.949,18.8,15.51,18.8,420.0,,,-3.29,-3.72,,1,4.2
2026-08-11,671277,Luis García,Bryan Woo,SEA@NYY,NYY,4.0,1B,L,5.37,2.61,1.024,1.024,0.936,18.7,15.46,,,,,,,,0,
2026-08-11,624424,Michael Conforto,Jake Irvin,CHC@WSH,CHC,7.0,DH,L,3.89,3.48,1.001,1.013,1.12,18.5,15.35,17.1,510.0,,,-1.75,-1.04,,0,-1.0
2026-08-11,664040,Brandon Lowe,Eury Pérez,PIT@MIA,PIT,2.0,2B,L,4.67,2.93,0.977,1.0,0.955,17.9,15.03,17.1,450.0,,,-2.07,-3.15,,0,-1.0
2026-08-11,682985,Riley Greene,Tanner Bibee,CLE@DET,DET,4.0,LF,L,3.21,3.89,0.983,1.024,1.025,17.6,14.87,18.8,430.0,,,-3.93,-4.0,,0,-1.0
2026-08-11,683002,Gunnar Henderson,Bailey Ober,BAL@MIN,BAL,1.0,SS,L,3.3,3.44,1.009,1.029,1.023,17.4,14.76,20.8,350.0,,,-6.04,-7.46,,1,3.5
2026-08-11,677594,Julio Rodríguez,Ryan Weathers,SEA@NYY,SEA,3.0,CF,R,3.69,3.3,0.998,1.024,1.02,17.4,14.76,18.8,400.0,,,-4.04,-5.24,,0,-1.0
2026-08-11,665019,Kody Clemens,Brandon Young,BAL@MIN,MIN,4.0,2B,L,4.38,2.72,1.009,1.029,1.011,17.1,14.6,20.8,350.0,,,-6.2,-7.62,,0,-1.0
2026-08-11,665052,Griffin Conine,Paul Skenes,PIT@MIA,MIA,3.0,1B,L,5.47,2.57,0.977,1.0,0.9,17.0,14.55,14.3,575.0,,,0.25,-0.26,,0,-1.0
2026-08-11,668709,Jj Bleday,Sean Burke,CIN@CWS,CIN,3.0,LF,L,4.8,2.73,0.997,1.006,0.933,16.9,14.49,17.1,450.0,,,-2.61,-3.69,,0,-1.0
2026-08-11,701398,Sal Stewart,Sean Burke,CIN@CWS,CIN,2.0,1B,R,4.57,2.73,1.004,1.006,0.933,16.6,14.33,17.9,425.0,,,-3.57,-4.72,,0,-1.0
2026-08-11,686948,Drake Baldwin,Nolan Mclean,NYM@ATL,ATL,1.0,C,L,4.32,2.66,1.0,1.017,0.939,15.9,13.96,16.4,475.0,,,-2.44,-3.43,,0,-1.0
2026-08-11,621020,Dansby Swanson,Jake Irvin,CHC@WSH,CHC,9.0,SS,R,3.65,3.48,0.995,1.013,1.12,15.9,13.96,15.0,550.0,,,-1.04,-1.42,,0,-1.0
2026-08-11,682829,Elly De La Cruz,Sean Burke,CIN@CWS,CIN,1.0,SS,R,4.22,2.73,1.004,1.006,0.933,15.8,13.9,17.1,450.0,,,-3.2,-4.28,,0,-1.0
2026-08-11,663993,Nathaniel Lowe,Drew Anderson,CLE@DET,CLE,4.0,1B,L,4.02,3.08,0.983,1.024,0.906,15.6,13.8,15.0,525.0,,,-1.2,-2.2,,0,-1.0
2026-08-11,650402,Gleyber Torres,Tanner Bibee,CLE@DET,DET,2.0,2B,R,2.72,3.89,0.979,1.024,1.025,15.4,13.69,11.7,800.0,,,1.99,2.58,,0,-1.0
2026-08-11,695734,Daylen Lile,Shota Imanaga,CHC@WSH,WSH,7.0,DH,L,3.06,4.33,0.991,1.013,0.949,15.4,13.69,15.0,625.0,,,-1.31,-0.1,,0,-1.0
2026-08-11,680777,Ryan Jeffers,Brandon Young,BAL@MIN,MIN,2.0,C,R,3.84,2.72,0.99,1.029,1.011,15.3,13.64,15.6,500.0,,,-1.96,-3.03,,0,-1.0
2026-08-11,668227,Randy Arozarena,Ryan Weathers,SEA@NYY,SEA,2.0,LF,R,2.97,3.3,1.011,1.024,1.02,14.7,13.31,16.4,475.0,,,-3.09,-4.08,,1,4.75
2026-08-11,553993,Eugenio Suárez,Sean Burke,CIN@CWS,CIN,5.0,DH,R,4.25,2.73,1.004,1.006,0.933,14.6,13.26,17.1,450.0,,,-3.84,-4.92,,1,4.5
2026-08-11,671739,Michael Harris,Nolan Mclean,NYM@ATL,ATL,4.0,CF,L,4.1,2.66,1.009,1.017,0.939,14.5,13.21,,,,,,,,0,
2026-08-11,663728,Cal Raleigh,Ryan Weathers,SEA@NYY,SEA,6.0,C,R,3.26,3.3,0.998,1.024,1.02,14.4,13.15,24.3,325.0,,,-11.15,-10.38,,0,-1.0
2026-08-11,702616,Jackson Holliday,Bailey Ober,BAL@MIN,BAL,3.0,2B,L,2.82,3.44,1.009,1.029,1.023,14.3,13.1,15.6,500.0,,,-2.5,-3.57,,0,-1.0
2026-08-11,696285,Jacob Young,Shota Imanaga,CHC@WSH,WSH,6.0,CF,R,2.65,4.33,0.995,1.013,0.949,14.1,12.99,9.4,900.0,,,3.59,2.99,,1,9.0
2026-08-11,690993,Colt Keith,Tanner Bibee,CLE@DET,DET,5.0,DH,L,2.54,3.89,0.999,1.024,1.025,13.8,12.83,10.4,800.0,,,2.43,1.72,,0,-1.0
2026-08-11,682657,Angel Martínez,Drew Anderson,CLE@DET,CLE,7.0,LF,L,3.84,3.08,0.999,1.024,0.906,13.5,12.67,11.7,700.0,,,0.97,0.17,,0,-1.0
2026-08-11,605137,Josh Bell,Brandon Young,BAL@MIN,MIN,3.0,DH,L,3.35,2.72,1.009,1.029,1.011,13.4,12.62,17.1,450.0,,,-4.48,-5.56,,0,-1.0
2026-08-11,668904,Royce Lewis,Brandon Young,BAL@MIN,MIN,5.0,1B,R,3.56,2.72,0.99,1.029,1.011,13.3,12.56,19.7,420.0,,,-7.14,-6.67,,0,-1.0
2026-08-11,608324,Alex Bregman,Jake Irvin,CHC@WSH,CHC,4.0,3B,R,2.4,3.48,0.998,1.013,1.12,13.2,12.51,13.3,750.0,,,-0.79,0.75,,1,7.5
2026-08-11,543807,George Springer,Patrick Sandoval,BOS@TOR,TOR,4.0,DH,R,3.12,2.92,1.009,1.0,1.03,13.2,12.51,14.3,550.0,,,-1.79,-2.87,,0,-1.0
2026-08-11,691023,Jordan Walker,Cristopher Sánchez,PHI@STL,STL,3.0,RF,R,4.35,2.26,0.998,1.046,0.903,13.0,12.4,15.6,575.0,,,-3.2,-2.41,,0,-1.0
2026-08-11,686797,Brooks Lee,Brandon Young,BAL@MIN,MIN,6.0,3B,R,3.56,2.72,0.99,1.029,1.011,12.9,12.35,13.3,625.0,,,-0.95,-1.44,,0,-1.0
2026-08-11,665862,Jazz Chisholm,Bryan Woo,SEA@NYY,NYY,5.0,2B,L,3.77,2.61,1.011,1.024,0.936,12.8,12.3,,,,,,,,0,
2026-08-11,669236,Jeremiah Jackson,Bailey Ober,BAL@MIN,BAL,8.0,LF,R,2.97,3.44,0.99,1.029,1.023,12.6,12.19,14.3,550.0,,,-2.11,-3.19,,0,-1.0
2026-08-11,663757,Trent Grisham,Bryan Woo,SEA@NYY,NYY,1.0,CF,L,3.3,2.61,1.011,1.024,0.936,12.3,12.03,23.2,310.0,,,-11.17,-12.36,,0,-1.0
2026-08-11,680977,Brendan Donovan,Ryan Weathers,SEA@NYY,SEA,7.0,3B,L,2.83,3.3,1.011,1.024,1.02,12.2,11.97,8.6,1000.0,,,3.37,2.88,,0,-1.0
2026-08-11,666176,Jo Adell,Drew Anderson,CLE@DET,CLE,5.0,DH,R,3.25,3.08,0.979,1.024,0.906,12.2,11.97,15.6,550.0,,,-3.63,-3.41,,1,5.5
2026-08-11,645277,Ozzie Albies,Nolan Mclean,NYM@ATL,ATL,5.0,2B,R,3.59,2.66,0.991,1.017,0.939,12.1,11.92,13.3,600.0,,,-1.38,-2.37,,1,6.0
2026-08-11,642215,Weston Wilson,Ryan Weathers,SEA@NYY,SEA,8.0,1B,R,2.94,3.3,0.998,1.024,1.02,12.0,11.87,11.7,700.0,,,0.17,-0.63,,0,-1.0
2026-08-11,687462,Spencer Horwitz,Eury Pérez,PIT@MIA,PIT,4.0,1B,L,3.1,2.93,0.977,1.0,0.955,11.8,11.76,13.3,625.0,,,-1.54,-2.03,,0,-1.0
2026-08-11,608348,Carson Kelly,Jake Irvin,CHC@WSH,CHC,8.0,C,R,2.47,3.48,0.992,1.013,1.12,11.5,11.6,13.3,800.0,,,-1.7,0.49,,0,-1.0
2026-08-11,595879,Javier Báez,Tanner Bibee,CLE@DET,DET,8.0,SS,R,2.36,3.89,0.979,1.024,1.025,11.2,11.44,10.4,1050.0,,,1.04,2.74,,0,-1.0
2026-08-11,668804,Bryan Reynolds,Eury Pérez,PIT@MIA,PIT,3.0,LF,R,2.9,2.93,0.974,1.0,0.955,11.2,11.44,14.3,550.0,,,-2.86,-3.94,,0,-1.0
2026-08-11,663886,Tyler Stephenson,Sean Burke,CIN@CWS,CIN,4.0,C,R,3.1,2.73,1.004,1.006,0.933,11.2,11.44,15.0,525.0,,,-3.56,-4.56,,0,-1.0
2026-08-11,683357,Owen Caissie,Paul Skenes,PIT@MIA,MIA,7.0,DH,L,4.0,2.57,0.977,1.0,0.9,11.2,11.44,13.3,625.0,,,-1.86,-2.35,,0,-1.0
2026-08-11,672386,Alejandro Kirk,Patrick Sandoval,BOS@TOR,TOR,5.0,C,R,2.64,2.92,1.004,1.0,1.03,10.8,11.22,11.7,700.0,,,-0.48,-1.28,,0,-1.0
2026-08-11,671218,Heliot Ramos,Bryan Woo,SEA@NYY,NYY,3.0,LF,R,2.86,2.61,1.014,1.024,0.936,10.3,10.95,15.6,500.0,,,-4.65,-5.72,,0,-1.0
2026-08-11,680779,Henry Davis,Eury Pérez,PIT@MIA,PIT,9.0,C,R,3.25,2.93,0.97,1.0,0.955,10.0,10.79,11.7,750.0,,,-0.91,-0.97,,0,-1.0
2026-08-11,686668,Brenton Doyle,Nick Lodolo,CIN@CWS,CWS,1.0,CF,R,1.77,3.15,1.004,1.006,1.12,9.4,10.47,14.3,550.0,,,-3.83,-4.91,,1,5.5
2026-08-11,677592,Everson Pereira,Cristopher Sánchez,PHI@STL,STL,8.0,CF,R,3.61,2.26,0.998,1.046,0.903,9.2,10.36,10.5,850.0,,,-0.14,-0.17,,1,8.5
2026-08-11,672275,Patrick Bailey,Drew Anderson,CLE@DET,CLE,8.0,C,L,2.64,3.08,0.999,1.024,0.906,9.1,10.31,9.4,900.0,,,0.91,0.31,,0,-1.0
2026-08-11,663586,Austin Riley,Nolan Mclean,NYM@ATL,ATL,8.0,3B,R,2.97,2.66,1.004,1.017,0.939,9.1,10.31,15.0,525.0,,,-4.69,-5.69,,0,-1.0
2026-08-11,663538,Nico Hoerner,Jake Irvin,CHC@WSH,CHC,6.0,2B,R,1.67,3.48,0.995,1.013,1.12,8.7,10.1,8.6,1100.0,,,1.5,1.77,,0,-1.0
2026-08-11,669224,Austin Wells,Bryan Woo,SEA@NYY,NYY,9.0,C,L,3.03,2.61,1.011,1.024,0.936,8.7,10.1,16.4,475.0,,,-6.3,-7.29,,0,-1.0
2026-08-11,665926,Andrés Giménez,Patrick Sandoval,BOS@TOR,TOR,8.0,SS,L,2.29,2.92,1.004,1.0,1.03,8.3,9.88,7.3,1200.0,,,2.58,2.19,,0,-1.0
2026-08-11,671056,Iván Herrera,Cristopher Sánchez,PHI@STL,STL,2.0,DH,R,2.58,2.26,0.998,1.046,0.903,8.0,9.72,9.4,900.0,,,0.32,-0.28,,0,-1.0
2026-08-11,656716,Zach Mckinstry,Tanner Bibee,CLE@DET,DET,9.0,RF,L,1.72,3.89,0.999,1.024,1.025,8.0,9.72,7.9,1150.0,,,1.82,1.72,,0,-1.0
2026-08-11,643289,Mauricio Dubón,Nolan Mclean,NYM@ATL,ATL,6.0,LF,R,2.35,2.66,1.009,1.017,0.939,7.9,9.67,7.9,1100.0,,,1.77,1.34,,0,-1.0
2026-08-11,665489,Vladimir Guerrero,Patrick Sandoval,BOS@TOR,TOR,3.0,1B,R,1.8,2.92,1.004,1.0,1.03,7.8,9.61,,,,,,,,0,
2026-08-11,663647,Ke'Bryan Hayes,Sean Burke,CIN@CWS,CIN,9.0,3B,R,2.58,2.73,1.005,1.006,0.933,7.6,9.51,8.6,1000.0,,,0.91,0.42,,0,-1.0
2026-08-11,677587,Brayan Rocchio,Drew Anderson,CLE@DET,CLE,9.0,SS,L,2.21,3.08,0.999,1.024,0.906,7.2,9.29,8.6,1050.0,,,0.69,0.59,,0,-1.0
2026-08-11,665877,José Fermín,Cristopher Sánchez,PHI@STL,STL,5.0,LF,R,2.34,2.26,0.998,1.046,0.903,6.9,9.13,7.9,1100.0,,,1.23,0.8,,0,-1.0
2026-08-11,672640,Otto Lopez,Paul Skenes,PIT@MIA,MIA,2.0,SS,R,2.04,2.57,0.974,1.0,0.9,6.7,9.02,9.4,900.0,,,-0.38,-0.98,,0,-1.0
2026-08-11,663968,Jake Mangum,Eury Pérez,PIT@MIA,PIT,1.0,CF,R,1.63,2.93,0.97,1.0,0.955,6.7,9.02,7.3,1300.0,,,1.72,1.88,,0,-1.0
2026-08-11,667472,Dane Myers,Sean Burke,CIN@CWS,CIN,7.0,CF,R,2.04,2.73,1.004,1.006,0.933,6.6,8.97,9.4,900.0,,,-0.43,-1.03,,0,-1.0
2026-08-11,686780,Pedro Pagés,Cristopher Sánchez,PHI@STL,STL,9.0,C,R,2.61,2.26,0.998,1.046,0.903,6.4,8.86,7.9,1100.0,,,0.96,0.53,,0,-1.0
2026-08-11,693304,Nick Gonzales,Eury Pérez,PIT@MIA,PIT,5.0,3B,R,1.63,2.93,0.977,1.0,0.955,6.2,8.76,8.6,1000.0,,,0.16,-0.33,,0,-1.0
2026-08-11,807712,Luke Keaschall,Brandon Young,BAL@MIN,MIN,7.0,CF,R,1.73,2.72,1.009,1.029,1.011,6.2,8.76,10.4,800.0,,,-1.64,-2.35,,0,-1.0
2026-08-11,682668,Luisangel Acuña,Nick Lodolo,CIN@CWS,CWS,9.0,SS,R,1.49,3.15,1.004,1.006,1.12,6.1,8.7,7.3,1200.0,,,1.4,1.01,,0,-1.0
2026-08-11,669364,Xavier Edwards,Paul Skenes,PIT@MIA,MIA,1.0,2B,L,1.56,2.57,0.977,1.0,0.9,5.4,8.33,7.3,1300.0,,,1.03,1.19,,0,-1.0
2026-08-11,805300,Jakob Marsee,Paul Skenes,PIT@MIA,MIA,5.0,CF,L,1.68,2.57,0.977,1.0,0.9,5.3,8.27,9.4,900.0,,,-1.13,-1.73,,0,-1.0
2026-08-11,691594,Javier Sanoja,Paul Skenes,PIT@MIA,MIA,6.0,3B,R,1.74,2.57,0.974,1.0,0.9,5.2,8.22,7.9,1100.0,,,0.32,-0.11,,0,-1.0
2026-08-11,683083,Nasim Nuñez,Shota Imanaga,CHC@WSH,WSH,8.0,2B,R,0.91,4.33,0.995,1.013,0.949,4.6,7.9,7.9,1100.0,,,0.0,-0.43,,0,-1.0
2026-08-11,691026,Masyn Winn,Cristopher Sánchez,PHI@STL,STL,6.0,SS,R,1.34,2.26,0.998,1.046,0.903,3.8,7.47,7.9,1100.0,,,-0.43,-0.86,,0,-1.0
2026-08-12,696100,Hunter Goodman,Merrill Kelly,COL@AZ,COL,4.0,DH,R,6.54,4.1,1.0,1.0,1.12,37.1,25.33,,,,,,,,0,
2026-08-12,691406,Junior Caminero,Jack Perkins,TB@ATH,TB,3.0,3B,R,6.0,3.92,1.009,1.032,0.987,31.0,22.06,,,,,,,,0,
2026-08-12,666160,Mickey Moniak,Merrill Kelly,COL@AZ,COL,5.0,LF,L,5.32,4.1,1.0,1.0,1.12,30.2,21.63,,,,,,,,0,
2026-08-12,670541,Yordan Álvarez,Adrian Houser,HOU@SF,HOU,2.0,DH,L,5.98,3.41,1.015,1.012,1.09,30.1,21.57,,,,,,,,0,
2026-08-12,700250,Ben Rice,Bryce Miller,SEA@NYY,NYY,2.0,DH,L,5.9,3.85,1.011,1.025,0.9,28.2,20.55,25.8,260.0,,,-5.25,-7.23,,0,-1.0
2026-08-12,624413,Pete Alonso,Zebby Matthews,BAL@MIN,BAL,2.0,1B,R,4.63,4.18,1.009,1.018,1.062,28.1,20.5,,,,,,,,0,
2026-08-12,671277,Luis García,Bryce Miller,SEA@NYY,NYY,4.0,1B,L,5.33,3.85,1.024,1.025,0.9,25.5,19.11,,,,,,,,0,
2026-08-12,606466,Ketel Marte,Ryan Feltner,COL@AZ,AZ,4.0,2B,R,3.92,4.43,1.0,1.0,1.116,25.5,19.11,,,,,,,,0,
2026-08-12,656941,Kyle Schwarber,Kyle Leahy,PHI@STL,PHI,1.0,DH,L,6.11,2.63,0.995,1.022,1.104,25.1,18.89,,,,,,,,0,
2026-08-12,668709,Jj Bleday,Luis Castillo,CIN@CWS,CIN,3.0,LF,L,4.76,3.52,0.997,1.002,1.069,23.8,18.19,22.0,325.0,,,-3.81,-5.34,,0,-1.0
2026-08-12,701398,Sal Stewart,Luis Castillo,CIN@CWS,CIN,2.0,DH,R,4.53,3.52,1.004,1.002,1.069,23.4,17.98,16.4,475.0,,,1.58,0.59,,0,-1.0
2026-08-12,641933,Tyler O'Neill,Zebby Matthews,BAL@MIN,BAL,4.0,DH,R,3.9,4.18,0.99,1.018,1.062,23.2,17.87,,,,,,,,0,
2026-08-12,553993,Eugenio Suárez,Luis Castillo,CIN@CWS,CIN,4.0,3B,R,4.43,3.52,1.004,1.002,1.069,22.4,17.44,17.1,450.0,,,0.34,-0.74,,0,-1.0
2026-08-12,682998,Corbin Carroll,Ryan Feltner,COL@AZ,AZ,2.0,RF,L,3.29,4.43,1.0,1.0,1.116,22.3,17.39,,,,,,,,1,
2026-08-12,682829,Elly De La Cruz,Luis Castillo,CIN@CWS,CIN,1.0,SS,R,4.19,3.52,1.004,1.002,1.069,22.3,17.39,22.0,325.0,,,-4.61,-6.14,,0,-1.0
2026-08-12,683002,Gunnar Henderson,Zebby Matthews,BAL@MIN,BAL,1.0,SS,L,3.43,4.18,1.009,1.018,1.062,22.0,17.23,,,,,,,,0,
2026-08-12,621566,Matt Olson,Zac Thornton,NYM@ATL,ATL,3.0,1B,L,5.99,2.5,1.009,1.011,1.045,21.5,16.96,24.6,275.0,,,-7.64,-9.71,,0,-1.0
2026-08-12,664040,Brandon Lowe,Janson Junk,PIT@MIA,PIT,2.0,2B,L,4.64,3.31,0.977,1.0,1.002,20.8,16.59,23.1,310.0,,,-6.51,-7.8,,0,-1.0
2026-08-12,664983,Jake Mccarthy,Merrill Kelly,COL@AZ,COL,1.0,CF,L,3.16,4.1,1.0,1.0,1.12,20.6,16.48,,,,,,,,0,
2026-08-12,695657,Colson Montgomery,Rhett Lowder,CIN@CWS,CWS,5.0,3B,L,4.99,2.83,1.009,1.002,1.113,20.5,16.42,26.1,255.0,,,-9.68,-11.75,,0,-1.0
2026-08-12,686527,Dominic Canzone,Will Warren,SEA@NYY,SEA,4.0,RF,L,4.63,3.03,1.011,1.025,1.037,20.3,16.32,23.2,300.0,,,-6.88,-8.68,,1,3.0
2026-08-12,665161,Jeremy Peña,Adrian Houser,HOU@SF,HOU,1.0,SS,R,3.79,3.41,0.988,1.012,1.09,20.0,16.16,,,,,,,,0,
2026-08-12,650490,Yandy Díaz,Jack Perkins,TB@ATH,TB,1.0,DH,R,3.3,3.92,1.009,1.032,0.987,19.0,15.62,,,,,,,,0,
2026-08-12,694192,Jackson Chourio,Robbie Ray,MIL@SD,MIL,1.0,LF,R,4.07,2.99,1.007,1.016,1.043,18.5,15.35,,,,,,,,0,
2026-08-12,650489,Willi Castro,Merrill Kelly,COL@AZ,COL,6.0,3B,R,3.16,4.1,1.0,1.0,1.12,18.3,15.24,,,,,,,,0,
2026-08-12,547180,Bryce Harper,Kyle Leahy,PHI@STL,PHI,3.0,RF,L,4.52,2.63,0.995,1.022,1.104,18.2,15.19,,,,,,,,0,
2026-08-12,694374,Tim Tawa,Ryan Feltner,COL@AZ,AZ,8.0,1B,R,3.05,4.43,1.0,1.0,1.116,17.5,14.82,,,,,,,,0,
2026-08-12,702616,Jackson Holliday,Zebby Matthews,BAL@MIN,BAL,3.0,2B,L,2.78,4.18,1.009,1.018,1.062,17.4,14.76,,,,,,,,0,
2026-08-12,691023,Jordan Walker,Zack Wheeler,PHI@STL,STL,4.0,RF,R,4.33,3.2,0.998,1.022,0.9,17.3,14.71,,,,,,,,0,
2026-08-12,665052,Griffin Conine,Carmen Mlodzinski,PIT@MIA,MIA,3.0,1B,L,5.4,2.21,0.977,1.0,1.077,17.2,14.65,16.4,475.0,,,-1.75,-2.74,,1,4.75
2026-08-12,663757,Trent Grisham,Bryce Miller,SEA@NYY,NYY,1.0,CF,L,3.27,3.85,1.011,1.025,0.9,17.0,14.55,24.6,275.0,,,-10.05,-12.12,,1,2.75
2026-08-12,665862,Jazz Chisholm,Bryce Miller,SEA@NYY,NYY,6.0,2B,L,3.74,3.85,1.011,1.025,0.9,17.0,14.55,,,,,,,,0,
2026-08-12,642715,Willy Adames,Bryan King,HOU@SF,SF,2.0,SS,R,3.79,3.15,0.988,1.012,0.992,16.7,14.39,,,,,,,,0,
2026-08-12,701358,Cam Smith,Adrian Houser,HOU@SF,HOU,6.0,RF,R,3.53,3.41,0.988,1.012,1.09,16.7,14.39,,,,,,,,0,
2026-08-12,624431,Jose Trevino,Luis Castillo,CIN@CWS,CIN,7.0,C,R,3.58,3.52,1.004,1.002,1.069,16.4,14.23,9.4,900.0,,,4.83,4.23,,0,-1.0
2026-08-12,575929,Willson Contreras,José Soriano,BOS@TOR,BOS,4.0,1B,R,4.69,2.43,1.009,1.0,1.02,16.1,14.06,15.6,500.0,,,-1.54,-2.61,,1,5.0
2026-08-12,686948,Drake Baldwin,Zac Thornton,NYM@ATL,ATL,2.0,DH,L,4.29,2.5,1.0,1.011,1.045,16.0,14.01,17.1,450.0,,,-3.09,-4.17,,0,-1.0
2026-08-12,596142,Gary Sánchez,Robbie Ray,MIL@SD,MIL,6.0,C,R,3.94,2.99,1.01,1.016,1.043,16.0,14.01,,,,,,,,1,
2026-08-12,656775,Cedric Mullins,Jack Perkins,TB@ATH,TB,7.0,CF,L,3.24,3.92,1.009,1.032,0.987,15.9,13.96,,,,,,,,0,
2026-08-12,665953,Andrés Chaparro,David Peterson,CHC@WSH,WSH,2.0,1B,R,4.06,2.48,0.992,1.031,1.081,15.7,13.85,15.6,500.0,,,-1.75,-2.82,,0,-1.0
2026-08-12,677594,Julio Rodríguez,Will Warren,SEA@NYY,SEA,5.0,CF,R,3.66,3.03,0.998,1.025,1.037,15.6,13.8,17.9,425.0,,,-4.1,-5.25,,1,4.25
2026-08-12,682626,Francisco Álvarez,Tyler Mahle,NYM@ATL,NYM,7.0,DH,R,3.9,3.21,1.009,1.011,0.981,15.3,13.64,20.4,390.0,,,-6.76,-6.77,,0,-1.0
2026-08-12,666211,Taylor Trammell,Adrian Houser,HOU@SF,HOU,7.0,LF,L,3.48,3.41,0.958,1.012,1.09,15.3,13.64,,,,,,,,0,
2026-08-12,643217,Andrew Benintendi,Rhett Lowder,CIN@CWS,CWS,3.0,DH,L,3.31,2.83,0.999,1.002,1.113,14.5,13.21,16.4,500.0,,,-3.19,-3.46,,0,-1.0
2026-08-12,671739,Michael Harris,Zac Thornton,NYM@ATL,ATL,5.0,CF,L,4.07,2.5,1.009,1.011,1.045,14.4,13.15,,,,,,,,0,
2026-08-12,680869,Zack Gelof,Drew Rasmussen,TB@ATH,ATH,3.0,2B,R,4.17,2.61,1.006,1.032,0.9,14.1,12.99,,,,,,,,1,
2026-08-12,668227,Randy Arozarena,Will Warren,SEA@NYY,SEA,3.0,LF,R,3.11,3.03,1.011,1.025,1.037,14.1,12.99,15.6,500.0,,,-2.61,-3.68,,1,5.0
2026-08-12,691016,Tyler Soderstrom,Drew Rasmussen,TB@ATH,ATH,2.0,DH,L,4.01,2.61,1.009,1.032,0.9,14.0,12.94,,,,,,,,0,
2026-08-12,668930,Brice Turang,Robbie Ray,MIL@SD,MIL,2.0,2B,L,3.07,2.99,1.007,1.016,1.043,13.9,12.89,,,,,,,,0,
2026-08-12,687462,Spencer Horwitz,Janson Junk,PIT@MIA,PIT,4.0,1B,L,3.07,3.31,0.977,1.0,1.002,13.8,12.83,14.3,550.0,,,-1.47,-2.55,,0,-1.0
2026-08-12,607208,Trea Turner,Kyle Leahy,PHI@STL,PHI,2.0,SS,R,3.23,2.63,0.998,1.022,1.104,13.7,12.78,,,,,,,,0,
2026-08-12,671218,Heliot Ramos,Bryce Miller,SEA@NYY,NYY,5.0,LF,R,2.83,3.85,1.014,1.025,0.9,13.6,12.72,16.4,475.0,,,-3.68,-4.67,,0,-1.0
2026-08-12,686611,Dylan Crews,David Peterson,CHC@WSH,WSH,1.0,RF,R,3.38,2.48,0.995,1.031,1.081,13.6,12.72,18.8,400.0,,,-6.08,-7.28,,0,-1.0
2026-08-12,645277,Ozzie Albies,Zac Thornton,NYM@ATL,ATL,4.0,2B,R,3.72,2.5,0.991,1.011,1.045,13.5,12.67,15.6,500.0,,,-2.93,-4.0,,0,-1.0
2026-08-12,663457,Lars Nootbaar,Ryan Feltner,COL@AZ,AZ,5.0,DH,L,2.01,4.43,1.0,1.0,1.116,13.3,12.56,,,,,,,,0,
2026-08-12,677800,Wilyer Abreu,José Soriano,BOS@TOR,BOS,5.0,RF,L,3.94,2.43,1.003,1.0,1.02,13.1,12.46,17.1,450.0,,,-4.64,-5.72,,0,-1.0
2026-08-12,668804,Bryan Reynolds,Janson Junk,PIT@MIA,PIT,3.0,LF,R,2.88,3.31,0.974,1.0,1.002,13.0,12.4,14.3,550.0,,,-1.9,-2.98,,0,-1.0
2026-08-12,691781,Brady House,David Peterson,CHC@WSH,WSH,3.0,3B,R,3.39,2.48,0.995,1.031,1.081,13.0,12.4,15.0,525.0,,,-2.6,-3.6,,0,-1.0
2026-08-12,673357,Luis Robert,Tyler Mahle,NYM@ATL,NYM,5.0,CF,R,3.06,3.21,0.99,1.011,0.981,12.9,12.35,,,,,,,,1,
2026-08-12,669224,Austin Wells,Bryce Miller,SEA@NYY,NYY,8.0,C,L,3.0,3.85,1.011,1.025,0.9,12.7,12.24,17.9,425.0,,,-5.66,-6.81,,0,-1.0
2026-08-12,664034,Ty France,Dustin May,MIL@SD,SD,4.0,1B,R,4.52,1.98,0.999,1.016,0.987,12.5,12.13,,,,,,,,0,
2026-08-12,665019,Kody Clemens,Shane Baz,BAL@MIN,MIN,4.0,2B,L,4.35,2.0,1.009,1.018,0.997,12.4,12.08,,,,,,,,0,
2026-08-12,663728,Cal Raleigh,Will Warren,SEA@NYY,SEA,8.0,C,R,3.23,3.03,0.998,1.025,1.037,12.3,12.03,24.6,275.0,,,-12.57,-14.64,,0,-1.0
2026-08-12,682657,Angel Martínez,Framber Valdez,CLE@DET,CLE,5.0,LF,L,3.8,2.34,0.999,1.021,1.013,12.3,12.03,10.4,800.0,,,1.63,0.92,,0,-1.0
2026-08-12,592518,Manny Machado,Dustin May,MIL@SD,SD,3.0,3B,R,4.29,1.98,1.007,1.016,0.987,12.0,11.87,,,,,,,,0,
2026-08-12,678882,Ceddanne Rafaela,José Soriano,BOS@TOR,BOS,2.0,CF,R,3.28,2.43,1.009,1.0,1.02,11.8,11.76,9.4,900.0,,,2.36,1.76,,0,-1.0
2026-08-12,681393,Connor Norby,Merrill Kelly,COL@AZ,COL,8.0,2B,R,2.15,4.1,1.0,1.0,1.12,11.7,11.71,,,,,,,,0,
2026-08-12,680779,Henry Davis,Janson Junk,PIT@MIA,PIT,9.0,C,R,3.23,3.31,0.97,1.0,1.002,11.7,11.71,13.3,700.0,,,-1.59,-0.79,,0,-1.0
2026-08-12,683357,Owen Caissie,Carmen Mlodzinski,PIT@MIA,MIA,7.0,RF,L,3.97,2.21,0.977,1.0,1.077,11.4,11.54,14.3,550.0,,,-2.76,-3.84,,0,-1.0
2026-08-12,666176,Jo Adell,Framber Valdez,CLE@DET,CLE,4.0,RF,R,3.39,2.34,0.979,1.021,1.013,11.3,11.49,15.6,500.0,,,-4.11,-5.18,,1,5.0
2026-08-12,680977,Brendan Donovan,Will Warren,SEA@NYY,SEA,7.0,3B,L,2.8,3.03,1.011,1.025,1.037,11.3,11.49,13.3,600.0,,,-1.81,-2.8,,0,-1.0
2026-08-12,662139,Daulton Varsho,Adrian Houser,HOU@SF,HOU,4.0,CF,L,2.25,3.41,0.958,1.012,1.09,11.3,11.49,,,,,,,,0,
2026-08-12,671056,Iván Herrera,Zack Wheeler,PHI@STL,STL,2.0,DH,R,2.56,3.2,0.998,1.022,0.9,10.9,11.28,,,,,,,,0,
2026-08-12,672960,Kazuma Okamoto,Ranger Suarez,BOS@TOR,TOR,5.0,DH,R,4.65,1.84,1.004,1.0,0.929,10.8,11.22,17.1,460.0,,,-5.88,-6.64,,0,-1.0
2026-08-12,683734,Andrew Vaughn,Robbie Ray,MIL@SD,MIL,3.0,1B,R,2.4,2.99,0.999,1.016,1.043,10.7,11.17,,,,,,,,0,
2026-08-12,543877,Christian Vázquez,Adrian Houser,HOU@SF,HOU,9.0,C,R,2.53,3.41,0.988,1.012,1.09,10.6,11.12,,,,,,,,0,
2026-08-12,661388,William Contreras,Robbie Ray,MIL@SD,MIL,5.0,DH,R,2.46,2.99,1.007,1.016,1.043,10.6,11.12,,,,,,,,0,
2026-08-12,680700,Richie Palacios,Jack Perkins,TB@ATH,TB,8.0,2B,L,2.14,3.92,1.007,1.032,0.987,10.3,10.95,,,,,,,,0,
2026-08-12,666182,Bo Bichette,Tyler Mahle,NYM@ATL,NYM,3.0,3B,R,2.29,3.21,0.991,1.011,0.981,10.2,10.9,11.7,700.0,,,-0.8,-1.6,,1,7.0
2026-08-12,668904,Royce Lewis,Shane Baz,BAL@MIN,MIN,2.0,1B,R,3.53,2.0,0.99,1.018,0.997,10.2,10.9,,,,,,,,0,
2026-08-12,668939,Adley Rutschman,José Soriano,BOS@TOR,BOS,3.0,C,R,2.85,2.43,1.009,1.0,1.02,10.1,10.85,,,,,,,,0,
2026-08-12,680776,Jarren Duran,José Soriano,BOS@TOR,BOS,7.0,LF,L,3.28,2.43,1.004,1.0,1.02,10.1,10.85,11.7,700.0,,,-0.85,-1.65,,0,-1.0
2026-08-12,665966,Carlos Narváez,Zebby Matthews,BAL@MIN,BAL,9.0,C,R,1.96,4.18,0.99,1.018,1.062,10.0,10.79,,,,,,,,0,
2026-08-12,695734,Daylen Lile,David Peterson,CHC@WSH,WSH,8.0,DH,L,3.04,2.48,0.991,1.031,1.081,10.0,10.79,11.7,750.0,,,-0.91,-0.97,,0,-1.0
2026-08-12,664761,Alec Bohm,Kyle Leahy,PHI@STL,PHI,8.0,1B,R,2.81,2.63,0.995,1.022,1.104,9.9,10.74,,,,,,,,0,
2026-08-12,657041,Lane Thomas,Zac Thornton,NYM@ATL,ATL,7.0,LF,R,2.97,2.5,1.009,1.011,1.045,9.9,10.74,15.0,525.0,,,-4.26,-5.26,,1,5.25
2026-08-12,701538,Jackson Merrill,Dustin May,MIL@SD,SD,5.0,CF,L,3.68,1.98,1.002,1.016,0.987,9.9,10.74,,,,,,,,0,
2026-08-12,696285,Jacob Young,David Peterson,CHC@WSH,WSH,7.0,CF,R,2.84,2.48,0.995,1.031,1.081,9.7,10.63,7.9,1100.0,,,2.73,2.3,,0,-1.0
2026-08-12,686797,Brooks Lee,Shane Baz,BAL@MIN,MIN,5.0,3B,R,3.54,2.0,0.99,1.018,0.997,9.6,10.58,,,,,,,,0,
2026-08-12,605137,Josh Bell,Shane Baz,BAL@MIN,MIN,3.0,DH,L,3.33,2.0,1.009,1.018,0.997,9.6,10.58,,,,,,,,0,
2026-08-12,663586,Austin Riley,Zac Thornton,NYM@ATL,ATL,8.0,3B,R,2.95,2.5,1.004,1.011,1.045,9.4,10.47,16.4,475.0,,,-5.93,-6.92,,1,4.75
2026-08-12,666126,Carlos Cortes,Drew Rasmussen,TB@ATH,ATH,4.0,LF,L,2.71,2.61,1.009,1.032,0.9,9.4,10.47,,,,,,,,0,
2026-08-12,657757,Gavin Sheets,Dustin May,MIL@SD,SD,7.0,DH,L,3.7,1.98,1.002,1.016,0.987,9.2,10.36,,,,,,,,0,
2026-08-12,683146,Brett Baty,Tyler Mahle,NYM@ATL,NYM,8.0,2B,L,2.34,3.21,1.009,1.011,0.981,9.0,10.26,14.3,550.0,,,-4.04,-5.12,,0,-1.0
2026-08-12,702332,Caleb Durbin,José Soriano,BOS@TOR,BOS,6.0,3B,R,2.69,2.43,1.009,1.0,1.02,8.8,10.15,7.9,1100.0,,,2.25,1.82,,0,-1.0
2026-08-12,669397,Nick Allen,Adrian Houser,HOU@SF,HOU,8.0,2B,R,1.94,3.41,0.988,1.012,1.09,8.7,10.1,,,,,,,,0,
2026-08-12,691777,Max Muncy,Drew Rasmussen,TB@ATH,ATH,7.0,3B,R,2.74,2.61,1.009,1.032,0.9,8.4,9.94,,,,,,,,0,
2026-08-12,665877,José Fermín,Zack Wheeler,PHI@STL,STL,8.0,LF,R,2.32,3.2,0.998,1.022,0.9,8.2,9.83,,,,,,,,0,
2026-08-12,643289,Mauricio Dubón,Zac Thornton,NYM@ATL,ATL,6.0,SS,R,2.34,2.5,1.009,1.011,1.045,8.2,9.83,9.4,900.0,,,0.43,-0.17,,0,-1.0
2026-08-12,620443,Luis Torrens,Tyler Mahle,NYM@ATL,NYM,9.0,C,R,2.28,3.21,0.991,1.011,0.981,8.2,9.83,9.4,900.0,,,0.43,-0.17,,1,9.0
2026-08-12,686668,Brenton Doyle,Rhett Lowder,CIN@CWS,CWS,8.0,CF,R,2.13,2.83,1.004,1.002,1.113,8.1,9.77,11.7,700.0,,,-1.93,-2.73,,0,-1.0
2026-08-12,807799,Masataka Yoshida,José Soriano,BOS@TOR,BOS,1.0,DH,L,2.16,2.43,1.004,1.0,1.02,8.1,9.77,10.4,800.0,,,-0.63,-1.34,,0,-1.0
2026-08-12,655316,Andruw Monasterio,José Soriano,BOS@TOR,BOS,8.0,SS,R,2.59,2.43,1.009,1.0,1.02,7.8,9.61,11.7,750.0,,,-2.09,-2.15,,0,-1.0
2026-08-12,663968,Jake Mangum,Janson Junk,PIT@MIA,PIT,1.0,CF,R,1.61,3.31,0.97,1.0,1.002,7.8,9.61,6.4,1500.0,,,3.21,3.36,,0,-1.0
2026-08-12,687401,Joey Ortiz,Robbie Ray,MIL@SD,MIL,9.0,3B,R,2.15,2.99,1.007,1.016,1.043,7.8,9.61,,,,,,,,0,
2026-08-12,595978,Austin Hedges,Framber Valdez,CLE@DET,CLE,8.0,C,R,2.56,2.34,0.979,1.021,1.013,7.3,9.35,8.6,1000.0,,,0.75,0.26,,0,-1.0
2026-08-12,693304,Nick Gonzales,Janson Junk,PIT@MIA,PIT,5.0,3B,R,1.63,3.31,0.977,1.0,1.002,7.2,9.29,9.4,950.0,,,-0.11,-0.23,,0,-1.0
2026-08-12,672640,Otto Lopez,Carmen Mlodzinski,PIT@MIA,MIA,2.0,SS,R,2.02,2.21,0.974,1.0,1.077,6.9,9.13,9.4,900.0,,,-0.27,-0.87,,0,-1.0
2026-08-12,682663,Agustín Ramírez,Carmen Mlodzinski,PIT@MIA,MIA,6.0,DH,R,2.17,2.21,0.97,1.0,1.077,6.7,9.02,11.7,700.0,,,-2.68,-3.48,,0,-1.0
2026-08-12,663604,Brandon Lockridge,Robbie Ray,MIL@SD,MIL,7.0,CF,R,1.64,2.99,0.999,1.016,1.043,6.5,8.92,,,,,,,,0,
2026-08-12,660821,Jesús Sánchez,Ranger Suarez,BOS@TOR,TOR,8.0,LF,L,3.08,1.84,1.003,1.0,0.929,6.4,8.86,11.7,700.0,,,-2.84,-3.64,,0,-1.0
2026-08-12,672386,Alejandro Kirk,Ranger Suarez,BOS@TOR,TOR,4.0,C,R,2.6,1.84,1.004,1.0,0.929,6.4,8.86,9.4,900.0,,,-0.54,-1.14,,0,-1.0
2026-08-12,666152,David Hamilton,Robbie Ray,MIL@SD,MIL,8.0,SS,L,1.63,2.99,1.002,1.016,1.043,6.3,8.81,,,,,,,,0,
2026-08-12,605170,Víctor Caratini,Shane Baz,BAL@MIN,MIN,7.0,C,L,2.4,2.0,1.009,1.018,0.997,6.2,8.76,,,,,,,,0,
2026-08-12,677587,Brayan Rocchio,Framber Valdez,CLE@DET,CLE,9.0,SS,L,2.19,2.34,0.999,1.021,1.013,6.1,8.7,8.6,1000.0,,,0.1,-0.39,,0,-1.0
2026-08-12,670764,Taylor Walls,Jack Perkins,TB@ATH,TB,9.0,SS,L,1.24,3.92,1.009,1.032,0.987,5.8,8.54,,,,,,,,0,
2026-08-12,669364,Xavier Edwards,Carmen Mlodzinski,PIT@MIA,MIA,1.0,2B,L,1.55,2.21,0.977,1.0,1.077,5.5,8.38,7.3,1200.0,,,1.08,0.69,,0,-1.0
2026-08-12,666023,Freddy Fermin,Dustin May,MIL@SD,SD,9.0,C,R,2.36,1.98,0.999,1.016,0.987,5.4,8.33,,,,,,,,0,
2026-08-12,805300,Jakob Marsee,Carmen Mlodzinski,PIT@MIA,MIA,5.0,CF,L,1.68,2.21,0.977,1.0,1.077,5.4,8.33,9.4,900.0,,,-1.07,-1.67,,0,-1.0
2026-08-12,593428,Xander Bogaerts,Dustin May,MIL@SD,SD,8.0,SS,R,2.2,1.98,1.007,1.016,0.987,5.3,8.27,,,,,,,,1,
2026-08-12,691026,Masyn Winn,Zack Wheeler,PHI@STL,STL,6.0,SS,R,1.33,3.2,0.998,1.022,0.9,5.2,8.22,,,,,,,,0,
2026-08-12,665926,Andrés Giménez,Ranger Suarez,BOS@TOR,TOR,6.0,SS,L,2.28,1.84,1.004,1.0,0.929,5.2,8.22,7.9,1100.0,,,0.32,-0.11,,0,-1.0
2026-08-12,630105,Jake Cronenworth,Dustin May,MIL@SD,SD,2.0,2B,L,1.74,1.98,0.987,1.016,0.987,5.0,8.11,,,,,,,,0,
2026-08-12,650859,Luis Rengifo,Dustin May,MIL@SD,SD,1.0,LF,R,1.57,1.98,1.007,1.016,0.987,4.8,8.01,,,,,,,,0,
2026-08-12,807712,Luke Keaschall,Shane Baz,BAL@MIN,MIN,6.0,CF,R,1.72,2.0,1.009,1.018,0.997,4.7,7.95,,,,,,,,0,
2026-08-12,665489,Vladimir Guerrero,Ranger Suarez,BOS@TOR,TOR,3.0,1B,R,1.79,1.84,1.004,1.0,0.929,4.5,7.84,,,,,,,,0,
2026-08-12,683083,Nasim Nuñez,David Peterson,CHC@WSH,WSH,9.0,2B,R,0.9,2.48,0.995,1.031,1.081,2.9,6.99,7.3,1300.0,,,-0.31,-0.15,,0,-1.0
2026-08-13,621439,Byron Buxton,Aaron Nola,PHI@MIN,MIN,2.0,CF,R,5.95,4.83,1.009,1.013,1.008,37.5,25.54,26.3,260.0,,,-0.76,-2.24,,0,-1.0
2026-08-13,575929,Willson Contreras,Max Scherzer,BOS@TOR,BOS,4.0,1B,R,4.83,5.01,1.009,1.0,1.12,34.3,23.82,,,,,,,,0,
2026-08-13,677800,Wilyer Abreu,Max Scherzer,BOS@TOR,BOS,3.0,RF,L,3.91,5.01,1.003,1.0,1.12,28.6,20.77,,,,,,,,0,
2026-08-13,665019,Kody Clemens,Aaron Nola,PHI@MIN,MIN,6.0,2B,L,4.31,4.83,1.009,1.013,1.008,26.1,19.43,18.8,400.0,,,0.63,-0.57,,0,-1.0
2026-08-13,700250,Ben Rice,Logan Gilbert,SEA@NYY,NYY,2.0,DH,L,5.85,3.36,1.011,1.023,0.947,26.0,19.37,,,,,,,,0,
2026-08-13,656941,Kyle Schwarber,Taj Bradley,PHI@MIN,PHI,1.0,DH,L,6.07,3.06,1.009,1.013,0.967,25.4,19.05,28.0,230.0,,,-8.95,-11.25,,1,2.3
2026-08-13,678882,Ceddanne Rafaela,Max Scherzer,BOS@TOR,BOS,2.0,CF,R,3.25,5.01,1.009,1.0,1.12,24.9,18.78,,,,,,,,0,
2026-08-13,680777,Ryan Jeffers,Aaron Nola,PHI@MIN,MIN,3.0,C,R,3.79,4.83,0.99,1.013,1.008,24.5,18.57,15.0,525.0,,,3.57,2.57,,0,-1.0
2026-08-13,671277,Luis García,Logan Gilbert,SEA@NYY,NYY,4.0,1B,L,5.29,3.36,1.024,1.023,0.947,23.4,17.98,,,,,,,,0,
2026-08-13,665052,Griffin Conine,Braxton Ashcraft,PIT@MIA,MIA,4.0,DH,L,5.65,3.39,0.977,1.0,0.913,22.7,17.6,,,,,,,,0,
2026-08-13,605137,Josh Bell,Aaron Nola,PHI@MIN,MIN,4.0,DH,L,3.3,4.83,1.009,1.013,1.008,21.9,17.18,16.4,475.0,,,0.78,-0.21,,0,-1.0
2026-08-13,668904,Royce Lewis,Aaron Nola,PHI@MIN,MIN,5.0,1B,R,3.49,4.83,0.99,1.013,1.008,21.9,17.18,17.9,425.0,,,-0.72,-1.87,,0,-1.0
2026-08-13,680776,Jarren Duran,Max Scherzer,BOS@TOR,BOS,7.0,LF,L,3.25,5.01,1.004,1.0,1.12,21.7,17.07,,,,,,,,0,
2026-08-13,695657,Colson Montgomery,Andrew Abbott,CIN@CWS,CWS,6.0,3B,L,4.96,3.06,1.009,1.016,1.058,20.5,16.42,,,,,,,,0,
2026-08-13,678246,Miguel Vargas,Andrew Abbott,CIN@CWS,CWS,3.0,1B,R,4.53,3.06,1.004,1.016,1.058,20.2,16.26,,,,,,,,0,
2026-08-13,664040,Brandon Lowe,Tyler Phillips,PIT@MIA,PIT,2.0,DH,L,4.61,3.0,0.977,1.0,1.076,20.1,16.21,,,,,,,,0,
2026-08-13,686797,Brooks Lee,Aaron Nola,PHI@MIN,MIN,8.0,3B,R,3.51,4.83,0.99,1.013,1.008,19.7,16.0,13.3,625.0,,,2.7,2.21,,0,-1.0
2026-08-13,702332,Caleb Durbin,Max Scherzer,BOS@TOR,BOS,6.0,3B,R,2.67,5.01,1.009,1.0,1.12,19.0,15.62,,,,,,,,1,
2026-08-13,547180,Bryce Harper,Taj Bradley,PHI@MIN,PHI,3.0,RF,L,4.49,3.06,1.009,1.013,0.967,18.5,15.35,18.8,400.0,,,-3.45,-4.65,,0,-1.0
2026-08-13,663757,Trent Grisham,Logan Gilbert,SEA@NYY,NYY,1.0,CF,L,3.63,3.36,1.011,1.023,0.947,17.2,14.65,,,,,,,,0,
2026-08-13,655316,Andruw Monasterio,Max Scherzer,BOS@TOR,BOS,8.0,SS,R,2.56,5.01,1.009,1.0,1.12,16.8,14.44,,,,,,,,0,
2026-08-13,672960,Kazuma Okamoto,Payton Tolle,BOS@TOR,TOR,5.0,3B,R,4.62,3.0,1.004,1.0,0.9,16.5,14.28,,,,,,,,0,
2026-08-13,693307,Dillon Dingler,Parker Messick,CLE@DET,DET,2.0,C,R,5.02,2.54,0.979,1.03,0.9,16.3,14.17,,,,,,,,0,
2026-08-13,807799,Masataka Yoshida,Max Scherzer,BOS@TOR,BOS,5.0,DH,L,2.14,5.01,1.004,1.0,1.12,15.9,13.96,,,,,,,,0,
2026-08-13,665862,Jazz Chisholm,Logan Gilbert,SEA@NYY,NYY,6.0,2B,L,3.72,3.36,1.011,1.023,0.947,15.6,13.8,,,,,,,,0,
2026-08-13,668709,Jj Bleday,Davis Martin,CIN@CWS,CIN,3.0,LF,L,4.72,2.18,0.997,1.016,1.046,15.1,13.53,,,,,,,,0,
2026-08-13,701398,Sal Stewart,Davis Martin,CIN@CWS,CIN,2.0,1B,R,4.51,2.18,1.004,1.016,1.046,14.9,13.42,,,,,,,,1,
2026-08-13,683357,Owen Caissie,Braxton Ashcraft,PIT@MIA,MIA,7.0,RF,L,3.96,3.39,0.977,1.0,0.913,14.6,13.26,,,,,,,,1,
2026-08-13,663993,Nathaniel Lowe,Keider Montero,CLE@DET,CLE,4.0,1B,L,3.98,2.74,0.983,1.03,0.924,14.1,12.99,,,,,,,,0,
2026-08-13,664023,Ian Happ,Cade Cavalli,CHC@WSH,CHC,5.0,LF,R,3.82,2.79,0.995,1.009,0.993,14.1,12.99,,,,,,,,0,
2026-08-13,682829,Elly De La Cruz,Davis Martin,CIN@CWS,CIN,1.0,SS,R,4.16,2.18,1.004,1.016,1.046,14.1,12.99,,,,,,,,0,
2026-08-13,687462,Spencer Horwitz,Tyler Phillips,PIT@MIA,PIT,1.0,1B,L,3.04,3.0,0.977,1.0,1.076,14.0,12.94,,,,,,,,0,
2026-08-13,657136,Connor Wong,Max Scherzer,BOS@TOR,BOS,9.0,C,R,2.18,5.01,1.004,1.0,1.12,13.7,12.78,,,,,,,,0,
2026-08-13,553993,Eugenio Suárez,Davis Martin,CIN@CWS,CIN,5.0,DH,R,4.39,2.18,1.004,1.016,1.046,13.6,12.72,,,,,,,,1,
2026-08-13,607208,Trea Turner,Taj Bradley,PHI@MIN,PHI,2.0,SS,R,3.21,3.06,0.99,1.013,0.967,13.6,12.72,14.3,550.0,,,-1.58,-2.66,,0,-1.0
2026-08-13,665953,Andrés Chaparro,Kevin Gausman,CHC@WSH,WSH,7.0,DH,R,4.01,2.87,0.992,1.009,0.96,13.5,12.67,,,,,,,,0,
2026-08-13,676609,José Caballero,Logan Gilbert,SEA@NYY,NYY,7.0,RF,R,3.34,3.36,0.998,1.023,0.947,13.3,12.56,,,,,,,,0,
2026-08-13,621020,Dansby Swanson,Cade Cavalli,CHC@WSH,CHC,7.0,SS,R,3.77,2.79,0.995,1.009,0.993,12.9,12.35,,,,,,,,0,
2026-08-13,686611,Dylan Crews,Kevin Gausman,CHC@WSH,WSH,3.0,RF,R,3.34,2.87,0.995,1.009,0.96,12.9,12.35,,,,,,,,0,
2026-08-13,624424,Michael Conforto,Cade Cavalli,CHC@WSH,CHC,8.0,DH,L,3.84,2.79,1.001,1.009,0.993,12.7,12.24,,,,,,,,0,
2026-08-13,668804,Bryan Reynolds,Tyler Phillips,PIT@MIA,PIT,3.0,LF,R,2.87,3.0,0.974,1.0,1.076,12.6,12.19,,,,,,,,0,
2026-08-13,691781,Brady House,Kevin Gausman,CHC@WSH,WSH,5.0,3B,R,3.34,2.87,0.995,1.009,0.96,12.4,12.08,,,,,,,,0,
2026-08-13,679529,Spencer Torkelson,Parker Messick,CLE@DET,DET,5.0,1B,R,4.0,2.54,0.979,1.03,0.9,12.3,12.03,,,,,,,,0,
2026-08-13,666176,Jo Adell,Keider Montero,CLE@DET,CLE,5.0,LF,R,3.53,2.74,0.979,1.03,0.924,12.1,11.92,,,,,,,,0,
2026-08-13,543807,George Springer,Payton Tolle,BOS@TOR,TOR,4.0,DH,R,3.09,3.0,1.009,1.0,0.9,11.7,11.71,,,,,,,,0,
2026-08-13,695734,Daylen Lile,Kevin Gausman,CHC@WSH,WSH,4.0,LF,L,3.02,2.87,0.991,1.009,0.96,11.6,11.65,,,,,,,,0,
2026-08-13,608324,Alex Bregman,Cade Cavalli,CHC@WSH,CHC,4.0,3B,R,2.96,2.79,0.998,1.009,0.993,11.6,11.65,,,,,,,,0,
2026-08-13,664761,Alec Bohm,Taj Bradley,PHI@MIN,PHI,6.0,1B,R,2.79,3.06,1.009,1.013,0.967,11.0,11.33,10.4,800.0,,,0.93,0.22,,0,-1.0
2026-08-13,807712,Luke Keaschall,Aaron Nola,PHI@MIN,MIN,7.0,RF,R,1.71,4.83,1.009,1.013,1.008,10.5,11.06,9.4,900.0,,,1.66,1.06,,1,9.0
2026-08-13,663886,Tyler Stephenson,Davis Martin,CIN@CWS,CIN,4.0,C,R,3.06,2.18,1.004,1.016,1.046,10.0,10.79,,,,,,,,1,
2026-08-13,650402,Gleyber Torres,Parker Messick,CLE@DET,DET,1.0,2B,R,2.91,2.54,0.979,1.03,0.9,10.0,10.79,,,,,,,,0,
2026-08-13,686668,Brenton Doyle,Andrew Abbott,CIN@CWS,CWS,5.0,CF,R,2.09,3.06,1.004,1.016,1.058,9.4,10.47,,,,,,,,0,
2026-08-13,682663,Agustín Ramírez,Braxton Ashcraft,PIT@MIA,MIA,5.0,C,R,2.13,3.39,0.97,1.0,0.913,8.7,10.1,,,,,,,,0,
2026-08-13,672640,Otto Lopez,Braxton Ashcraft,PIT@MIA,MIA,3.0,SS,R,2.01,3.39,0.974,1.0,0.913,8.6,10.04,,,,,,,,0,
2026-08-13,665926,Andrés Giménez,Payton Tolle,BOS@TOR,TOR,6.0,SS,L,2.26,3.0,1.004,1.0,0.9,8.1,9.77,,,,,,,,0,
2026-08-13,686527,Dominic Canzone,Max Fried,SEA@NYY,SEA,3.0,RF,L,4.79,1.27,1.011,1.023,0.9,8.1,9.77,,,,,,,,0,
2026-08-13,595978,Austin Hedges,Keider Montero,CLE@DET,CLE,8.0,C,R,2.52,2.74,0.979,1.03,0.924,7.7,9.56,,,,,,,,0,
2026-08-13,665804,Miguel Amaya,Cade Cavalli,CHC@WSH,CHC,9.0,C,R,2.44,2.79,0.995,1.009,0.993,7.7,9.56,,,,,,,,0,
2026-08-13,805300,Jakob Marsee,Braxton Ashcraft,PIT@MIA,MIA,1.0,CF,L,1.66,3.39,0.977,1.0,0.913,7.5,9.45,,,,,,,,0,
2026-08-13,693304,Nick Gonzales,Tyler Phillips,PIT@MIA,PIT,4.0,2B,R,1.61,3.0,0.977,1.0,1.076,7.2,9.29,,,,,,,,0,
2026-08-13,664770,Nathan Lukes,Payton Tolle,BOS@TOR,TOR,9.0,RF,L,2.26,3.0,1.009,1.0,0.9,7.0,9.19,,,,,,,,0,
2026-08-13,665489,Vladimir Guerrero,Payton Tolle,BOS@TOR,TOR,3.0,1B,R,1.78,3.0,1.004,1.0,0.9,6.9,9.13,,,,,,,,0,
2026-08-13,663647,Ke'Bryan Hayes,Davis Martin,CIN@CWS,CIN,9.0,3B,R,2.57,2.18,1.005,1.016,1.046,6.9,9.13,,,,,,,,0,
2026-08-13,669364,Xavier Edwards,Braxton Ashcraft,PIT@MIA,MIA,2.0,2B,L,1.54,3.39,0.977,1.0,0.913,6.8,9.08,,,,,,,,0,
2026-08-13,678391,Jorbit Vivas,Kevin Gausman,CHC@WSH,WSH,6.0,2B,L,1.77,2.87,1.001,1.009,0.96,6.5,8.92,,,,,,,,0,
2026-08-13,677587,Brayan Rocchio,Keider Montero,CLE@DET,CLE,9.0,SS,L,2.17,2.74,0.999,1.03,0.924,6.5,8.92,,,,,,,,0,
2026-08-13,677594,Julio Rodríguez,Max Fried,SEA@NYY,SEA,2.0,CF,R,3.8,1.27,0.998,1.023,0.9,6.5,8.92,,,,,,,,0,
2026-08-13,595879,Javier Báez,Parker Messick,CLE@DET,DET,8.0,LF,R,2.3,2.54,0.979,1.03,0.9,6.4,8.86,,,,,,,,0,
2026-08-13,663968,Jake Mangum,Tyler Phillips,PIT@MIA,PIT,7.0,CF,R,1.6,3.0,0.97,1.0,1.076,6.3,8.81,,,,,,,,0,
2026-08-13,691594,Javier Sanoja,Braxton Ashcraft,PIT@MIA,MIA,8.0,3B,R,1.72,3.39,0.974,1.0,0.913,6.3,8.81,,,,,,,,0,
2026-08-13,667472,Dane Myers,Davis Martin,CIN@CWS,CIN,6.0,CF,R,2.01,2.18,1.004,1.016,1.046,6.2,8.76,,,,,,,,0,
2026-08-13,668227,Randy Arozarena,Max Fried,SEA@NYY,SEA,1.0,LF,R,3.25,1.27,1.011,1.023,0.9,5.8,8.54,,,,,,,,0,
2026-08-13,682668,Luisangel Acuña,Andrew Abbott,CIN@CWS,CWS,9.0,SS,R,1.48,3.06,1.004,1.016,1.058,5.6,8.43,,,,,,,,0,
2026-08-13,663728,Cal Raleigh,Max Fried,SEA@NYY,SEA,4.0,DH,R,3.21,1.27,0.998,1.023,0.9,5.4,8.33,,,,,,,,0,
2026-08-13,669707,Jared Triolo,Tyler Phillips,PIT@MIA,PIT,8.0,3B,R,1.21,3.0,0.974,1.0,1.076,4.6,7.9,,,,,,,,1,
2026-08-13,642215,Weston Wilson,Max Fried,SEA@NYY,SEA,7.0,3B,R,2.91,1.27,0.998,1.023,0.9,4.3,7.74,,,,,,,,1,
2026-08-13,680977,Brendan Donovan,Max Fried,SEA@NYY,SEA,6.0,2B,L,2.75,1.27,1.011,1.023,0.9,4.3,7.74,,,,,,,,0,
2026-08-14,700250,Ben Rice,Shane Bieber,NYY@TOR,NYY,2.0,DH,L,5.82,3.93,1.004,1.0,1.12,33.4,23.34,,,,,,,,0,
2026-08-14,671277,Luis García,Shane Bieber,NYY@TOR,NYY,4.0,1B,L,5.25,3.93,1.003,1.0,1.12,29.8,21.41,,,,,,,,0,
2026-08-14,624413,Pete Alonso,Steven Matz,BAL@TB,BAL,1.0,1B,R,4.6,3.99,1.0,1.0,1.096,27.6,20.23,,,,,,,,0,
2026-08-14,691723,Coby Mayo,Steven Matz,BAL@TB,BAL,3.0,DH,R,4.37,3.99,1.0,1.0,1.096,25.3,19.0,,,,,,,,0,
2026-08-14,660271,Shohei Ohtani,Robert Gasser,MIL@LAD,LAD,1.0,DH,L,4.83,3.57,0.996,1.023,0.997,24.4,18.52,,,,,,,,0,
2026-08-14,670541,Yordan Álvarez,George Kirby,SEA@HOU,HOU,2.0,DH,L,5.95,2.97,1.005,1.0,0.964,23.3,17.93,,,,,,,,1,
2026-08-14,695506,Jac Caglianone,Grayson Rodriguez,KC@LAA,KC,3.0,1B,L,4.41,3.35,1.006,1.035,1.12,23.0,17.77,,,,,,,,1,
2026-08-14,641933,Tyler O'Neill,Steven Matz,BAL@TB,BAL,4.0,RF,R,3.86,3.99,1.0,1.0,1.096,22.5,17.5,,,,,,,,0,
2026-08-14,663757,Trent Grisham,Shane Bieber,NYY@TOR,NYY,1.0,CF,L,3.6,3.93,1.009,1.0,1.12,22.5,17.5,,,,,,,,1,
2026-08-14,691406,Junior Caminero,Chris Bassitt,BAL@TB,TB,4.0,3B,R,5.96,2.56,1.0,1.0,1.091,22.2,17.34,,,,,,,,0,
2026-08-14,571970,Max Muncy,Robert Gasser,MIL@LAD,LAD,7.0,3B,L,4.94,3.57,1.001,1.023,0.997,21.3,16.85,,,,,,,,0,
2026-08-14,664034,Ty France,Gavin Williams,SD@CLE,SD,4.0,1B,R,4.47,3.67,1.018,1.004,0.944,21.2,16.8,,,,,,,,0,
2026-08-14,665862,Jazz Chisholm,Shane Bieber,NYY@TOR,NYY,5.0,2B,L,3.69,3.93,1.004,1.0,1.12,21.0,16.69,,,,,,,,0,
2026-08-14,680869,Zack Gelof,Kumar Rocker,TEX@ATH,ATH,4.0,3B,R,4.39,3.25,1.006,1.021,1.049,20.7,16.53,,,,,,,,0,
2026-08-14,592518,Manny Machado,Gavin Williams,SD@CLE,SD,3.0,3B,R,4.26,3.67,1.015,1.004,0.944,20.3,16.32,,,,,,,,0,
2026-08-14,621566,Matt Olson,Brandon Pfaadt,AZ@ATL,ATL,3.0,1B,L,5.96,2.48,1.009,1.024,0.938,19.5,15.89,,,,,,,,0,
2026-08-14,605141,Mookie Betts,Robert Gasser,MIL@LAD,LAD,4.0,SS,R,3.93,3.57,1.001,1.023,0.997,19.4,15.83,,,,,,,,0,
2026-08-14,683002,Gunnar Henderson,Steven Matz,BAL@TB,BAL,5.0,SS,L,3.4,3.99,1.0,1.0,1.096,19.4,15.83,,,,,,,,1,
2026-08-14,695600,Carter Jensen,Grayson Rodriguez,KC@LAA,KC,1.0,C,L,3.45,3.35,1.006,1.035,1.12,19.3,15.78,,,,,,,,0,
2026-08-14,691016,Tyler Soderstrom,Kumar Rocker,TEX@ATH,ATH,3.0,LF,L,3.98,3.25,1.009,1.021,1.049,19.1,15.67,,,,,,,,0,
2026-08-14,665052,Griffin Conine,Chase Burns,MIA@CIN,MIA,4.0,DH,L,5.61,2.69,1.011,1.006,0.9,18.7,15.46,,,,,,,,0,
2026-08-14,664023,Ian Happ,Matthew Liberatore,STL@CHC,CHC,7.0,LF,R,3.8,3.76,0.978,0.987,1.085,18.0,15.08,,,,,,,,0,
2026-08-14,702616,Jackson Holliday,Steven Matz,BAL@TB,BAL,2.0,2B,L,2.75,3.99,1.0,1.0,1.096,16.9,14.49,,,,,,,,0,
2026-08-14,701538,Jackson Merrill,Gavin Williams,SD@CLE,SD,5.0,CF,L,3.65,3.67,1.006,1.004,0.944,16.8,14.44,,,,,,,,0,
2026-08-14,672960,Kazuma Okamoto,Gerrit Cole,NYY@TOR,TOR,7.0,3B,R,4.59,3.25,1.004,1.0,0.909,16.5,14.28,,,,,,,,0,
2026-08-14,621020,Dansby Swanson,Matthew Liberatore,STL@CHC,CHC,9.0,SS,R,3.75,3.76,0.978,0.987,1.085,16.3,14.17,,,,,,,,0,
2026-08-14,701398,Sal Stewart,Sandy Alcántara,MIA@CIN,CIN,2.0,3B,R,4.63,2.61,1.011,1.006,0.938,16.3,14.17,,,,,,,,0,
2026-08-14,606192,Teoscar Hernández,Robert Gasser,MIL@LAD,LAD,3.0,LF,R,3.23,3.57,1.001,1.023,0.997,16.2,14.12,,,,,,,,0,
2026-08-14,665161,Jeremy Peña,George Kirby,SEA@HOU,HOU,1.0,SS,R,3.76,2.97,1.034,1.0,0.964,16.1,14.06,,,,,,,,0,
2026-08-14,668709,Jj Bleday,Sandy Alcántara,MIA@CIN,CIN,3.0,LF,L,4.67,2.61,1.011,1.006,0.938,16.1,14.06,,,,,,,,0,
2026-08-14,608324,Alex Bregman,Matthew Liberatore,STL@CHC,CHC,3.0,3B,R,2.95,3.76,0.976,0.987,1.085,16.0,14.01,,,,,,,,0,
2026-08-14,677951,Bobby Witt,Grayson Rodriguez,KC@LAA,KC,2.0,SS,R,2.91,3.35,1.003,1.035,1.12,16.0,14.01,,,,,,,,0,
2026-08-14,686527,Dominic Canzone,Peter Lambert,SEA@HOU,SEA,3.0,RF,L,4.75,2.66,1.004,1.0,0.913,16.0,14.01,,,,,,,,0,
2026-08-14,671218,Heliot Ramos,Shane Bieber,NYY@TOR,NYY,6.0,LF,R,2.8,3.93,1.01,1.0,1.12,15.9,13.96,,,,,,,,0,
2026-08-14,681297,Colton Cowser,Steven Matz,BAL@TB,BAL,8.0,CF,L,3.11,3.99,1.0,1.0,1.096,15.9,13.96,,,,,,,,1,
2026-08-14,657757,Gavin Sheets,Gavin Williams,SD@CLE,SD,7.0,DH,L,3.68,3.67,1.006,1.004,0.944,15.6,13.8,,,,,,,,0,
2026-08-14,663993,Nathaniel Lowe,Mike King,SD@CLE,CLE,4.0,1B,L,3.94,2.75,1.011,1.004,1.024,15.5,13.74,,,,,,,,1,
2026-08-14,669224,Austin Wells,Shane Bieber,NYY@TOR,NYY,8.0,C,L,2.98,3.93,1.009,1.0,1.12,15.5,13.74,,,,,,,,0,
2026-08-14,641680,Jonah Heim,Kumar Rocker,TEX@ATH,ATH,8.0,C,L,3.73,3.25,1.009,1.021,1.049,15.3,13.64,,,,,,,,0,
2026-08-14,572233,Christian Walker,George Kirby,SEA@HOU,HOU,7.0,1B,R,4.25,2.97,1.034,1.0,0.964,15.3,13.64,,,,,,,,1,
2026-08-14,553993,Eugenio Suárez,Sandy Alcántara,MIA@CIN,CIN,5.0,DH,R,4.56,2.61,1.011,1.006,0.938,15.0,13.48,,,,,,,,0,
2026-08-14,694192,Jackson Chourio,Yoshinobu Yamamoto,MIL@LAD,MIL,2.0,LF,R,3.98,2.86,1.001,1.023,0.9,14.9,13.42,,,,,,,,0,
2026-08-14,682829,Elly De La Cruz,Sandy Alcántara,MIA@CIN,CIN,1.0,SS,R,4.12,2.61,1.011,1.006,0.938,14.9,13.42,,,,,,,,0,
2026-08-14,682657,Angel Martínez,Mike King,SD@CLE,CLE,3.0,LF,L,3.74,2.75,1.008,1.004,1.024,14.8,13.37,,,,,,,,0,
2026-08-14,575929,Willson Contreras,Bubba Chandler,BOS@PIT,BOS,4.0,1B,R,4.79,2.21,1.007,1.012,0.993,14.8,13.37,,,,,,,,0,
2026-08-14,686948,Drake Baldwin,Brandon Pfaadt,AZ@ATL,ATL,1.0,C,L,4.25,2.48,1.0,1.024,0.938,14.8,13.37,,,,,,,,0,
2026-08-14,686681,Michael Massey,Grayson Rodriguez,KC@LAA,KC,5.0,2B,L,2.79,3.35,1.002,1.035,1.12,14.4,13.15,,,,,,,,1,
2026-08-14,666160,Mickey Moniak,Landen Roupp,COL@SF,COL,2.0,LF,L,5.27,2.01,1.015,1.0,0.925,14.2,13.05,,,,,,,,0,
2026-08-14,608369,Corey Seager,Gage Jump,TEX@ATH,TEX,3.0,SS,L,4.06,2.48,1.009,1.021,0.986,14.2,13.05,,,,,,,,0,
2026-08-14,666211,Taylor Trammell,George Kirby,SEA@HOU,HOU,4.0,LF,L,3.45,2.97,1.025,1.0,0.964,14.0,12.94,,,,,,,,0,
2026-08-14,671739,Michael Harris,Brandon Pfaadt,AZ@ATL,ATL,4.0,CF,L,4.04,2.48,1.009,1.024,0.938,13.5,12.67,,,,,,,,0,
2026-08-14,650490,Yandy Díaz,Chris Bassitt,BAL@TB,TB,1.0,DH,R,3.28,2.56,1.0,1.0,1.091,13.4,12.62,,,,,,,,0,
2026-08-14,677594,Julio Rodríguez,Peter Lambert,SEA@HOU,SEA,4.0,DH,R,3.78,2.66,1.034,1.0,0.913,13.2,12.51,,,,,,,,0,
2026-08-14,666139,Josh Lowe,Seth Lugo,KC@LAA,LAA,7.0,RF,L,3.28,2.84,1.006,1.035,1.107,13.2,12.51,,,,,,,,1,
2026-08-14,691023,Jordan Walker,Clay Holmes,STL@CHC,STL,4.0,RF,R,4.31,2.24,0.978,0.987,1.005,13.0,12.4,,,,,,,,0,
2026-08-14,669394,Jake Burger,Gage Jump,TEX@ATH,TEX,5.0,1B,R,3.88,2.48,1.006,1.021,0.986,13.0,12.4,,,,,,,,1,
2026-08-14,543807,George Springer,Gerrit Cole,NYY@TOR,TOR,4.0,DH,R,3.07,3.25,1.009,1.0,0.909,12.7,12.24,,,,,,,,0,
2026-08-14,683357,Owen Caissie,Chase Burns,MIA@CIN,MIA,7.0,RF,L,4.18,2.69,1.011,1.006,0.9,12.7,12.24,,,,,,,,0,
2026-08-14,514888,José Altuve,George Kirby,SEA@HOU,HOU,5.0,2B,R,3.14,2.97,1.034,1.0,0.964,12.5,12.13,,,,,,,,0,
2026-08-14,701358,Cam Smith,George Kirby,SEA@HOU,HOU,8.0,RF,R,3.52,2.97,1.034,1.0,0.964,12.3,12.03,,,,,,,,0,
2026-08-14,666126,Carlos Cortes,Kumar Rocker,TEX@ATH,ATH,6.0,DH,L,2.68,3.25,1.009,1.021,1.049,12.2,11.97,,,,,,,,0,
2026-08-14,608348,Carson Kelly,Matthew Liberatore,STL@CHC,CHC,6.0,C,R,2.42,3.76,0.961,0.987,1.085,12.1,11.92,,,,,,,,0,
2026-08-14,805779,Jacob Wilson,Kumar Rocker,TEX@ATH,ATH,2.0,SS,R,2.36,3.25,1.006,1.021,1.049,11.9,11.81,,,,,,,,0,
2026-08-14,664040,Brandon Lowe,Jake Bennett,BOS@PIT,PIT,5.0,2B,L,4.57,2.1,1.016,1.012,0.9,11.9,11.81,,,,,,,,1,
2026-08-14,645277,Ozzie Albies,Brandon Pfaadt,AZ@ATL,ATL,5.0,2B,R,3.7,2.48,0.991,1.024,0.938,11.8,11.76,,,,,,,,0,
2026-08-14,677800,Wilyer Abreu,Bubba Chandler,BOS@PIT,BOS,5.0,RF,L,3.88,2.21,1.02,1.012,0.993,11.8,11.76,,,,,,,,0,
2026-08-14,663656,Kyle Tucker,Robert Gasser,MIL@LAD,LAD,6.0,RF,L,2.47,3.57,0.996,1.023,0.997,11.6,11.65,,,,,,,,0,
2026-08-14,668227,Randy Arozarena,Peter Lambert,SEA@HOU,SEA,2.0,LF,R,3.23,2.66,1.004,1.0,0.913,11.4,11.54,,,,,,,,0,
2026-08-14,663886,Tyler Stephenson,Sandy Alcántara,MIA@CIN,CIN,4.0,C,R,3.25,2.61,1.011,1.006,0.938,11.3,11.49,,,,,,,,0,
2026-08-14,679845,Nick Loftin,Grayson Rodriguez,KC@LAA,KC,4.0,3B,R,2.07,3.35,1.006,1.035,1.12,11.3,11.49,,,,,,,,0,
2026-08-14,656775,Cedric Mullins,Chris Bassitt,BAL@TB,TB,7.0,CF,L,3.21,2.56,1.0,1.0,1.091,11.1,11.38,,,,,,,,0,
2026-08-14,693307,Dillon Dingler,Sean Newcomb,CWS@DET,DET,2.0,C,R,4.98,1.59,0.979,1.003,0.974,10.9,11.28,,,,,,,,0,
2026-08-14,660821,Jesús Sánchez,Gerrit Cole,NYY@TOR,TOR,8.0,LF,L,3.06,3.25,1.003,1.0,0.909,10.8,11.22,,,,,,,,0,
2026-08-14,677649,Ezequiel Duran,Gage Jump,TEX@ATH,TEX,4.0,3B,R,3.02,2.48,1.006,1.021,0.986,10.6,11.12,,,,,,,,0,
2026-08-14,672386,Alejandro Kirk,Gerrit Cole,NYY@TOR,TOR,5.0,C,R,2.57,3.25,1.004,1.0,0.909,10.3,10.95,,,,,,,,1,
2026-08-14,664728,Kyle Isbel,Grayson Rodriguez,KC@LAA,KC,9.0,CF,L,2.33,3.35,1.006,1.035,1.12,10.3,10.95,,,,,,,,0,
2026-08-14,593428,Xander Bogaerts,Gavin Williams,SD@CLE,SD,8.0,SS,R,2.35,3.67,1.015,1.004,0.944,9.9,10.74,,,,,,,,1,
2026-08-14,663728,Cal Raleigh,Peter Lambert,SEA@HOU,SEA,7.0,C,R,3.18,2.66,1.034,1.0,0.913,9.9,10.74,,,,,,,,0,
2026-08-14,606466,Ketel Marte,Chris Sale,AZ@ATL,AZ,4.0,2B,R,3.89,1.95,0.99,1.024,0.9,9.7,10.63,,,,,,,,0,
2026-08-14,664770,Nathan Lukes,Gerrit Cole,NYY@TOR,TOR,2.0,RF,L,2.24,3.25,1.009,1.0,0.909,9.7,10.63,,,,,,,,0,
2026-08-14,665966,Carlos Narváez,Steven Matz,BAL@TB,BAL,9.0,C,R,1.95,3.99,1.0,1.0,1.096,9.7,10.63,,,,,,,,0,
2026-08-14,686555,Isaac Collins,Grayson Rodriguez,KC@LAA,KC,6.0,LF,R,1.86,3.35,1.004,1.035,1.12,9.5,10.53,,,,,,,,0,
2026-08-14,682622,Noelvi Marte,Sandy Alcántara,MIA@CIN,CIN,8.0,RF,R,3.09,2.61,1.012,1.006,0.938,9.2,10.36,,,,,,,,0,
2026-08-14,680776,Jarren Duran,Bubba Chandler,BOS@PIT,BOS,7.0,LF,L,3.23,2.21,1.016,1.012,0.993,9.1,10.31,,,,,,,,0,
2026-08-14,668939,Adley Rutschman,Bubba Chandler,BOS@PIT,BOS,3.0,C,R,2.82,2.21,1.007,1.012,0.993,9.0,10.26,,,,,,,,0,
2026-08-14,672275,Patrick Bailey,Mike King,SD@CLE,CLE,8.0,C,L,2.62,2.75,1.008,1.004,1.024,9.0,10.26,,,,,,,,0,
2026-08-14,682998,Corbin Carroll,Chris Sale,AZ@ATL,AZ,2.0,RF,L,3.43,1.95,1.0,1.024,0.9,9.0,10.26,,,,,,,,0,
2026-08-14,663586,Austin Riley,Brandon Pfaadt,AZ@ATL,ATL,8.0,3B,R,3.1,2.48,1.004,1.024,0.938,8.9,10.2,,,,,,,,0,
2026-08-14,630105,Jake Cronenworth,Gavin Williams,SD@CLE,SD,2.0,2B,L,1.71,3.67,1.011,1.004,0.944,8.8,10.15,,,,,,,,0,
2026-08-14,663538,Nico Hoerner,Matthew Liberatore,STL@CHC,CHC,5.0,2B,R,1.65,3.76,0.978,0.987,1.085,8.8,10.15,,,,,,,,0,
2026-08-14,665926,Andrés Giménez,Gerrit Cole,NYY@TOR,TOR,6.0,SS,L,2.25,3.25,1.004,1.0,0.909,8.7,10.1,,,,,,,,0,
2026-08-14,683734,Andrew Vaughn,Yoshinobu Yamamoto,MIL@LAD,MIL,4.0,3B,R,2.34,2.86,1.001,1.023,0.9,8.7,10.1,,,,,,,,0,
2026-08-14,664983,Jake Mccarthy,Landen Roupp,COL@SF,COL,1.0,CF,L,3.13,2.01,0.993,1.0,0.925,8.7,10.1,,,,,,,,0,
2026-08-14,680977,Brendan Donovan,Peter Lambert,SEA@HOU,SEA,6.0,3B,L,2.7,2.66,1.004,1.0,0.913,8.7,10.1,,,,,,,,0,
2026-08-14,662139,Daulton Varsho,George Kirby,SEA@HOU,HOU,6.0,CF,L,2.23,2.97,1.025,1.0,0.964,8.6,10.04,,,,,,,,0,
2026-08-14,592885,Christian Yelich,Yoshinobu Yamamoto,MIL@LAD,MIL,5.0,DH,L,2.38,2.86,0.996,1.023,0.9,8.5,9.99,,,,,,,,0,
2026-08-14,543877,Christian Vázquez,George Kirby,SEA@HOU,HOU,9.0,C,R,2.51,2.97,1.034,1.0,0.964,8.5,9.99,,,,,,,,0,
2026-08-14,661388,William Contreras,Yoshinobu Yamamoto,MIL@LAD,MIL,6.0,C,R,2.42,2.86,1.001,1.023,0.9,8.4,9.94,,,,,,,,0,
2026-08-14,702332,Caleb Durbin,Bubba Chandler,BOS@PIT,BOS,6.0,3B,R,2.83,2.21,1.007,1.012,0.993,8.3,9.88,,,,,,,,0,
2026-08-14,650489,Willi Castro,Landen Roupp,COL@SF,COL,3.0,3B,R,3.14,2.01,0.988,1.0,0.925,8.2,9.83,,,,,,,,0,
2026-08-14,671056,Iván Herrera,Clay Holmes,STL@CHC,STL,2.0,C,R,2.54,2.24,0.978,0.987,1.005,8.1,9.77,,,,,,,,0,
2026-08-14,679529,Spencer Torkelson,Sean Newcomb,CWS@DET,DET,6.0,1B,R,3.97,1.59,0.979,1.003,0.974,8.0,9.72,,,,,,,,0,
2026-08-14,642201,Eli White,Bubba Chandler,BOS@PIT,BOS,9.0,CF,R,3.14,2.21,1.007,1.012,0.993,8.0,9.72,,,,,,,,0,
2026-08-14,682626,Francisco Álvarez,Andrew Alvarez,WSH@NYM,NYM,6.0,DH,R,3.86,1.47,0.99,1.03,1.018,7.8,9.61,,,,,,,,0,
2026-08-14,668804,Bryan Reynolds,Jake Bennett,BOS@PIT,PIT,3.0,LF,R,2.84,2.1,1.007,1.012,0.9,7.8,9.61,,,,,,,,0,
2026-08-14,665489,Vladimir Guerrero,Gerrit Cole,NYY@TOR,TOR,3.0,1B,R,1.76,3.25,1.004,1.0,0.909,7.5,9.45,,,,,,,,0,
2026-08-14,643289,Mauricio Dubón,Brandon Pfaadt,AZ@ATL,ATL,6.0,LF,R,2.32,2.48,1.009,1.024,0.938,7.4,9.4,,,,,,,,0,
2026-08-14,673357,Luis Robert,Andrew Alvarez,WSH@NYM,NYM,4.0,CF,R,3.36,1.47,0.991,1.03,1.018,7.3,9.35,,,,,,,,0,
2026-08-14,694497,Evan Carter,Gage Jump,TEX@ATH,TEX,9.0,CF,L,2.51,2.48,1.009,1.021,0.986,7.2,9.29,,,,,,,,0,
2026-08-14,672640,Otto Lopez,Chase Burns,MIA@CIN,MIA,3.0,SS,R,2.0,2.69,1.011,1.006,0.9,7.1,9.24,,,,,,,,0,
2026-08-14,677587,Brayan Rocchio,Mike King,SD@CLE,CLE,9.0,SS,L,2.16,2.75,1.006,1.004,1.024,7.1,9.24,,,,,,,,1,
2026-08-14,680700,Richie Palacios,Chris Bassitt,BAL@TB,TB,8.0,2B,L,2.12,2.56,1.0,1.0,1.091,7.1,9.24,,,,,,,,0,
2026-08-14,680779,Henry Davis,Jake Bennett,BOS@PIT,PIT,9.0,C,R,3.2,2.1,1.012,1.012,0.9,7.1,9.24,,,,,,,,0,
2026-08-14,807799,Masataka Yoshida,Bubba Chandler,BOS@PIT,BOS,2.0,DH,L,2.11,2.21,1.016,1.012,0.993,7.0,9.19,,,,,,,,0,
2026-08-14,655316,Andruw Monasterio,Bubba Chandler,BOS@PIT,BOS,8.0,SS,R,2.53,2.21,1.007,1.012,0.993,6.9,9.13,,,,,,,,0,
2026-08-14,694374,Tim Tawa,Chris Sale,AZ@ATL,AZ,7.0,CF,R,3.03,1.95,0.99,1.024,0.9,6.8,9.08,,,,,,,,1,
2026-08-14,623168,Tyler Heineman,Seth Lugo,KC@LAA,LAA,9.0,C,R,1.78,2.84,1.006,1.035,1.107,6.7,9.02,,,,,,,,0,
2026-08-14,650402,Gleyber Torres,Sean Newcomb,CWS@DET,DET,1.0,2B,R,2.88,1.59,0.979,1.003,0.974,6.6,8.97,,,,,,,,0,
2026-08-14,543760,Marcus Semien,Andrew Alvarez,WSH@NYM,NYM,7.0,2B,R,3.37,1.47,0.991,1.03,1.018,6.5,8.92,,,,,,,,0,
2026-08-14,687401,Joey Ortiz,Yoshinobu Yamamoto,MIL@LAD,MIL,9.0,SS,R,2.11,2.86,1.001,1.023,0.9,6.4,8.86,,,,,,,,0,
2026-08-14,650859,Luis Rengifo,Gavin Williams,SD@CLE,SD,9.0,LF,R,1.55,3.67,1.015,1.004,0.944,6.3,8.81,,,,,,,,0,
2026-08-14,667472,Dane Myers,Sandy Alcántara,MIA@CIN,CIN,7.0,CF,R,1.98,2.61,1.011,1.006,0.938,6.2,8.76,,,,,,,,0,
2026-08-14,805300,Jakob Marsee,Chase Burns,MIA@CIN,MIA,1.0,CF,L,1.65,2.69,1.011,1.006,0.9,6.1,8.7,,,,,,,,0,
2026-08-14,665877,José Fermín,Clay Holmes,STL@CHC,STL,8.0,LF,R,2.3,2.24,0.978,0.987,1.005,6.1,8.7,,,,,,,,0,
2026-08-14,688363,Graham Pauley,Chase Burns,MIA@CIN,MIA,9.0,1B,L,2.05,2.69,1.011,1.006,0.9,5.8,8.54,,,,,,,,0,
2026-08-14,691594,Javier Sanoja,Chase Burns,MIA@CIN,MIA,6.0,3B,R,1.71,2.69,1.011,1.006,0.9,5.6,8.43,,,,,,,,0,
2026-08-14,669364,Xavier Edwards,Chase Burns,MIA@CIN,MIA,2.0,2B,L,1.53,2.69,1.011,1.006,0.9,5.6,8.43,,,,,,,,0,
2026-08-14,666182,Bo Bichette,Andrew Alvarez,WSH@NYM,NYM,3.0,3B,R,2.43,1.47,0.991,1.03,1.018,5.4,8.33,,,,,,,,0,
2026-08-14,678662,Ezequiel Tovar,Landen Roupp,COL@SF,COL,8.0,SS,R,2.4,2.01,0.988,1.0,0.925,5.4,8.33,,,,,,,,0,
2026-08-14,690993,Colt Keith,Sean Newcomb,CWS@DET,DET,5.0,3B,L,2.51,1.59,0.999,1.003,0.974,5.4,8.33,,,,,,,,0,
2026-08-14,681393,Connor Norby,Landen Roupp,COL@SF,COL,6.0,2B,R,2.13,2.01,0.993,1.0,0.925,5.2,8.22,,,,,,,,0,
2026-08-14,666152,David Hamilton,Yoshinobu Yamamoto,MIL@LAD,MIL,8.0,2B,L,1.6,2.86,0.996,1.023,0.9,5.1,8.17,,,,,,,,0,
2026-08-14,693304,Nick Gonzales,Jake Bennett,BOS@PIT,PIT,1.0,3B,R,1.6,2.1,1.016,1.012,0.9,4.7,7.95,,,,,,,,0,
2026-08-14,645302,Víctor Robles,Peter Lambert,SEA@HOU,SEA,8.0,CF,R,1.49,2.66,1.012,1.0,0.913,4.5,7.84,,,,,,,,0,
2026-08-14,620443,Luis Torrens,Andrew Alvarez,WSH@NYM,NYM,9.0,C,R,2.55,1.47,0.991,1.03,1.018,4.5,7.84,,,,,,,,0,
2026-08-14,670764,Taylor Walls,Chris Bassitt,BAL@TB,TB,9.0,SS,L,1.23,2.56,1.0,1.0,1.091,4.0,7.58,,,,,,,,0,
2026-08-14,663968,Jake Mangum,Jake Bennett,BOS@PIT,PIT,7.0,CF,R,1.58,2.1,1.012,1.012,0.9,3.9,7.52,,,,,,,,0,
2026-08-14,691026,Masyn Winn,Clay Holmes,STL@CHC,STL,6.0,SS,R,1.32,2.24,0.978,0.987,1.005,3.8,7.47,,,,,,,,0,
2026-08-14,687859,Troy Johnston,Landen Roupp,COL@SF,COL,5.0,DH,L,1.38,2.01,1.015,1.0,0.925,3.6,7.36,,,,,,,,0,
2026-08-14,669707,Jared Triolo,Jake Bennett,BOS@PIT,PIT,8.0,SS,R,1.45,2.1,1.007,1.012,0.9,3.4,7.25,,,,,,,,0,
2026-08-14,656716,Zach Mckinstry,Sean Newcomb,CWS@DET,DET,7.0,RF,L,1.7,1.59,0.999,1.003,0.974,3.4,7.25,,,,,,,,0,
2026-08-15,665052,Griffin Conine,Brady Singer,MIA@CIN,MIA,4.0,1B,L,5.55,3.9,1.011,1.015,1.085,30.8,21.95,,,,,,,,0,
2026-08-15,656941,Kyle Schwarber,Connor Prielipp,PHI@MIN,PHI,1.0,DH,L,6.33,3.07,1.009,1.024,1.003,27.6,20.23,,,,,,,,0,
2026-08-15,670541,Yordan Álvarez,Emerson Hancock,SEA@HOU,HOU,2.0,DH,L,6.05,3.05,1.005,1.0,0.987,24.9,18.78,,,,,,,,0,
2026-08-15,683357,Owen Caissie,Brady Singer,MIA@CIN,MIA,6.0,DH,L,4.16,3.9,1.011,1.015,1.085,22.4,17.44,,,,,,,,0,
2026-08-15,575929,Willson Contreras,Jared Jones,BOS@PIT,BOS,4.0,1B,R,4.76,3.64,1.007,1.005,0.935,21.9,17.18,,,,,,,,0,
2026-08-15,693307,Dillon Dingler,Anthony Kay,CWS@DET,DET,3.0,DH,R,4.94,2.92,0.979,1.015,1.092,21.1,16.75,,,,,,,,0,
2026-08-15,621566,Matt Olson,Eduardo Rodríguez,AZ@ATL,ATL,3.0,1B,L,5.92,2.37,1.009,1.012,1.063,20.6,16.48,,,,,,,,0,
2026-08-15,700250,Ben Rice,Braydon Fisher,NYY@TOR,NYY,2.0,DH,L,5.78,2.65,1.004,1.0,0.959,20.4,16.37,,,,,,,,0,
2026-08-15,694192,Jackson Chourio,Justin Wrobleski,MIL@LAD,MIL,1.0,LF,R,3.95,3.35,1.001,1.019,1.046,20.1,16.21,,,,,,,,0,
2026-08-15,691406,Junior Caminero,Kyle Bradish,BAL@TB,TB,3.0,3B,R,5.91,2.56,1.0,1.0,0.977,20.0,16.16,,,,,,,,0,
2026-08-15,624413,Pete Alonso,Ian Seymour,BAL@TB,BAL,2.0,1B,R,4.56,3.35,1.0,1.0,0.924,19.6,15.94,,,,,,,,1,
2026-08-15,547180,Bryce Harper,Connor Prielipp,PHI@MIN,PHI,3.0,RF,L,4.46,3.07,1.009,1.024,1.003,19.3,15.78,,,,,,,,0,
2026-08-15,701398,Sal Stewart,Ryan Gusto,MIA@CIN,CIN,2.0,1B,R,4.6,2.89,1.011,1.015,1.016,19.3,15.78,,,,,,,,0,
2026-08-15,596142,Gary Sánchez,Justin Wrobleski,MIL@LAD,MIL,5.0,1B,R,4.1,3.35,1.007,1.019,1.046,19.2,15.73,,,,,,,,0,
2026-08-15,668709,Jj Bleday,Ryan Gusto,MIA@CIN,CIN,3.0,LF,L,4.64,2.89,1.011,1.015,1.016,19.0,15.62,,,,,,,,0,
2026-08-15,695506,Jac Caglianone,Reid Detmers,KC@LAA,KC,3.0,1B,L,4.56,3.06,1.006,1.039,0.917,18.3,15.24,,,,,,,,0,
2026-08-15,691723,Coby Mayo,Ian Seymour,BAL@TB,BAL,4.0,DH,R,4.33,3.35,1.0,1.0,0.924,18.2,15.19,,,,,,,,0,
2026-08-15,682998,Corbin Carroll,Grant Holmes,AZ@ATL,AZ,2.0,RF,L,3.4,3.54,1.0,1.012,1.06,18.1,15.14,,,,,,,,0,
2026-08-15,671277,Luis García,Braydon Fisher,NYY@TOR,NYY,4.0,1B,L,5.21,2.65,1.003,1.0,0.959,18.0,15.08,,,,,,,,0,
2026-08-15,680869,Zack Gelof,Mackenzie Gore,TEX@ATH,ATH,2.0,LF,R,4.34,3.0,1.006,1.03,0.952,17.9,15.03,,,,,,,,0,
2026-08-15,553993,Eugenio Suárez,Ryan Gusto,MIA@CIN,CIN,5.0,DH,R,4.52,2.89,1.011,1.015,1.016,17.8,14.98,,,,,,,,0,
2026-08-15,664023,Ian Happ,Michael Mcgreevy,STL@CHC,CHC,5.0,LF,R,3.78,3.25,0.978,1.012,1.12,17.8,14.98,,,,,,,,0,
2026-08-15,665953,Andrés Chaparro,Sean Manaea,WSH@NYM,WSH,2.0,1B,R,3.94,3.06,0.991,1.024,1.032,17.7,14.92,,,,,,,,1,
2026-08-15,682829,Elly De La Cruz,Ryan Gusto,MIA@CIN,CIN,1.0,SS,R,4.09,2.89,1.011,1.015,1.016,17.7,14.92,,,,,,,,0,
2026-08-15,664034,Ty France,Joey Cantillo,SD@CLE,SD,4.0,1B,R,4.42,2.9,1.018,1.015,0.981,17.7,14.92,,,,,,,,0,
2026-08-15,677800,Wilyer Abreu,Jared Jones,BOS@PIT,BOS,5.0,RF,L,3.86,3.64,1.02,1.005,0.935,17.6,14.87,,,,,,,,1,
2026-08-15,572233,Christian Walker,Emerson Hancock,SEA@HOU,HOU,6.0,1B,R,4.38,3.05,1.034,1.0,0.987,17.3,14.71,,,,,,,,0,
2026-08-15,691023,Jordan Walker,Matt Boyd,STL@CHC,STL,3.0,RF,R,4.28,2.83,0.978,1.012,1.052,17.3,14.71,,,,,,,,0,
2026-08-15,621439,Byron Buxton,Jesús Luzardo,PHI@MIN,MIN,2.0,CF,R,5.9,2.22,1.009,1.024,0.9,17.1,14.6,,,,,,,,0,
2026-08-15,641933,Tyler O'Neill,Ian Seymour,BAL@TB,BAL,1.0,RF,R,3.81,3.35,1.0,1.0,0.924,17.0,14.55,,,,,,,,0,
2026-08-15,592518,Manny Machado,Joey Cantillo,SD@CLE,SD,3.0,3B,R,4.22,2.9,1.015,1.015,0.981,17.0,14.55,,,,,,,,0,
2026-08-15,660271,Shohei Ohtani,Jacob Misiorowski,MIL@LAD,LAD,1.0,DH,L,4.8,2.69,0.996,1.019,0.9,17.0,14.55,,,,,,,,0,
2026-08-15,664040,Brandon Lowe,Sonny Gray,BOS@PIT,PIT,2.0,2B,L,4.7,2.66,1.016,1.005,0.935,16.8,14.44,,,,,,,,0,
2026-08-15,665161,Jeremy Peña,Emerson Hancock,SEA@HOU,HOU,1.0,SS,R,3.72,3.05,1.034,1.0,0.987,16.7,14.39,,,,,,,,0,
2026-08-15,571970,Max Muncy,Jacob Misiorowski,MIL@LAD,LAD,4.0,3B,L,4.9,2.69,1.001,1.019,0.9,16.6,14.33,,,,,,,,0,
2026-08-15,678246,Miguel Vargas,Troy Melton,CWS@DET,CWS,3.0,3B,R,4.77,2.75,0.979,1.015,0.9,16.2,14.12,,,,,,,,0,
2026-08-15,624424,Michael Conforto,Michael Mcgreevy,STL@CHC,CHC,8.0,DH,L,3.8,3.25,0.978,1.012,1.12,16.0,14.01,,,,,,,,1,
2026-08-15,679529,Spencer Torkelson,Anthony Kay,CWS@DET,DET,6.0,1B,R,3.94,2.92,0.979,1.015,1.092,15.9,13.96,,,,,,,,0,
2026-08-15,678882,Ceddanne Rafaela,Jared Jones,BOS@PIT,BOS,2.0,CF,R,3.23,3.64,1.007,1.005,0.935,15.7,13.85,,,,,,,,0,
2026-08-15,695657,Colson Montgomery,Troy Melton,CWS@DET,CWS,6.0,SS,L,4.88,2.75,0.983,1.015,0.9,15.4,13.69,,,,,,,,0,
2026-08-15,686611,Dylan Crews,Sean Manaea,WSH@NYM,WSH,1.0,RF,R,3.3,3.06,0.991,1.024,1.032,15.4,13.69,,,,,,,,0,
2026-08-15,686948,Drake Baldwin,Eduardo Rodríguez,AZ@ATL,ATL,2.0,DH,L,4.22,2.37,1.0,1.012,1.063,15.3,13.64,,,,,,,,0,
2026-08-15,641680,Jonah Heim,Mackenzie Gore,TEX@ATH,ATH,4.0,DH,L,3.69,3.0,1.009,1.03,0.952,15.1,13.53,,,,,,,,0,
2026-08-15,694374,Tim Tawa,Grant Holmes,AZ@ATL,AZ,7.0,1B,R,3.3,3.54,0.99,1.012,1.06,15.1,13.53,,,,,,,,0,
2026-08-15,608369,Corey Seager,J. T. Ginn,TEX@ATH,TEX,3.0,SS,L,4.01,2.67,1.009,1.03,0.981,15.1,13.53,,,,,,,,0,
2026-08-15,656537,Derek Hill,Connor Prielipp,PHI@MIN,PHI,9.0,CF,R,4.3,3.07,0.986,1.024,1.003,14.9,13.42,,,,,,,,0,
2026-08-15,608324,Alex Bregman,Michael Mcgreevy,STL@CHC,CHC,4.0,3B,R,2.93,3.25,0.976,1.012,1.12,14.6,13.26,,,,,,,,0,
2026-08-15,691781,Brady House,Sean Manaea,WSH@NYM,WSH,3.0,3B,R,3.26,3.06,0.991,1.024,1.032,14.5,13.21,,,,,,,,1,
2026-08-15,683002,Gunnar Henderson,Ian Seymour,BAL@TB,BAL,5.0,SS,L,3.53,3.35,1.0,1.0,0.924,14.5,13.21,,,,,,,,0,
2026-08-15,607208,Trea Turner,Connor Prielipp,PHI@MIN,PHI,2.0,SS,R,3.18,3.07,0.99,1.024,1.003,14.2,13.05,,,,,,,,0,
2026-08-15,663757,Trent Grisham,Braydon Fisher,NYY@TOR,NYY,1.0,CF,L,3.77,2.65,1.009,1.0,0.959,14.1,12.99,,,,,,,,0,
2026-08-15,666160,Mickey Moniak,Logan Webb,COL@SF,COL,3.0,DH,L,5.21,2.05,1.015,0.994,0.938,14.0,12.94,,,,,,,,0,
2026-08-15,701538,Jackson Merrill,Joey Cantillo,SD@CLE,SD,5.0,CF,L,3.62,2.9,1.006,1.015,0.981,14.0,12.94,,,,,,,,0,
2026-08-15,672960,Kazuma Okamoto,Cam Schlittler,NYY@TOR,TOR,5.0,3B,R,4.57,2.55,1.004,1.0,0.9,14.0,12.94,,,,,,,,0,
2026-08-15,677592,Everson Pereira,Matt Boyd,STL@CHC,STL,8.0,CF,R,4.01,2.83,0.978,1.012,1.052,13.9,12.89,,,,,,,,0,
2026-08-15,671739,Michael Harris,Eduardo Rodríguez,AZ@ATL,ATL,5.0,CF,L,4.02,2.37,1.009,1.012,1.063,13.8,12.83,,,,,,,,0,
2026-08-15,680776,Jarren Duran,Jared Jones,BOS@PIT,BOS,7.0,LF,L,3.21,3.64,1.016,1.005,0.935,13.7,12.78,,,,,,,,0,
2026-08-15,663886,Tyler Stephenson,Ryan Gusto,MIA@CIN,CIN,4.0,C,R,3.22,2.89,1.011,1.015,1.016,13.5,12.67,,,,,,,,0,
2026-08-15,521692,Salvador Pérez,Reid Detmers,KC@LAA,KC,4.0,DH,R,3.3,3.06,1.003,1.039,0.917,13.4,12.62,,,,,,,,0,
2026-08-15,669394,Jake Burger,J. T. Ginn,TEX@ATH,TEX,7.0,1B,R,4.02,2.67,1.006,1.03,0.981,13.4,12.62,,,,,,,,0,
2026-08-15,668939,Adley Rutschman,Jared Jones,BOS@PIT,BOS,3.0,C,R,2.79,3.64,1.007,1.005,0.935,13.4,12.62,,,,,,,,0,
2026-08-15,650402,Gleyber Torres,Anthony Kay,CWS@DET,DET,1.0,2B,R,2.85,2.92,0.979,1.015,1.092,13.2,12.51,,,,,,,,0,
2026-08-15,663993,Nathaniel Lowe,Wandy Peralta,SD@CLE,CLE,5.0,1B,L,4.13,2.34,1.011,1.015,0.988,13.1,12.46,,,,,,,,0,
2026-08-15,645277,Ozzie Albies,Eduardo Rodríguez,AZ@ATL,ATL,4.0,2B,R,3.68,2.37,0.991,1.012,1.063,13.0,12.4,,,,,,,,0,
2026-08-15,514888,José Altuve,Emerson Hancock,SEA@HOU,HOU,5.0,2B,R,3.11,3.05,1.034,1.0,0.987,13.0,12.4,,,,,,,,0,
2026-08-15,666211,Taylor Trammell,Emerson Hancock,SEA@HOU,HOU,7.0,LF,L,3.39,3.05,1.025,1.0,0.987,12.9,12.35,,,,,,,,0,
2026-08-15,701358,Cam Smith,Emerson Hancock,SEA@HOU,HOU,8.0,RF,R,3.49,3.05,1.034,1.0,0.987,12.9,12.35,,,,,,,,0,
2026-08-15,605141,Mookie Betts,Jacob Misiorowski,MIL@LAD,LAD,5.0,SS,R,3.89,2.69,1.001,1.019,0.9,12.9,12.35,,,,,,,,0,
2026-08-15,702332,Caleb Durbin,Jared Jones,BOS@PIT,BOS,6.0,3B,R,2.81,3.64,1.007,1.005,0.935,12.5,12.13,,,,,,,,0,
2026-08-15,543760,Marcus Semien,Brad Lord,WSH@NYM,NYM,6.0,2B,R,3.34,2.81,0.991,1.024,1.004,12.4,12.08,,,,,,,,0,
2026-08-15,682626,Francisco Álvarez,Brad Lord,WSH@NYM,NYM,9.0,C,R,3.83,2.81,0.99,1.024,1.004,12.3,12.03,,,,,,,,0,
2026-08-15,665862,Jazz Chisholm,Braydon Fisher,NYY@TOR,NYY,6.0,2B,L,3.66,2.65,1.004,1.0,0.959,12.1,11.92,,,,,,,,0,
2026-08-15,677951,Bobby Witt,Reid Detmers,KC@LAA,KC,2.0,SS,R,2.88,3.06,1.003,1.039,0.917,12.1,11.92,,,,,,,,0,
2026-08-15,650490,Yandy Díaz,Kyle Bradish,BAL@TB,TB,1.0,DH,R,3.25,2.56,1.0,1.0,0.977,12.0,11.87,,,,,,,,0,
2026-08-15,664761,Alec Bohm,Connor Prielipp,PHI@MIN,PHI,5.0,1B,R,2.77,3.07,1.009,1.024,1.003,11.9,11.81,,,,,,,,0,
2026-08-15,695734,Daylen Lile,Sean Manaea,WSH@NYM,WSH,7.0,DH,L,2.98,3.06,0.992,1.024,1.032,11.8,11.76,,,,,,,,0,
2026-08-15,702616,Jackson Holliday,Ian Seymour,BAL@TB,BAL,3.0,2B,L,2.71,3.35,1.0,1.0,0.924,11.8,11.76,,,,,,,,0,
2026-08-15,666176,Jo Adell,Wandy Peralta,SD@CLE,CLE,4.0,RF,R,3.5,2.34,1.015,1.015,0.988,11.7,11.71,,,,,,,,0,
2026-08-15,672640,Otto Lopez,Brady Singer,MIA@CIN,MIA,5.0,SS,R,1.99,3.9,1.011,1.015,1.085,11.6,11.65,,,,,,,,0,
2026-08-15,696285,Jacob Young,Sean Manaea,WSH@NYM,WSH,6.0,CF,R,2.79,3.06,0.991,1.024,1.032,11.6,11.65,,,,,,,,0,
2026-08-15,683734,Andrew Vaughn,Justin Wrobleski,MIL@LAD,MIL,3.0,3B,R,2.31,3.35,1.001,1.019,1.046,11.6,11.65,,,,,,,,0,
2026-08-15,682622,Noelvi Marte,Ryan Gusto,MIA@CIN,CIN,7.0,RF,R,3.06,2.89,1.012,1.015,1.016,11.4,11.54,,,,,,,,0,
2026-08-15,686681,Michael Massey,Reid Detmers,KC@LAA,KC,6.0,2B,L,2.99,3.06,1.002,1.039,0.917,11.4,11.54,,,,,,,,0,
2026-08-15,687462,Spencer Horwitz,Sonny Gray,BOS@PIT,PIT,1.0,1B,L,3.0,2.66,1.016,1.005,0.935,11.3,11.49,,,,,,,,0,
2026-08-15,663457,Lars Nootbaar,Grant Holmes,AZ@ATL,AZ,1.0,DH,L,1.97,3.54,1.009,1.012,1.06,11.2,11.44,,,,,,,,0,
2026-08-15,643217,Andrew Benintendi,Troy Melton,CWS@DET,CWS,4.0,DH,L,3.24,2.75,0.97,1.015,0.9,11.1,11.38,,,,,,,,0,
2026-08-15,624641,Edmundo Sosa,Connor Prielipp,PHI@MIN,PHI,6.0,LF,R,2.74,3.07,0.99,1.024,1.003,11.1,11.38,,,,,,,,0,
2026-08-15,666139,Josh Lowe,Randy Dobnak,KC@LAA,LAA,6.0,RF,L,3.52,2.16,1.006,1.039,1.064,11.0,11.33,,,,,,,,0,
2026-08-15,592885,Christian Yelich,Justin Wrobleski,MIL@LAD,MIL,6.0,DH,L,2.36,3.35,0.996,1.019,1.046,11.0,11.33,,,,,,,,0,
2026-08-15,677649,Ezequiel Duran,J. T. Ginn,TEX@ATH,TEX,5.0,3B,R,3.0,2.67,1.006,1.03,0.981,10.9,11.28,,,,,,,,0,
2026-08-15,671056,Iván Herrera,Matt Boyd,STL@CHC,STL,2.0,DH,R,2.53,2.83,0.978,1.012,1.052,10.8,11.22,,,,,,,,0,
2026-08-15,807799,Masataka Yoshida,Jared Jones,BOS@PIT,BOS,1.0,DH,L,2.09,3.64,1.016,1.005,0.935,10.8,11.22,,,,,,,,0,
2026-08-15,680777,Ryan Jeffers,Jesús Luzardo,PHI@MIN,MIN,3.0,C,R,3.75,2.22,0.99,1.024,0.9,10.7,11.17,,,,,,,,0,
2026-08-15,661388,William Contreras,Justin Wrobleski,MIL@LAD,MIL,7.0,C,R,2.41,3.35,1.001,1.019,1.046,10.7,11.17,,,,,,,,1,
2026-08-15,805300,Jakob Marsee,Brady Singer,MIA@CIN,MIA,1.0,CF,L,1.64,3.9,1.011,1.015,1.085,10.6,11.12,,,,,,,,1,
2026-08-15,518692,Freddie Freeman,Jacob Misiorowski,MIL@LAD,LAD,2.0,1B,L,2.97,2.69,0.996,1.019,0.9,10.5,11.06,,,,,,,,0,
2026-08-15,688363,Graham Pauley,Brady Singer,MIA@CIN,MIA,8.0,3B,L,2.03,3.9,1.011,1.015,1.085,10.5,11.06,,,,,,,,0,
2026-08-15,655316,Andruw Monasterio,Jared Jones,BOS@PIT,BOS,8.0,SS,R,2.51,3.64,1.007,1.005,0.935,10.3,10.95,,,,,,,,0,
2026-08-15,657041,Lane Thomas,Eduardo Rodríguez,AZ@ATL,ATL,7.0,LF,R,3.18,2.37,1.009,1.012,1.063,10.2,10.9,,,,,,,,0,
2026-08-15,668804,Bryan Reynolds,Sonny Gray,BOS@PIT,PIT,3.0,DH,R,2.83,2.66,1.007,1.005,0.935,10.1,10.85,,,,,,,,0,
2026-08-15,671218,Heliot Ramos,Braydon Fisher,NYY@TOR,NYY,3.0,LF,R,2.78,2.65,1.01,1.0,0.959,10.1,10.85,,,,,,,,0,
2026-08-15,656775,Cedric Mullins,Kyle Bradish,BAL@TB,TB,7.0,CF,L,3.2,2.56,1.0,1.0,0.977,10.0,10.79,,,,,,,,0,
2026-08-15,665804,Miguel Amaya,Michael Mcgreevy,STL@CHC,CHC,9.0,C,R,2.41,3.25,0.978,1.012,1.12,9.9,10.74,,,,,,,,0,
2026-08-15,691777,Max Muncy,Mackenzie Gore,TEX@ATH,ATH,7.0,3B,R,2.7,3.0,1.009,1.03,0.952,9.9,10.74,,,,,,,,0,
2026-08-15,668904,Royce Lewis,Jesús Luzardo,PHI@MIN,MIN,4.0,1B,R,3.46,2.22,0.99,1.024,0.9,9.9,10.74,,,,,,,,0,
2026-08-15,606192,Teoscar Hernández,Jacob Misiorowski,MIL@LAD,LAD,7.0,LF,R,3.2,2.69,1.001,1.019,0.9,9.8,10.69,,,,,,,,0,
2026-08-15,666182,Bo Bichette,Brad Lord,WSH@NYM,NYM,3.0,3B,R,2.42,2.81,0.991,1.024,1.004,9.8,10.69,,,,,,,,0,
2026-08-15,660821,Jesús Sánchez,Cam Schlittler,NYY@TOR,TOR,4.0,LF,L,3.03,2.55,1.003,1.0,0.9,9.8,10.69,,,,,,,,0,
2026-08-15,669364,Xavier Edwards,Brady Singer,MIA@CIN,MIA,2.0,2B,L,1.52,3.9,1.011,1.015,1.085,9.6,10.58,,,,,,,,0,
2026-08-15,662139,Daulton Varsho,Emerson Hancock,SEA@HOU,HOU,4.0,CF,L,2.21,3.05,1.025,1.0,0.987,9.6,10.58,,,,,,,,0,
2026-08-15,663586,Austin Riley,Eduardo Rodríguez,AZ@ATL,ATL,8.0,3B,R,3.08,2.37,1.004,1.012,1.063,9.5,10.53,,,,,,,,0,
2026-08-15,672386,Alejandro Kirk,Cam Schlittler,NYY@TOR,TOR,3.0,DH,R,2.87,2.55,1.004,1.0,0.9,9.4,10.47,,,,,,,,0,
2026-08-15,605137,Josh Bell,Jesús Luzardo,PHI@MIN,MIN,5.0,DH,L,3.28,2.22,1.009,1.024,0.9,9.2,10.36,,,,,,,,0,
2026-08-15,663647,Ke'Bryan Hayes,Ryan Gusto,MIA@CIN,CIN,8.0,3B,R,2.53,2.89,1.012,1.015,1.016,9.1,10.31,,,,,,,,1,
2026-08-15,687401,Joey Ortiz,Justin Wrobleski,MIL@LAD,MIL,8.0,SS,R,2.09,3.35,1.001,1.019,1.046,9.0,10.26,,,,,,,,1,
2026-08-15,679845,Nick Loftin,Reid Detmers,KC@LAA,KC,1.0,3B,R,2.05,3.06,1.006,1.039,0.917,9.0,10.26,,,,,,,,0,
2026-08-15,694497,Evan Carter,J. T. Ginn,TEX@ATH,TEX,6.0,CF,L,2.49,2.67,1.009,1.03,0.981,8.9,10.2,,,,,,,,0,
2026-08-15,686797,Brooks Lee,Jesús Luzardo,PHI@MIN,MIN,7.0,3B,R,3.49,2.22,0.99,1.024,0.9,8.8,10.15,,,,,,,,0,
2026-08-15,664983,Jake Mccarthy,Logan Webb,COL@SF,COL,1.0,LF,L,3.1,2.05,0.993,0.994,0.938,8.8,10.15,,,,,,,,0,
2026-08-15,593428,Xander Bogaerts,Joey Cantillo,SD@CLE,SD,8.0,SS,R,2.51,2.9,1.015,1.015,0.981,8.8,10.15,,,,,,,,0,
2026-08-15,543877,Christian Vázquez,Emerson Hancock,SEA@HOU,HOU,9.0,C,R,2.49,3.05,1.034,1.0,0.987,8.8,10.15,,,,,,,,1,
2026-08-15,686780,Pedro Pagés,Matt Boyd,STL@CHC,STL,9.0,C,R,2.59,2.83,0.978,1.012,1.052,8.7,10.1,,,,,,,,0,
2026-08-15,595879,Javier Báez,Anthony Kay,CWS@DET,DET,8.0,CF,R,2.27,2.92,0.979,1.015,1.092,8.6,10.04,,,,,,,,0,
2026-08-15,669224,Austin Wells,Braydon Fisher,NYY@TOR,NYY,9.0,C,L,2.96,2.65,1.009,1.0,0.959,8.6,10.04,,,,,,,,0,
2026-08-15,683146,Brett Baty,Brad Lord,WSH@NYM,NYM,7.0,LF,L,2.33,2.81,0.99,1.024,1.004,8.3,9.88,,,,,,,,0,
2026-08-15,650489,Willi Castro,Logan Webb,COL@SF,COL,5.0,3B,R,3.11,2.05,0.988,0.994,0.938,8.0,9.72,,,,,,,,0,
2026-08-15,666023,Freddy Fermin,Joey Cantillo,SD@CLE,SD,9.0,C,R,2.35,2.9,1.018,1.015,0.981,7.9,9.67,,,,,,,,0,
2026-08-15,663538,Nico Hoerner,Michael Mcgreevy,STL@CHC,CHC,6.0,SS,R,1.64,3.25,0.978,1.012,1.12,7.8,9.61,,,,,,,,0,
2026-08-15,643289,Mauricio Dubón,Eduardo Rodríguez,AZ@ATL,ATL,6.0,SS,R,2.31,2.37,1.009,1.012,1.063,7.8,9.61,,,,,,,,0,
2026-08-15,667472,Dane Myers,Ryan Gusto,MIA@CIN,CIN,6.0,CF,R,1.96,2.89,1.011,1.015,1.016,7.8,9.61,,,,,,,,0,
2026-08-15,593871,Jorge Polanco,Brad Lord,WSH@NYM,NYM,8.0,DH,L,2.23,2.81,0.99,1.024,1.004,7.7,9.56,,,,,,,,0,
2026-08-15,668670,Jake Rogers,Troy Melton,CWS@DET,CWS,9.0,C,R,2.7,2.75,0.979,1.015,0.9,7.6,9.51,,,,,,,,0,
2026-08-15,642851,Austin Wynns,J. T. Ginn,TEX@ATH,TEX,8.0,C,R,2.28,2.67,1.009,1.03,0.981,7.5,9.45,,,,,,,,0,
2026-08-15,664770,Nathan Lukes,Cam Schlittler,NYY@TOR,TOR,2.0,RF,L,2.22,2.55,1.009,1.0,0.9,7.5,9.45,,,,,,,,0,
2026-08-15,686555,Isaac Collins,Reid Detmers,KC@LAA,KC,5.0,LF,R,1.84,3.06,1.004,1.039,0.917,7.4,9.4,,,,,,,,0,
2026-08-15,672275,Patrick Bailey,Wandy Peralta,SD@CLE,CLE,8.0,C,L,2.59,2.34,1.008,1.015,0.988,7.4,9.4,,,,,,,,0,
2026-08-15,630105,Jake Cronenworth,Joey Cantillo,SD@CLE,SD,2.0,2B,L,1.69,2.9,1.011,1.015,0.981,7.3,9.35,,,,,,,,0,
2026-08-15,516782,Starling Marte,Reid Detmers,KC@LAA,KC,7.0,RF,R,1.98,3.06,1.003,1.039,0.917,7.3,9.35,,,,,,,,0,
2026-08-15,665966,Carlos Narváez,Ian Seymour,BAL@TB,BAL,9.0,C,R,1.93,3.35,1.0,1.0,0.924,6.9,9.13,,,,,,,,0,
2026-08-15,665926,Andrés Giménez,Cam Schlittler,NYY@TOR,TOR,6.0,SS,L,2.23,2.55,1.004,1.0,0.9,6.8,9.08,,,,,,,,0,
2026-08-15,680700,Richie Palacios,Kyle Bradish,BAL@TB,TB,8.0,2B,L,2.1,2.56,1.0,1.0,0.977,6.4,8.86,,,,,,,,0,
2026-08-15,691026,Masyn Winn,Matt Boyd,STL@CHC,STL,6.0,SS,R,1.32,2.83,0.978,1.012,1.052,5.2,8.22,,,,,,,,0,
2026-08-15,669743,Alex Call,Jacob Misiorowski,MIL@LAD,LAD,8.0,RF,R,1.72,2.69,1.001,1.019,0.9,5.2,8.22,,,,,,,,0,
2026-08-15,678662,Ezequiel Tovar,Logan Webb,COL@SF,COL,9.0,SS,R,2.38,2.05,0.988,0.994,0.938,5.2,8.22,,,,,,,,0,
2026-08-15,681393,Connor Norby,Logan Webb,COL@SF,COL,7.0,2B,R,2.1,2.05,0.993,0.994,0.938,5.1,8.17,,,,,,,,0,
2026-08-15,807712,Luke Keaschall,Jesús Luzardo,PHI@MIN,MIN,6.0,RF,R,1.87,2.22,1.009,1.024,0.9,5.1,8.17,,,,,,,,0,
2026-08-15,663968,Jake Mangum,Sonny Gray,BOS@PIT,PIT,7.0,CF,R,1.57,2.66,1.012,1.005,0.935,5.0,8.11,,,,,,,,0,
2026-08-15,623168,Tyler Heineman,Randy Dobnak,KC@LAA,LAA,9.0,C,R,1.76,2.16,1.006,1.039,1.064,4.9,8.06,,,,,,,,0,
2026-08-15,668885,Austin Martin,Jesús Luzardo,PHI@MIN,MIN,1.0,LF,R,1.48,2.22,0.99,1.024,0.9,4.6,7.9,,,,,,,,0,
2026-08-15,669707,Jared Triolo,Sonny Gray,BOS@PIT,PIT,9.0,3B,R,1.43,2.66,1.007,1.005,0.935,4.2,7.68,,,,,,,,0,
2026-08-15,683083,Nasim Nuñez,Sean Manaea,WSH@NYM,WSH,8.0,2B,R,0.89,3.06,0.991,1.024,1.032,3.5,7.31,,,,,,,,0,
2026-08-15,670764,Taylor Walls,Kyle Bradish,BAL@TB,TB,9.0,SS,L,1.22,2.56,1.0,1.0,0.977,3.5,7.31,,,,,,,,0,
2026-08-16,656941,Kyle Schwarber,Dean Kremer,PHI@MIN,PHI,1.0,DH,L,6.28,4.8,1.009,0.987,1.007,39.0,26.35,,,,,,,,0,
2026-08-16,621439,Byron Buxton,Andrew Painter,PHI@MIN,MIN,2.0,CF,R,5.84,3.84,1.009,0.987,1.076,31.4,22.27,,,,,,,,0,
2026-08-16,695506,Jac Caglianone,Ryan Johnson,KC@LAA,KC,3.0,1B,L,4.53,4.64,1.006,1.0,1.12,30.5,21.79,,,,,,,,0,
2026-08-16,547180,Bryce Harper,Dean Kremer,PHI@MIN,PHI,3.0,RF,L,4.42,4.8,1.009,0.987,1.007,27.8,20.34,,,,,,,,0,
2026-08-16,695600,Carter Jensen,Ryan Johnson,KC@LAA,KC,1.0,C,L,3.42,4.64,1.006,1.0,1.12,24.9,18.78,,,,,,,,0,
2026-08-16,691023,Jordan Walker,Edward Cabrera,STL@CHC,STL,4.0,RF,R,4.25,4.04,0.978,1.002,1.067,23.8,18.19,,,,,,,,1,
2026-08-16,665019,Kody Clemens,Andrew Painter,PHI@MIN,MIN,4.0,2B,L,4.28,3.84,1.009,0.987,1.076,23.3,17.93,,,,,,,,1,
2026-08-16,521692,Salvador Pérez,Ryan Johnson,KC@LAA,KC,4.0,DH,R,3.29,4.64,1.003,1.0,1.12,22.8,17.66,,,,,,,,0,
2026-08-16,664034,Ty France,Tanner Bibee,SD@CLE,SD,4.0,1B,R,4.39,3.74,1.018,0.997,1.013,22.5,17.5,,,,,,,,0,
2026-08-16,660271,Shohei Ohtani,Logan Henderson,MIL@LAD,LAD,1.0,DH,L,4.77,3.7,0.996,1.0,0.9,22.3,17.39,,,,,,,,0,
2026-08-16,624413,Pete Alonso,Freddy Peralta,BAL@TB,BAL,2.0,DH,R,4.68,3.48,1.0,1.0,0.983,22.0,17.23,,,,,,,,0,
2026-08-16,592518,Manny Machado,Tanner Bibee,SD@CLE,SD,3.0,DH,R,4.2,3.74,1.015,0.997,1.013,21.7,17.07,,,,,,,,0,
2026-08-16,571970,Max Muncy,Logan Henderson,MIL@LAD,LAD,4.0,3B,L,4.87,3.7,1.001,1.0,0.9,21.7,17.07,,,,,,,,1,
2026-08-16,677800,Wilyer Abreu,Lake Bachar,BOS@PIT,BOS,3.0,RF,L,3.99,3.94,1.02,1.013,0.941,20.7,16.53,,,,,,,,0,
2026-08-16,677951,Bobby Witt,Ryan Johnson,KC@LAA,KC,2.0,SS,R,2.87,4.64,1.003,1.0,1.12,20.7,16.53,,,,,,,,1,
2026-08-16,686681,Michael Massey,Ryan Johnson,KC@LAA,KC,5.0,2B,L,2.97,4.64,1.002,1.0,1.12,20.0,16.16,,,,,,,,1,
2026-08-16,670541,Yordan Álvarez,Bryan Woo,SEA@HOU,HOU,2.0,LF,L,6.02,2.54,1.005,1.0,0.932,19.9,16.1,,,,,,,,0,
2026-08-16,691406,Junior Caminero,Trevor Rogers,BAL@TB,TB,3.0,3B,R,5.86,2.53,1.0,1.0,0.967,19.5,15.89,,,,,,,,0,
2026-08-16,672960,Kazuma Okamoto,Ryan Weathers,NYY@TOR,TOR,6.0,3B,R,4.54,3.34,1.004,1.0,1.01,19.3,15.78,,,,,,,,0,
2026-08-16,606466,Ketel Marte,Bryce Elder,AZ@ATL,AZ,4.0,2B,R,3.88,3.62,0.99,1.013,0.99,18.9,15.57,,,,,,,,0,
2026-08-16,678246,Miguel Vargas,Drew Anderson,CWS@DET,CWS,3.0,3B,R,4.73,3.19,0.979,1.001,0.927,18.7,15.46,,,,,,,,1,
2026-08-16,605137,Josh Bell,Andrew Painter,PHI@MIN,MIN,3.0,DH,L,3.25,3.84,1.009,0.987,1.076,18.3,15.24,,,,,,,,0,
2026-08-16,669394,Jake Burger,Jacob Lopez,TEX@ATH,TEX,4.0,1B,R,3.99,3.56,1.006,1.021,0.912,18.1,15.14,,,,,,,,1,
2026-08-16,668904,Royce Lewis,Andrew Painter,PHI@MIN,MIN,5.0,1B,R,3.43,3.84,0.99,0.987,1.076,18.1,15.14,,,,,,,,0,
2026-08-16,664040,Brandon Lowe,Patrick Sandoval,BOS@PIT,PIT,4.0,2B,L,4.67,2.64,1.016,1.013,1.044,18.0,15.08,,,,,,,,0,
2026-08-16,701538,Jackson Merrill,Tanner Bibee,SD@CLE,SD,5.0,CF,L,3.6,3.74,1.006,0.997,1.013,17.9,15.03,,,,,,,,0,
2026-08-16,686527,Dominic Canzone,Hunter Brown,SEA@HOU,SEA,3.0,RF,L,4.65,2.98,1.004,1.0,0.94,17.9,15.03,,,,,,,,0,
2026-08-16,695657,Colson Montgomery,Drew Anderson,CWS@DET,CWS,6.0,SS,L,4.84,3.19,0.983,1.001,0.927,17.8,14.98,,,,,,,,0,
2026-08-16,686797,Brooks Lee,Andrew Painter,PHI@MIN,MIN,6.0,3B,R,3.46,3.84,0.99,0.987,1.076,17.7,14.92,,,,,,,,1,
2026-08-16,701398,Sal Stewart,Eury Pérez,MIA@CIN,CIN,2.0,1B,R,4.57,2.82,1.011,1.014,0.938,17.4,14.76,,,,,,,,0,
2026-08-16,664761,Alec Bohm,Dean Kremer,PHI@MIN,PHI,5.0,1B,R,2.75,4.8,1.009,0.987,1.007,17.4,14.76,,,,,,,,1,
2026-08-16,621566,Matt Olson,Michael Soroka,AZ@ATL,ATL,3.0,1B,L,5.88,2.1,1.009,1.013,0.999,17.3,14.71,,,,,,,,1,
2026-08-16,682998,Corbin Carroll,Bryce Elder,AZ@ATL,AZ,2.0,RF,L,3.37,3.62,1.0,1.013,0.99,17.2,14.65,,,,,,,,0,
2026-08-16,673357,Luis Robert,Jake Irvin,WSH@NYM,NYM,6.0,LF,R,3.32,3.57,0.991,1.032,1.118,17.2,14.65,,,,,,,,0,
2026-08-16,691723,Coby Mayo,Freddy Peralta,BAL@TB,BAL,8.0,1B,R,4.3,3.48,1.0,1.0,0.983,17.1,14.6,,,,,,,,0,
2026-08-16,668709,Jj Bleday,Eury Pérez,MIA@CIN,CIN,3.0,LF,L,4.6,2.82,1.011,1.014,0.938,17.1,14.6,,,,,,,,0,
2026-08-16,693307,Dillon Dingler,Sean Burke,CWS@DET,DET,3.0,C,R,4.91,2.78,0.979,1.001,0.927,17.0,14.55,,,,,,,,0,
2026-08-16,678882,Ceddanne Rafaela,Lake Bachar,BOS@PIT,BOS,2.0,CF,R,3.2,3.94,1.007,1.013,0.941,17.0,14.55,,,,,,,,0,
2026-08-16,605141,Mookie Betts,Logan Henderson,MIL@LAD,LAD,5.0,SS,R,3.86,3.7,1.001,1.0,0.9,16.9,14.49,,,,,,,,0,
2026-08-16,657757,Gavin Sheets,Tanner Bibee,SD@CLE,SD,7.0,LF,L,3.64,3.74,1.006,0.997,1.013,16.7,14.39,,,,,,,,1,
2026-08-16,553993,Eugenio Suárez,Eury Pérez,MIA@CIN,CIN,4.0,DH,R,4.48,2.82,1.011,1.014,0.938,16.6,14.33,,,,,,,,0,
2026-08-16,683002,Gunnar Henderson,Freddy Peralta,BAL@TB,BAL,3.0,SS,L,3.5,3.48,1.0,1.0,0.983,16.5,14.28,,,,,,,,0,
2026-08-16,682829,Elly De La Cruz,Eury Pérez,MIA@CIN,CIN,1.0,SS,R,4.06,2.82,1.011,1.014,0.938,16.0,14.01,,,,,,,,0,
2026-08-16,671056,Iván Herrera,Edward Cabrera,STL@CHC,STL,2.0,DH,R,2.51,4.04,0.978,1.002,1.067,15.1,13.53,,,,,,,,0,
2026-08-16,664023,Ian Happ,Hunter Dobbins,STL@CHC,CHC,4.0,LF,R,3.75,3.1,0.978,1.002,0.957,15.0,13.48,,,,,,,,0,
2026-08-16,700250,Ben Rice,Dylan Cease,NYY@TOR,NYY,1.0,1B,L,5.74,1.99,1.004,1.0,0.9,15.0,13.48,,,,,,,,1,
2026-08-16,677594,Julio Rodríguez,Hunter Brown,SEA@HOU,SEA,4.0,CF,R,3.71,2.98,1.034,1.0,0.94,14.9,13.42,,,,,,,,0,
2026-08-16,680776,Jarren Duran,Lake Bachar,BOS@PIT,BOS,7.0,LF,L,3.18,3.94,1.016,1.013,0.941,14.8,13.37,,,,,,,,0,
2026-08-16,668939,Adley Rutschman,Lake Bachar,BOS@PIT,BOS,4.0,DH,R,2.76,3.94,1.007,1.013,0.941,14.5,13.21,,,,,,,,0,
2026-08-16,694192,Jackson Chourio,Tarik Skubal,MIL@LAD,MIL,3.0,LF,R,3.92,2.91,1.001,1.0,0.9,14.3,13.1,,,,,,,,0,
2026-08-16,543807,George Springer,Ryan Weathers,NYY@TOR,TOR,4.0,DH,R,3.04,3.34,1.009,1.0,1.01,14.3,13.1,,,,,,,,0,
2026-08-16,694374,Tim Tawa,Bryce Elder,AZ@ATL,AZ,7.0,1B,R,3.25,3.62,0.99,1.013,0.99,14.3,13.1,,,,,,,,0,
2026-08-16,624641,Edmundo Sosa,Dean Kremer,PHI@MIN,PHI,9.0,SS,R,2.69,4.8,0.99,0.987,1.007,14.2,13.05,,,,,,,,0,
2026-08-16,543510,James Mccann,Bryce Elder,AZ@ATL,AZ,8.0,C,R,3.28,3.62,1.009,1.013,0.99,14.1,12.99,,,,,,,,0,
2026-08-16,677649,Ezequiel Duran,Jacob Lopez,TEX@ATH,TEX,2.0,SS,R,2.97,3.56,1.006,1.021,0.912,14.1,12.99,,,,,,,,0,
2026-08-16,702332,Caleb Durbin,Lake Bachar,BOS@PIT,BOS,5.0,3B,R,2.78,3.94,1.007,1.013,0.941,14.0,12.94,,,,,,,,0,
2026-08-16,681297,Colton Cowser,Freddy Peralta,BAL@TB,BAL,7.0,CF,L,3.33,3.48,1.0,1.0,0.983,14.0,12.94,,,,,,,,1,
2026-08-16,624424,Michael Conforto,Hunter Dobbins,STL@CHC,CHC,8.0,DH,L,4.07,3.1,0.978,1.002,0.957,13.9,12.89,,,,,,,,0,
2026-08-16,518692,Freddie Freeman,Logan Henderson,MIL@LAD,LAD,2.0,1B,L,2.95,3.7,0.996,1.0,0.9,13.9,12.89,,,,,,,,0,
2026-08-16,596142,Gary Sánchez,Tarik Skubal,MIL@LAD,MIL,6.0,C,R,4.06,2.91,1.007,1.0,0.9,13.8,12.83,,,,,,,,0,
2026-08-16,572233,Christian Walker,Bryan Woo,SEA@HOU,HOU,6.0,1B,R,4.35,2.54,1.034,1.0,0.932,13.7,12.78,,,,,,,,0,
2026-08-16,666182,Bo Bichette,Jake Irvin,WSH@NYM,NYM,3.0,3B,R,2.4,3.57,0.991,1.032,1.118,13.7,12.78,,,,,,,,0,
2026-08-16,679845,Nick Loftin,Ryan Johnson,KC@LAA,KC,6.0,3B,R,2.03,4.64,1.006,1.0,1.12,13.6,12.72,,,,,,,,0,
2026-08-16,702616,Jackson Holliday,Freddy Peralta,BAL@TB,BAL,1.0,2B,L,2.67,3.48,1.0,1.0,0.983,13.4,12.62,,,,,,,,0,
2026-08-16,664728,Kyle Isbel,Ryan Johnson,KC@LAA,KC,9.0,CF,L,2.3,4.64,1.006,1.0,1.12,13.4,12.62,,,,,,,,0,
2026-08-16,671277,Luis García,Dylan Cease,NYY@TOR,NYY,2.0,DH,L,5.17,1.99,1.003,1.0,0.9,13.3,12.56,,,,,,,,0,
2026-08-16,672386,Alejandro Kirk,Ryan Weathers,NYY@TOR,TOR,3.0,C,R,2.82,3.34,1.004,1.0,1.01,13.3,12.56,,,,,,,,0,
2026-08-16,665161,Jeremy Peña,Bryan Woo,SEA@HOU,HOU,1.0,SS,R,3.68,2.54,1.034,1.0,0.932,13.2,12.51,,,,,,,,1,
2026-08-16,686948,Drake Baldwin,Michael Soroka,AZ@ATL,ATL,1.0,C,L,4.19,2.1,1.0,1.013,0.999,13.1,12.46,,,,,,,,0,
2026-08-16,668227,Randy Arozarena,Hunter Brown,SEA@HOU,SEA,2.0,LF,R,3.18,2.98,1.004,1.0,0.94,12.8,12.3,,,,,,,,1,
2026-08-16,679529,Spencer Torkelson,Sean Burke,CWS@DET,DET,6.0,1B,R,3.92,2.78,0.979,1.001,0.927,12.8,12.3,,,,,,,,0,
2026-08-16,643217,Andrew Benintendi,Drew Anderson,CWS@DET,CWS,4.0,DH,L,3.21,3.19,0.97,1.001,0.927,12.8,12.3,,,,,,,,0,
2026-08-16,606192,Teoscar Hernández,Logan Henderson,MIL@LAD,LAD,8.0,LF,R,3.17,3.7,1.001,1.0,0.9,12.5,12.13,,,,,,,,0,
2026-08-16,682663,Agustín Ramírez,Nick Lodolo,MIA@CIN,MIA,3.0,DH,R,2.09,3.69,1.012,1.014,1.12,12.4,12.08,,,,,,,,0,
2026-08-16,672640,Otto Lopez,Nick Lodolo,MIA@CIN,MIA,1.0,SS,R,1.97,3.69,1.011,1.014,1.12,12.3,12.03,,,,,,,,0,
2026-08-16,665953,Andrés Chaparro,Christian Scott,WSH@NYM,WSH,7.0,DH,R,4.29,2.36,0.991,1.032,0.955,12.2,11.97,,,,,,,,0,
2026-08-16,655316,Andruw Monasterio,Lake Bachar,BOS@PIT,BOS,6.0,SS,R,2.48,3.94,1.007,1.013,0.941,12.2,11.97,,,,,,,,0,
2026-08-16,671739,Michael Harris,Michael Soroka,AZ@ATL,ATL,4.0,CF,L,4.0,2.1,1.009,1.013,0.999,12.0,11.87,,,,,,,,0,
2026-08-16,624431,Jose Trevino,Eury Pérez,MIA@CIN,CIN,7.0,C,R,3.54,2.82,1.011,1.014,0.938,11.9,11.81,,,,,,,,0,
2026-08-16,608324,Alex Bregman,Hunter Dobbins,STL@CHC,CHC,3.0,3B,R,2.92,3.1,0.976,1.002,0.957,11.9,11.81,,,,,,,,0,
2026-08-16,686555,Isaac Collins,Ryan Johnson,KC@LAA,KC,7.0,LF,R,1.83,4.64,1.004,1.0,1.12,11.8,11.76,,,,,,,,0,
2026-08-16,650490,Yandy Díaz,Trevor Rogers,BAL@TB,TB,1.0,DH,R,3.23,2.53,1.0,1.0,0.967,11.7,11.71,,,,,,,,0,
2026-08-16,605170,Víctor Caratini,Andrew Painter,PHI@MIN,MIN,8.0,C,L,2.38,3.84,1.009,0.987,1.076,11.6,11.65,,,,,,,,0,
2026-08-16,683146,Brett Baty,Jake Irvin,WSH@NYM,NYM,7.0,2B,L,2.31,3.57,0.99,1.032,1.118,11.6,11.65,,,,,,,,0,
2026-08-16,620443,Luis Torrens,Jake Irvin,WSH@NYM,NYM,9.0,C,R,2.53,3.57,0.991,1.032,1.118,11.6,11.65,,,,,,,,1,
2026-08-16,593428,Xander Bogaerts,Tanner Bibee,SD@CLE,SD,8.0,SS,R,2.5,3.74,1.015,0.997,1.013,11.4,11.54,,,,,,,,0,
2026-08-16,642215,Weston Wilson,Hunter Brown,SEA@HOU,SEA,8.0,DH,R,3.3,2.98,1.034,1.0,0.94,11.4,11.54,,,,,,,,0,
2026-08-16,663728,Cal Raleigh,Hunter Brown,SEA@HOU,SEA,7.0,C,R,3.12,2.98,1.034,1.0,0.94,11.2,11.44,,,,,,,,1,
2026-08-16,668804,Bryan Reynolds,Patrick Sandoval,BOS@PIT,PIT,3.0,DH,R,2.81,2.64,1.007,1.013,1.044,11.1,11.38,,,,,,,,0,
2026-08-16,680977,Brendan Donovan,Hunter Brown,SEA@HOU,SEA,1.0,3B,L,2.6,2.98,1.004,1.0,0.94,10.9,11.28,,,,,,,,0,
2026-08-16,691781,Brady House,Christian Scott,WSH@NYM,WSH,5.0,3B,R,3.5,2.36,0.991,1.032,0.955,10.9,11.28,,,,,,,,0,
2026-08-16,663993,Nathaniel Lowe,Casey Mize,SD@CLE,CLE,5.0,1B,L,4.1,2.15,1.011,0.997,0.907,10.8,11.22,,,,,,,,0,
2026-08-16,666139,Josh Lowe,Noah Cameron,KC@LAA,LAA,9.0,RF,L,3.49,2.65,1.006,1.0,1.024,10.8,11.22,,,,,,,,0,
2026-08-16,593871,Jorge Polanco,Jake Irvin,WSH@NYM,NYM,8.0,DH,L,2.19,3.57,0.99,1.032,1.118,10.7,11.17,,,,,,,,0,
2026-08-16,663656,Kyle Tucker,Logan Henderson,MIL@LAD,LAD,6.0,RF,L,2.45,3.7,0.996,1.0,0.9,10.6,11.12,,,,,,,,0,
2026-08-16,650402,Gleyber Torres,Sean Burke,CWS@DET,DET,1.0,2B,R,2.82,2.78,0.979,1.001,0.927,10.6,11.12,,,,,,,,0,
2026-08-16,514888,José Altuve,Bryan Woo,SEA@HOU,HOU,4.0,DH,R,3.09,2.54,1.034,1.0,0.932,10.6,11.12,,,,,,,,0,
2026-08-16,686611,Dylan Crews,Christian Scott,WSH@NYM,WSH,3.0,RF,R,3.27,2.36,0.991,1.032,0.955,10.6,11.12,,,,,,,,0,
2026-08-16,680779,Henry Davis,Patrick Sandoval,BOS@PIT,PIT,9.0,C,R,3.17,2.64,1.012,1.013,1.044,10.2,10.9,,,,,,,,0,
2026-08-16,666023,Freddy Fermin,Tanner Bibee,SD@CLE,SD,9.0,C,R,2.33,3.74,1.018,0.997,1.013,10.2,10.9,,,,,,,,0,
2026-08-16,645277,Ozzie Albies,Michael Soroka,AZ@ATL,ATL,6.0,2B,R,3.66,2.1,0.991,1.013,0.999,10.1,10.85,,,,,,,,0,
2026-08-16,661388,William Contreras,Tarik Skubal,MIL@LAD,MIL,1.0,DH,R,2.55,2.91,1.001,1.0,0.9,10.0,10.79,,,,,,,,0,
2026-08-16,666176,Jo Adell,Casey Mize,SD@CLE,CLE,4.0,LF,R,3.48,2.15,1.015,0.997,0.907,9.7,10.63,,,,,,,,0,
2026-08-16,691594,Javier Sanoja,Nick Lodolo,MIA@CIN,MIA,5.0,3B,R,1.69,3.69,1.011,1.014,1.12,9.7,10.63,,,,,,,,1,
2026-08-16,695734,Daylen Lile,Christian Scott,WSH@NYM,WSH,4.0,LF,L,2.97,2.36,0.992,1.032,0.955,9.7,10.63,,,,,,,,0,
2026-08-16,663757,Trent Grisham,Dylan Cease,NYY@TOR,NYY,4.0,CF,L,3.74,1.99,1.009,1.0,0.9,9.5,10.53,,,,,,,,0,
2026-08-16,807712,Luke Keaschall,Andrew Painter,PHI@MIN,MIN,7.0,RF,R,1.86,3.84,1.009,0.987,1.076,9.5,10.53,,,,,,,,0,
2026-08-16,657136,Connor Wong,Lake Bachar,BOS@PIT,BOS,9.0,C,R,2.15,3.94,1.016,1.013,0.941,9.4,10.47,,,,,,,,1,
2026-08-16,694497,Evan Carter,Jacob Lopez,TEX@ATH,TEX,9.0,CF,L,2.47,3.56,1.009,1.021,0.912,9.4,10.47,,,,,,,,0,
2026-08-16,630105,Jake Cronenworth,Tanner Bibee,SD@CLE,SD,2.0,2B,L,1.67,3.74,1.011,0.997,1.013,9.3,10.42,,,,,,,,1,
2026-08-16,673237,Yainer Diaz,Bryan Woo,SEA@HOU,HOU,8.0,C,R,3.24,2.54,1.004,1.0,0.932,9.2,10.36,,,,,,,,0,
2026-08-16,805300,Jakob Marsee,Nick Lodolo,MIA@CIN,MIA,8.0,CF,L,1.79,3.69,1.011,1.014,1.12,9.1,10.31,,,,,,,,0,
2026-08-16,669364,Xavier Edwards,Nick Lodolo,MIA@CIN,MIA,4.0,2B,L,1.51,3.69,1.011,1.014,1.12,9.1,10.31,,,,,,,,0,
2026-08-16,622761,Jorge Mateo,Trevor Rogers,BAL@TB,TB,7.0,2B,R,2.98,2.53,1.0,1.0,0.967,9.1,10.31,,,,,,,,0,
2026-08-16,642851,Austin Wynns,Jacob Lopez,TEX@ATH,TEX,8.0,DH,R,2.25,3.56,1.009,1.021,0.912,9.0,10.26,,,,,,,,0,
2026-08-16,690993,Colt Keith,Sean Burke,CWS@DET,DET,4.0,DH,L,2.48,2.78,0.999,1.001,0.927,9.0,10.26,,,,,,,,1,
2026-08-16,665926,Andrés Giménez,Ryan Weathers,NYY@TOR,TOR,8.0,SS,L,2.21,3.34,1.004,1.0,1.01,9.0,10.26,,,,,,,,0,
2026-08-16,663647,Ke'Bryan Hayes,Eury Pérez,MIA@CIN,CIN,9.0,3B,R,2.83,2.82,1.012,1.014,0.938,8.7,10.1,,,,,,,,0,
2026-08-16,678489,Jorge Barrosa,Bryce Elder,AZ@ATL,AZ,9.0,CF,R,2.06,3.62,0.991,1.013,0.99,8.5,9.99,,,,,,,,0,
2026-08-16,672724,Oswald Peraza,Noah Cameron,KC@LAA,LAA,7.0,2B,R,2.46,2.65,1.004,1.0,1.024,8.4,9.94,,,,,,,,0,
2026-08-16,683734,Andrew Vaughn,Tarik Skubal,MIL@LAD,MIL,5.0,3B,R,2.29,2.91,1.001,1.0,0.9,8.2,9.83,,,,,,,,0,
2026-08-16,694377,Nick Yorke,Patrick Sandoval,BOS@PIT,PIT,7.0,3B,R,2.26,2.64,1.007,1.013,1.044,8.0,9.72,,,,,,,,0,
2026-08-16,642086,Dominic Smith,Michael Soroka,AZ@ATL,ATL,7.0,DH,L,2.95,2.1,1.002,1.013,0.999,7.9,9.67,,,,,,,,0,
2026-08-16,663586,Austin Riley,Michael Soroka,AZ@ATL,ATL,8.0,3B,R,3.07,2.1,1.004,1.013,0.999,7.9,9.67,,,,,,,,0,
2026-08-16,665804,Miguel Amaya,Hunter Dobbins,STL@CHC,CHC,9.0,C,R,2.39,3.1,0.978,1.002,0.957,7.9,9.67,,,,,,,,1,
2026-08-16,650859,Luis Rengifo,Tanner Bibee,SD@CLE,SD,6.0,3B,R,1.54,3.74,1.015,0.997,1.013,7.8,9.61,,,,,,,,1,
2026-08-16,687401,Joey Ortiz,Tarik Skubal,MIL@LAD,MIL,8.0,SS,R,2.3,2.91,1.001,1.0,0.9,7.3,9.35,,,,,,,,0,
2026-08-16,662139,Daulton Varsho,Bryan Woo,SEA@HOU,HOU,5.0,CF,L,2.19,2.54,1.025,1.0,0.932,7.3,9.35,,,,,,,,0,
2026-08-16,696285,Jacob Young,Christian Scott,WSH@NYM,WSH,9.0,CF,R,2.77,2.36,0.991,1.032,0.955,7.3,9.35,,,,,,,,0,
2026-08-16,671218,Heliot Ramos,Dylan Cease,NYY@TOR,NYY,3.0,LF,R,2.76,1.99,1.01,1.0,0.9,7.2,9.29,,,,,,,,0,
2026-08-16,691026,Masyn Winn,Edward Cabrera,STL@CHC,STL,7.0,SS,R,1.31,4.04,0.978,1.002,1.067,7.0,9.19,,,,,,,,0,
2026-08-16,676609,José Caballero,Dylan Cease,NYY@TOR,NYY,9.0,2B,R,3.32,1.99,1.009,1.0,0.9,6.9,9.13,,,,,,,,0,
2026-08-16,595879,Javier Báez,Sean Burke,CWS@DET,DET,9.0,SS,R,2.24,2.78,0.979,1.001,0.927,6.5,8.92,,,,,,,,0,
2026-08-16,663538,Nico Hoerner,Hunter Dobbins,STL@CHC,CHC,5.0,2B,R,1.63,3.1,0.978,1.002,0.957,6.5,8.92,,,,,,,,0,
2026-08-16,669224,Austin Wells,Dylan Cease,NYY@TOR,NYY,8.0,C,L,2.93,1.99,1.009,1.0,0.9,6.4,8.86,,,,,,,,0,
2026-08-16,669707,Jared Triolo,Patrick Sandoval,BOS@PIT,PIT,1.0,SS,R,1.42,2.64,1.007,1.013,1.044,6.1,8.7,,,,,,,,0,
2026-08-16,595978,Austin Hedges,Casey Mize,SD@CLE,CLE,8.0,C,R,2.5,2.15,1.015,0.997,0.907,6.0,8.65,,,,,,,,0,
2026-08-16,656716,Zach Mckinstry,Sean Burke,CWS@DET,DET,5.0,RF,L,1.68,2.78,0.999,1.001,0.927,6.0,8.65,,,,,,,,0,
2026-08-16,663968,Jake Mangum,Patrick Sandoval,BOS@PIT,PIT,6.0,LF,R,1.56,2.64,1.012,1.013,1.044,5.9,8.6,,,,,,,,0,
2026-08-16,663743,Nick Fortes,Trevor Rogers,BAL@TB,TB,8.0,C,R,1.96,2.53,1.0,1.0,0.967,5.8,8.54,,,,,,,,0,
2026-08-16,669397,Nick Allen,Bryan Woo,SEA@HOU,HOU,9.0,2B,R,1.91,2.54,1.034,1.0,0.932,5.4,8.33,,,,,,,,1,
2026-08-16,663604,Brandon Lockridge,Tarik Skubal,MIL@LAD,MIL,7.0,RF,R,1.62,2.91,1.001,1.0,0.9,5.4,8.33,,,,,,,,0,
2026-08-16,678391,Jorbit Vivas,Christian Scott,WSH@NYM,WSH,6.0,2B,L,1.74,2.36,0.989,1.032,0.955,5.3,8.27,,,,,,,,0,
2026-08-16,677587,Brayan Rocchio,Casey Mize,SD@CLE,CLE,9.0,SS,L,2.32,2.15,1.006,0.997,0.907,5.2,8.22,,,,,,,,0,
2026-08-16,683766,Christian Koss,Gabriel Hughes,COL@SF,SF,9.0,SS,R,1.83,2.24,0.988,0.997,0.9,4.2,7.68,,,,,,,,0,
2026-08-16,670764,Taylor Walls,Trevor Rogers,BAL@TB,TB,9.0,SS,L,1.21,2.53,1.0,1.0,0.967,3.4,7.25,,,,,,,,0,
2026-08-17,571970,Max Muncy,Tomoyuki Sugano,LAD@COL,LAD,4.0,3B,L,5.03,4.58,0.975,1.03,1.12,32.7,22.97,,,,,,,,1,
2026-08-17,660271,Shohei Ohtani,Tomoyuki Sugano,LAD@COL,LAD,1.0,DH,L,4.75,4.58,0.966,1.03,1.12,32.3,22.75,,,,,,,,1,
2026-08-17,621566,Matt Olson,Bailey Ober,ATL@MIN,ATL,3.0,1B,L,6.0,3.81,1.009,1.007,1.054,31.3,22.22,,,,,,,,0,
2026-08-17,695506,Jac Caglianone,Mason Barnett,ATH@KC,KC,3.0,RF,L,4.5,4.91,1.0,1.0,1.065,30.3,21.68,,,,,,,,0,
2026-08-17,678246,Miguel Vargas,Shota Imanaga,CWS@CHC,CWS,3.0,3B,R,4.85,4.63,0.978,1.008,0.96,27.7,20.29,,,,,,,,0,
2026-08-17,656941,Kyle Schwarber,Janson Junk,MIA@PHI,PHI,1.0,DH,L,6.24,3.16,1.006,1.005,0.995,27.2,20.02,,,,,,,,0,
2026-08-17,695600,Carter Jensen,Mason Barnett,ATH@KC,KC,1.0,C,L,3.39,4.91,1.0,1.0,1.065,24.6,18.62,,,,,,,,0,
2026-08-17,605141,Mookie Betts,Tomoyuki Sugano,LAD@COL,LAD,5.0,SS,R,3.83,4.58,0.96,1.03,1.12,24.6,18.62,,,,,,,,0,
2026-08-17,686948,Drake Baldwin,Bailey Ober,ATL@MIN,ATL,1.0,C,L,4.16,3.81,0.999,1.007,1.054,23.5,18.03,,,,,,,,0,
2026-08-17,621439,Byron Buxton,Martín Pérez,ATL@MIN,MIN,2.0,CF,R,5.78,2.68,1.009,1.007,1.012,21.9,17.18,,,,,,,,0,
2026-08-17,671739,Michael Harris,Bailey Ober,ATL@MIN,ATL,4.0,CF,L,3.98,3.81,1.009,1.007,1.054,21.7,17.07,,,,,,,,0,
2026-08-17,677951,Bobby Witt,Mason Barnett,ATH@KC,KC,2.0,SS,R,3.01,4.91,1.0,1.0,1.065,21.7,17.07,,,,,,,,1,
2026-08-17,521692,Salvador Pérez,Mason Barnett,ATH@KC,KC,6.0,DH,R,3.27,4.91,1.0,1.0,1.065,21.2,16.8,,,,,,,,0,
2026-08-17,575929,Willson Contreras,Mitch Bratt,AZ@BOS,BOS,4.0,1B,R,4.73,3.27,1.037,1.006,0.956,20.7,16.53,,,,,,,,1,
2026-08-17,518692,Freddie Freeman,Tomoyuki Sugano,LAD@COL,LAD,2.0,1B,L,2.93,4.58,0.966,1.03,1.12,20.6,16.48,,,,,,,,0,
2026-08-17,691406,Junior Caminero,Brandon Young,BAL@TB,TB,3.0,3B,R,5.84,2.6,1.0,1.0,1.0,20.5,16.42,,,,,,,,0,
2026-08-17,686681,Michael Massey,Mason Barnett,ATH@KC,KC,7.0,2B,L,3.16,4.91,1.0,1.0,1.065,19.7,16.0,,,,,,,,0,
2026-08-17,691023,Jordan Walker,Rhett Lowder,STL@CIN,STL,4.0,DH,R,4.38,2.89,1.011,1.002,1.106,19.2,15.73,,,,,,,,0,
2026-08-17,547180,Bryce Harper,Janson Junk,MIA@PHI,PHI,3.0,RF,L,4.39,3.16,1.006,1.005,0.995,19.0,15.62,,,,,,,,0,
2026-08-17,606192,Teoscar Hernández,Tomoyuki Sugano,LAD@COL,LAD,8.0,LF,R,3.15,4.58,0.963,1.03,1.12,18.5,15.35,,,,,,,,0,
2026-08-17,645277,Ozzie Albies,Bailey Ober,ATL@MIN,ATL,6.0,2B,R,3.64,3.81,0.99,1.007,1.054,18.4,15.3,,,,,,,,0,
2026-08-17,677800,Wilyer Abreu,Mitch Bratt,AZ@BOS,BOS,3.0,RF,L,3.97,3.27,1.059,1.006,0.956,18.0,15.08,,,,,,,,0,
2026-08-17,680869,Zack Gelof,Michael Wacha,ATH@KC,ATH,4.0,DH,R,4.49,2.96,1.0,1.0,0.992,17.9,15.03,,,,,,,,0,
2026-08-17,664023,Ian Happ,Luis Castillo,CWS@CHC,CHC,5.0,LF,R,3.74,3.4,0.978,1.008,1.048,17.2,14.65,,,,,,,,0,
2026-08-17,624424,Michael Conforto,Luis Castillo,CWS@CHC,CHC,8.0,DH,L,4.03,3.4,0.978,1.008,1.048,16.4,14.23,,,,,,,,0,
2026-08-17,663656,Kyle Tucker,Tomoyuki Sugano,LAD@COL,LAD,6.0,RF,L,2.44,4.58,0.966,1.03,1.12,15.9,13.96,,,,,,,,0,
2026-08-17,693307,Dillon Dingler,Carmen Mlodzinski,DET@PIT,DET,3.0,C,R,4.87,2.16,1.007,0.997,1.097,15.9,13.96,,,,,,,,0,
2026-08-17,665019,Kody Clemens,Martín Pérez,ATL@MIN,MIN,6.0,2B,L,4.43,2.68,1.009,1.007,1.012,15.6,13.8,,,,,,,,0,
2026-08-17,664040,Brandon Lowe,Framber Valdez,DET@PIT,PIT,5.0,DH,L,4.64,2.38,1.016,0.997,1.023,15.2,13.58,,,,,,,,0,
2026-08-17,664034,Ty France,Nolan Mclean,SD@NYM,SD,4.0,1B,R,4.35,2.72,0.991,0.986,0.936,14.9,13.42,,,,,,,,0,
2026-08-17,678882,Ceddanne Rafaela,Mitch Bratt,AZ@BOS,BOS,2.0,CF,R,3.18,3.27,1.037,1.006,0.956,14.7,13.31,,,,,,,,0,
2026-08-17,686469,Vinnie Pasquantino,Mason Barnett,ATH@KC,KC,5.0,1B,L,2.11,4.91,1.0,1.0,1.065,14.7,13.31,,,,,,,,0,
2026-08-17,592518,Manny Machado,Nolan Mclean,SD@NYM,SD,3.0,3B,R,4.17,2.72,0.991,0.986,0.936,14.4,13.15,,,,,,,,0,
2026-08-17,663586,Austin Riley,Bailey Ober,ATL@MIN,ATL,8.0,3B,R,3.05,3.81,0.994,1.007,1.054,14.4,13.15,,,,,,,,0,
2026-08-17,607208,Trea Turner,Janson Junk,MIA@PHI,PHI,2.0,SS,R,3.16,3.16,1.008,1.005,0.995,14.3,13.1,,,,,,,,0,
2026-08-17,608324,Alex Bregman,Luis Castillo,CWS@CHC,CHC,4.0,3B,R,2.9,3.4,0.976,1.008,1.048,14.0,12.94,,,,,,,,0,
2026-08-17,680777,Ryan Jeffers,Martín Pérez,ATL@MIN,MIN,3.0,C,R,3.69,2.68,0.99,1.007,1.012,13.9,12.89,,,,,,,,0,
2026-08-17,624413,Pete Alonso,Shane Mcclanahan,BAL@TB,BAL,2.0,DH,R,4.65,2.07,1.0,1.0,0.995,13.7,12.78,,,,,,,,1,
2026-08-17,701398,Sal Stewart,Andre Pallante,STL@CIN,CIN,2.0,2B,R,4.54,2.11,1.011,1.002,0.962,13.4,12.62,,,,,,,,0,
2026-08-17,664728,Kyle Isbel,Mason Barnett,ATH@KC,KC,9.0,CF,L,2.27,4.91,1.0,1.0,1.065,13.3,12.56,,,,,,,,0,
2026-08-17,668709,Jj Bleday,Andre Pallante,STL@CIN,CIN,3.0,LF,L,4.57,2.11,1.011,1.002,0.962,13.1,12.46,,,,,,,,0,
2026-08-17,668670,Jake Rogers,Shota Imanaga,CWS@CHC,CWS,9.0,C,R,2.66,4.63,0.978,1.008,0.96,13.0,12.4,,,,,,,,0,
2026-08-17,665052,Griffin Conine,Cristopher Sánchez,MIA@PHI,MIA,8.0,RF,L,5.44,2.21,1.006,1.005,0.9,12.9,12.35,,,,,,,,0,
2026-08-17,553993,Eugenio Suárez,Andre Pallante,STL@CIN,CIN,4.0,3B,R,4.45,2.11,1.011,1.002,0.962,12.7,12.24,,,,,,,,0,
2026-08-17,673357,Luis Robert,Walker Buehler,SD@NYM,NYM,5.0,CF,R,3.27,2.87,0.991,0.986,1.019,12.5,12.13,,,,,,,,0,
2026-08-17,643289,Mauricio Dubón,Bailey Ober,ATL@MIN,ATL,5.0,LF,R,2.3,3.81,1.009,1.007,1.054,12.5,12.13,,,,,,,,0,
2026-08-17,668904,Royce Lewis,Martín Pérez,ATL@MIN,MIN,5.0,1B,R,3.41,2.68,0.99,1.007,1.012,12.4,12.08,,,,,,,,0,
2026-08-17,605137,Josh Bell,Martín Pérez,ATL@MIN,MIN,4.0,DH,L,3.23,2.68,1.009,1.007,1.012,12.4,12.08,,,,,,,,0,
2026-08-17,664761,Alec Bohm,Janson Junk,MIA@PHI,PHI,5.0,1B,R,2.89,3.16,1.006,1.005,0.995,12.3,12.03,,,,,,,,0,
2026-08-17,682829,Elly De La Cruz,Andre Pallante,STL@CIN,CIN,1.0,DH,R,4.04,2.11,1.011,1.002,0.962,12.2,11.97,,,,,,,,0,
2026-08-17,682626,Francisco Álvarez,Walker Buehler,SD@NYM,NYM,9.0,C,R,3.79,2.87,0.99,0.986,1.019,12.2,11.97,,,,,,,,0,
2026-08-17,691723,Coby Mayo,Shane Mcclanahan,BAL@TB,BAL,4.0,1B,R,4.26,2.07,1.0,1.0,0.995,12.2,11.97,,,,,,,,1,
2026-08-17,650490,Yandy Díaz,Brandon Young,BAL@TB,TB,1.0,DH,R,3.2,2.6,1.0,1.0,1.0,12.2,11.97,,,,,,,,1,
2026-08-17,668939,Adley Rutschman,Mitch Bratt,AZ@BOS,BOS,5.0,C,R,2.74,3.27,1.037,1.006,0.956,12.0,11.87,,,,,,,,0,
2026-08-17,686797,Brooks Lee,Martín Pérez,ATL@MIN,MIN,7.0,3B,R,3.61,2.68,0.99,1.007,1.012,12.0,11.87,,,,,,,,0,
2026-08-17,701538,Jackson Merrill,Nolan Mclean,SD@NYM,SD,5.0,CF,L,3.58,2.72,0.99,0.986,0.936,11.9,11.81,,,,,,,,0,
2026-08-17,702332,Caleb Durbin,Mitch Bratt,AZ@BOS,BOS,6.0,3B,R,2.77,3.27,1.037,1.006,0.956,11.7,11.71,,,,,,,,0,
2026-08-17,672580,Maikel García,Mason Barnett,ATH@KC,KC,4.0,3B,R,1.61,4.91,1.0,1.0,1.065,11.7,11.71,,,,,,,,0,
2026-08-17,657757,Gavin Sheets,Nolan Mclean,SD@NYM,SD,7.0,DH,L,3.81,2.72,0.99,0.986,0.936,11.7,11.71,,,,,,,,0,
2026-08-17,543760,Marcus Semien,Walker Buehler,SD@NYM,NYM,7.0,2B,R,3.32,2.87,0.991,0.986,1.019,11.7,11.71,,,,,,,,0,
2026-08-17,671056,Iván Herrera,Rhett Lowder,STL@CIN,STL,2.0,C,R,2.49,2.89,1.011,1.002,1.106,11.6,11.65,,,,,,,,1,
2026-08-17,686668,Brenton Doyle,Shota Imanaga,CWS@CHC,CWS,6.0,CF,R,2.03,4.63,0.978,1.008,0.96,11.6,11.65,,,,,,,,0,
2026-08-17,641933,Tyler O'Neill,Shane Mcclanahan,BAL@TB,BAL,1.0,RF,R,3.76,2.07,1.0,1.0,0.995,11.4,11.54,,,,,,,,0,
2026-08-17,687952,Christian Encarnacion-Strand,Shane Mcclanahan,BAL@TB,BAL,6.0,3B,R,4.26,2.07,1.0,1.0,0.995,11.4,11.54,,,,,,,,1,
2026-08-17,642201,Eli White,Mitch Bratt,AZ@BOS,BOS,9.0,LF,R,3.08,3.27,1.037,1.006,0.956,11.3,11.49,,,,,,,,0,
2026-08-17,686555,Isaac Collins,Mason Barnett,ATH@KC,KC,8.0,LF,R,1.82,4.91,1.0,1.0,1.065,11.3,11.49,,,,,,,,0,
2026-08-17,666126,Carlos Cortes,Michael Wacha,ATH@KC,ATH,5.0,LF,L,2.66,2.96,1.0,1.0,0.992,10.6,11.12,,,,,,,,0,
2026-08-17,656775,Cedric Mullins,Brandon Young,BAL@TB,TB,7.0,CF,L,3.17,2.6,1.0,1.0,1.0,10.2,10.9,,,,,,,,0,
2026-08-17,650402,Gleyber Torres,Carmen Mlodzinski,DET@PIT,DET,1.0,DH,R,2.79,2.16,1.007,0.997,1.097,9.9,10.74,,,,,,,,0,
2026-08-17,655316,Andruw Monasterio,Mitch Bratt,AZ@BOS,BOS,7.0,SS,R,2.46,3.27,1.037,1.006,0.956,9.9,10.74,,,,,,,,0,
2026-08-17,683002,Gunnar Henderson,Shane Mcclanahan,BAL@TB,BAL,5.0,SS,L,3.48,2.07,1.0,1.0,0.995,9.7,10.63,,,,,,,,0,
2026-08-17,666182,Bo Bichette,Walker Buehler,SD@NYM,NYM,3.0,3B,R,2.39,2.87,0.991,0.986,1.019,9.7,10.63,,,,,,,,0,
2026-08-17,668804,Bryan Reynolds,Framber Valdez,DET@PIT,PIT,3.0,LF,R,2.79,2.38,1.007,0.997,1.023,9.7,10.63,,,,,,,,0,
2026-08-17,608348,Carson Kelly,Luis Castillo,CWS@CHC,CHC,9.0,C,R,2.4,3.4,0.961,1.008,1.048,9.4,10.47,,,,,,,,0,
2026-08-17,690993,Colt Keith,Carmen Mlodzinski,DET@PIT,DET,4.0,1B,L,2.68,2.16,1.016,0.997,1.097,9.1,10.31,,,,,,,,0,
2026-08-17,680779,Henry Davis,Framber Valdez,DET@PIT,PIT,9.0,C,R,3.14,2.38,1.012,0.997,1.023,8.8,10.15,,,,,,,,0,
2026-08-17,622761,Jorge Mateo,Brandon Young,BAL@TB,TB,9.0,SS,R,2.93,2.6,1.0,1.0,1.0,8.7,10.1,,,,,,,,1,
2026-08-17,624431,Jose Trevino,Andre Pallante,STL@CIN,CIN,8.0,C,R,3.5,2.11,1.011,1.002,0.962,8.6,10.04,,,,,,,,0,
2026-08-17,702616,Jackson Holliday,Shane Mcclanahan,BAL@TB,BAL,3.0,2B,L,2.64,2.07,1.0,1.0,0.995,7.8,9.61,,,,,,,,0,
2026-08-17,682668,Luisangel Acuña,Shota Imanaga,CWS@CHC,CWS,8.0,SS,R,1.47,4.63,0.978,1.008,0.96,7.7,9.56,,,,,,,,0,
2026-08-17,669236,Jeremiah Jackson,Shane Mcclanahan,BAL@TB,BAL,7.0,LF,R,2.93,2.07,1.0,1.0,0.995,7.6,9.51,,,,,,,,0,
2026-08-17,807712,Luke Keaschall,Martín Pérez,ATL@MIN,MIN,1.0,RF,R,1.84,2.68,1.009,1.007,1.012,7.6,9.51,,,,,,,,0,
2026-08-17,663538,Nico Hoerner,Luis Castillo,CWS@CHC,CHC,6.0,SS,R,1.62,3.4,0.978,1.008,1.048,7.5,9.45,,,,,,,,0,
2026-08-17,593428,Xander Bogaerts,Nolan Mclean,SD@NYM,SD,8.0,SS,R,2.48,2.72,0.991,0.986,0.936,7.4,9.4,,,,,,,,0,
2026-08-17,593871,Jorge Polanco,Walker Buehler,SD@NYM,NYM,8.0,DH,L,2.16,2.87,0.99,0.986,1.019,7.4,9.4,,,,,,,,0,
2026-08-17,630105,Jake Cronenworth,Nolan Mclean,SD@NYM,SD,2.0,2B,L,1.9,2.72,0.989,0.986,0.936,6.9,9.13,,,,,,,,0,
2026-08-17,694377,Nick Yorke,Framber Valdez,DET@PIT,PIT,8.0,3B,R,2.22,2.38,1.007,0.997,1.023,6.6,8.97,,,,,,,,0,
2026-08-17,680700,Richie Palacios,Brandon Young,BAL@TB,TB,8.0,2B,L,2.07,2.6,1.0,1.0,1.0,6.5,8.92,,,,,,,,0,
2026-08-17,681508,Mickey Gasper,Mitch Bratt,AZ@BOS,BOS,8.0,DH,L,1.53,3.27,1.044,1.006,0.956,6.1,8.7,,,,,,,,1,
2026-08-17,595879,Javier Báez,Carmen Mlodzinski,DET@PIT,DET,9.0,SS,R,2.21,2.16,1.007,0.997,1.097,6.0,8.65,,,,,,,,0,
2026-08-17,682663,Agustín Ramírez,Cristopher Sánchez,MIA@PHI,MIA,4.0,DH,R,2.06,2.21,1.008,1.005,0.9,5.9,8.6,,,,,,,,0,
2026-08-17,693304,Nick Gonzales,Framber Valdez,DET@PIT,PIT,4.0,2B,R,1.59,2.38,1.016,0.997,1.023,5.6,8.43,,,,,,,,0,
2026-08-17,656716,Zach Mckinstry,Carmen Mlodzinski,DET@PIT,DET,5.0,RF,L,1.67,2.16,1.02,0.997,1.097,5.5,8.38,,,,,,,,0,
2026-08-17,672640,Otto Lopez,Cristopher Sánchez,MIA@PHI,MIA,5.0,SS,R,1.96,2.21,1.008,1.005,0.9,5.4,8.33,,,,,,,,0,
2026-08-17,691026,Masyn Winn,Rhett Lowder,STL@CIN,STL,7.0,SS,R,1.3,2.89,1.011,1.002,1.106,5.3,8.27,,,,,,,,0,
2026-08-17,669707,Jared Triolo,Framber Valdez,DET@PIT,PIT,1.0,SS,R,1.41,2.38,1.007,0.997,1.023,5.2,8.22,,,,,,,,0,
2026-08-17,691594,Javier Sanoja,Cristopher Sánchez,MIA@PHI,MIA,6.0,3B,R,1.89,2.21,1.008,1.005,0.9,5.1,8.17,,,,,,,,0,
2026-08-17,650859,Luis Rengifo,Nolan Mclean,SD@NYM,SD,9.0,LF,R,1.75,2.72,0.991,0.986,0.936,5.0,8.11,,,,,,,,0,
2026-08-17,665966,Carlos Narváez,Shane Mcclanahan,BAL@TB,BAL,8.0,C,R,1.91,2.07,1.0,1.0,0.995,4.8,8.01,,,,,,,,0,
2026-08-17,663968,Jake Mangum,Framber Valdez,DET@PIT,PIT,7.0,CF,R,1.55,2.38,1.012,0.997,1.023,4.8,8.01,,,,,,,,0,
2026-08-17,669364,Xavier Edwards,Cristopher Sánchez,MIA@PHI,MIA,3.0,2B,L,1.5,2.21,1.006,1.005,0.9,4.4,7.79,,,,,,,,0,
2026-08-18,621566,Matt Olson,Zebby Matthews,ATL@MIN,ATL,3.0,1B,L,5.96,4.19,1.009,0.983,1.054,33.2,23.23,,,,,,,,0,
2026-08-18,575929,Willson Contreras,Merrill Kelly,AZ@BOS,BOS,4.0,1B,R,4.86,4.25,1.037,1.02,1.12,31.2,22.16,,,,,,,,0,
2026-08-18,660271,Shohei Ohtani,Ryan Feltner,LAD@COL,LAD,1.0,DH,L,5.02,4.23,0.966,1.014,1.109,31.1,22.11,,,,,,,,1,
2026-08-18,571970,Max Muncy,Ryan Feltner,LAD@COL,LAD,4.0,3B,L,5.16,4.23,0.975,1.014,1.109,30.7,21.89,,,,,,,,0,
2026-08-18,666160,Mickey Moniak,Eric Lauer,LAD@COL,COL,6.0,LF,L,5.11,4.69,0.956,1.014,1.057,29.4,21.2,,,,,,,,0,
2026-08-18,677800,Wilyer Abreu,Merrill Kelly,AZ@BOS,BOS,3.0,RF,L,3.93,4.25,1.059,1.02,1.12,26.6,19.7,,,,,,,,0,
2026-08-18,686948,Drake Baldwin,Zebby Matthews,ATL@MIN,ATL,1.0,DH,L,4.13,4.19,0.999,0.983,1.054,24.9,18.78,,,,,,,,1,
2026-08-18,671739,Michael Harris,Zebby Matthews,ATL@MIN,ATL,4.0,CF,L,3.95,4.19,1.009,0.983,1.054,23.0,17.77,,,,,,,,0,
2026-08-18,605141,Mookie Betts,Ryan Feltner,LAD@COL,LAD,5.0,SS,R,3.79,4.23,0.96,1.014,1.109,22.2,17.34,,,,,,,,0,
2026-08-18,678882,Ceddanne Rafaela,Merrill Kelly,AZ@BOS,BOS,2.0,CF,R,3.15,4.25,1.037,1.02,1.12,21.8,17.12,,,,,,,,0,
2026-08-18,664983,Jake Mccarthy,Eric Lauer,LAD@COL,COL,1.0,DH,L,3.03,4.69,0.966,1.014,1.057,20.8,16.59,,,,,,,,0,
2026-08-18,691406,Junior Caminero,José Soriano,TOR@TB,TB,2.0,3B,R,5.8,2.5,1.0,1.0,1.036,20.7,16.53,,,,,,,,0,
2026-08-18,645277,Ozzie Albies,Zebby Matthews,ATL@MIN,ATL,5.0,2B,R,3.62,4.19,0.99,0.983,1.054,20.2,16.26,,,,,,,,0,
2026-08-18,665052,Griffin Conine,Zack Wheeler,MIA@PHI,MIA,4.0,1B,L,5.37,3.07,1.006,1.003,0.9,20.2,16.26,,,,,,,,1,
2026-08-18,650489,Willi Castro,Eric Lauer,LAD@COL,COL,3.0,3B,R,3.03,4.69,0.963,1.014,1.057,19.9,16.1,,,,,,,,1,
2026-08-18,680776,Jarren Duran,Merrill Kelly,AZ@BOS,BOS,7.0,LF,L,3.17,4.25,1.044,1.02,1.12,19.2,15.73,,,,,,,,0,
2026-08-18,656941,Kyle Schwarber,Cade Gibson,MIA@PHI,PHI,1.0,DH,L,6.19,2.15,1.006,1.003,0.974,18.7,15.46,,,,,,,,0,
2026-08-18,518692,Freddie Freeman,Ryan Feltner,LAD@COL,LAD,2.0,1B,L,2.91,4.23,0.966,1.014,1.109,18.6,15.41,,,,,,,,0,
2026-08-18,691023,Jordan Walker,Andrew Abbott,STL@CIN,STL,3.0,RF,R,4.31,2.96,1.011,1.001,1.058,18.6,15.41,,,,,,,,0,
2026-08-18,694192,Jackson Chourio,Bryce Miller,SEA@MIL,MIL,2.0,LF,R,3.88,3.86,0.99,1.0,0.9,18.6,15.41,,,,,,,,0,
2026-08-18,678246,Miguel Vargas,Kevin Gausman,CWS@CHC,CWS,3.0,3B,R,4.81,2.92,0.978,1.026,0.969,18.6,15.41,,,,,,,,0,
2026-08-18,686527,Dominic Canzone,Kyle Harrison,SEA@MIL,SEA,3.0,DH,L,4.6,3.29,0.982,1.0,0.9,18.3,15.24,,,,,,,,0,
2026-08-18,665019,Kody Clemens,Tyler Mahle,ATL@MIN,MIN,5.0,2B,L,4.39,3.27,1.009,0.983,0.971,18.1,15.14,,,,,,,,0,
2026-08-18,668939,Adley Rutschman,Merrill Kelly,AZ@BOS,BOS,5.0,C,R,2.7,4.25,1.037,1.02,1.12,17.8,14.98,,,,,,,,1,
2026-08-18,701398,Sal Stewart,Kyle Leahy,STL@CIN,CIN,2.0,1B,R,4.49,2.55,1.011,1.001,1.09,17.7,14.92,,,,,,,,0,
2026-08-18,702332,Caleb Durbin,Merrill Kelly,AZ@BOS,BOS,6.0,3B,R,2.74,4.25,1.037,1.02,1.12,17.5,14.82,,,,,,,,0,
2026-08-18,668709,Jj Bleday,Kyle Leahy,STL@CIN,CIN,3.0,LF,L,4.52,2.55,1.011,1.001,1.09,17.4,14.76,,,,,,,,0,
2026-08-18,695657,Colson Montgomery,Kevin Gausman,CWS@CHC,CWS,6.0,SS,L,4.81,2.92,0.978,1.026,0.969,17.3,14.71,,,,,,,,0,
2026-08-18,682657,Angel Martínez,Carson Whisenhunt,SF@CLE,CLE,4.0,LF,L,3.67,3.06,1.008,0.999,1.12,17.3,14.71,,,,,,,,0,
2026-08-18,672960,Kazuma Okamoto,Nick Martínez,TOR@TB,TOR,6.0,1B,R,4.51,2.93,1.0,1.0,1.027,17.2,14.65,,,,,,,,1,
2026-08-18,553993,Eugenio Suárez,Kyle Leahy,STL@CIN,CIN,4.0,DH,R,4.37,2.55,1.011,1.001,1.09,16.8,14.44,,,,,,,,0,
2026-08-18,666139,Josh Lowe,Cristian Javier,LAA@HOU,LAA,7.0,RF,L,3.47,3.53,1.004,1.0,1.12,16.7,14.39,,,,,,,,1,
2026-08-18,606192,Teoscar Hernández,Ryan Feltner,LAD@COL,LAD,8.0,LF,R,3.12,4.23,0.963,1.014,1.109,16.7,14.39,,,,,,,,0,
2026-08-18,664034,Ty France,Zac Thornton,SD@NYM,SD,4.0,1B,R,4.31,2.62,0.991,1.022,1.067,16.7,14.39,,,,,,,,0,
2026-08-18,666176,Jo Adell,Carson Whisenhunt,SF@CLE,CLE,3.0,RF,R,3.45,3.06,1.015,0.999,1.12,16.5,14.28,,,,,,,,1,
2026-08-18,700250,Ben Rice,Shane Baz,NYY@BAL,NYY,2.0,DH,L,5.86,1.95,1.015,1.012,1.003,16.5,14.28,,,,,,,,0,
2026-08-18,682829,Elly De La Cruz,Kyle Leahy,STL@CIN,CIN,1.0,SS,R,3.98,2.55,1.011,1.001,1.09,16.2,14.12,,,,,,,,0,
2026-08-18,592518,Manny Machado,Zac Thornton,SD@NYM,SD,3.0,3B,R,4.14,2.62,0.991,1.022,1.067,16.2,14.12,,,,,,,,1,
2026-08-18,664040,Brandon Lowe,Keider Montero,DET@PIT,PIT,2.0,2B,L,4.61,2.64,1.016,1.001,0.919,16.1,14.06,,,,,,,,0,
2026-08-18,682626,Francisco Álvarez,Robbie Ray,SD@NYM,NYM,5.0,DH,R,3.77,3.06,0.99,1.022,1.042,16.0,14.01,,,,,,,,0,
2026-08-18,663586,Austin Riley,Zebby Matthews,ATL@MIN,ATL,7.0,3B,R,3.03,4.19,0.994,0.983,1.054,15.9,13.96,,,,,,,,0,
2026-08-18,680777,Ryan Jeffers,Tyler Mahle,ATL@MIN,MIN,3.0,C,R,3.64,3.27,0.99,0.983,0.971,15.5,13.74,,,,,,,,0,
2026-08-18,679529,Spencer Torkelson,Braxton Ashcraft,DET@PIT,DET,6.0,1B,R,3.88,3.39,1.007,1.001,0.902,15.3,13.64,,,,,,,,0,
2026-08-18,677594,Julio Rodríguez,Kyle Harrison,SEA@MIL,SEA,4.0,CF,R,3.68,3.29,0.99,1.0,0.9,14.9,13.42,,,,,,,,0,
2026-08-18,691781,Brady House,Cal Quantrill,WSH@TEX,WSH,3.0,3B,R,3.47,3.03,1.006,1.0,1.021,14.9,13.42,,,,,,,,0,
2026-08-18,668930,Brice Turang,Bryce Miller,SEA@MIL,MIL,1.0,2B,L,3.04,3.86,0.97,1.0,0.9,14.9,13.42,,,,,,,,0,
2026-08-18,673357,Luis Robert,Robbie Ray,SD@NYM,NYM,3.0,CF,R,3.24,3.06,0.991,1.022,1.042,14.5,13.21,,,,,,,,1,
2026-08-18,624413,Pete Alonso,Carlos Rodón,NYY@BAL,BAL,2.0,DH,R,4.77,2.19,1.015,1.012,0.941,14.4,13.15,,,,,,,,0,
2026-08-18,680869,Zack Gelof,Daniel Lynch,ATH@KC,ATH,2.0,DH,R,4.45,2.43,1.0,1.0,0.937,14.4,13.15,,,,,,,,0,
2026-08-18,665833,Oneil Cruz,Keider Montero,DET@PIT,PIT,5.0,CF,L,4.38,2.64,1.016,1.001,0.919,14.4,13.15,,,,,,,,1,
2026-08-18,655316,Andruw Monasterio,Merrill Kelly,AZ@BOS,BOS,8.0,SS,R,2.43,4.25,1.037,1.02,1.12,14.3,13.1,,,,,,,,0,
2026-08-18,671277,Luis García,Shane Baz,NYY@BAL,NYY,4.0,1B,L,5.12,1.95,1.022,1.012,1.003,14.3,13.1,,,,,,,,0,
2026-08-18,683357,Owen Caissie,Zack Wheeler,MIA@PHI,MIA,7.0,RF,L,4.11,3.07,1.006,1.003,0.9,14.0,12.94,,,,,,,,0,
2026-08-18,605137,Josh Bell,Tyler Mahle,ATL@MIN,MIN,4.0,DH,L,3.21,3.27,1.009,0.983,0.971,14.0,12.94,,,,,,,,1,
2026-08-18,668227,Randy Arozarena,Kyle Harrison,SEA@MIL,SEA,2.0,LF,R,3.32,3.29,0.982,1.0,0.9,13.7,12.78,,,,,,,,0,
2026-08-18,663656,Kyle Tucker,Ryan Feltner,LAD@COL,LAD,7.0,RF,L,2.42,4.23,0.966,1.014,1.109,13.6,12.72,,,,,,,,0,
2026-08-18,686797,Brooks Lee,Tyler Mahle,ATL@MIN,MIN,7.0,3B,R,3.59,3.27,0.99,0.983,0.971,13.6,12.72,,,,,,,,0,
2026-08-18,668904,Royce Lewis,Tyler Mahle,ATL@MIN,MIN,6.0,1B,R,3.38,3.27,0.99,0.983,0.971,13.4,12.62,,,,,,,,0,
2026-08-18,701538,Jackson Merrill,Zac Thornton,SD@NYM,SD,5.0,CF,L,3.56,2.62,0.99,1.022,1.067,13.4,12.62,,,,,,,,0,
2026-08-18,686611,Dylan Crews,Cal Quantrill,WSH@TEX,WSH,5.0,RF,R,3.24,3.03,1.006,1.0,1.021,13.4,12.62,,,,,,,,0,
2026-08-18,681393,Connor Norby,Eric Lauer,LAD@COL,COL,5.0,2B,R,2.05,4.69,0.966,1.014,1.057,13.3,12.56,,,,,,,,0,
2026-08-18,543760,Marcus Semien,Robbie Ray,SD@NYM,NYM,7.0,2B,R,3.3,3.06,0.991,1.022,1.042,13.1,12.46,,,,,,,,0,
2026-08-18,643217,Andrew Benintendi,Kevin Gausman,CWS@CHC,CWS,4.0,DH,L,3.39,2.92,0.957,1.026,0.969,13.1,12.46,,,,,,,,0,
2026-08-18,691723,Coby Mayo,Carlos Rodón,NYY@BAL,BAL,4.0,1B,R,4.44,2.19,1.006,1.012,0.941,13.0,12.4,,,,,,,,1,
2026-08-18,547180,Bryce Harper,Cade Gibson,MIA@PHI,PHI,3.0,RF,L,4.35,2.15,1.006,1.003,0.974,12.8,12.3,,,,,,,,0,
2026-08-18,695734,Daylen Lile,Cal Quantrill,WSH@TEX,WSH,4.0,LF,L,2.95,3.03,1.005,1.0,1.021,12.7,12.24,,,,,,,,0,
2026-08-18,678662,Ezequiel Tovar,Eric Lauer,LAD@COL,COL,9.0,SS,R,2.35,4.69,0.963,1.014,1.057,12.7,12.24,,,,,,,,0,
2026-08-18,663886,Tyler Stephenson,Kyle Leahy,STL@CIN,CIN,5.0,C,R,3.37,2.55,1.011,1.001,1.09,12.7,12.24,,,,,,,,0,
2026-08-18,543807,George Springer,Nick Martínez,TOR@TB,TOR,4.0,DH,R,3.02,2.93,1.0,1.0,1.027,12.7,12.24,,,,,,,,0,
2026-08-18,687952,Christian Encarnacion-Strand,Carlos Rodón,NYY@BAL,BAL,6.0,3B,R,4.64,2.19,1.006,1.012,0.941,12.6,12.19,,,,,,,,0,
2026-08-18,650402,Gleyber Torres,Braxton Ashcraft,DET@PIT,DET,1.0,2B,R,2.75,3.39,1.007,1.001,0.902,12.5,12.13,,,,,,,,0,
2026-08-18,661388,William Contreras,Bryce Miller,SEA@MIL,MIL,4.0,C,R,2.53,3.86,0.99,1.0,0.9,12.2,11.97,,,,,,,,0,
2026-08-18,660821,Jesús Sánchez,Nick Martínez,TOR@TB,TOR,5.0,LF,L,3.01,2.93,1.0,1.0,1.027,12.2,11.97,,,,,,,,0,
2026-08-18,650490,Yandy Díaz,José Soriano,TOR@TB,TB,4.0,DH,R,3.33,2.5,1.0,1.0,1.036,12.0,11.87,,,,,,,,0,
2026-08-18,643289,Mauricio Dubón,Zebby Matthews,ATL@MIN,ATL,8.0,SS,R,2.28,4.19,1.009,0.983,1.054,11.9,11.81,,,,,,,,0,
2026-08-18,671056,Iván Herrera,Andrew Abbott,STL@CIN,STL,2.0,DH,R,2.6,2.96,1.011,1.001,1.058,11.9,11.81,,,,,,,,0,
2026-08-18,663728,Cal Raleigh,Kyle Harrison,SEA@MIL,SEA,7.0,C,R,3.3,3.29,0.99,1.0,0.9,11.9,11.81,,,,,,,,0,
2026-08-18,672386,Alejandro Kirk,Nick Martínez,TOR@TB,TOR,3.0,C,R,2.78,2.93,1.0,1.0,1.027,11.8,11.76,,,,,,,,1,
2026-08-18,687597,Jordan Beck,Eric Lauer,LAD@COL,COL,7.0,RF,R,1.96,4.69,0.963,1.014,1.057,11.7,11.71,,,,,,,,0,
2026-08-18,690993,Colt Keith,Braxton Ashcraft,DET@PIT,DET,3.0,DH,L,2.66,3.39,1.016,1.001,0.902,11.6,11.65,,,,,,,,0,
2026-08-18,641680,Jonah Heim,Daniel Lynch,ATH@KC,ATH,4.0,C,L,3.61,2.43,1.0,1.0,0.937,11.5,11.6,,,,,,,,0,
2026-08-18,666182,Bo Bichette,Robbie Ray,SD@NYM,NYM,2.0,3B,R,2.38,3.06,0.991,1.022,1.042,11.1,11.38,,,,,,,,0,
2026-08-18,680977,Brendan Donovan,Kyle Harrison,SEA@MIL,SEA,1.0,3B,L,2.55,3.29,0.982,1.0,0.9,11.0,11.33,,,,,,,,0,
2026-08-18,641933,Tyler O'Neill,Carlos Rodón,NYY@BAL,BAL,3.0,RF,R,3.71,2.19,1.006,1.012,0.941,11.0,11.33,,,,,,,,0,
2026-08-18,687462,Spencer Horwitz,Keider Montero,DET@PIT,PIT,1.0,1B,L,2.97,2.64,1.016,1.001,0.919,10.9,11.28,,,,,,,,0,
2026-08-18,681508,Mickey Gasper,Merrill Kelly,AZ@BOS,BOS,9.0,DH,L,1.91,4.25,1.044,1.02,1.12,10.9,11.28,,,,,,,,1,
2026-08-18,663757,Trent Grisham,Shane Baz,NYY@BAL,NYY,1.0,CF,L,3.71,1.95,0.999,1.012,1.003,10.8,11.22,,,,,,,,1,
2026-08-18,592885,Christian Yelich,Bryce Miller,SEA@MIL,MIL,5.0,DH,L,2.35,3.86,0.982,1.0,0.9,10.8,11.22,,,,,,,,1,
2026-08-18,672275,Patrick Bailey,Carson Whisenhunt,SF@CLE,CLE,8.0,C,L,2.56,3.06,1.008,0.999,1.12,10.5,11.06,,,,,,,,0,
2026-08-18,620443,Luis Torrens,Robbie Ray,SD@NYM,NYM,9.0,C,R,2.8,3.06,0.991,1.022,1.042,10.2,10.9,,,,,,,,1,
2026-08-18,656775,Cedric Mullins,José Soriano,TOR@TB,TB,7.0,CF,L,3.14,2.5,1.0,1.0,1.036,10.1,10.85,,,,,,,,0,
2026-08-18,683002,Gunnar Henderson,Carlos Rodón,NYY@BAL,BAL,5.0,SS,L,3.46,2.19,1.015,1.012,0.941,9.9,10.74,,,,,,,,0,
2026-08-18,696285,Jacob Young,Cal Quantrill,WSH@TEX,WSH,9.0,CF,R,2.75,3.03,1.006,1.0,1.021,9.7,10.63,,,,,,,,0,
2026-08-18,668804,Bryan Reynolds,Keider Montero,DET@PIT,PIT,3.0,DH,R,2.77,2.64,1.007,1.001,0.919,9.6,10.58,,,,,,,,0,
2026-08-18,607208,Trea Turner,Cade Gibson,MIA@PHI,PHI,2.0,SS,R,3.14,2.15,1.008,1.003,0.974,9.6,10.58,,,,,,,,0,
2026-08-18,665862,Jazz Chisholm,Shane Baz,NYY@BAL,NYY,6.0,2B,L,3.64,1.95,1.015,1.012,1.003,9.5,10.53,,,,,,,,0,
2026-08-18,664770,Nathan Lukes,Nick Martínez,TOR@TB,TOR,2.0,RF,L,2.18,2.93,1.0,1.0,1.027,9.5,10.53,,,,,,,,0,
2026-08-18,687401,Joey Ortiz,Bryce Miller,SEA@MIL,MIL,8.0,SS,R,2.28,3.86,0.99,1.0,0.9,9.4,10.47,,,,,,,,0,
2026-08-18,667472,Dane Myers,Kyle Leahy,STL@CIN,CIN,6.0,CF,R,2.48,2.55,1.011,1.001,1.09,9.2,10.36,,,,,,,,0,
2026-08-18,593428,Xander Bogaerts,Zac Thornton,SD@NYM,SD,6.0,SS,R,2.46,2.62,0.991,1.022,1.067,9.1,10.31,,,,,,,,0,
2026-08-18,686780,Pedro Pagés,Andrew Abbott,STL@CIN,STL,9.0,C,R,2.53,2.96,1.011,1.001,1.058,9.1,10.31,,,,,,,,0,
2026-08-18,677587,Brayan Rocchio,Carson Whisenhunt,SF@CLE,CLE,9.0,SS,L,2.31,3.06,1.006,0.999,1.12,9.0,10.26,,,,,,,,0,
2026-08-18,663647,Ke'Bryan Hayes,Kyle Leahy,STL@CIN,CIN,9.0,3B,R,2.79,2.55,1.012,1.001,1.09,9.0,10.26,,,,,,,,0,
2026-08-18,807712,Luke Keaschall,Tyler Mahle,ATL@MIN,MIN,1.0,CF,R,1.83,3.27,1.009,0.983,0.971,8.6,10.04,,,,,,,,0,
2026-08-18,665877,José Fermín,Andrew Abbott,STL@CIN,STL,8.0,CF,R,2.25,2.96,1.011,1.001,1.058,8.6,10.04,,,,,,,,0,
2026-08-18,682998,Corbin Carroll,Ranger Suarez,AZ@BOS,AZ,2.0,RF,L,3.34,1.78,1.037,1.02,0.933,8.5,9.99,,,,,,,,0,
2026-08-18,665926,Andrés Giménez,Nick Martínez,TOR@TB,TOR,7.0,SS,L,2.19,2.93,1.0,1.0,1.027,8.3,9.88,,,,,,,,0,
2026-08-18,664761,Alec Bohm,Cade Gibson,MIA@PHI,PHI,5.0,1B,R,2.87,2.15,1.006,1.003,0.974,8.3,9.88,,,,,,,,0,
2026-08-18,702616,Jackson Holliday,Carlos Rodón,NYY@BAL,BAL,1.0,2B,L,2.6,2.19,1.015,1.012,0.941,8.3,9.88,,,,,,,,0,
2026-08-18,623168,Tyler Heineman,Cristian Javier,LAA@HOU,LAA,9.0,C,R,1.74,3.53,1.004,1.0,1.12,7.9,9.67,,,,,,,,0,
2026-08-18,672640,Otto Lopez,Zack Wheeler,MIA@PHI,MIA,3.0,SS,R,1.94,3.07,1.008,1.003,0.9,7.8,9.61,,,,,,,,0,
2026-08-18,666023,Freddy Fermin,Zac Thornton,SD@NYM,SD,8.0,C,R,2.3,2.62,0.991,1.022,1.067,7.8,9.61,,,,,,,,0,
2026-08-18,671218,Heliot Ramos,Shane Baz,NYY@BAL,NYY,3.0,LF,R,2.73,1.95,1.003,1.012,1.003,7.7,9.56,,,,,,,,0,
2026-08-18,683766,Christian Koss,Foster Griffin,SF@CLE,SF,9.0,SS,R,1.79,3.71,1.015,0.999,0.999,7.7,9.56,,,,,,,,0,
2026-08-18,694374,Tim Tawa,Ranger Suarez,AZ@BOS,AZ,5.0,1B,R,3.17,1.78,1.049,1.02,0.933,7.7,9.56,,,,,,,,0,
2026-08-18,595879,Javier Báez,Braxton Ashcraft,DET@PIT,DET,9.0,SS,R,2.17,3.39,1.007,1.001,0.902,7.6,9.51,,,,,,,,0,
2026-08-18,664023,Ian Happ,Bryan Hudson,CWS@CHC,CHC,7.0,LF,R,3.71,1.78,0.978,1.026,0.9,7.5,9.45,,,,,,,,0,
2026-08-18,691777,Max Muncy,Daniel Lynch,ATH@KC,ATH,7.0,LF,R,2.63,2.43,1.0,1.0,0.937,7.5,9.45,,,,,,,,0,
2026-08-18,682663,Agustín Ramírez,Zack Wheeler,MIA@PHI,MIA,6.0,DH,R,2.02,3.07,1.008,1.003,0.9,7.5,9.45,,,,,,,,0,
2026-08-18,805300,Jakob Marsee,Zack Wheeler,MIA@PHI,MIA,1.0,CF,L,1.77,3.07,1.006,1.003,0.9,7.4,9.4,,,,,,,,0,
2026-08-18,624424,Michael Conforto,Bryan Hudson,CWS@CHC,CHC,9.0,RF,L,4.0,1.78,0.978,1.026,0.9,7.3,9.35,,,,,,,,0,
2026-08-18,650859,Luis Rengifo,Zac Thornton,SD@NYM,SD,2.0,LF,R,1.74,2.62,0.991,1.022,1.067,7.2,9.29,,,,,,,,0,
2026-08-18,678391,Jorbit Vivas,Cal Quantrill,WSH@TEX,WSH,6.0,2B,L,1.72,3.03,1.005,1.0,1.021,7.1,9.24,,,,,,,,0,
2026-08-18,543510,James Mccann,Ranger Suarez,AZ@BOS,AZ,7.0,C,R,3.22,1.78,1.044,1.02,0.933,7.1,9.24,,,,,,,,0,
2026-08-18,656716,Zach Mckinstry,Braxton Ashcraft,DET@PIT,DET,5.0,RF,L,1.65,3.39,1.02,1.001,0.902,7.1,9.24,,,,,,,,0,
2026-08-18,669224,Austin Wells,Shane Baz,NYY@BAL,NYY,9.0,C,L,2.92,1.95,0.999,1.012,1.003,6.6,8.97,,,,,,,,0,
2026-08-18,608324,Alex Bregman,Bryan Hudson,CWS@CHC,CHC,3.0,3B,R,2.88,1.78,0.976,1.026,0.9,6.6,8.97,,,,,,,,0,
2026-08-18,691594,Javier Sanoja,Zack Wheeler,MIA@PHI,MIA,8.0,3B,R,1.87,3.07,1.008,1.003,0.9,6.4,8.86,,,,,,,,0,
2026-08-18,680700,Richie Palacios,José Soriano,TOR@TB,TB,8.0,2B,L,2.05,2.5,1.0,1.0,1.036,6.4,8.86,,,,,,,,0,
2026-08-18,666152,David Hamilton,Bryce Miller,SEA@MIL,MIL,9.0,3B,L,1.57,3.86,0.982,1.0,0.9,6.2,8.76,,,,,,,,1,
2026-08-18,630105,Jake Cronenworth,Zac Thornton,SD@NYM,SD,9.0,2B,L,1.88,2.62,0.989,1.022,1.067,6.1,8.7,,,,,,,,0,
2026-08-18,669364,Xavier Edwards,Zack Wheeler,MIA@PHI,MIA,2.0,2B,L,1.49,3.07,1.006,1.003,0.9,6.1,8.7,,,,,,,,0,
2026-08-18,665804,Miguel Amaya,Bryan Hudson,CWS@CHC,CHC,8.0,C,R,2.66,1.78,0.978,1.026,0.9,5.2,8.22,,,,,,,,0,
2026-08-18,691026,Masyn Winn,Andrew Abbott,STL@CIN,STL,7.0,SS,R,1.28,2.96,1.011,1.001,1.058,5.1,8.17,,,,,,,,1,
2026-08-18,663968,Jake Mangum,Keider Montero,DET@PIT,PIT,6.0,LF,R,1.54,2.64,1.012,1.001,0.919,5.0,8.11,,,,,,,,0,
2026-08-18,645302,Víctor Robles,Kyle Harrison,SEA@MIL,SEA,8.0,RF,R,1.43,3.29,0.974,1.0,0.9,5.0,8.11,,,,,,,,0,
2026-08-18,687231,Darell Hernaiz,Daniel Lynch,ATH@KC,ATH,9.0,SS,R,1.82,2.43,1.0,1.0,0.937,4.8,8.01,,,,,,,,0,
2026-08-18,665966,Carlos Narváez,Carlos Rodón,NYY@BAL,BAL,9.0,C,R,1.89,2.19,1.006,1.012,0.941,4.6,7.9,,,,,,,,0,
2026-08-18,669707,Jared Triolo,Keider Montero,DET@PIT,PIT,9.0,3B,R,1.4,2.64,1.007,1.001,0.919,4.0,7.58,,,,,,,,0,
2026-08-18,670764,Taylor Walls,José Soriano,TOR@TB,TB,9.0,SS,L,1.2,2.5,1.0,1.0,1.036,3.6,7.36,,,,,,,,0,
2026-08-18,663538,Nico Hoerner,Bryan Hudson,CWS@CHC,CHC,5.0,SS,R,1.61,1.78,0.978,1.026,0.9,3.6,7.36,,,,,,,,0,
2026-08-18,683083,Nasim Nuñez,Cal Quantrill,WSH@TEX,WSH,8.0,SS,R,0.88,3.03,1.006,1.0,1.021,3.4,7.25,,,,,,,,0,
2026-08-19,691406,Junior Caminero,Max Scherzer,TOR@TB,TB,2.0,3B,R,5.76,4.7,1.0,1.0,1.054,36.4,24.95,,,,,,,,0,
2026-08-19,665052,Griffin Conine,Aaron Nola,MIA@PHI,MIA,4.0,1B,L,5.62,4.81,1.006,1.014,1.007,34.8,24.09,,,,,,,,0,
2026-08-19,695506,Jac Caglianone,Jeffrey Springs,ATH@KC,KC,3.0,RF,L,4.43,5.18,1.0,1.0,1.08,31.7,22.43,,,,,,,,0,
2026-08-19,660271,Shohei Ohtani,Kyle Freeland,LAD@COL,LAD,1.0,DH,L,5.13,3.87,0.966,1.018,1.106,29.3,21.14,,,,,,,,0,
2026-08-19,666160,Mickey Moniak,Roki Sasaki,LAD@COL,COL,2.0,DH,L,5.07,4.11,0.956,1.018,1.013,27.5,20.18,,,,,,,,1,
2026-08-19,621566,Matt Olson,Taj Bradley,ATL@MIN,ATL,3.0,1B,L,5.93,3.23,1.009,0.995,0.982,25.0,18.84,,,,,,,,0,
2026-08-19,683357,Owen Caissie,Aaron Nola,MIA@PHI,MIA,6.0,DH,L,4.08,4.81,1.006,1.014,1.007,24.7,18.68,,,,,,,,0,
2026-08-19,701398,Sal Stewart,Matthew Liberatore,STL@CIN,CIN,2.0,1B,R,4.46,3.66,1.011,1.014,1.069,24.3,18.46,,,,,,,,1,
2026-08-19,677951,Bobby Witt,Jeffrey Springs,ATH@KC,KC,2.0,SS,R,3.13,5.18,1.0,1.0,1.08,23.8,18.19,,,,,,,,0,
2026-08-19,624413,Pete Alonso,Will Warren,NYY@BAL,BAL,2.0,DH,R,4.74,3.38,1.015,1.009,1.041,23.3,17.93,,,,,,,,1,
2026-08-19,553993,Eugenio Suárez,Matthew Liberatore,STL@CIN,CIN,4.0,3B,R,4.34,3.66,1.011,1.014,1.069,23.1,17.82,,,,,,,,0,
2026-08-19,521692,Salvador Pérez,Jeffrey Springs,ATH@KC,KC,6.0,DH,R,3.22,5.18,1.0,1.0,1.08,22.3,17.39,,,,,,,,0,
2026-08-19,682829,Elly De La Cruz,Matthew Liberatore,STL@CIN,CIN,1.0,SS,R,3.95,3.66,1.011,1.014,1.069,22.3,17.39,,,,,,,,0,
2026-08-19,695600,Carter Jensen,Jeffrey Springs,ATH@KC,KC,7.0,C,L,3.34,5.18,1.0,1.0,1.08,22.0,17.23,,,,,,,,0,
2026-08-19,650490,Yandy Díaz,Max Scherzer,TOR@TB,TB,4.0,DH,R,3.31,4.7,1.0,1.0,1.054,21.9,17.18,,,,,,,,1,
2026-08-19,700250,Ben Rice,Chris Bassitt,NYY@BAL,NYY,2.0,DH,L,5.82,2.42,1.015,1.009,1.093,21.7,17.07,,,,,,,,1,
2026-08-19,694212,Samuel Basallo,Will Warren,NYY@BAL,BAL,4.0,1B,L,4.56,3.38,0.999,1.009,1.041,21.6,17.01,,,,,,,,0,
2026-08-19,691723,Coby Mayo,Will Warren,NYY@BAL,BAL,5.0,3B,R,4.62,3.38,1.006,1.009,1.041,21.3,16.85,,,,,,,,0,
2026-08-19,668709,Jj Bleday,Matthew Liberatore,STL@CIN,CIN,7.0,LF,L,4.49,3.66,1.011,1.014,1.069,21.3,16.85,,,,,,,,0,
2026-08-19,656941,Kyle Schwarber,Sandy Alcántara,MIA@PHI,PHI,1.0,DH,L,6.14,2.53,1.006,1.014,0.936,21.0,16.69,,,,,,,,0,
2026-08-19,605141,Mookie Betts,Kyle Freeland,LAD@COL,LAD,5.0,SS,R,3.75,3.87,0.96,1.018,1.106,20.3,16.32,,,,,,,,1,
2026-08-19,656775,Cedric Mullins,Max Scherzer,TOR@TB,TB,6.0,CF,L,3.12,4.7,1.0,1.0,1.054,19.4,15.83,,,,,,,,0,
2026-08-19,671277,Luis García,Chris Bassitt,NYY@BAL,NYY,3.0,1B,L,5.08,2.42,1.022,1.009,1.093,18.9,15.57,,,,,,,,0,
2026-08-19,686948,Drake Baldwin,Taj Bradley,ATL@MIN,ATL,2.0,C,L,4.27,3.23,0.999,0.995,0.982,18.8,15.51,,,,,,,,0,
2026-08-19,680869,Zack Gelof,Seth Lugo,ATH@KC,ATH,3.0,LF,R,4.4,2.76,1.0,1.0,1.104,18.3,15.24,,,,,,,,0,
2026-08-19,665953,Andrés Chaparro,Kumar Rocker,WSH@TEX,WSH,5.0,DH,R,4.23,3.13,1.008,1.0,1.045,18.2,15.19,,,,,,,,1,
2026-08-19,606192,Teoscar Hernández,Kyle Freeland,LAD@COL,LAD,3.0,LF,R,3.1,3.87,0.963,1.018,1.106,17.8,14.98,,,,,,,,0,
2026-08-19,664983,Jake Mccarthy,Roki Sasaki,LAD@COL,COL,1.0,RF,L,3.01,4.11,0.966,1.018,1.013,17.7,14.92,,,,,,,,0,
2026-08-19,663886,Tyler Stephenson,Matthew Liberatore,STL@CIN,CIN,5.0,DH,R,3.34,3.66,1.011,1.014,1.069,17.6,14.87,,,,,,,,0,
2026-08-19,671739,Michael Harris,Taj Bradley,ATL@MIN,ATL,4.0,CF,L,3.92,3.23,1.009,0.995,0.982,17.1,14.6,,,,,,,,0,
2026-08-19,683002,Gunnar Henderson,Will Warren,NYY@BAL,BAL,3.0,SS,L,3.44,3.38,1.015,1.009,1.041,17.0,14.55,,,,,,,,0,
2026-08-19,518692,Freddie Freeman,Kyle Freeland,LAD@COL,LAD,4.0,1B,L,2.88,3.87,0.966,1.018,1.106,16.6,14.33,,,,,,,,0,
2026-08-19,694192,Jackson Chourio,Logan Gilbert,SEA@MIL,MIL,2.0,LF,R,3.85,3.26,0.99,1.0,0.941,16.5,14.28,,,,,,,,0,
2026-08-19,679845,Nick Loftin,Jeffrey Springs,ATH@KC,KC,1.0,2B,R,1.99,5.18,1.0,1.0,1.08,16.1,14.06,,,,,,,,0,
2026-08-19,624431,Jose Trevino,Matthew Liberatore,STL@CIN,CIN,8.0,C,R,3.45,3.66,1.011,1.014,1.069,16.1,14.06,,,,,,,,0,
2026-08-19,693307,Dillon Dingler,Paul Skenes,DET@PIT,DET,4.0,C,R,4.81,2.63,1.007,1.017,0.9,16.0,14.01,,,,,,,,0,
2026-08-19,686469,Vinnie Pasquantino,Jeffrey Springs,ATH@KC,KC,5.0,1B,L,2.07,5.18,1.0,1.0,1.08,15.3,13.64,,,,,,,,1,
2026-08-19,575929,Willson Contreras,Brandon Pfaadt,AZ@BOS,BOS,4.0,1B,R,4.82,2.38,1.037,0.992,0.931,15.1,13.53,,,,,,,,0,
2026-08-19,663757,Trent Grisham,Chris Bassitt,NYY@BAL,NYY,1.0,CF,L,3.87,2.42,0.999,1.009,1.093,15.0,13.48,,,,,,,,0,
2026-08-19,681297,Colton Cowser,Will Warren,NYY@BAL,BAL,8.0,CF,L,3.51,3.38,1.015,1.009,1.041,14.8,13.37,,,,,,,,0,
2026-08-19,608369,Corey Seager,Cade Cavalli,WSH@TEX,TEX,2.0,SS,L,3.93,2.69,1.004,1.0,0.974,14.7,13.31,,,,,,,,0,
2026-08-19,672960,Kazuma Okamoto,Drew Rasmussen,TOR@TB,TOR,4.0,1B,R,4.64,2.53,1.0,1.0,0.9,14.6,13.26,,,,,,,,0,
2026-08-19,682626,Francisco Álvarez,Mike King,SD@NYM,NYM,6.0,DH,R,3.73,2.93,0.99,1.027,1.023,14.6,13.26,,,,,,,,0,
2026-08-19,547180,Bryce Harper,Sandy Alcántara,MIA@PHI,PHI,3.0,RF,L,4.33,2.53,1.006,1.014,0.936,14.5,13.21,,,,,,,,0,
2026-08-19,645277,Ozzie Albies,Taj Bradley,ATL@MIN,ATL,6.0,2B,R,3.59,3.23,0.99,0.995,0.982,14.4,13.15,,,,,,,,0,
2026-08-19,691023,Jordan Walker,Chase Burns,STL@CIN,STL,4.0,RF,R,4.29,2.6,1.011,1.014,0.9,14.2,13.05,,,,,,,,1,
2026-08-19,664728,Kyle Isbel,Jeffrey Springs,ATH@KC,KC,9.0,CF,L,2.23,5.18,1.0,1.0,1.08,13.9,12.89,,,,,,,,0,
2026-08-19,667472,Dane Myers,Matthew Liberatore,STL@CIN,CIN,3.0,CF,R,2.46,3.66,1.011,1.014,1.069,13.7,12.78,,,,,,,,0,
2026-08-19,672640,Otto Lopez,Aaron Nola,MIA@PHI,MIA,2.0,SS,R,1.93,4.81,1.008,1.014,1.007,13.6,12.72,,,,,,,,0,
2026-08-19,702616,Jackson Holliday,Will Warren,NYY@BAL,BAL,1.0,2B,L,2.57,3.38,1.015,1.009,1.041,13.6,12.72,,,,,,,,0,
2026-08-19,678246,Miguel Vargas,Clay Holmes,CWS@CHC,CWS,3.0,3B,R,4.78,2.12,0.978,0.985,0.982,13.4,12.62,,,,,,,,0,
2026-08-19,695734,Daylen Lile,Kumar Rocker,WSH@TEX,WSH,4.0,RF,L,2.93,3.13,1.005,1.0,1.045,13.4,12.62,,,,,,,,0,
2026-08-19,641680,Jonah Heim,Seth Lugo,ATH@KC,ATH,7.0,C,L,3.57,2.76,1.0,1.0,1.104,13.4,12.62,,,,,,,,0,
2026-08-19,670541,Yordan Álvarez,Walbert Ureña,LAA@HOU,HOU,2.0,DH,L,5.95,1.73,1.005,1.0,0.9,13.3,12.56,,,,,,,,0,
2026-08-19,668930,Brice Turang,Logan Gilbert,SEA@MIL,MIL,1.0,2B,L,3.02,3.26,0.97,1.0,0.941,13.2,12.51,,,,,,,,0,
2026-08-19,665862,Jazz Chisholm,Chris Bassitt,NYY@BAL,NYY,5.0,2B,L,3.61,2.42,1.015,1.009,1.093,13.1,12.46,,,,,,,,0,
2026-08-19,805300,Jakob Marsee,Aaron Nola,MIA@PHI,MIA,1.0,CF,L,1.76,4.81,1.006,1.014,1.007,12.8,12.3,,,,,,,,0,
2026-08-19,686527,Dominic Canzone,Dustin May,SEA@MIL,SEA,3.0,RF,L,4.57,2.06,0.982,1.0,0.983,12.7,12.24,,,,,,,,0,
2026-08-19,677800,Wilyer Abreu,Brandon Pfaadt,AZ@BOS,BOS,3.0,RF,L,3.9,2.38,1.059,0.992,0.931,12.7,12.24,,,,,,,,0,
2026-08-19,682998,Corbin Carroll,Payton Tolle,AZ@BOS,AZ,2.0,RF,L,3.32,2.87,1.037,0.992,0.9,12.6,12.19,,,,,,,,0,
2026-08-19,663656,Kyle Tucker,Kyle Freeland,LAD@COL,LAD,7.0,RF,L,2.41,3.87,0.966,1.018,1.106,12.5,12.13,,,,,,,,0,
2026-08-19,642715,Willy Adames,Parker Messick,SF@CLE,SF,3.0,SS,R,3.77,2.6,1.015,0.996,0.9,12.5,12.13,,,,,,,,0,
2026-08-19,695657,Colson Montgomery,Clay Holmes,CWS@CHC,CWS,6.0,SS,L,4.78,2.12,0.978,0.985,0.982,12.4,12.08,,,,,,,,0,
2026-08-19,672580,Maikel García,Jeffrey Springs,ATH@KC,KC,4.0,3B,R,1.57,5.18,1.0,1.0,1.08,12.3,12.03,,,,,,,,0,
2026-08-19,677588,José Tena,Kumar Rocker,WSH@TEX,WSH,3.0,LF,L,2.67,3.13,1.004,1.0,1.045,12.3,12.03,,,,,,,,1,
2026-08-19,642086,Dominic Smith,Taj Bradley,ATL@MIN,ATL,5.0,DH,L,2.91,3.23,0.991,0.995,0.982,12.2,11.97,,,,,,,,0,
2026-08-19,680700,Richie Palacios,Max Scherzer,TOR@TB,TB,8.0,2B,L,2.03,4.7,1.0,1.0,1.054,11.9,11.81,,,,,,,,0,
2026-08-19,543760,Marcus Semien,Mike King,SD@NYM,NYM,8.0,2B,R,3.28,2.93,0.991,1.027,1.023,11.8,11.76,,,,,,,,0,
2026-08-19,679529,Spencer Torkelson,Paul Skenes,DET@PIT,DET,7.0,1B,R,3.87,2.63,1.007,1.017,0.9,11.6,11.65,,,,,,,,0,
2026-08-19,500743,Miguel Rojas,Kyle Freeland,LAD@COL,LAD,6.0,2B,R,2.13,3.87,0.963,1.018,1.106,11.6,11.65,,,,,,,,0,
2026-08-19,696285,Jacob Young,Kumar Rocker,WSH@TEX,WSH,7.0,CF,R,2.74,3.13,1.006,1.0,1.045,11.2,11.44,,,,,,,,0,
2026-08-19,663586,Austin Riley,Taj Bradley,ATL@MIN,ATL,8.0,3B,R,3.01,3.23,0.994,0.995,0.982,11.2,11.44,,,,,,,,0,
2026-08-19,694374,Tim Tawa,Payton Tolle,AZ@BOS,AZ,6.0,1B,R,3.13,2.87,1.049,0.992,0.9,11.0,11.33,,,,,,,,0,
2026-08-19,681393,Connor Norby,Roki Sasaki,LAD@COL,COL,6.0,3B,R,2.04,4.11,0.966,1.018,1.013,10.9,11.28,,,,,,,,0,
2026-08-19,607208,Trea Turner,Sandy Alcántara,MIA@PHI,PHI,2.0,SS,R,3.12,2.53,1.008,1.014,0.936,10.9,11.28,,,,,,,,0,
2026-08-19,678662,Ezequiel Tovar,Roki Sasaki,LAD@COL,COL,9.0,SS,R,2.34,4.11,0.963,1.018,1.013,10.8,11.22,,,,,,,,0,
2026-08-19,661388,William Contreras,Logan Gilbert,SEA@MIL,MIL,4.0,C,R,2.51,3.26,0.99,1.0,0.941,10.7,11.17,,,,,,,,0,
2026-08-19,620443,Luis Torrens,Mike King,SD@NYM,NYM,9.0,C,R,3.06,2.93,0.991,1.027,1.023,10.6,11.12,,,,,,,,0,
2026-08-19,666126,Carlos Cortes,Seth Lugo,ATH@KC,ATH,6.0,DH,L,2.63,2.76,1.0,1.0,1.104,10.5,11.06,,,,,,,,0,
2026-08-19,677649,Ezequiel Duran,Cade Cavalli,WSH@TEX,TEX,5.0,3B,R,2.93,2.69,1.006,1.0,0.974,10.4,11.01,,,,,,,,0,
2026-08-19,691594,Javier Sanoja,Aaron Nola,MIA@PHI,MIA,9.0,3B,R,1.86,4.81,1.008,1.014,1.007,10.4,11.01,,,,,,,,1,
2026-08-19,669364,Xavier Edwards,Aaron Nola,MIA@PHI,MIA,3.0,2B,L,1.48,4.81,1.006,1.014,1.007,10.3,10.95,,,,,,,,0,
2026-08-19,677594,Julio Rodríguez,Dustin May,SEA@MIL,SEA,4.0,CF,R,3.66,2.06,0.99,1.0,0.983,10.3,10.95,,,,,,,,0,
2026-08-19,678882,Ceddanne Rafaela,Brandon Pfaadt,AZ@BOS,BOS,2.0,CF,R,3.13,2.38,1.037,0.992,0.931,10.3,10.95,,,,,,,,0,
2026-08-19,666182,Bo Bichette,Mike King,SD@NYM,NYM,3.0,3B,R,2.36,2.93,0.991,1.027,1.023,10.2,10.9,,,,,,,,0,
2026-08-19,671218,Heliot Ramos,Chris Bassitt,NYY@BAL,NYY,4.0,LF,R,2.7,2.42,1.003,1.009,1.093,10.2,10.9,,,,,,,,0,
2026-08-19,592885,Christian Yelich,Logan Gilbert,SEA@MIL,MIL,5.0,DH,L,2.52,3.26,0.982,1.0,0.941,10.2,10.9,,,,,,,,0,
2026-08-19,672386,Alejandro Kirk,Drew Rasmussen,TOR@TB,TOR,3.0,DH,R,3.05,2.53,1.0,1.0,0.9,9.8,10.69,,,,,,,,1,
2026-08-19,650402,Gleyber Torres,Paul Skenes,DET@PIT,DET,2.0,2B,R,2.72,2.63,1.007,1.017,0.9,9.6,10.58,,,,,,,,0,
2026-08-19,690993,Colt Keith,Paul Skenes,DET@PIT,DET,1.0,DH,L,2.64,2.63,1.016,1.017,0.9,9.6,10.58,,,,,,,,0,
2026-08-19,668227,Randy Arozarena,Dustin May,SEA@MIL,SEA,2.0,LF,R,3.29,2.06,0.982,1.0,0.983,9.5,10.53,,,,,,,,0,
2026-08-19,664761,Alec Bohm,Sandy Alcántara,MIA@PHI,PHI,5.0,1B,R,2.85,2.53,1.006,1.014,0.936,9.3,10.42,,,,,,,,0,
2026-08-19,643217,Andrew Benintendi,Clay Holmes,CWS@CHC,CWS,4.0,DH,L,3.36,2.12,0.957,0.985,0.982,9.3,10.42,,,,,,,,0,
2026-08-19,665161,Jeremy Peña,Walbert Ureña,LAA@HOU,HOU,1.0,SS,R,3.84,1.73,1.034,1.0,0.9,9.2,10.36,,,,,,,,0,
2026-08-19,671056,Iván Herrera,Chase Burns,STL@CIN,STL,2.0,DH,R,2.58,2.6,1.011,1.014,0.9,9.0,10.26,,,,,,,,0,
2026-08-19,691777,Max Muncy,Seth Lugo,ATH@KC,ATH,9.0,3B,R,2.61,2.76,1.0,1.0,1.104,9.0,10.26,,,,,,,,1,
2026-08-19,683734,Andrew Vaughn,Logan Gilbert,SEA@MIL,MIL,6.0,1B,R,2.26,3.26,0.98,1.0,0.941,8.9,10.2,,,,,,,,0,
2026-08-19,660821,Jesús Sánchez,Drew Rasmussen,TOR@TB,TOR,6.0,LF,L,2.98,2.53,1.0,1.0,0.9,8.9,10.2,,,,,,,,0,
2026-08-19,669224,Austin Wells,Chris Bassitt,NYY@BAL,NYY,9.0,C,L,2.91,2.42,0.999,1.009,1.093,8.8,10.15,,,,,,,,0,
2026-08-19,572233,Christian Walker,Walbert Ureña,LAA@HOU,HOU,7.0,1B,R,4.29,1.73,1.034,1.0,0.9,8.7,10.1,,,,,,,,0,
2026-08-19,683146,Brett Baty,Mike King,SD@NYM,NYM,7.0,LF,L,2.29,2.93,0.99,1.027,1.023,8.7,10.1,,,,,,,,0,
2026-08-19,680776,Jarren Duran,Brandon Pfaadt,AZ@BOS,BOS,8.0,LF,L,3.14,2.38,1.044,0.992,0.931,8.7,10.1,,,,,,,,1,
2026-08-19,702332,Caleb Durbin,Brandon Pfaadt,AZ@BOS,BOS,5.0,3B,R,2.72,2.38,1.037,0.992,0.931,8.4,9.94,,,,,,,,0,
2026-08-19,694497,Evan Carter,Cade Cavalli,WSH@TEX,TEX,6.0,CF,L,2.43,2.69,1.004,1.0,0.974,8.4,9.94,,,,,,,,0,
2026-08-19,663728,Cal Raleigh,Dustin May,SEA@MIL,SEA,7.0,C,R,3.28,2.06,0.99,1.0,0.983,8.2,9.83,,,,,,,,0,
2026-08-19,687401,Joey Ortiz,Logan Gilbert,SEA@MIL,MIL,8.0,3B,R,2.26,3.26,0.99,1.0,0.941,8.2,9.83,,,,,,,,1,
2026-08-19,701358,Cam Smith,Walbert Ureña,LAA@HOU,HOU,6.0,RF,R,3.62,1.73,1.034,1.0,0.9,7.7,9.56,,,,,,,,0,
2026-08-19,665966,Carlos Narváez,Will Warren,NYY@BAL,BAL,9.0,C,R,1.88,3.38,1.006,1.009,1.041,7.7,9.56,,,,,,,,0,
2026-08-19,680977,Brendan Donovan,Dustin May,SEA@MIL,SEA,1.0,3B,L,2.51,2.06,0.982,1.0,0.983,7.5,9.45,,,,,,,,0,
2026-08-19,664770,Nathan Lukes,Drew Rasmussen,TOR@TB,TOR,2.0,RF,L,2.15,2.53,1.0,1.0,0.9,7.2,9.29,,,,,,,,0,
2026-08-19,514888,José Altuve,Walbert Ureña,LAA@HOU,HOU,4.0,2B,R,3.04,1.73,1.034,1.0,0.9,7.0,9.19,,,,,,,,0,
2026-08-19,655316,Andruw Monasterio,Brandon Pfaadt,AZ@BOS,BOS,7.0,SS,R,2.4,2.38,1.037,0.992,0.931,6.9,9.13,,,,,,,,0,
2026-08-19,681508,Mickey Gasper,Brandon Pfaadt,AZ@BOS,BOS,6.0,DH,L,2.28,2.38,1.044,0.992,0.931,6.9,9.13,,,,,,,,1,
2026-08-19,678391,Jorbit Vivas,Kumar Rocker,WSH@TEX,WSH,8.0,3B,L,1.71,3.13,1.005,1.0,1.045,6.8,9.08,,,,,,,,0,
2026-08-19,665926,Andrés Giménez,Drew Rasmussen,TOR@TB,TOR,5.0,SS,L,2.17,2.53,1.0,1.0,0.9,6.8,9.08,,,,,,,,0,
2026-08-19,670764,Taylor Walls,Max Scherzer,TOR@TB,TB,9.0,SS,L,1.19,4.7,1.0,1.0,1.054,6.7,9.02,,,,,,,,0,
2026-08-19,657136,Connor Wong,Brandon Pfaadt,AZ@BOS,BOS,9.0,C,R,2.45,2.38,1.044,0.992,0.931,6.5,8.92,,,,,,,,0,
2026-08-19,666211,Taylor Trammell,Walbert Ureña,LAA@HOU,HOU,8.0,CF,L,3.31,1.73,1.025,1.0,0.9,6.4,8.86,,,,,,,,0,
2026-08-19,664023,Ian Happ,Sean Newcomb,CWS@CHC,CHC,8.0,LF,R,3.68,1.54,0.978,0.985,0.958,6.4,8.86,,,,,,,,0,
2026-08-19,668670,Jake Rogers,Clay Holmes,CWS@CHC,CWS,9.0,C,R,2.62,2.12,0.978,0.985,0.982,6.0,8.65,,,,,,,,0,
2026-08-19,608324,Alex Bregman,Sean Newcomb,CWS@CHC,CHC,3.0,3B,R,2.86,1.54,0.976,0.985,0.958,5.8,8.54,,,,,,,,0,
2026-08-19,656716,Zach Mckinstry,Paul Skenes,DET@PIT,DET,6.0,RF,L,1.64,2.63,1.02,1.017,0.9,5.4,8.33,,,,,,,,0,
2026-08-19,543877,Christian Vázquez,Walbert Ureña,LAA@HOU,HOU,9.0,C,R,2.76,1.73,1.034,1.0,0.9,5.1,8.17,,,,,,,,1,
2026-08-19,683766,Christian Koss,Parker Messick,SF@CLE,SF,9.0,3B,R,1.77,2.6,1.015,0.996,0.9,4.8,8.01,,,,,,,,0,
2026-08-19,691026,Masyn Winn,Chase Burns,STL@CIN,STL,6.0,SS,R,1.43,2.6,1.011,1.014,0.9,4.6,7.9,,,,,,,,0,
2026-08-19,608348,Carson Kelly,Sean Newcomb,CWS@CHC,CHC,7.0,C,R,2.37,1.54,0.961,0.985,0.958,4.2,7.68,,,,,,,,0,
2026-08-19,683083,Nasim Nuñez,Kumar Rocker,WSH@TEX,WSH,9.0,2B,R,0.87,3.13,1.006,1.0,1.045,3.3,7.2,,,,,,,,0,
2026-08-19,663538,Nico Hoerner,Sean Newcomb,CWS@CHC,CHC,5.0,SS,R,1.6,1.54,0.978,0.985,0.958,3.2,7.15,,,,,,,,0,
2026-08-20,691406,Junior Caminero,Shane Bieber,TOR@TB,TB,2.0,3B,R,5.73,3.97,1.0,1.0,1.12,33.1,23.18,,,,,,,,0,
2026-08-20,670541,Yordan Álvarez,Grayson Rodriguez,LAA@HOU,HOU,2.0,DH,L,5.91,3.45,1.005,1.0,1.12,30.3,21.68,,,,,,,,0,
2026-08-20,691023,Jordan Walker,Brady Singer,STL@CIN,STL,4.0,RF,R,4.41,4.03,1.011,1.01,1.089,25.9,19.32,,,,,,,,1,
2026-08-20,621566,Matt Olson,Anthony Kay,ATL@CWS,ATL,3.0,1B,L,5.89,2.97,0.997,0.988,1.084,24.8,18.73,,,,,,,,0,
2026-08-20,678246,Miguel Vargas,Grant Holmes,ATL@CWS,CWS,3.0,3B,R,4.74,3.59,1.004,0.988,1.065,23.9,18.25,,,,,,,,0,
2026-08-20,701398,Sal Stewart,Michael Mcgreevy,STL@CIN,CIN,2.0,2B,R,4.58,3.28,1.011,1.01,1.12,23.5,18.03,,,,,,,,0,
2026-08-20,686527,Dominic Canzone,Robert Gasser,SEA@MIL,SEA,3.0,RF,L,4.52,3.78,0.982,1.0,1.004,22.6,17.55,,,,,,,,0,
2026-08-20,668709,Jj Bleday,Michael Mcgreevy,STL@CIN,CIN,3.0,LF,L,4.46,3.28,1.011,1.01,1.12,22.4,17.44,,,,,,,,0,
2026-08-20,695657,Colson Montgomery,Grant Holmes,ATL@CWS,CWS,6.0,SS,L,4.75,3.59,1.009,0.988,1.065,22.4,17.44,,,,,,,,0,
2026-08-20,682829,Elly De La Cruz,Michael Mcgreevy,STL@CIN,CIN,1.0,DH,R,3.92,3.28,1.011,1.01,1.12,20.9,16.64,,,,,,,,0,
2026-08-20,650490,Yandy Díaz,Shane Bieber,TOR@TB,TB,4.0,DH,R,3.44,3.97,1.0,1.0,1.12,20.6,16.48,,,,,,,,0,
2026-08-20,700250,Ben Rice,Kyle Bradish,NYY@BAL,NYY,2.0,DH,L,5.93,2.47,1.015,1.003,0.99,20.4,16.37,,,,,,,,0,
2026-08-20,672960,Kazuma Okamoto,Ian Seymour,TOR@TB,TOR,5.0,1B,R,4.61,3.56,1.0,1.0,0.941,20.0,16.16,,,,,,,,1,
2026-08-20,665953,Andrés Chaparro,Jacob Degrom,WSH@TEX,WSH,3.0,1B,R,4.55,3.31,1.008,1.0,0.943,19.5,15.89,,,,,,,,0,
2026-08-20,624413,Pete Alonso,Gerrit Cole,NYY@BAL,BAL,2.0,1B,R,4.86,3.09,1.015,1.003,0.901,19.2,15.73,,,,,,,,0,
2026-08-20,642715,Willy Adames,Gavin Williams,SF@CLE,SF,3.0,SS,R,3.74,3.82,1.015,1.0,0.964,19.1,15.67,,,,,,,,1,
2026-08-20,686948,Drake Baldwin,Anthony Kay,ATL@CWS,ATL,2.0,DH,L,4.23,2.97,1.009,0.988,1.084,19.0,15.62,,,,,,,,0,
2026-08-20,677594,Julio Rodríguez,Robert Gasser,SEA@MIL,SEA,4.0,CF,R,3.63,3.78,0.99,1.0,1.004,18.5,15.35,,,,,,,,0,
2026-08-20,656775,Cedric Mullins,Shane Bieber,TOR@TB,TB,5.0,CF,L,3.09,3.97,1.0,1.0,1.12,18.0,15.08,,,,,,,,0,
2026-08-20,701358,Cam Smith,Grayson Rodriguez,LAA@HOU,HOU,7.0,RF,R,3.6,3.45,1.034,1.0,1.12,17.4,14.76,,,,,,,,0,
2026-08-20,671277,Luis García,Kyle Bradish,NYY@BAL,NYY,4.0,1B,L,5.04,2.47,1.022,1.003,0.99,17.2,14.65,,,,,,,,1,
2026-08-20,694212,Samuel Basallo,Gerrit Cole,NYY@BAL,BAL,4.0,DH,L,4.52,3.09,0.999,1.003,0.901,17.2,14.65,,,,,,,,0,
2026-08-20,668227,Randy Arozarena,Robert Gasser,SEA@MIL,SEA,2.0,LF,R,3.27,3.78,0.982,1.0,1.004,17.2,14.65,,,,,,,,0,
2026-08-20,643217,Andrew Benintendi,Grant Holmes,ATL@CWS,CWS,4.0,DH,L,3.34,3.59,0.999,0.988,1.065,17.2,14.65,,,,,,,,0,
2026-08-20,622761,Jorge Mateo,Shane Bieber,TOR@TB,TB,8.0,SS,R,3.29,3.97,1.0,1.0,1.12,17.0,14.55,,,,,,,,0,
2026-08-20,663886,Tyler Stephenson,Michael Mcgreevy,STL@CIN,CIN,4.0,C,R,3.32,3.28,1.011,1.01,1.12,17.0,14.55,,,,,,,,0,
2026-08-20,687952,Christian Encarnacion-Strand,Gerrit Cole,NYY@BAL,BAL,5.0,3B,R,4.53,3.09,1.006,1.003,0.901,16.8,14.44,,,,,,,,0,
2026-08-20,514888,José Altuve,Grayson Rodriguez,LAA@HOU,HOU,4.0,2B,R,3.02,3.45,1.034,1.0,1.12,16.6,14.33,,,,,,,,0,
2026-08-20,666211,Taylor Trammell,Grayson Rodriguez,LAA@HOU,HOU,6.0,LF,L,3.28,3.45,1.025,1.0,1.12,16.5,14.28,,,,,,,,0,
2026-08-20,671056,Iván Herrera,Brady Singer,STL@CIN,STL,2.0,DH,R,2.56,4.03,1.011,1.01,1.089,16.2,14.12,,,,,,,,0,
2026-08-20,671739,Michael Harris,Anthony Kay,ATL@CWS,ATL,6.0,CF,L,3.9,2.97,0.997,0.988,1.084,15.8,13.9,,,,,,,,0,
2026-08-20,645277,Ozzie Albies,Anthony Kay,ATL@CWS,ATL,4.0,2B,R,3.57,2.97,1.004,0.988,1.084,15.7,13.85,,,,,,,,0,
2026-08-20,596142,Gary Sánchez,George Kirby,SEA@MIL,MIL,4.0,C,R,4.0,3.0,0.974,1.0,0.961,15.5,13.74,,,,,,,,0,
2026-08-20,694192,Jackson Chourio,George Kirby,SEA@MIL,MIL,2.0,LF,R,3.82,3.0,0.99,1.0,0.961,15.5,13.74,,,,,,,,0,
2026-08-20,672386,Alejandro Kirk,Ian Seymour,TOR@TB,TOR,3.0,C,R,3.31,3.56,1.0,1.0,0.941,15.3,13.64,,,,,,,,0,
2026-08-20,691781,Brady House,Jacob Degrom,WSH@TEX,WSH,5.0,3B,R,3.43,3.31,1.006,1.0,0.943,14.3,13.1,,,,,,,,0,
2026-08-20,543807,George Springer,Ian Seymour,TOR@TB,TOR,4.0,DH,R,2.99,3.56,1.0,1.0,0.941,13.9,12.89,,,,,,,,0,
2026-08-20,663757,Trent Grisham,Kyle Bradish,NYY@BAL,NYY,1.0,CF,L,3.83,2.47,0.999,1.003,0.99,13.7,12.78,,,,,,,,0,
2026-08-20,543877,Christian Vázquez,Grayson Rodriguez,LAA@HOU,HOU,9.0,C,R,3.02,3.45,1.034,1.0,1.12,13.5,12.67,,,,,,,,0,
2026-08-20,683002,Gunnar Henderson,Gerrit Cole,NYY@BAL,BAL,3.0,SS,L,3.42,3.09,1.015,1.003,0.901,13.5,12.67,,,,,,,,0,
2026-08-20,680977,Brendan Donovan,Robert Gasser,SEA@MIL,SEA,1.0,3B,L,2.46,3.78,0.982,1.0,1.004,13.5,12.67,,,,,,,,0,
2026-08-20,695734,Daylen Lile,Jacob Degrom,WSH@TEX,WSH,1.0,RF,L,2.9,3.31,1.005,1.0,0.943,13.4,12.62,,,,,,,,0,
2026-08-20,657041,Lane Thomas,Anthony Kay,ATL@CWS,ATL,5.0,LF,R,3.13,2.97,0.997,0.988,1.084,13.3,12.56,,,,,,,,0,
2026-08-20,680869,Zack Gelof,Randy Dobnak,ATH@KC,ATH,3.0,LF,R,4.36,2.01,1.0,1.0,1.041,12.8,12.3,,,,,,,,0,
2026-08-20,677588,José Tena,Jacob Degrom,WSH@TEX,WSH,4.0,2B,L,2.92,3.31,1.004,1.0,0.943,12.8,12.3,,,,,,,,0,
2026-08-20,686611,Dylan Crews,Jacob Degrom,WSH@TEX,WSH,7.0,CF,R,3.2,3.31,1.006,1.0,0.943,12.4,12.08,,,,,,,,0,
2026-08-20,668930,Brice Turang,George Kirby,SEA@MIL,MIL,1.0,2B,L,2.99,3.0,0.97,1.0,0.961,12.4,12.08,,,,,,,,0,
2026-08-20,665862,Jazz Chisholm,Kyle Bradish,NYY@BAL,NYY,5.0,2B,L,3.58,2.47,1.015,1.003,0.99,12.0,11.87,,,,,,,,0,
2026-08-20,681297,Colton Cowser,Gerrit Cole,NYY@BAL,BAL,8.0,CF,L,3.47,3.09,1.015,1.003,0.901,11.7,11.71,,,,,,,,0,
2026-08-20,663647,Ke'Bryan Hayes,Michael Mcgreevy,STL@CIN,CIN,9.0,3B,R,2.76,3.28,1.012,1.01,1.12,11.7,11.71,,,,,,,,0,
2026-08-20,677951,Bobby Witt,Gage Jump,ATH@KC,KC,2.0,SS,R,3.1,2.56,1.0,1.0,1.004,11.5,11.6,,,,,,,,1,
2026-08-20,521692,Salvador Pérez,Gage Jump,ATH@KC,KC,4.0,1B,R,3.2,2.56,1.0,1.0,1.004,11.5,11.6,,,,,,,,0,
2026-08-20,662139,Daulton Varsho,Grayson Rodriguez,LAA@HOU,HOU,5.0,CF,L,2.16,3.45,1.025,1.0,1.12,11.5,11.6,,,,,,,,0,
2026-08-20,663993,Nathaniel Lowe,Landen Roupp,SF@CLE,CLE,4.0,1B,L,4.02,2.08,1.011,1.0,0.953,11.3,11.49,,,,,,,,0,
2026-08-20,667472,Dane Myers,Michael Mcgreevy,STL@CIN,CIN,7.0,CF,R,2.43,3.28,1.011,1.01,1.12,11.3,11.49,,,,,,,,0,
2026-08-20,663586,Austin Riley,Anthony Kay,ATL@CWS,ATL,8.0,3B,R,2.99,2.97,0.997,0.988,1.084,11.3,11.49,,,,,,,,0,
2026-08-20,680700,Richie Palacios,Shane Bieber,TOR@TB,TB,7.0,2B,L,2.01,3.97,1.0,1.0,1.12,11.1,11.38,,,,,,,,0,
2026-08-20,669397,Nick Allen,Grayson Rodriguez,LAA@HOU,HOU,8.0,SS,R,2.28,3.45,1.034,1.0,1.12,10.9,11.28,,,,,,,,0,
2026-08-20,702616,Jackson Holliday,Gerrit Cole,NYY@BAL,BAL,1.0,2B,L,2.54,3.09,1.015,1.003,0.901,10.7,11.17,,,,,,,,0,
2026-08-20,666139,Josh Lowe,Peter Lambert,LAA@HOU,LAA,7.0,RF,L,3.67,2.57,1.004,1.0,0.903,10.6,11.12,,,,,,,,0,
2026-08-20,669394,Jake Burger,Andrew Alvarez,WSH@TEX,TEX,3.0,1B,R,4.11,1.62,1.006,1.0,1.033,9.8,10.69,,,,,,,,0,
2026-08-20,663743,Nick Fortes,Shane Bieber,TOR@TB,TB,9.0,C,R,1.94,3.97,1.0,1.0,1.12,9.8,10.69,,,,,,,,0,
2026-08-20,592885,Christian Yelich,George Kirby,SEA@MIL,MIL,5.0,DH,L,2.49,3.0,0.982,1.0,0.961,9.6,10.58,,,,,,,,0,
2026-08-20,686681,Michael Massey,Gage Jump,ATH@KC,KC,8.0,2B,L,3.1,2.56,1.0,1.0,1.004,9.6,10.58,,,,,,,,0,
2026-08-20,665926,Andrés Giménez,Ian Seymour,TOR@TB,TOR,6.0,SS,L,2.16,3.56,1.0,1.0,0.941,9.5,10.53,,,,,,,,0,
2026-08-20,682657,Angel Martínez,Landen Roupp,SF@CLE,CLE,6.0,RF,L,3.61,2.08,1.008,1.0,0.953,9.5,10.53,,,,,,,,0,
2026-08-20,608369,Corey Seager,Andrew Alvarez,WSH@TEX,TEX,2.0,SS,L,3.89,1.62,1.004,1.0,1.033,9.5,10.53,,,,,,,,1,
2026-08-20,671218,Heliot Ramos,Kyle Bradish,NYY@BAL,NYY,3.0,LF,R,2.68,2.47,1.003,1.003,0.99,9.4,10.47,,,,,,,,0,
2026-08-20,687401,Joey Ortiz,George Kirby,SEA@MIL,MIL,6.0,SS,R,2.46,3.0,0.99,1.0,0.961,9.2,10.36,,,,,,,,0,
2026-08-20,676609,José Caballero,Kyle Bradish,NYY@BAL,NYY,9.0,3B,R,3.27,2.47,1.006,1.003,0.99,9.2,10.36,,,,,,,,0,
2026-08-20,643289,Mauricio Dubón,Anthony Kay,ATL@CWS,ATL,7.0,SS,R,2.26,2.97,0.997,0.988,1.084,9.0,10.26,,,,,,,,0,
2026-08-20,669224,Austin Wells,Kyle Bradish,NYY@BAL,NYY,8.0,C,L,2.88,2.47,0.999,1.003,0.99,8.5,9.99,,,,,,,,0,
2026-08-20,664770,Nathan Lukes,Ian Seymour,TOR@TB,TOR,9.0,RF,L,2.13,3.56,1.0,1.0,0.941,8.2,9.83,,,,,,,,1,
2026-08-20,691777,Max Muncy,Randy Dobnak,ATH@KC,ATH,5.0,3B,R,2.87,2.01,1.0,1.0,1.041,8.2,9.83,,,,,,,,0,
2026-08-20,686469,Vinnie Pasquantino,Gage Jump,ATH@KC,KC,5.0,DH,L,2.26,2.56,1.0,1.0,1.004,8.0,9.72,,,,,,,,0,
2026-08-20,679845,Nick Loftin,Gage Jump,ATH@KC,KC,1.0,RF,R,1.98,2.56,1.0,1.0,1.004,7.7,9.56,,,,,,,,0,
2026-08-20,683766,Christian Koss,Gavin Williams,SF@CLE,SF,9.0,3B,R,1.74,3.82,1.015,1.0,0.964,7.4,9.4,,,,,,,,0,
2026-08-20,666126,Carlos Cortes,Randy Dobnak,ATH@KC,ATH,6.0,RF,L,2.6,2.01,1.0,1.0,1.041,7.2,9.29,,,,,,,,0,
2026-08-20,677649,Ezequiel Duran,Andrew Alvarez,WSH@TEX,TEX,5.0,LF,R,2.91,1.62,1.006,1.0,1.033,6.7,9.02,,,,,,,,0,
2026-08-20,672275,Patrick Bailey,Landen Roupp,SF@CLE,CLE,7.0,C,L,2.53,2.08,1.008,1.0,0.953,6.4,8.86,,,,,,,,0,
2026-08-20,666152,David Hamilton,George Kirby,SEA@MIL,MIL,8.0,3B,L,1.79,3.0,0.982,1.0,0.961,6.2,8.76,,,,,,,,0,
2026-08-20,686555,Isaac Collins,Gage Jump,ATH@KC,KC,6.0,LF,R,1.79,2.56,1.0,1.0,1.004,6.1,8.7,,,,,,,,0,
2026-08-20,665966,Carlos Narváez,Gerrit Cole,NYY@BAL,BAL,9.0,C,R,1.87,3.09,1.006,1.003,0.901,6.1,8.7,,,,,,,,0,
2026-08-20,672580,Maikel García,Gage Jump,ATH@KC,KC,3.0,3B,R,1.55,2.56,1.0,1.0,1.004,5.8,8.54,,,,,,,,0,
2026-08-20,677587,Brayan Rocchio,Landen Roupp,SF@CLE,CLE,9.0,SS,L,2.28,2.08,1.006,1.0,0.953,5.3,8.27,,,,,,,,0,
2026-08-20,623168,Tyler Heineman,Peter Lambert,LAA@HOU,LAA,8.0,C,R,1.72,2.57,1.004,1.0,0.903,4.9,8.06,,,,,,,,0,
2026-08-20,694497,Evan Carter,Andrew Alvarez,WSH@TEX,TEX,9.0,CF,L,2.42,1.62,1.004,1.0,1.033,4.7,7.95,,,,,,,,0,
2026-08-20,687231,Darell Hernaiz,Randy Dobnak,ATH@KC,ATH,9.0,SS,R,1.79,2.01,1.0,1.0,1.041,4.3,7.74,,,,,,,,0,
2026-08-20,683083,Nasim Nuñez,Jacob Degrom,WSH@TEX,WSH,8.0,SS,R,0.87,3.31,1.006,1.0,0.943,3.3,7.2,,,,,,,,0,
2026-08-21,621439,Byron Buxton,Randy Vásquez,MIN@SD,MIN,2.0,CF,R,5.65,3.12,1.002,1.018,1.12,27.1,19.96,,,,,,,,0,
2026-08-21,656941,Kyle Schwarber,Hunter Dobbins,STL@PHI,PHI,1.0,DH,L,6.1,3.19,1.006,1.007,0.952,26.0,19.37,,,,,,,,0,
2026-08-21,624413,Pete Alonso,Freddy Peralta,TB@BAL,BAL,2.0,1B,R,4.83,3.4,1.015,1.009,0.991,22.8,17.66,,,,,,,,1,
2026-08-21,686527,Dominic Canzone,Matt Boyd,CHC@SEA,SEA,3.0,RF,L,4.47,3.48,1.0,1.0,1.083,22.6,17.55,,,,,,,,0,
2026-08-21,663993,Nathaniel Lowe,Tanner Gordon,CLE@COL,CLE,5.0,1B,L,3.98,4.23,0.975,0.994,1.066,22.4,17.44,,,,,,,,0,
2026-08-21,678246,Miguel Vargas,Sean Manaea,NYM@CWS,CWS,3.0,3B,R,4.72,3.25,1.004,1.013,1.038,21.8,17.12,,,,,,,,1,
2026-08-21,670541,Yordan Álvarez,J. T. Ginn,ATH@HOU,HOU,2.0,LF,L,5.89,2.71,1.005,1.0,0.978,21.7,17.07,,,,,,,,0,
2026-08-21,695657,Colson Montgomery,Sean Manaea,NYM@CWS,CWS,5.0,DH,L,4.73,3.25,1.009,1.013,1.038,21.1,16.75,,,,,,,,1,
2026-08-21,666176,Jo Adell,Tanner Gordon,CLE@COL,CLE,4.0,DH,R,3.57,4.23,0.963,0.994,1.066,20.8,16.59,,,,,,,,0,
2026-08-21,700250,Ben Rice,Mason Fluharty,TOR@NYY,NYY,4.0,DH,L,5.88,2.89,1.011,0.989,0.9,20.6,16.48,,,,,,,,0,
2026-08-21,665052,Griffin Conine,Brad Lord,WSH@MIA,MIA,3.0,1B,L,5.55,2.76,0.977,1.0,1.015,20.5,16.42,,,,,,,,0,
2026-08-21,665019,Kody Clemens,Randy Vásquez,MIN@SD,MIN,5.0,2B,L,4.33,3.12,1.002,1.018,1.12,20.1,16.21,,,,,,,,0,
2026-08-21,691406,Junior Caminero,Trevor Rogers,TB@BAL,TB,4.0,3B,R,5.69,2.58,1.015,1.009,0.976,19.9,16.1,,,,,,,,0,
2026-08-21,694212,Samuel Basallo,Freddy Peralta,TB@BAL,BAL,5.0,C,L,4.47,3.4,0.999,1.009,0.991,19.8,16.05,,,,,,,,0,
2026-08-21,665953,Andrés Chaparro,Ryan Gusto,WSH@MIA,WSH,3.0,DH,R,4.48,3.24,0.97,1.0,1.007,19.3,15.78,,,,,,,,0,
2026-08-21,691723,Coby Mayo,Freddy Peralta,TB@BAL,BAL,7.0,3B,R,4.58,3.4,1.006,1.009,0.991,18.8,15.51,,,,,,,,0,
2026-08-21,592518,Manny Machado,Connor Prielipp,MIN@SD,SD,3.0,3B,R,4.23,3.11,1.007,1.018,1.01,18.6,15.41,,,,,,,,0,
2026-08-21,677594,Julio Rodríguez,Matt Boyd,CHC@SEA,SEA,4.0,CF,R,3.6,3.48,1.002,1.0,1.083,18.5,15.35,,,,,,,,0,
2026-08-21,621566,Matt Olson,Jacob Misiorowski,ATL@MIL,ATL,3.0,1B,L,5.86,2.59,0.982,1.0,0.9,18.4,15.3,,,,,,,,0,
2026-08-21,664034,Ty France,Connor Prielipp,MIN@SD,SD,4.0,1B,R,4.23,3.11,0.999,1.018,1.01,18.4,15.3,,,,,,,,1,
2026-08-21,682998,Corbin Carroll,Nick Lodolo,CIN@AZ,AZ,2.0,RF,L,3.29,3.54,1.0,1.0,1.12,18.3,15.24,,,,,,,,0,
2026-08-21,547180,Bryce Harper,Hunter Dobbins,STL@PHI,PHI,3.0,RF,L,4.3,3.19,1.006,1.007,0.952,18.1,15.14,,,,,,,,0,
2026-08-21,680777,Ryan Jeffers,Randy Vásquez,MIN@SD,MIN,4.0,C,R,3.59,3.12,1.007,1.018,1.12,17.6,14.87,,,,,,,,0,
2026-08-21,668227,Randy Arozarena,Matt Boyd,CHC@SEA,SEA,2.0,LF,R,3.24,3.48,1.0,1.0,1.083,17.2,14.65,,,,,,,,0,
2026-08-21,641933,Tyler O'Neill,Freddy Peralta,TB@BAL,BAL,4.0,DH,R,3.67,3.4,1.006,1.009,0.991,17.2,14.65,,,,,,,,0,
2026-08-21,664040,Brandon Lowe,Yoshinobu Yamamoto,PIT@LAD,PIT,2.0,2B,L,4.7,2.77,0.996,1.029,0.9,16.9,14.49,,,,,,,,0,
2026-08-21,693307,Dillon Dingler,Noah Cameron,DET@KC,DET,4.0,C,R,4.78,2.54,1.0,1.0,0.999,16.7,14.39,,,,,,,,0,
2026-08-21,701398,Sal Stewart,Eduardo Rodríguez,CIN@AZ,CIN,2.0,1B,R,4.55,2.43,1.0,1.0,1.056,16.5,14.28,,,,,,,,0,
2026-08-21,666160,Mickey Moniak,Joey Cantillo,CLE@COL,COL,7.0,DH,L,5.23,2.81,0.956,0.994,0.966,16.4,14.23,,,,,,,,0,
2026-08-21,605137,Josh Bell,Randy Vásquez,MIN@SD,MIN,3.0,DH,L,3.33,3.12,1.002,1.018,1.12,16.4,14.23,,,,,,,,0,
2026-08-21,683002,Gunnar Henderson,Freddy Peralta,TB@BAL,BAL,3.0,SS,L,3.4,3.4,1.015,1.009,0.991,16.2,14.12,,,,,,,,0,
2026-08-21,660271,Shohei Ohtani,Bubba Chandler,PIT@LAD,LAD,1.0,DH,L,5.09,2.15,0.996,1.029,0.987,16.1,14.06,,,,,,,,0,
2026-08-21,683357,Owen Caissie,Brad Lord,WSH@MIA,MIA,2.0,RF,L,4.04,2.76,0.977,1.0,1.015,15.7,13.85,,,,,,,,0,
2026-08-21,694374,Tim Tawa,Nick Lodolo,CIN@AZ,AZ,6.0,1B,R,3.08,3.54,1.0,1.0,1.12,15.6,13.8,,,,,,,,0,
2026-08-21,572233,Christian Walker,J. T. Ginn,ATH@HOU,HOU,5.0,1B,R,4.27,2.71,1.034,1.0,0.978,15.5,13.74,,,,,,,,0,
2026-08-21,608369,Corey Seager,Reid Detmers,LAA@TEX,TEX,2.0,SS,L,4.1,2.96,1.004,1.0,0.9,15.5,13.74,,,,,,,,0,
2026-08-21,665833,Oneil Cruz,Yoshinobu Yamamoto,PIT@LAD,PIT,5.0,CF,L,4.55,2.77,0.996,1.029,0.9,15.4,13.69,,,,,,,,1,
2026-08-21,571970,Max Muncy,Bubba Chandler,PIT@LAD,LAD,4.0,3B,L,5.11,2.15,1.001,1.029,0.987,15.4,13.69,,,,,,,,1,
2026-08-21,668904,Royce Lewis,Randy Vásquez,MIN@SD,MIN,6.0,1B,R,3.32,3.12,1.007,1.018,1.12,15.3,13.64,,,,,,,,0,
2026-08-21,553993,Eugenio Suárez,Eduardo Rodríguez,CIN@AZ,CIN,4.0,DH,R,4.29,2.43,1.0,1.0,1.056,15.2,13.58,,,,,,,,0,
2026-08-21,663728,Cal Raleigh,Matt Boyd,CHC@SEA,SEA,7.0,C,R,3.24,3.48,1.002,1.0,1.083,15.0,13.48,,,,,,,,1,
2026-08-21,686797,Brooks Lee,Randy Vásquez,MIN@SD,MIN,8.0,3B,R,3.54,3.12,1.007,1.018,1.12,14.9,13.42,,,,,,,,0,
2026-08-21,701538,Jackson Merrill,Connor Prielipp,MIN@SD,SD,5.0,CF,L,3.51,3.11,1.002,1.018,1.01,14.9,13.42,,,,,,,,0,
2026-08-21,664023,Ian Happ,Emerson Hancock,CHC@SEA,CHC,5.0,LF,R,3.67,3.08,1.002,1.0,0.979,14.7,13.31,,,,,,,,1,
2026-08-21,682829,Elly De La Cruz,Eduardo Rodríguez,CIN@AZ,CIN,1.0,SS,R,3.89,2.43,1.0,1.0,1.056,14.6,13.26,,,,,,,,0,
2026-08-21,668709,Jj Bleday,Eduardo Rodríguez,CIN@AZ,CIN,6.0,RF,L,4.42,2.43,1.0,1.0,1.056,14.6,13.26,,,,,,,,0,
2026-08-21,695506,Jac Caglianone,Troy Melton,DET@KC,KC,3.0,RF,L,4.41,2.62,1.0,1.0,0.9,14.5,13.21,,,,,,,,0,
2026-08-21,691781,Brady House,Ryan Gusto,WSH@MIA,WSH,5.0,3B,R,3.4,3.24,0.974,1.0,1.007,14.4,13.15,,,,,,,,0,
2026-08-21,669394,Jake Burger,Reid Detmers,LAA@TEX,TEX,6.0,1B,R,4.08,2.96,1.006,1.0,0.9,14.1,12.99,,,,,,,,0,
2026-08-21,624424,Michael Conforto,Emerson Hancock,CHC@SEA,CHC,8.0,DH,L,3.94,3.08,1.0,1.0,0.979,14.0,12.94,,,,,,,,0,
2026-08-21,681297,Colton Cowser,Freddy Peralta,TB@BAL,BAL,8.0,CF,L,3.45,3.4,1.015,1.009,0.991,14.0,12.94,,,,,,,,0,
2026-08-21,686948,Drake Baldwin,Jacob Misiorowski,ATL@MIL,ATL,2.0,C,L,4.21,2.59,0.988,1.0,0.9,13.9,12.89,,,,,,,,0,
2026-08-21,607208,Trea Turner,Hunter Dobbins,STL@PHI,PHI,2.0,SS,R,3.09,3.19,1.008,1.007,0.952,13.7,12.78,,,,,,,,0,
2026-08-21,672960,Kazuma Okamoto,Cam Schlittler,TOR@NYY,TOR,6.0,3B,R,4.73,2.47,1.011,0.989,0.9,13.6,12.72,,,,,,,,0,
2026-08-21,642715,Willy Adames,Sonny Gray,SF@BOS,SF,3.0,SS,R,3.88,2.55,1.037,1.007,0.932,13.5,12.67,,,,,,,,0,
2026-08-21,695734,Daylen Lile,Ryan Gusto,WSH@MIA,WSH,1.0,LF,L,2.89,3.24,0.977,1.0,1.007,13.5,12.67,,,,,,,,0,
2026-08-21,680977,Brendan Donovan,Matt Boyd,CHC@SEA,SEA,1.0,3B,L,2.42,3.48,1.0,1.0,1.083,13.4,12.62,,,,,,,,0,
2026-08-21,650490,Yandy Díaz,Trevor Rogers,TB@BAL,TB,1.0,DH,R,3.42,2.58,1.015,1.009,0.976,13.0,12.4,,,,,,,,0,
2026-08-21,666139,Josh Lowe,Mackenzie Gore,LAA@TEX,LAA,7.0,RF,L,3.62,3.02,1.004,1.0,0.962,13.0,12.4,,,,,,,,0,
2026-08-21,702616,Jackson Holliday,Freddy Peralta,TB@BAL,BAL,1.0,2B,L,2.51,3.4,1.015,1.009,0.991,12.8,12.3,,,,,,,,0,
2026-08-21,663757,Trent Grisham,Mason Fluharty,TOR@NYY,NYY,6.0,CF,L,3.79,2.89,1.011,0.989,0.9,12.8,12.3,,,,,,,,0,
2026-08-21,672275,Patrick Bailey,Tanner Gordon,CLE@COL,CLE,8.0,C,L,2.5,4.23,0.956,0.994,1.066,12.7,12.24,,,,,,,,1,
2026-08-21,575929,Willson Contreras,Logan Webb,SF@BOS,BOS,4.0,1B,R,4.77,1.98,1.037,1.007,0.925,12.7,12.24,,,,,,,,1,
2026-08-21,679529,Spencer Torkelson,Noah Cameron,DET@KC,DET,6.0,1B,R,3.84,2.54,1.0,1.0,0.999,12.6,12.19,,,,,,,,0,
2026-08-21,686611,Dylan Crews,Ryan Gusto,WSH@MIA,WSH,7.0,RF,R,3.17,3.24,0.974,1.0,1.007,12.5,12.13,,,,,,,,0,
2026-08-21,691023,Jordan Walker,Jesús Luzardo,STL@PHI,STL,3.0,RF,R,4.53,2.14,1.008,1.007,0.9,12.4,12.08,,,,,,,,1,
2026-08-21,671739,Michael Harris,Jacob Misiorowski,ATL@MIL,ATL,4.0,CF,L,3.87,2.59,0.982,1.0,0.9,12.4,12.08,,,,,,,,0,
2026-08-21,673357,Luis Robert,Sean Burke,NYM@CWS,NYM,6.0,LF,R,3.51,2.83,1.005,1.013,0.933,12.3,12.03,,,,,,,,0,
2026-08-21,514888,José Altuve,J. T. Ginn,ATH@HOU,HOU,1.0,2B,R,3.01,2.71,1.034,1.0,0.978,12.2,11.97,,,,,,,,0,
2026-08-21,701358,Cam Smith,J. T. Ginn,ATH@HOU,HOU,7.0,RF,R,3.58,2.71,1.034,1.0,0.978,12.1,11.92,,,,,,,,0,
2026-08-21,608324,Alex Bregman,Emerson Hancock,CHC@SEA,CHC,4.0,3B,R,2.84,3.08,1.0,1.0,0.979,12.0,11.87,,,,,,,,1,
2026-08-21,664761,Alec Bohm,Hunter Dobbins,STL@PHI,PHI,5.0,1B,R,2.83,3.19,1.006,1.007,0.952,11.7,11.71,,,,,,,,0,
2026-08-21,695600,Carter Jensen,Troy Melton,DET@KC,KC,1.0,C,L,3.31,2.62,1.0,1.0,0.9,11.6,11.65,,,,,,,,1,
2026-08-21,664983,Jake Mccarthy,Joey Cantillo,CLE@COL,COL,1.0,LF,L,2.98,2.81,0.966,0.994,0.966,11.5,11.6,,,,,,,,0,
2026-08-21,605141,Mookie Betts,Bubba Chandler,PIT@LAD,LAD,5.0,SS,R,3.91,2.15,1.001,1.029,0.987,11.5,11.6,,,,,,,,0,
2026-08-21,682626,Francisco Álvarez,Sean Burke,NYM@CWS,NYM,9.0,C,R,3.7,2.83,0.997,1.013,0.933,11.2,11.44,,,,,,,,0,
2026-08-21,650489,Willi Castro,Joey Cantillo,CLE@COL,COL,5.0,2B,R,3.18,2.81,0.963,0.994,0.966,11.2,11.44,,,,,,,,0,
2026-08-21,687462,Spencer Horwitz,Yoshinobu Yamamoto,PIT@LAD,PIT,1.0,1B,L,2.91,2.77,0.996,1.029,0.9,11.1,11.38,,,,,,,,0,
2026-08-21,645277,Ozzie Albies,Jacob Misiorowski,ATL@MIL,ATL,5.0,2B,R,3.55,2.59,0.99,1.0,0.9,11.1,11.38,,,,,,,,0,
2026-08-21,677951,Bobby Witt,Troy Melton,DET@KC,KC,2.0,SS,R,3.24,2.62,1.0,1.0,0.9,11.1,11.38,,,,,,,,0,
2026-08-21,673237,Yainer Diaz,J. T. Ginn,ATH@HOU,HOU,6.0,C,R,3.15,2.71,1.004,1.0,0.978,11.0,11.33,,,,,,,,0,
2026-08-21,624431,Jose Trevino,Eduardo Rodríguez,CIN@AZ,CIN,7.0,C,R,3.4,2.43,1.0,1.0,1.056,10.8,11.22,,,,,,,,0,
2026-08-21,622761,Jorge Mateo,Trevor Rogers,TB@BAL,TB,6.0,2B,R,3.25,2.58,1.006,1.009,0.976,10.8,11.22,,,,,,,,0,
2026-08-21,677800,Wilyer Abreu,Logan Webb,SF@BOS,BOS,3.0,RF,L,3.87,1.98,1.059,1.007,0.925,10.7,11.17,,,,,,,,0,
2026-08-21,668670,Jake Rogers,Sean Manaea,NYM@CWS,CWS,8.0,C,R,2.57,3.25,1.004,1.013,1.038,10.6,11.12,,,,,,,,1,
2026-08-21,543760,Marcus Semien,Sean Burke,NYM@CWS,NYM,8.0,2B,R,3.25,2.83,1.004,1.013,0.933,10.5,11.06,,,,,,,,0,
2026-08-21,677649,Ezequiel Duran,Reid Detmers,LAA@TEX,TEX,5.0,3B,R,2.89,2.96,1.006,1.0,0.9,10.5,11.06,,,,,,,,0,
2026-08-21,521692,Salvador Pérez,Troy Melton,DET@KC,KC,4.0,DH,R,3.17,2.62,1.0,1.0,0.9,10.5,11.06,,,,,,,,0,
2026-08-21,672386,Alejandro Kirk,Cam Schlittler,TOR@NYY,TOR,3.0,C,R,3.25,2.47,1.011,0.989,0.9,10.2,10.9,,,,,,,,0,
2026-08-21,593428,Xander Bogaerts,Connor Prielipp,MIN@SD,SD,6.0,SS,R,2.43,3.11,1.007,1.018,1.01,10.2,10.9,,,,,,,,0,
2026-08-21,650402,Gleyber Torres,Noah Cameron,DET@KC,DET,1.0,2B,R,2.69,2.54,1.0,1.0,0.999,10.2,10.9,,,,,,,,0,
2026-08-21,668804,Bryan Reynolds,Yoshinobu Yamamoto,PIT@LAD,PIT,3.0,LF,R,2.74,2.77,1.001,1.029,0.9,10.0,10.79,,,,,,,,0,
2026-08-21,691720,Kyle Karros,Joey Cantillo,CLE@COL,COL,2.0,3B,R,2.63,2.81,0.963,0.994,0.966,10.0,10.79,,,,,,,,0,
2026-08-21,676609,José Caballero,Mason Fluharty,TOR@NYY,NYY,8.0,2B,R,3.25,2.89,0.998,0.989,0.9,10.0,10.79,,,,,,,,0,
2026-08-21,696285,Jacob Young,Ryan Gusto,WSH@MIA,WSH,9.0,CF,R,2.71,3.24,0.974,1.0,1.007,9.8,10.69,,,,,,,,0,
2026-08-21,671218,Heliot Ramos,Mason Fluharty,TOR@NYY,NYY,3.0,LF,R,2.66,2.89,1.014,0.989,0.9,9.8,10.69,,,,,,,,0,
2026-08-21,807712,Luke Keaschall,Randy Vásquez,MIN@SD,MIN,1.0,RF,R,1.8,3.12,1.002,1.018,1.12,9.6,10.58,,,,,,,,0,
2026-08-21,694192,Jackson Chourio,Chris Sale,ATL@MIL,MIL,1.0,LF,R,3.79,1.88,0.99,1.0,0.9,9.5,10.53,,,,,,,,0,
2026-08-21,660821,Jesús Sánchez,Cam Schlittler,TOR@NYY,TOR,4.0,DH,L,2.96,2.47,1.024,0.989,0.9,9.4,10.47,,,,,,,,0,
2026-08-21,677592,Everson Pereira,Jesús Luzardo,STL@PHI,STL,7.0,CF,R,3.82,2.14,1.008,1.007,0.9,9.3,10.42,,,,,,,,0,
2026-08-21,686681,Michael Massey,Troy Melton,DET@KC,KC,7.0,2B,L,3.08,2.62,1.0,1.0,0.9,9.1,10.31,,,,,,,,0,
2026-08-21,518692,Freddie Freeman,Bubba Chandler,PIT@LAD,LAD,2.0,1B,L,2.86,2.15,0.996,1.029,0.987,9.1,10.31,,,,,,,,0,
2026-08-21,666182,Bo Bichette,Sean Burke,NYM@CWS,NYM,3.0,DH,R,2.34,2.83,1.004,1.013,0.933,9.0,10.26,,,,,,,,1,
2026-08-21,686668,Brenton Doyle,Sean Manaea,NYM@CWS,CWS,6.0,CF,R,2.0,3.25,1.004,1.013,1.038,9.0,10.26,,,,,,,,0,
2026-08-21,667472,Dane Myers,Eduardo Rodríguez,CIN@AZ,CIN,3.0,CF,R,2.4,2.43,1.0,1.0,1.056,8.8,10.15,,,,,,,,0,
2026-08-21,666023,Freddy Fermin,Connor Prielipp,MIN@SD,SD,8.0,C,R,2.27,3.11,0.999,1.018,1.01,8.7,10.1,,,,,,,,0,
2026-08-21,678882,Ceddanne Rafaela,Logan Webb,SF@BOS,BOS,2.0,CF,R,3.1,1.98,1.037,1.007,0.925,8.7,10.1,,,,,,,,0,
2026-08-21,596142,Gary Sánchez,Chris Sale,ATL@MIL,MIL,6.0,DH,R,3.95,1.88,0.974,1.0,0.9,8.6,10.04,,,,,,,,0,
2026-08-21,662139,Daulton Varsho,J. T. Ginn,ATH@HOU,HOU,4.0,CF,L,2.14,2.71,1.025,1.0,0.978,8.3,9.88,,,,,,,,0,
2026-08-21,642086,Dominic Smith,Jacob Misiorowski,ATL@MIL,ATL,7.0,DH,L,2.9,2.59,0.975,1.0,0.9,8.3,9.88,,,,,,,,0,
2026-08-21,663586,Austin Riley,Jacob Misiorowski,ATL@MIL,ATL,8.0,3B,R,2.97,2.59,0.974,1.0,0.9,8.1,9.77,,,,,,,,0,
2026-08-21,606192,Teoscar Hernández,Bubba Chandler,PIT@LAD,LAD,8.0,LF,R,3.06,2.15,1.001,1.029,0.987,8.1,9.77,,,,,,,,0,
2026-08-21,672724,Oswald Peraza,Mackenzie Gore,LAA@TEX,LAA,9.0,2B,R,2.41,3.02,1.008,1.0,0.962,8.1,9.77,,,,,,,,0,
2026-08-21,608348,Carson Kelly,Emerson Hancock,CHC@SEA,CHC,9.0,C,R,2.35,3.08,1.002,1.0,0.979,8.1,9.77,,,,,,,,0,
2026-08-21,663647,Ke'Bryan Hayes,Eduardo Rodríguez,CIN@AZ,CIN,9.0,3B,R,2.73,2.43,1.0,1.0,1.056,8.0,9.72,,,,,,,,0,
2026-08-21,650859,Luis Rengifo,Connor Prielipp,MIN@SD,SD,2.0,DH,R,1.7,3.11,1.007,1.018,1.01,8.0,9.72,,,,,,,,0,
2026-08-21,680776,Jarren Duran,Logan Webb,SF@BOS,BOS,7.0,LF,L,3.28,1.98,1.044,1.007,0.925,7.9,9.67,,,,,,,,0,
2026-08-21,678391,Jorbit Vivas,Ryan Gusto,WSH@MIA,WSH,2.0,2B,L,1.69,3.24,0.97,1.0,1.007,7.8,9.61,,,,,,,,0,
2026-08-21,683146,Brett Baty,Sean Burke,NYM@CWS,NYM,7.0,3B,L,2.28,2.83,0.997,1.013,0.933,7.7,9.56,,,,,,,,0,
2026-08-21,664770,Nathan Lukes,Cam Schlittler,TOR@NYY,TOR,2.0,RF,L,2.33,2.47,1.011,0.989,0.9,7.6,9.51,,,,,,,,0,
2026-08-21,668939,Adley Rutschman,Logan Webb,SF@BOS,BOS,5.0,C,R,2.89,1.98,1.037,1.007,0.925,7.6,9.51,,,,,,,,0,
2026-08-21,694497,Evan Carter,Reid Detmers,LAA@TEX,TEX,9.0,CF,L,2.41,2.96,1.004,1.0,0.9,7.4,9.4,,,,,,,,0,
2026-08-21,671056,Iván Herrera,Jesús Luzardo,STL@PHI,STL,2.0,DH,R,2.55,2.14,1.008,1.007,0.9,7.3,9.35,,,,,,,,0,
2026-08-21,686469,Vinnie Pasquantino,Troy Melton,DET@KC,KC,5.0,1B,L,2.24,2.62,1.0,1.0,0.9,7.3,9.35,,,,,,,,1,
2026-08-21,805300,Jakob Marsee,Brad Lord,WSH@MIA,MIA,1.0,CF,L,1.74,2.76,0.977,1.0,1.015,7.2,9.29,,,,,,,,0,
2026-08-21,668930,Brice Turang,Chris Sale,ATL@MIL,MIL,2.0,2B,L,2.97,1.88,0.97,1.0,0.9,7.2,9.29,,,,,,,,0,
2026-08-21,672640,Otto Lopez,Brad Lord,WSH@MIA,MIA,5.0,SS,R,1.92,2.76,0.974,1.0,1.015,7.2,9.29,,,,,,,,0,
2026-08-21,669397,Nick Allen,J. T. Ginn,ATH@HOU,HOU,9.0,SS,R,2.24,2.71,1.034,1.0,0.978,7.1,9.24,,,,,,,,0,
2026-08-21,663656,Kyle Tucker,Bubba Chandler,PIT@LAD,LAD,6.0,RF,L,2.38,2.15,0.996,1.029,0.987,6.9,9.13,,,,,,,,0,
2026-08-21,678662,Ezequiel Tovar,Joey Cantillo,CLE@COL,COL,9.0,SS,R,2.32,2.81,0.963,0.994,0.966,6.9,9.13,,,,,,,,0,
2026-08-21,643289,Mauricio Dubón,Jacob Misiorowski,ATL@MIL,ATL,6.0,SS,R,2.24,2.59,0.982,1.0,0.9,6.8,9.08,,,,,,,,0,
2026-08-21,702332,Caleb Durbin,Logan Webb,SF@BOS,BOS,6.0,3B,R,2.69,1.98,1.037,1.007,0.925,6.8,9.08,,,,,,,,0,
2026-08-21,630105,Jake Cronenworth,Connor Prielipp,MIN@SD,SD,9.0,2B,L,1.84,3.11,0.987,1.018,1.01,6.7,9.02,,,,,,,,0,
2026-08-21,687597,Jordan Beck,Joey Cantillo,CLE@COL,COL,6.0,RF,R,1.92,2.81,0.963,0.994,0.966,6.6,8.97,,,,,,,,0,
2026-08-21,682663,Agustín Ramírez,Brad Lord,WSH@MIA,MIA,8.0,DH,R,1.99,2.76,0.97,1.0,1.015,6.6,8.97,,,,,,,,0,
2026-08-21,663538,Nico Hoerner,Emerson Hancock,CHC@SEA,CHC,6.0,SS,R,1.59,3.08,1.002,1.0,0.979,6.4,8.86,,,,,,,,0,
2026-08-21,682668,Luisangel Acuña,Sean Manaea,NYM@CWS,CWS,7.0,SS,R,1.45,3.25,1.004,1.013,1.038,6.3,8.81,,,,,,,,0,
2026-08-21,595879,Javier Báez,Noah Cameron,DET@KC,DET,9.0,LF,R,2.14,2.54,1.0,1.0,0.999,6.3,8.81,,,,,,,,0,
2026-08-21,679845,Nick Loftin,Troy Melton,DET@KC,KC,6.0,3B,R,1.96,2.62,1.0,1.0,0.9,6.1,8.7,,,,,,,,0,
2026-08-21,661388,William Contreras,Chris Sale,ATL@MIL,MIL,3.0,C,R,2.49,1.88,0.99,1.0,0.9,6.0,8.65,,,,,,,,0,
2026-08-21,664728,Kyle Isbel,Troy Melton,DET@KC,KC,9.0,CF,L,2.2,2.62,1.0,1.0,0.9,6.0,8.65,,,,,,,,1,
2026-08-21,681508,Mickey Gasper,Logan Webb,SF@BOS,BOS,9.0,DH,L,2.65,1.98,1.044,1.007,0.925,5.9,8.6,,,,,,,,0,
2026-08-21,669364,Xavier Edwards,Brad Lord,WSH@MIA,MIA,4.0,2B,L,1.47,2.76,0.977,1.0,1.015,5.8,8.54,,,,,,,,0,
2026-08-21,693304,Nick Gonzales,Yoshinobu Yamamoto,PIT@LAD,PIT,4.0,DH,R,1.57,2.77,0.996,1.029,0.9,5.8,8.54,,,,,,,,0,
2026-08-21,665877,José Fermín,Jesús Luzardo,STL@PHI,STL,6.0,3B,R,2.2,2.14,1.008,1.007,0.9,5.7,8.49,,,,,,,,0,
2026-08-21,686780,Pedro Pagés,Jesús Luzardo,STL@PHI,STL,9.0,C,R,2.5,2.14,1.008,1.007,0.9,5.6,8.43,,,,,,,,0,
2026-08-21,655316,Andruw Monasterio,Logan Webb,SF@BOS,BOS,8.0,SS,R,2.37,1.98,1.037,1.007,0.925,5.5,8.38,,,,,,,,0,
2026-08-21,683734,Andrew Vaughn,Chris Sale,ATL@MIL,MIL,4.0,1B,R,2.23,1.88,0.98,1.0,0.9,5.3,8.27,,,,,,,,0,
2026-08-21,687401,Joey Ortiz,Chris Sale,ATL@MIL,MIL,7.0,3B,R,2.44,1.88,0.99,1.0,0.9,5.2,8.22,,,,,,,,0,
2026-08-21,686555,Isaac Collins,Troy Melton,DET@KC,KC,8.0,LF,R,1.77,2.62,1.0,1.0,0.9,5.1,8.17,,,,,,,,0,
2026-08-21,663968,Jake Mangum,Yoshinobu Yamamoto,PIT@LAD,PIT,7.0,RF,R,1.52,2.77,1.001,1.029,0.9,5.0,8.11,,,,,,,,0,
2026-08-21,683766,Christian Koss,Sonny Gray,SF@BOS,SF,9.0,3B,R,1.7,2.55,1.037,1.007,0.932,4.9,8.06,,,,,,,,0,
2026-08-21,669707,Jared Triolo,Yoshinobu Yamamoto,PIT@LAD,PIT,9.0,3B,R,1.37,2.77,1.001,1.029,0.9,4.1,7.63,,,,,,,,0,
2026-08-21,670764,Taylor Walls,Trevor Rogers,TB@BAL,TB,9.0,SS,L,1.18,2.58,1.015,1.009,0.976,3.5,7.31,,,,,,,,0,
2026-08-21,683083,Nasim Nuñez,Ryan Gusto,WSH@MIA,WSH,8.0,SS,R,0.86,3.24,0.974,1.0,1.007,3.4,7.25,,,,,,,,0,
2026-08-22,608369,Corey Seager,Ryan Johnson,LAA@TEX,TEX,2.0,SS,L,4.05,4.87,1.004,1.0,1.12,29.5,21.25,,,,,,,,0,
2026-08-22,665052,Griffin Conine,Jake Irvin,WSH@MIA,MIA,2.0,1B,L,5.48,3.57,0.977,1.0,1.113,28.5,20.71,,,,,,,,0,
2026-08-22,664034,Ty France,Dean Kremer,MIN@SD,SD,4.0,1B,R,4.4,4.77,0.999,0.997,1.001,27.3,20.07,,,,,,,,0,
2026-08-22,666160,Mickey Moniak,Tanner Bibee,CLE@COL,COL,2.0,RF,L,5.18,3.87,0.956,1.042,1.016,27.3,20.07,,,,,,,,1,
2026-08-22,691023,Jordan Walker,Andrew Painter,STL@PHI,STL,4.0,RF,R,4.64,4.03,1.008,1.011,1.09,27.2,20.02,,,,,,,,0,
2026-08-22,592518,Manny Machado,Dean Kremer,MIN@SD,SD,3.0,3B,R,4.21,4.77,1.007,0.997,1.001,26.6,19.7,,,,,,,,0,
2026-08-22,670541,Yordan Álvarez,Jacob Lopez,ATH@HOU,HOU,2.0,DH,L,5.85,3.58,1.005,1.0,0.914,26.1,19.43,,,,,,,,0,
2026-08-22,669394,Jake Burger,Ryan Johnson,LAA@TEX,TEX,7.0,1B,R,4.05,4.87,1.006,1.0,1.12,25.9,19.32,,,,,,,,0,
2026-08-22,621566,Matt Olson,Logan Henderson,ATL@MIL,ATL,3.0,1B,L,5.82,3.72,0.982,1.0,0.9,25.4,19.05,,,,,,,,0,
2026-08-22,660271,Shohei Ohtani,Jared Jones,PIT@LAD,LAD,1.0,DH,L,5.05,3.7,0.996,1.031,0.943,25.2,18.94,,,,,,,,0,
2026-08-22,571970,Max Muncy,Jared Jones,PIT@LAD,LAD,4.0,3B,L,5.25,3.7,1.001,1.031,0.943,25.0,18.84,,,,,,,,0,
2026-08-22,691406,Junior Caminero,Brandon Young,TB@BAL,TB,4.0,3B,R,5.66,2.97,1.015,1.014,1.024,23.6,18.09,,,,,,,,0,
2026-08-22,701538,Jackson Merrill,Dean Kremer,MIN@SD,SD,5.0,CF,L,3.49,4.77,1.002,0.997,1.001,21.5,16.96,,,,,,,,1,
2026-08-22,657757,Gavin Sheets,Dean Kremer,MIN@SD,SD,7.0,DH,L,3.77,4.77,1.002,0.997,1.001,21.4,16.91,,,,,,,,0,
2026-08-22,683357,Owen Caissie,Jake Irvin,WSH@MIA,MIA,3.0,DH,L,4.02,3.57,0.977,1.0,1.113,21.1,16.75,,,,,,,,0,
2026-08-22,693307,Dillon Dingler,Michael Wacha,DET@KC,DET,4.0,C,R,4.74,3.27,1.0,1.0,0.996,20.8,16.59,,,,,,,,0,
2026-08-22,677649,Ezequiel Duran,Ryan Johnson,LAA@TEX,TEX,5.0,3B,R,2.86,4.87,1.006,1.0,1.12,20.4,16.37,,,,,,,,0,
2026-08-22,686948,Drake Baldwin,Logan Henderson,ATL@MIL,ATL,1.0,C,L,4.18,3.72,0.988,1.0,0.9,19.8,16.05,,,,,,,,0,
2026-08-22,672960,Kazuma Okamoto,Ryan Weathers,TOR@NYY,TOR,5.0,3B,R,4.7,3.22,1.011,0.986,1.003,19.7,16.0,,,,,,,,0,
2026-08-22,605141,Mookie Betts,Jared Jones,PIT@LAD,LAD,3.0,SS,R,3.87,3.7,1.001,1.031,0.943,19.1,15.67,,,,,,,,0,
2026-08-22,572233,Christian Walker,Jacob Lopez,ATH@HOU,HOU,5.0,1B,R,4.24,3.58,1.034,1.0,0.914,18.8,15.51,,,,,,,,0,
2026-08-22,665161,Jeremy Peña,Jacob Lopez,ATH@HOU,HOU,1.0,SS,R,3.83,3.58,1.034,1.0,0.914,18.6,15.41,,,,,,,,0,
2026-08-22,695506,Jac Caglianone,Drew Anderson,DET@KC,KC,3.0,RF,L,4.38,3.25,1.0,1.0,0.927,18.1,15.14,,,,,,,,0,
2026-08-22,680869,Zack Gelof,Hunter Brown,ATH@HOU,ATH,3.0,3B,R,4.26,3.06,1.034,1.0,0.963,17.8,14.98,,,,,,,,0,
2026-08-22,671739,Michael Harris,Logan Henderson,ATL@MIL,ATL,4.0,CF,L,3.84,3.72,0.982,1.0,0.9,17.3,14.71,,,,,,,,0,
2026-08-22,575929,Willson Contreras,Blade Tidwell,SF@BOS,BOS,4.0,1B,R,4.91,2.52,1.037,1.006,0.97,17.1,14.6,,,,,,,,0,
2026-08-22,664983,Jake Mccarthy,Tanner Bibee,CLE@COL,COL,1.0,CF,L,2.95,3.87,0.966,1.042,1.016,16.9,14.49,,,,,,,,0,
2026-08-22,665833,Oneil Cruz,Tarik Skubal,PIT@LAD,PIT,4.0,CF,L,4.73,2.77,0.996,1.031,0.9,16.7,14.39,,,,,,,,0,
2026-08-22,694497,Evan Carter,Ryan Johnson,LAA@TEX,TEX,6.0,CF,L,2.38,4.87,1.004,1.0,1.12,16.7,14.39,,,,,,,,0,
2026-08-22,673357,Luis Robert,Luis Castillo,NYM@CWS,NYM,6.0,LF,R,3.46,3.57,1.005,0.973,1.068,16.5,14.28,,,,,,,,1,
2026-08-22,671056,Iván Herrera,Andrew Painter,STL@PHI,STL,2.0,DH,R,2.53,4.03,1.008,1.011,1.09,16.1,14.06,,,,,,,,0,
2026-08-22,686527,Dominic Canzone,David Peterson,CHC@SEA,SEA,2.0,RF,L,4.44,2.36,1.0,1.0,1.08,16.0,14.01,,,,,,,,0,
2026-08-22,650489,Willi Castro,Tanner Bibee,CLE@COL,COL,6.0,2B,R,3.16,3.87,0.963,1.042,1.016,15.9,13.96,,,,,,,,0,
2026-08-22,624413,Pete Alonso,Shane Mcclanahan,TB@BAL,BAL,2.0,DH,R,4.95,2.19,1.015,1.014,1.0,15.8,13.9,,,,,,,,0,
2026-08-22,650490,Yandy Díaz,Brandon Young,TB@BAL,TB,1.0,DH,R,3.4,2.97,1.015,1.014,1.024,15.5,13.74,,,,,,,,0,
2026-08-22,645277,Ozzie Albies,Logan Henderson,ATL@MIL,ATL,5.0,DH,R,3.53,3.72,0.99,1.0,0.9,15.5,13.74,,,,,,,,0,
2026-08-22,678246,Miguel Vargas,Christian Scott,NYM@CWS,CWS,3.0,3B,R,4.84,2.43,1.004,0.973,0.965,15.4,13.69,,,,,,,,0,
2026-08-22,695600,Carter Jensen,Drew Anderson,DET@KC,KC,1.0,C,L,3.45,3.25,1.0,1.0,0.927,15.2,13.58,,,,,,,,0,
2026-08-22,679529,Spencer Torkelson,Michael Wacha,DET@KC,DET,7.0,1B,R,3.81,3.27,1.0,1.0,0.996,15.2,13.58,,,,,,,,0,
2026-08-22,682626,Francisco Álvarez,Luis Castillo,NYM@CWS,NYM,9.0,C,R,3.66,3.57,0.997,0.973,1.068,15.1,13.53,,,,,,,,0,
2026-08-22,682998,Corbin Carroll,Rhett Lowder,CIN@AZ,AZ,2.0,RF,L,3.26,2.91,1.0,1.0,1.098,14.9,13.42,,,,,,,,0,
2026-08-22,621439,Byron Buxton,Casey Mize,MIN@SD,MIN,2.0,CF,R,5.6,2.06,1.002,0.997,0.9,14.8,13.37,,,,,,,,0,
2026-08-22,642715,Willy Adames,Patrick Sandoval,SF@BOS,SF,3.0,SS,R,3.86,2.43,1.037,1.006,1.061,14.5,13.21,,,,,,,,1,
2026-08-22,518692,Freddie Freeman,Jared Jones,PIT@LAD,LAD,2.0,1B,L,2.84,3.7,0.996,1.031,0.943,14.5,13.21,,,,,,,,0,
2026-08-22,700250,Ben Rice,Dylan Cease,TOR@NYY,NYY,2.0,DH,L,5.84,1.92,1.011,0.986,0.9,14.4,13.15,,,,,,,,0,
2026-08-22,672386,Alejandro Kirk,Ryan Weathers,TOR@NYY,TOR,3.0,C,R,3.21,3.22,1.011,0.986,1.003,14.4,13.15,,,,,,,,0,
2026-08-22,695657,Colson Montgomery,Christian Scott,NYM@CWS,CWS,6.0,SS,L,4.86,2.43,1.009,0.973,0.965,14.4,13.15,,,,,,,,0,
2026-08-22,694192,Jackson Chourio,Martín Pérez,ATL@MIL,MIL,1.0,LF,R,3.76,2.57,0.99,1.0,1.021,14.3,13.1,,,,,,,,0,
2026-08-22,701358,Cam Smith,Jacob Lopez,ATH@HOU,HOU,8.0,RF,R,3.55,3.58,1.034,1.0,0.914,14.2,13.05,,,,,,,,0,
2026-08-22,691723,Coby Mayo,Shane Mcclanahan,TB@BAL,BAL,3.0,1B,R,4.55,2.19,1.006,1.014,1.0,14.2,13.05,,,,,,,,0,
2026-08-22,543760,Marcus Semien,Luis Castillo,NYM@CWS,NYM,8.0,2B,R,3.23,3.57,1.004,0.973,1.068,14.2,13.05,,,,,,,,0,
2026-08-22,514888,José Altuve,Jacob Lopez,ATH@HOU,HOU,4.0,2B,R,2.99,3.58,1.034,1.0,0.914,14.1,12.99,,,,,,,,0,
2026-08-22,677800,Wilyer Abreu,Blade Tidwell,SF@BOS,BOS,3.0,RF,L,3.84,2.52,1.059,1.006,0.97,14.0,12.94,,,,,,,,0,
2026-08-22,677951,Bobby Witt,Drew Anderson,DET@KC,KC,2.0,SS,R,3.22,3.25,1.0,1.0,0.927,13.9,12.89,,,,,,,,0,
2026-08-22,691720,Kyle Karros,Tanner Bibee,CLE@COL,COL,5.0,3B,R,2.61,3.87,0.963,1.042,1.016,13.8,12.83,,,,,,,,0,
2026-08-22,593428,Xander Bogaerts,Dean Kremer,MIN@SD,SD,8.0,SS,R,2.42,4.77,1.007,0.997,1.001,13.7,12.78,,,,,,,,0,
2026-08-22,606192,Teoscar Hernández,Jared Jones,PIT@LAD,LAD,7.0,LF,R,3.04,3.7,1.001,1.031,0.943,13.5,12.67,,,,,,,,0,
2026-08-22,521692,Salvador Pérez,Drew Anderson,DET@KC,KC,4.0,DH,R,3.15,3.25,1.0,1.0,0.927,13.3,12.56,,,,,,,,1,
2026-08-22,543807,George Springer,Ryan Weathers,TOR@NYY,TOR,4.0,DH,R,2.95,3.22,0.998,0.986,1.003,13.1,12.46,,,,,,,,0,
2026-08-22,666182,Bo Bichette,Luis Castillo,NYM@CWS,NYM,3.0,3B,R,2.48,3.57,1.004,0.973,1.068,13.0,12.4,,,,,,,,1,
2026-08-22,687952,Christian Encarnacion-Strand,Shane Mcclanahan,TB@BAL,BAL,6.0,3B,R,4.44,2.19,1.006,1.014,1.0,12.9,12.35,,,,,,,,0,
2026-08-22,701398,Sal Stewart,Michael Soroka,CIN@AZ,CIN,2.0,1B,R,4.52,2.01,1.0,1.0,0.99,12.9,12.35,,,,,,,,0,
2026-08-22,641680,Jonah Heim,Hunter Brown,ATH@HOU,ATH,7.0,C,L,3.5,3.06,1.004,1.0,0.963,12.8,12.3,,,,,,,,0,
2026-08-22,677594,Julio Rodríguez,David Peterson,CHC@SEA,SEA,3.0,CF,R,3.57,2.36,1.002,1.0,1.08,12.8,12.3,,,,,,,,0,
2026-08-22,673237,Yainer Diaz,Jacob Lopez,ATH@HOU,HOU,7.0,C,R,3.12,3.58,1.004,1.0,0.914,12.7,12.24,,,,,,,,0,
2026-08-22,694374,Tim Tawa,Rhett Lowder,CIN@AZ,AZ,6.0,1B,R,3.04,2.91,1.0,1.0,1.098,12.6,12.19,,,,,,,,1,
2026-08-22,671277,Luis García,Dylan Cease,TOR@NYY,NYY,4.0,1B,L,5.17,1.92,1.024,0.986,0.9,12.6,12.19,,,,,,,,1,
2026-08-22,650402,Gleyber Torres,Michael Wacha,DET@KC,DET,2.0,2B,R,2.66,3.27,1.0,1.0,0.996,12.5,12.13,,,,,,,,0,
2026-08-22,630105,Jake Cronenworth,Dean Kremer,MIN@SD,SD,2.0,2B,L,1.83,4.77,0.987,0.997,1.001,12.4,12.08,,,,,,,,0,
2026-08-22,668709,Jj Bleday,Michael Soroka,CIN@AZ,CIN,3.0,LF,L,4.39,2.01,1.0,1.0,0.99,12.3,12.03,,,,,,,,1,
2026-08-22,668227,Randy Arozarena,David Peterson,CHC@SEA,SEA,1.0,LF,R,3.21,2.36,1.0,1.0,1.08,12.1,11.92,,,,,,,,1,
2026-08-22,666023,Freddy Fermin,Dean Kremer,MIN@SD,SD,9.0,C,R,2.25,4.77,0.999,0.997,1.001,12.1,11.92,,,,,,,,0,
2026-08-22,665877,José Fermín,Andrew Painter,STL@PHI,STL,7.0,2B,R,2.18,4.03,1.008,1.011,1.09,12.1,11.92,,,,,,,,0,
2026-08-22,690993,Colt Keith,Michael Wacha,DET@KC,DET,3.0,DH,L,2.61,3.27,1.0,1.0,0.996,12.0,11.87,,,,,,,,0,
2026-08-22,663993,Nathaniel Lowe,Gabriel Hughes,CLE@COL,CLE,5.0,1B,L,3.94,2.4,0.975,1.042,0.912,11.8,11.76,,,,,,,,0,
2026-08-22,691781,Brady House,Eury Pérez,WSH@MIA,WSH,3.0,3B,R,3.36,2.72,0.974,1.0,0.939,11.8,11.76,,,,,,,,0,
2026-08-22,656775,Cedric Mullins,Brandon Young,TB@BAL,TB,8.0,CF,L,3.06,2.97,1.015,1.014,1.024,11.5,11.6,,,,,,,,0,
2026-08-22,663586,Austin Riley,Logan Henderson,ATL@MIL,ATL,8.0,3B,R,2.95,3.72,0.974,1.0,0.9,11.5,11.6,,,,,,,,0,
2026-08-22,641933,Tyler O'Neill,Shane Mcclanahan,TB@BAL,BAL,4.0,RF,R,3.63,2.19,1.006,1.014,1.0,11.4,11.54,,,,,,,,0,
2026-08-22,553993,Eugenio Suárez,Michael Soroka,CIN@AZ,CIN,5.0,DH,R,4.26,2.01,1.0,1.0,0.99,11.4,11.54,,,,,,,,0,
2026-08-22,682829,Elly De La Cruz,Michael Soroka,CIN@AZ,CIN,1.0,SS,R,3.86,2.01,1.0,1.0,0.99,11.4,11.54,,,,,,,,1,
2026-08-22,678882,Ceddanne Rafaela,Blade Tidwell,SF@BOS,BOS,2.0,CF,R,3.08,2.52,1.037,1.006,0.97,11.4,11.54,,,,,,,,0,
2026-08-22,686681,Michael Massey,Drew Anderson,DET@KC,KC,7.0,2B,L,3.05,3.25,1.0,1.0,0.927,11.4,11.54,,,,,,,,0,
2026-08-22,663728,Cal Raleigh,David Peterson,CHC@SEA,SEA,6.0,C,R,3.41,2.36,1.002,1.0,1.08,11.4,11.54,,,,,,,,0,
2026-08-22,686611,Dylan Crews,Eury Pérez,WSH@MIA,WSH,2.0,RF,R,3.14,2.72,0.974,1.0,0.939,11.3,11.49,,,,,,,,0,
2026-08-22,663656,Kyle Tucker,Jared Jones,PIT@LAD,LAD,6.0,RF,L,2.36,3.7,0.996,1.031,0.943,11.1,11.38,,,,,,,,0,
2026-08-22,677950,Alek Thomas,Jared Jones,PIT@LAD,LAD,8.0,CF,L,2.56,3.7,1.001,1.031,0.943,11.0,11.33,,,,,,,,0,
2026-08-22,666176,Jo Adell,Gabriel Hughes,CLE@COL,CLE,4.0,RF,R,3.54,2.4,0.963,1.042,0.912,11.0,11.33,,,,,,,,1,
2026-08-22,668930,Brice Turang,Martín Pérez,ATL@MIL,MIL,2.0,2B,L,2.95,2.57,0.97,1.0,1.021,10.9,11.28,,,,,,,,0,
2026-08-22,665019,Kody Clemens,Casey Mize,MIN@SD,MIN,5.0,2B,L,4.31,2.06,1.002,0.997,0.9,10.8,11.22,,,,,,,,0,
2026-08-22,666126,Carlos Cortes,Hunter Brown,ATH@HOU,ATH,4.0,LF,L,2.56,3.06,1.004,1.0,0.963,10.7,11.17,,,,,,,,0,
2026-08-22,650859,Luis Rengifo,Dean Kremer,MIN@SD,SD,6.0,LF,R,1.69,4.77,1.007,0.997,1.001,10.6,11.12,,,,,,,,0,
2026-08-22,643217,Andrew Benintendi,Christian Scott,NYM@CWS,CWS,4.0,DH,L,3.31,2.43,0.999,0.973,0.965,10.6,11.12,,,,,,,,0,
2026-08-22,695734,Daylen Lile,Eury Pérez,WSH@MIA,WSH,1.0,DH,L,2.86,2.72,0.977,1.0,0.939,10.6,11.12,,,,,,,,0,
2026-08-22,663457,Lars Nootbaar,Rhett Lowder,CIN@AZ,AZ,1.0,LF,L,2.19,2.91,1.0,1.0,1.098,10.5,11.06,,,,,,,,0,
2026-08-22,680776,Jarren Duran,Blade Tidwell,SF@BOS,BOS,7.0,LF,L,3.26,2.52,1.044,1.006,0.97,10.4,11.01,,,,,,,,0,
2026-08-22,683146,Brett Baty,Luis Castillo,NYM@CWS,NYM,7.0,DH,L,2.26,3.57,0.997,0.973,1.068,10.4,11.01,,,,,,,,0,
2026-08-22,672640,Otto Lopez,Jake Irvin,WSH@MIA,MIA,4.0,SS,R,1.9,3.57,0.974,1.0,1.113,10.4,11.01,,,,,,,,0,
2026-08-22,683002,Gunnar Henderson,Shane Mcclanahan,TB@BAL,BAL,5.0,SS,L,3.38,2.19,1.015,1.014,1.0,10.3,10.95,,,,,,,,0,
2026-08-22,686469,Vinnie Pasquantino,Drew Anderson,DET@KC,KC,5.0,1B,L,2.43,3.25,1.0,1.0,0.927,10.0,10.79,,,,,,,,0,
2026-08-22,668804,Bryan Reynolds,Tarik Skubal,PIT@LAD,PIT,3.0,DH,R,2.72,2.77,1.001,1.031,0.9,9.9,10.74,,,,,,,,0,
2026-08-22,668939,Adley Rutschman,Blade Tidwell,SF@BOS,BOS,5.0,C,R,2.87,2.52,1.037,1.006,0.97,9.9,10.74,,,,,,,,0,
2026-08-22,642215,Weston Wilson,David Peterson,CHC@SEA,SEA,8.0,3B,R,3.21,2.36,1.002,1.0,1.08,9.8,10.69,,,,,,,,0,
2026-08-22,663757,Trent Grisham,Dylan Cease,TOR@NYY,NYY,1.0,CF,L,3.77,1.92,1.011,0.986,0.9,9.7,10.63,,,,,,,,0,
2026-08-22,643289,Mauricio Dubón,Logan Henderson,ATL@MIL,ATL,6.0,2B,R,2.23,3.72,0.982,1.0,0.9,9.6,10.58,,,,,,,,0,
2026-08-22,691594,Javier Sanoja,Jake Irvin,WSH@MIA,MIA,8.0,3B,R,2.04,3.57,0.974,1.0,1.113,9.5,10.53,,,,,,,,0,
2026-08-22,691777,Max Muncy,Hunter Brown,ATH@HOU,ATH,9.0,DH,R,2.81,3.06,1.004,1.0,0.963,9.5,10.53,,,,,,,,0,
2026-08-22,680777,Ryan Jeffers,Casey Mize,MIN@SD,MIN,4.0,C,R,3.56,2.06,1.007,0.997,0.9,9.4,10.47,,,,,,,,0,
2026-08-22,662139,Daulton Varsho,Jacob Lopez,ATH@HOU,HOU,6.0,CF,L,2.12,3.58,1.025,1.0,0.914,9.4,10.47,,,,,,,,1,
2026-08-22,677588,José Tena,Eury Pérez,WSH@MIA,WSH,6.0,2B,L,2.87,2.72,0.977,1.0,0.939,9.4,10.47,,,,,,,,0,
2026-08-22,805300,Jakob Marsee,Jake Irvin,WSH@MIA,MIA,5.0,CF,L,1.73,3.57,0.977,1.0,1.113,9.2,10.36,,,,,,,,1,
2026-08-22,663886,Tyler Stephenson,Michael Soroka,CIN@AZ,CIN,4.0,C,R,3.28,2.01,1.0,1.0,0.99,9.2,10.36,,,,,,,,0,
2026-08-22,661388,William Contreras,Martín Pérez,ATL@MIL,MIL,3.0,C,R,2.47,2.57,0.99,1.0,1.021,9.2,10.36,,,,,,,,0,
2026-08-22,680779,Henry Davis,Tarik Skubal,PIT@LAD,PIT,9.0,C,R,3.08,2.77,1.001,1.031,0.9,9.1,10.31,,,,,,,,0,
2026-08-22,702332,Caleb Durbin,Blade Tidwell,SF@BOS,BOS,6.0,3B,R,2.67,2.52,1.037,1.006,0.97,9.0,10.26,,,,,,,,0,
2026-08-22,605137,Josh Bell,Casey Mize,MIN@SD,MIN,3.0,DH,L,3.31,2.06,1.002,0.997,0.9,8.7,10.1,,,,,,,,0,
2026-08-22,669364,Xavier Edwards,Jake Irvin,WSH@MIA,MIA,1.0,2B,L,1.46,3.57,0.977,1.0,1.113,8.5,9.99,,,,,,,,0,
2026-08-22,664728,Kyle Isbel,Drew Anderson,DET@KC,KC,9.0,CF,L,2.45,3.25,1.0,1.0,0.927,8.5,9.99,,,,,,,,1,
2026-08-22,702616,Jackson Holliday,Shane Mcclanahan,TB@BAL,BAL,1.0,2B,L,2.48,2.19,1.015,1.014,1.0,8.4,9.94,,,,,,,,0,
2026-08-22,592885,Christian Yelich,Martín Pérez,ATL@MIL,MIL,6.0,DH,L,2.47,2.57,0.982,1.0,1.021,8.4,9.94,,,,,,,,0,
2026-08-22,696285,Jacob Young,Eury Pérez,WSH@MIA,WSH,7.0,CF,R,2.69,2.72,0.974,1.0,0.939,8.4,9.94,,,,,,,,0,
2026-08-22,665489,Vladimir Guerrero,Ryan Weathers,TOR@NYY,TOR,2.0,1B,R,1.75,3.22,1.011,0.986,1.003,8.3,9.88,,,,,,,,0,
2026-08-22,668904,Royce Lewis,Casey Mize,MIN@SD,MIN,6.0,1B,R,3.3,2.06,1.007,0.997,0.9,8.1,9.77,,,,,,,,0,
2026-08-22,686797,Brooks Lee,Casey Mize,MIN@SD,MIN,8.0,3B,R,3.52,2.06,1.007,0.997,0.9,7.9,9.67,,,,,,,,1,
2026-08-22,687401,Joey Ortiz,Martín Pérez,ATL@MIL,MIL,7.0,3B,R,2.42,2.57,0.99,1.0,1.021,7.9,9.67,,,,,,,,0,
2026-08-22,683734,Andrew Vaughn,Martín Pérez,ATL@MIL,MIL,5.0,1B,R,2.21,2.57,0.98,1.0,1.021,7.8,9.61,,,,,,,,0,
2026-08-22,680700,Richie Palacios,Brandon Young,TB@BAL,TB,7.0,2B,L,1.99,2.97,0.999,1.014,1.024,7.7,9.56,,,,,,,,0,
2026-08-22,665862,Jazz Chisholm,Dylan Cease,TOR@NYY,NYY,7.0,2B,L,3.54,1.92,1.011,0.986,0.9,7.7,9.56,,,,,,,,0,
2026-08-22,681508,Mickey Gasper,Blade Tidwell,SF@BOS,BOS,9.0,DH,L,2.6,2.52,1.044,1.006,0.97,7.7,9.56,,,,,,,,0,
2026-08-22,679845,Nick Loftin,Drew Anderson,DET@KC,KC,6.0,3B,R,1.94,3.25,1.0,1.0,0.927,7.7,9.56,,,,,,,,0,
2026-08-22,655316,Andruw Monasterio,Blade Tidwell,SF@BOS,BOS,8.0,SS,R,2.35,2.52,1.037,1.006,0.97,7.3,9.35,,,,,,,,0,
2026-08-22,672275,Patrick Bailey,Gabriel Hughes,CLE@COL,CLE,8.0,C,L,2.72,2.4,0.956,1.042,0.912,7.2,9.29,,,,,,,,0,
2026-08-22,656716,Zach Mckinstry,Michael Wacha,DET@KC,DET,5.0,RF,L,1.61,3.27,1.0,1.0,0.996,7.2,9.29,,,,,,,,0,
2026-08-22,694377,Nick Yorke,Tarik Skubal,PIT@LAD,PIT,7.0,3B,R,2.15,2.77,1.001,1.031,0.9,7.0,9.19,,,,,,,,0,
2026-08-22,687859,Troy Johnston,Tanner Bibee,CLE@COL,COL,7.0,DH,L,1.34,3.87,0.956,1.042,1.016,6.7,9.02,,,,,,,,0,
2026-08-22,671218,Heliot Ramos,Dylan Cease,TOR@NYY,NYY,3.0,LF,R,2.64,1.92,1.014,0.986,0.9,6.6,8.97,,,,,,,,0,
2026-08-22,676609,José Caballero,Dylan Cease,TOR@NYY,NYY,9.0,3B,R,3.22,1.92,0.998,0.986,0.9,6.3,8.81,,,,,,,,0,
2026-08-22,663647,Ke'Bryan Hayes,Michael Soroka,CIN@AZ,CIN,9.0,3B,R,2.71,2.01,1.0,1.0,0.99,6.2,8.76,,,,,,,,0,
2026-08-22,693304,Nick Gonzales,Tarik Skubal,PIT@LAD,PIT,1.0,2B,R,1.56,2.77,0.996,1.031,0.9,6.1,8.7,,,,,,,,0,
2026-08-22,669224,Austin Wells,Dylan Cease,TOR@NYY,NYY,8.0,C,L,2.84,1.92,1.011,0.986,0.9,6.0,8.65,,,,,,,,0,
2026-08-22,667472,Dane Myers,Michael Soroka,CIN@AZ,CIN,7.0,CF,R,2.37,2.01,1.0,1.0,0.99,6.0,8.65,,,,,,,,0,
2026-08-22,683766,Christian Koss,Patrick Sandoval,SF@BOS,SF,7.0,3B,R,1.67,2.43,1.037,1.006,1.061,5.7,8.49,,,,,,,,0,
2026-08-22,663968,Jake Mangum,Tarik Skubal,PIT@LAD,PIT,6.0,LF,R,1.51,2.77,1.001,1.031,0.9,5.2,8.22,,,,,,,,0,
2026-08-22,807712,Luke Keaschall,Casey Mize,MIN@SD,MIN,1.0,RF,R,1.78,2.06,1.002,0.997,0.9,5.0,8.11,,,,,,,,1,
2026-08-22,665966,Carlos Narváez,Shane Mcclanahan,TB@BAL,BAL,9.0,C,R,1.85,2.19,1.006,1.014,1.0,4.8,8.01,,,,,,,,0,
2026-08-22,670764,Taylor Walls,Brandon Young,TB@BAL,TB,9.0,SS,L,1.17,2.97,1.015,1.014,1.024,4.3,7.74,,,,,,,,0,
2026-08-22,669707,Jared Triolo,Tarik Skubal,PIT@LAD,PIT,8.0,SS,R,1.36,2.77,1.001,1.031,0.9,4.3,7.74,,,,,,,,0,
2026-08-22,683083,Nasim Nuñez,Eury Pérez,WSH@MIA,WSH,8.0,SS,R,0.86,2.72,0.974,1.0,0.939,2.6,6.83,,,,,,,,0,
2026-08-23,686527,Dominic Canzone,Shota Imanaga,CHC@SEA,SEA,2.0,DH,L,4.41,4.61,1.0,1.0,0.96,26.3,19.53,,,,,,,,0,
2026-08-23,660271,Shohei Ohtani,Lake Bachar,PIT@LAD,LAD,1.0,DH,L,5.01,3.79,0.996,1.03,0.932,25.3,19.0,,,,,,,,0,
2026-08-23,571970,Max Muncy,Lake Bachar,PIT@LAD,LAD,4.0,3B,L,5.21,3.79,1.001,1.03,0.932,25.0,18.84,,,,,,,,0,
2026-08-23,663993,Nathaniel Lowe,Tomoyuki Sugano,CLE@COL,CLE,4.0,1B,L,3.9,4.72,0.975,0.942,1.12,25.0,18.84,,,,,,,,0,
2026-08-23,666160,Mickey Moniak,Foster Griffin,CLE@COL,COL,4.0,DH,L,5.36,3.73,0.956,0.942,1.001,23.9,18.25,,,,,,,,0,
2026-08-23,680869,Zack Gelof,Cristian Javier,ATH@HOU,ATH,3.0,3B,R,4.22,3.64,1.034,1.0,1.12,23.8,18.19,,,,,,,,0,
2026-08-23,656941,Kyle Schwarber,Kyle Leahy,STL@PHI,PHI,1.0,1B,L,6.16,2.48,1.006,1.018,1.081,23.7,18.14,,,,,,,,1,
2026-08-23,666176,Jo Adell,Tomoyuki Sugano,CLE@COL,CLE,3.0,RF,R,3.68,4.72,0.963,0.942,1.12,23.5,18.03,,,,,,,,0,
2026-08-23,664034,Ty France,Bailey Ober,MIN@SD,SD,4.0,1B,R,4.36,3.68,0.999,1.006,1.056,22.7,17.6,,,,,,,,0,
2026-08-23,592518,Manny Machado,Bailey Ober,MIN@SD,SD,3.0,3B,R,4.18,3.68,1.007,1.006,1.056,22.1,17.28,,,,,,,,0,
2026-08-23,668227,Randy Arozarena,Shota Imanaga,CHC@SEA,SEA,1.0,LF,R,3.5,4.61,1.0,1.0,0.96,21.9,17.18,,,,,,,,1,
2026-08-23,621439,Byron Buxton,Walker Buehler,MIN@SD,MIN,2.0,CF,R,5.55,2.78,1.002,1.006,1.011,21.7,17.07,,,,,,,,0,
2026-08-23,624413,Pete Alonso,Nick Martínez,TB@BAL,BAL,2.0,1B,R,4.92,2.98,1.015,1.0,1.036,21.3,16.85,,,,,,,,0,
2026-08-23,677594,Julio Rodríguez,Shota Imanaga,CHC@SEA,SEA,3.0,CF,R,3.55,4.61,1.002,1.0,0.96,21.2,16.8,,,,,,,,0,
2026-08-23,700250,Ben Rice,José Soriano,TOR@NYY,NYY,2.0,DH,L,5.81,2.41,1.011,1.021,1.036,20.7,16.53,,,,,,,,0,
2026-08-23,663728,Cal Raleigh,Shota Imanaga,CHC@SEA,SEA,4.0,C,R,3.39,4.61,1.002,1.0,0.96,20.3,16.32,,,,,,,,0,
2026-08-23,682657,Angel Martínez,Tomoyuki Sugano,CLE@COL,CLE,7.0,LF,L,3.56,4.72,0.956,0.942,1.12,20.2,16.26,,,,,,,,0,
2026-08-23,670541,Yordan Álvarez,Brady Basso,ATH@HOU,HOU,2.0,DH,L,5.82,2.62,1.005,1.0,0.94,20.1,16.21,,,,,,,,0,
2026-08-23,694212,Samuel Basallo,Nick Martínez,TB@BAL,BAL,4.0,C,L,4.66,2.98,0.999,1.0,1.036,19.4,15.83,,,,,,,,0,
2026-08-23,605141,Mookie Betts,Lake Bachar,PIT@LAD,LAD,3.0,SS,R,3.84,3.79,1.001,1.03,0.932,19.1,15.67,,,,,,,,0,
2026-08-23,701398,Sal Stewart,Mitch Bratt,CIN@AZ,CIN,2.0,1B,R,4.48,3.09,1.0,1.0,0.988,19.1,15.67,,,,,,,,0,
2026-08-23,671277,Luis García,José Soriano,TOR@NYY,NYY,3.0,1B,L,5.31,2.41,1.024,1.021,1.036,18.9,15.57,,,,,,,,0,
2026-08-23,701538,Jackson Merrill,Bailey Ober,MIN@SD,SD,5.0,CF,L,3.62,3.68,1.002,1.006,1.056,18.5,15.35,,,,,,,,1,
2026-08-23,691723,Coby Mayo,Nick Martínez,TB@BAL,BAL,5.0,DH,R,4.52,2.98,1.006,1.0,1.036,18.3,15.24,,,,,,,,0,
2026-08-23,657757,Gavin Sheets,Bailey Ober,MIN@SD,SD,7.0,DH,L,3.76,3.68,1.002,1.006,1.056,17.8,14.98,,,,,,,,0,
2026-08-23,642215,Weston Wilson,Shota Imanaga,CHC@SEA,SEA,6.0,3B,R,3.16,4.61,1.002,1.0,0.96,17.7,14.92,,,,,,,,0,
2026-08-23,694192,Jackson Chourio,Tyler Mahle,ATL@MIL,MIL,1.0,LF,R,3.73,3.29,0.99,1.0,1.001,17.6,14.87,,,,,,,,0,
2026-08-23,682829,Elly De La Cruz,Mitch Bratt,CIN@AZ,CIN,1.0,SS,R,3.99,3.09,1.0,1.0,0.988,17.6,14.87,,,,,,,,0,
2026-08-23,664023,Ian Happ,Bryce Miller,CHC@SEA,CHC,5.0,LF,R,3.78,3.88,1.002,1.0,0.9,17.4,14.76,,,,,,,,1,
2026-08-23,621566,Matt Olson,Shane Drohan,ATL@MIL,ATL,3.0,1B,L,5.79,2.37,0.982,1.0,0.937,17.4,14.76,,,,,,,,0,
2026-08-23,553993,Eugenio Suárez,Mitch Bratt,CIN@AZ,CIN,5.0,3B,R,4.22,3.09,1.0,1.0,0.988,17.0,14.55,,,,,,,,0,
2026-08-23,668709,Jj Bleday,Mitch Bratt,CIN@AZ,CIN,7.0,LF,L,4.52,3.09,1.0,1.0,0.988,16.7,14.39,,,,,,,,0,
2026-08-23,665019,Kody Clemens,Walker Buehler,MIN@SD,MIN,4.0,2B,L,4.28,2.78,1.002,1.006,1.011,16.6,14.33,,,,,,,,0,
2026-08-23,547180,Bryce Harper,Kyle Leahy,STL@PHI,PHI,3.0,DH,L,4.39,2.48,1.006,1.018,1.081,16.6,14.33,,,,,,,,0,
2026-08-23,687952,Christian Encarnacion-Strand,Nick Martínez,TB@BAL,BAL,7.0,3B,R,4.36,2.98,1.006,1.0,1.036,16.4,14.23,,,,,,,,0,
2026-08-23,678246,Miguel Vargas,Nolan Mclean,NYM@CWS,CWS,3.0,3B,R,4.8,2.62,1.004,0.983,0.947,16.3,14.17,,,,,,,,0,
2026-08-23,608369,Corey Seager,Yusei Kikuchi,LAA@TEX,TEX,2.0,SS,L,4.01,2.59,1.004,1.0,1.08,15.9,13.96,,,,,,,,0,
2026-08-23,624424,Michael Conforto,Bryce Miller,CHC@SEA,CHC,8.0,DH,L,3.89,3.88,1.0,1.0,0.9,15.9,13.96,,,,,,,,1,
2026-08-23,665953,Andrés Chaparro,Janson Junk,WSH@MIA,WSH,7.0,1B,R,4.41,3.03,0.97,1.0,1.002,15.8,13.9,,,,,,,,0,
2026-08-23,691406,Junior Caminero,Shane Baz,TB@BAL,TB,3.0,3B,R,5.62,2.01,1.015,1.0,0.99,15.7,13.85,,,,,,,,0,
2026-08-23,608324,Alex Bregman,Bryce Miller,CHC@SEA,CHC,4.0,3B,R,3.23,3.88,1.0,1.0,0.9,15.6,13.8,,,,,,,,0,
2026-08-23,521692,Salvador Pérez,Jacob Waguespack,DET@KC,KC,4.0,DH,R,3.3,3.72,1.0,1.0,0.9,15.2,13.58,,,,,,,,0,
2026-08-23,695657,Colson Montgomery,Nolan Mclean,NYM@CWS,CWS,6.0,SS,L,4.82,2.62,1.009,0.983,0.947,15.2,13.58,,,,,,,,0,
2026-08-23,677951,Bobby Witt,Jacob Waguespack,DET@KC,KC,2.0,SS,R,3.2,3.72,1.0,1.0,0.9,15.2,13.58,,,,,,,,0,
2026-08-23,666126,Carlos Cortes,Cristian Javier,ATH@HOU,ATH,2.0,LF,L,2.54,3.64,1.004,1.0,1.12,14.8,13.37,,,,,,,,0,
2026-08-23,650489,Willi Castro,Foster Griffin,CLE@COL,COL,3.0,3B,R,3.13,3.73,0.963,0.942,1.001,14.8,13.37,,,,,,,,0,
2026-08-23,682998,Corbin Carroll,Andrew Abbott,CIN@AZ,AZ,2.0,RF,L,3.24,2.99,1.0,1.0,1.053,14.6,13.26,,,,,,,,0,
2026-08-23,669394,Jake Burger,Yusei Kikuchi,LAA@TEX,TEX,6.0,1B,R,4.05,2.59,1.006,1.0,1.08,14.6,13.26,,,,,,,,0,
2026-08-23,518692,Freddie Freeman,Lake Bachar,PIT@LAD,LAD,2.0,1B,L,2.82,3.79,0.996,1.03,0.932,14.6,13.26,,,,,,,,0,
2026-08-23,691777,Max Muncy,Cristian Javier,ATH@HOU,ATH,6.0,DH,R,2.78,3.64,1.004,1.0,1.12,14.6,13.26,,,,,,,,1,
2026-08-23,683002,Gunnar Henderson,Nick Martínez,TB@BAL,BAL,3.0,SS,L,3.36,2.98,1.015,1.0,1.036,14.6,13.26,,,,,,,,0,
2026-08-23,664983,Jake Mccarthy,Foster Griffin,CLE@COL,COL,1.0,LF,L,2.93,3.73,0.966,0.942,1.001,14.5,13.21,,,,,,,,0,
2026-08-23,672960,Kazuma Okamoto,Carlos Rodón,TOR@NYY,TOR,5.0,3B,R,4.66,2.36,1.011,1.021,0.957,14.5,13.21,,,,,,,,0,
2026-08-23,665161,Jeremy Peña,Brady Basso,ATH@HOU,HOU,1.0,SS,R,3.79,2.62,1.034,1.0,0.94,14.2,13.05,,,,,,,,0,
2026-08-23,663757,Trent Grisham,José Soriano,TOR@NYY,NYY,1.0,CF,L,3.73,2.41,1.011,1.021,1.036,14.1,12.99,,,,,,,,1,
2026-08-23,572233,Christian Walker,Brady Basso,ATH@HOU,HOU,6.0,1B,R,4.22,2.62,1.034,1.0,0.94,13.9,12.89,,,,,,,,0,
2026-08-23,595978,Austin Hedges,Tomoyuki Sugano,CLE@COL,CLE,8.0,C,R,2.45,4.72,0.963,0.942,1.12,13.8,12.83,,,,,,,,0,
2026-08-23,663886,Tyler Stephenson,Mitch Bratt,CIN@AZ,CIN,4.0,DH,R,3.24,3.09,1.0,1.0,0.988,13.7,12.78,,,,,,,,0,
2026-08-23,666139,Josh Lowe,Cal Quantrill,LAA@TEX,LAA,5.0,RF,L,3.57,2.87,1.004,1.0,0.992,13.6,12.72,,,,,,,,0,
2026-08-23,686797,Brooks Lee,Walker Buehler,MIN@SD,MIN,6.0,3B,R,3.66,2.78,1.007,1.006,1.011,13.5,12.67,,,,,,,,1,
2026-08-23,606192,Teoscar Hernández,Lake Bachar,PIT@LAD,LAD,7.0,LF,R,3.01,3.79,1.001,1.03,0.932,13.5,12.67,,,,,,,,0,
2026-08-23,668930,Brice Turang,Tyler Mahle,ATL@MIL,MIL,2.0,2B,L,2.94,3.29,0.97,1.0,1.001,13.5,12.67,,,,,,,,0,
2026-08-23,694374,Tim Tawa,Andrew Abbott,CIN@AZ,AZ,6.0,1B,R,3.29,2.99,1.0,1.0,1.053,13.4,12.62,,,,,,,,0,
2026-08-23,605137,Josh Bell,Walker Buehler,MIN@SD,MIN,3.0,DH,L,3.28,2.78,1.002,1.006,1.011,13.0,12.4,,,,,,,,0,
2026-08-23,686611,Dylan Crews,Janson Junk,WSH@MIA,WSH,3.0,RF,R,3.11,3.03,0.974,1.0,1.002,12.9,12.35,,,,,,,,0,
2026-08-23,691023,Jordan Walker,Cristopher Sánchez,STL@PHI,STL,3.0,RF,R,4.61,2.13,1.008,1.018,0.903,12.8,12.3,,,,,,,,0,
2026-08-23,681297,Colton Cowser,Nick Martínez,TB@BAL,BAL,8.0,CF,L,3.42,2.98,1.015,1.0,1.036,12.7,12.24,,,,,,,,1,
2026-08-23,668904,Royce Lewis,Walker Buehler,MIN@SD,MIN,5.0,1B,R,3.28,2.78,1.007,1.006,1.011,12.5,12.13,,,,,,,,0,
2026-08-23,695734,Daylen Lile,Janson Junk,WSH@MIA,WSH,1.0,LF,L,2.84,3.03,0.977,1.0,1.002,12.4,12.08,,,,,,,,0,
2026-08-23,671739,Michael Harris,Shane Drohan,ATL@MIL,ATL,1.0,CF,L,3.81,2.37,0.982,1.0,0.937,12.3,12.03,,,,,,,,1,
2026-08-23,677587,Brayan Rocchio,Tomoyuki Sugano,CLE@COL,CLE,9.0,SS,L,2.26,4.72,0.966,0.942,1.12,12.3,12.03,,,,,,,,0,
2026-08-23,686948,Drake Baldwin,Shane Drohan,ATL@MIL,ATL,5.0,DH,L,4.15,2.37,0.988,1.0,0.937,12.3,12.03,,,,,,,,0,
2026-08-23,607208,Trea Turner,Kyle Leahy,STL@PHI,PHI,2.0,SS,R,3.05,2.48,1.008,1.018,1.081,12.1,11.92,,,,,,,,0,
2026-08-23,642715,Willy Adames,Jake Bennett,SF@BOS,SF,3.0,SS,R,3.99,2.23,1.037,1.011,0.9,11.8,11.76,,,,,,,,0,
2026-08-23,543510,James Mccann,Andrew Abbott,CIN@AZ,AZ,8.0,C,R,3.15,2.99,1.0,1.0,1.053,11.8,11.76,,,,,,,,0,
2026-08-23,702616,Jackson Holliday,Nick Martínez,TB@BAL,BAL,1.0,2B,L,2.46,2.98,1.015,1.0,1.036,11.4,11.54,,,,,,,,0,
2026-08-23,686469,Vinnie Pasquantino,Jacob Waguespack,DET@KC,KC,3.0,1B,L,2.42,3.72,1.0,1.0,0.9,11.4,11.54,,,,,,,,0,
2026-08-23,677588,José Tena,Janson Junk,WSH@MIA,WSH,5.0,2B,L,2.85,3.03,0.977,1.0,1.002,11.4,11.54,,,,,,,,0,
2026-08-23,593428,Xander Bogaerts,Bailey Ober,MIN@SD,SD,8.0,SS,R,2.4,3.68,1.007,1.006,1.056,11.3,11.49,,,,,,,,0,
2026-08-23,643217,Andrew Benintendi,Nolan Mclean,NYM@CWS,CWS,4.0,DH,L,3.28,2.62,0.999,0.983,0.947,11.3,11.49,,,,,,,,0,
2026-08-23,661388,William Contreras,Tyler Mahle,ATL@MIL,MIL,3.0,C,R,2.46,3.29,0.99,1.0,1.001,11.3,11.49,,,,,,,,0,
2026-08-23,679529,Spencer Torkelson,Daniel Lynch,DET@KC,DET,5.0,1B,R,3.79,2.32,1.0,1.0,0.938,11.2,11.44,,,,,,,,0,
2026-08-23,665862,Jazz Chisholm,José Soriano,TOR@NYY,NYY,7.0,2B,L,3.52,2.41,1.011,1.021,1.036,11.2,11.44,,,,,,,,1,
2026-08-23,663656,Kyle Tucker,Lake Bachar,PIT@LAD,LAD,6.0,RF,L,2.35,3.79,0.996,1.03,0.932,11.1,11.38,,,,,,,,0,
2026-08-23,677950,Alek Thomas,Lake Bachar,PIT@LAD,LAD,8.0,CF,L,2.52,3.79,1.001,1.03,0.932,11.0,11.33,,,,,,,,0,
2026-08-23,645277,Ozzie Albies,Shane Drohan,ATL@MIL,ATL,4.0,2B,R,3.51,2.37,0.99,1.0,0.937,10.9,11.28,,,,,,,,0,
2026-08-23,677649,Ezequiel Duran,Yusei Kikuchi,LAA@TEX,TEX,5.0,CF,R,2.85,2.59,1.006,1.0,1.08,10.8,11.22,,,,,,,,1,
2026-08-23,514888,José Altuve,Brady Basso,ATH@HOU,HOU,4.0,2B,R,2.97,2.62,1.034,1.0,0.94,10.7,11.17,,,,,,,,1,
2026-08-23,701358,Cam Smith,Brady Basso,ATH@HOU,HOU,8.0,RF,R,3.53,2.62,1.034,1.0,0.94,10.7,11.17,,,,,,,,0,
2026-08-23,672386,Alejandro Kirk,Carlos Rodón,TOR@NYY,TOR,3.0,C,R,3.17,2.36,1.011,1.021,0.957,10.5,11.06,,,,,,,,0,
2026-08-23,592885,Christian Yelich,Tyler Mahle,ATL@MIL,MIL,6.0,DH,L,2.45,3.29,0.982,1.0,1.001,10.4,11.01,,,,,,,,0,
2026-08-23,664728,Kyle Isbel,Jacob Waguespack,DET@KC,KC,9.0,CF,L,2.72,3.72,1.0,1.0,0.9,10.3,10.95,,,,,,,,0,
2026-08-23,681393,Connor Norby,Foster Griffin,CLE@COL,COL,5.0,1B,R,2.24,3.73,0.966,0.942,1.001,10.3,10.95,,,,,,,,0,
2026-08-23,650490,Yandy Díaz,Shane Baz,TB@BAL,TB,1.0,DH,R,3.37,2.01,1.015,1.0,0.99,10.2,10.9,,,,,,,,0,
2026-08-23,667472,Dane Myers,Mitch Bratt,CIN@AZ,CIN,3.0,CF,R,2.34,3.09,1.0,1.0,0.988,10.1,10.85,,,,,,,,0,
2026-08-23,630105,Jake Cronenworth,Bailey Ober,MIN@SD,SD,2.0,2B,L,1.81,3.68,0.987,1.006,1.056,10.1,10.85,,,,,,,,0,
2026-08-23,687401,Joey Ortiz,Tyler Mahle,ATL@MIL,MIL,7.0,SS,R,2.4,3.29,0.99,1.0,1.001,9.8,10.69,,,,,,,,0,
2026-08-23,683734,Andrew Vaughn,Tyler Mahle,ATL@MIL,MIL,5.0,1B,R,2.2,3.29,0.98,1.0,1.001,9.7,10.63,,,,,,,,0,
2026-08-23,641355,Cody Bellinger,José Soriano,TOR@NYY,NYY,4.0,LF,L,2.66,2.41,1.011,1.021,1.036,9.7,10.63,,,,,,,,0,
2026-08-23,679845,Nick Loftin,Jacob Waguespack,DET@KC,KC,1.0,3B,R,1.92,3.72,1.0,1.0,0.9,9.6,10.58,,,,,,,,1,
2026-08-23,543807,George Springer,Carlos Rodón,TOR@NYY,TOR,4.0,DH,R,2.92,2.36,0.998,1.021,0.957,9.5,10.53,,,,,,,,0,
2026-08-23,676609,José Caballero,José Soriano,TOR@NYY,NYY,9.0,3B,R,3.2,2.41,0.998,1.021,1.036,9.3,10.42,,,,,,,,0,
2026-08-23,608348,Carson Kelly,Bryce Miller,CHC@SEA,CHC,9.0,C,R,2.32,3.88,1.002,1.0,0.9,9.3,10.42,,,,,,,,0,
2026-08-23,696285,Jacob Young,Janson Junk,WSH@MIA,WSH,9.0,CF,R,2.68,3.03,0.974,1.0,1.002,9.0,10.26,,,,,,,,0,
2026-08-23,657041,Lane Thomas,Shane Drohan,ATL@MIL,ATL,6.0,LF,R,3.1,2.37,0.982,1.0,0.937,8.9,10.2,,,,,,,,0,
2026-08-23,678662,Ezequiel Tovar,Foster Griffin,CLE@COL,COL,9.0,SS,R,2.32,3.73,0.963,0.942,1.001,8.9,10.2,,,,,,,,0,
2026-08-23,687231,Darell Hernaiz,Cristian Javier,ATH@HOU,ATH,8.0,SS,R,1.76,3.64,1.034,1.0,1.12,8.9,10.2,,,,,,,,0,
2026-08-23,624641,Edmundo Sosa,Kyle Leahy,STL@PHI,PHI,8.0,3B,R,2.63,2.48,1.008,1.018,1.081,8.7,10.1,,,,,,,,0,
2026-08-23,543877,Christian Vázquez,Brady Basso,ATH@HOU,HOU,9.0,C,R,2.98,2.62,1.034,1.0,0.94,8.7,10.1,,,,,,,,0,
2026-08-23,669224,Austin Wells,José Soriano,TOR@NYY,NYY,8.0,C,L,2.81,2.41,1.011,1.021,1.036,8.7,10.1,,,,,,,,0,
2026-08-23,650402,Gleyber Torres,Daniel Lynch,DET@KC,DET,1.0,2B,R,2.64,2.32,1.0,1.0,0.938,8.6,10.04,,,,,,,,0,
2026-08-23,687597,Jordan Beck,Foster Griffin,CLE@COL,COL,6.0,RF,R,1.89,3.73,0.963,0.942,1.001,8.4,9.94,,,,,,,,0,
2026-08-23,673357,Luis Robert,Sean Newcomb,NYM@CWS,NYM,4.0,LF,R,4.05,1.51,1.005,0.983,0.967,8.3,9.88,,,,,,,,0,
2026-08-23,668670,Jake Rogers,Nolan Mclean,NYM@CWS,CWS,9.0,C,R,2.92,2.62,1.004,0.983,0.947,8.2,9.83,,,,,,,,0,
2026-08-23,807712,Luke Keaschall,Walker Buehler,MIN@SD,MIN,1.0,RF,R,1.94,2.78,1.002,1.006,1.011,8.2,9.83,,,,,,,,0,
2026-08-23,686555,Isaac Collins,Jacob Waguespack,DET@KC,KC,5.0,LF,R,1.76,3.72,1.0,1.0,0.9,8.1,9.77,,,,,,,,0,
2026-08-23,605170,Víctor Caratini,Walker Buehler,MIN@SD,MIN,8.0,C,L,2.33,2.78,1.002,1.006,1.011,8.0,9.72,,,,,,,,0,
2026-08-23,662139,Daulton Varsho,Brady Basso,ATH@HOU,HOU,5.0,CF,L,2.29,2.62,1.025,1.0,0.94,7.9,9.67,,,,,,,,0,
2026-08-23,656775,Cedric Mullins,Shane Baz,TB@BAL,TB,7.0,CF,L,3.04,2.01,1.015,1.0,0.99,7.7,9.56,,,,,,,,0,
2026-08-23,663586,Austin Riley,Shane Drohan,ATL@MIL,ATL,8.0,3B,R,2.93,2.37,0.974,1.0,0.937,7.7,9.56,,,,,,,,0,
2026-08-23,650859,Luis Rengifo,Bailey Ober,MIN@SD,SD,9.0,LF,R,1.67,3.68,1.007,1.006,1.056,7.6,9.51,,,,,,,,0,
2026-08-23,645302,Víctor Robles,Shota Imanaga,CHC@SEA,SEA,8.0,RF,R,1.4,4.61,1.004,1.0,0.96,7.5,9.45,,,,,,,,0,
2026-08-23,663538,Nico Hoerner,Bryce Miller,CHC@SEA,CHC,6.0,SS,R,1.57,3.88,1.002,1.0,0.9,7.3,9.35,,,,,,,,0,
2026-08-23,671056,Iván Herrera,Cristopher Sánchez,STL@PHI,STL,2.0,DH,R,2.51,2.13,1.008,1.018,0.903,7.3,9.35,,,,,,,,0,
2026-08-23,681351,Logan O'Hoppe,Yusei Kikuchi,LAA@TEX,TEX,7.0,DH,R,2.03,2.59,1.004,1.0,1.08,7.2,9.29,,,,,,,,0,
2026-08-23,666152,David Hamilton,Tyler Mahle,ATL@MIL,MIL,9.0,3B,L,1.77,3.29,0.982,1.0,1.001,6.6,8.97,,,,,,,,0,
2026-08-23,678391,Jorbit Vivas,Janson Junk,WSH@MIA,WSH,6.0,3B,L,1.66,3.03,0.97,1.0,1.002,6.5,8.92,,,,,,,,0,
2026-08-23,643289,Mauricio Dubón,Shane Drohan,ATL@MIL,ATL,7.0,SS,R,2.21,2.37,0.982,1.0,0.937,6.1,8.7,,,,,,,,0,
2026-08-23,665489,Vladimir Guerrero,Carlos Rodón,TOR@NYY,TOR,2.0,1B,R,1.74,2.36,1.011,1.021,0.957,6.0,8.65,,,,,,,,0,
2026-08-23,543760,Marcus Semien,Sean Newcomb,NYM@CWS,NYM,7.0,2B,R,3.2,1.51,1.004,0.983,0.967,5.9,8.6,,,,,,,,0,
2026-08-23,686780,Pedro Pagés,Cristopher Sánchez,STL@PHI,STL,9.0,C,R,2.47,2.13,1.008,1.018,0.903,5.7,8.49,,,,,,,,0,
2026-08-23,666182,Bo Bichette,Sean Newcomb,NYM@CWS,NYM,2.0,3B,R,2.61,1.51,1.004,0.983,0.967,5.6,8.43,,,,,,,,0,
2026-08-23,623168,Tyler Heineman,Cal Quantrill,LAA@TEX,LAA,9.0,C,R,1.68,2.87,1.004,1.0,0.992,5.5,8.38,,,,,,,,0,
2026-08-23,620443,Luis Torrens,Sean Newcomb,NYM@CWS,NYM,9.0,C,R,3.31,1.51,1.004,0.983,0.967,5.5,8.38,,,,,,,,0,
2026-08-23,665877,José Fermín,Cristopher Sánchez,STL@PHI,STL,7.0,CF,R,2.16,2.13,1.008,1.018,0.903,5.4,8.33,,,,,,,,1,
2026-08-23,595879,Javier Báez,Daniel Lynch,DET@KC,DET,9.0,LF,R,2.11,2.32,1.0,1.0,0.938,5.3,8.27,,,,,,,,0,
2026-08-23,680700,Richie Palacios,Shane Baz,TB@BAL,TB,8.0,2B,L,1.97,2.01,0.999,1.0,0.99,4.8,8.01,,,,,,,,0,
2026-08-23,683766,Christian Koss,Jake Bennett,SF@BOS,SF,9.0,3B,R,1.64,2.23,1.037,1.011,0.9,4.0,7.58,,,,,,,,0,
2026-08-23,683083,Nasim Nuñez,Janson Junk,WSH@MIA,WSH,8.0,SS,R,0.85,3.03,0.974,1.0,1.002,3.1,7.09,,,,,,,,0,
2026-08-23,670764,Taylor Walls,Shane Baz,TB@BAL,TB,9.0,SS,L,1.16,2.01,1.015,1.0,0.99,2.7,6.88,,,,,,,,0,
2026-08-24,621439,Byron Buxton,Jeffrey Springs,MIN@ATH,MIN,2.0,CF,R,5.52,5.13,1.009,1.04,1.092,40.6,27.2,,,,,,,,0,
2026-08-24,665019,Kody Clemens,Jeffrey Springs,MIN@ATH,MIN,5.0,LF,L,4.26,5.13,1.009,1.04,1.092,30.9,22.0,,,,,,,,0,
2026-08-24,680777,Ryan Jeffers,Jeffrey Springs,MIN@ATH,MIN,3.0,C,R,3.51,5.13,1.006,1.04,1.092,27.1,19.96,,,,,,,,0,
2026-08-24,656941,Kyle Schwarber,Logan Gilbert,PHI@SEA,PHI,1.0,DH,L,6.26,3.29,1.0,1.0,0.944,26.9,19.86,,,,,,,,0,
2026-08-24,680869,Zack Gelof,Zebby Matthews,MIN@ATH,ATH,3.0,2B,R,4.17,4.2,1.006,1.04,1.054,25.6,19.16,,,,,,,,0,
2026-08-24,605137,Josh Bell,Jeffrey Springs,MIN@ATH,MIN,4.0,DH,L,3.26,5.13,1.009,1.04,1.092,25.3,19.0,,,,,,,,0,
2026-08-24,686797,Brooks Lee,Jeffrey Springs,MIN@ATH,MIN,8.0,3B,R,3.81,5.13,1.006,1.04,1.092,25.1,18.89,,,,,,,,0,
2026-08-24,664023,Ian Happ,Merrill Kelly,CHC@AZ,CHC,5.0,LF,R,3.9,4.25,1.0,1.0,1.12,23.8,18.19,,,,,,,,0,
2026-08-24,668904,Royce Lewis,Jeffrey Springs,MIN@ATH,MIN,6.0,1B,R,3.26,5.13,1.006,1.04,1.092,23.6,18.09,,,,,,,,0,
2026-08-24,624424,Michael Conforto,Merrill Kelly,CHC@AZ,CHC,8.0,DH,L,4.15,4.25,1.0,1.0,1.12,22.5,17.5,,,,,,,,1,
2026-08-24,678246,Miguel Vargas,Kumar Rocker,TEX@CWS,CWS,3.0,3B,R,4.77,3.17,1.004,1.005,1.057,21.8,17.12,,,,,,,,0,
2026-08-24,701398,Sal Stewart,Carson Whisenhunt,CIN@SF,CIN,2.0,1B,R,4.45,3.15,0.988,0.992,1.12,21.3,16.85,,,,,,,,0,
2026-08-24,665833,Oneil Cruz,Robbie Ray,PIT@SD,PIT,4.0,CF,L,4.68,3.09,1.002,1.019,1.047,20.8,16.59,,,,,,,,0,
2026-08-24,608324,Alex Bregman,Merrill Kelly,CHC@AZ,CHC,4.0,3B,R,3.2,4.25,1.0,1.0,1.12,20.6,16.48,,,,,,,,0,
2026-08-24,695657,Colson Montgomery,Kumar Rocker,TEX@CWS,CWS,6.0,SS,L,4.79,3.17,1.009,1.005,1.057,20.4,16.37,,,,,,,,0,
2026-08-24,691781,Brady House,Ryan Feltner,COL@WSH,WSH,5.0,3B,R,3.33,4.21,0.995,0.986,1.12,20.0,16.16,,,,,,,,0,
2026-08-24,682829,Elly De La Cruz,Carson Whisenhunt,CIN@SF,CIN,1.0,SS,R,3.95,3.15,0.988,0.992,1.12,19.6,15.94,,,,,,,,0,
2026-08-24,686611,Dylan Crews,Ryan Feltner,COL@WSH,WSH,3.0,RF,R,3.09,4.21,0.995,0.986,1.12,19.5,15.89,,,,,,,,0,
2026-08-24,664040,Brandon Lowe,Robbie Ray,PIT@SD,PIT,6.0,2B,L,4.64,3.09,1.002,1.019,1.047,19.3,15.78,,,,,,,,0,
2026-08-24,553993,Eugenio Suárez,Carson Whisenhunt,CIN@SF,CIN,5.0,3B,R,4.19,3.15,0.988,0.992,1.12,18.9,15.57,,,,,,,,0,
2026-08-24,668709,Jj Bleday,Carson Whisenhunt,CIN@SF,CIN,7.0,RF,L,4.49,3.15,0.993,0.992,1.12,18.8,15.51,,,,,,,,0,
2026-08-24,547180,Bryce Harper,Logan Gilbert,PHI@SEA,PHI,3.0,RF,L,4.36,3.29,1.0,1.0,0.944,18.6,15.41,,,,,,,,0,
2026-08-24,664034,Ty France,Braxton Ashcraft,PIT@SD,SD,4.0,1B,R,4.32,3.39,0.999,1.019,0.905,18.4,15.3,,,,,,,,0,
2026-08-24,666160,Mickey Moniak,Cade Cavalli,COL@WSH,COL,2.0,RF,L,5.31,2.61,0.991,0.986,0.964,18.3,15.24,,,,,,,,0,
2026-08-24,691406,Junior Caminero,Framber Valdez,TB@DET,TB,3.0,3B,R,5.59,2.3,0.999,1.003,1.03,18.2,15.19,,,,,,,,0,
2026-08-24,592518,Manny Machado,Braxton Ashcraft,PIT@SD,SD,3.0,3B,R,4.14,3.39,1.007,1.019,0.905,17.9,15.03,,,,,,,,0,
2026-08-24,695734,Daylen Lile,Ryan Feltner,COL@WSH,WSH,4.0,LF,L,2.82,4.21,0.991,0.986,1.12,17.8,14.98,,,,,,,,1,
2026-08-24,641680,Jonah Heim,Zebby Matthews,MIN@ATH,ATH,9.0,C,L,3.47,4.2,1.009,1.04,1.054,17.8,14.98,,,,,,,,0,
2026-08-24,686527,Dominic Canzone,Zack Wheeler,PHI@SEA,SEA,2.0,RF,L,4.37,3.13,1.0,1.0,0.9,17.4,14.76,,,,,,,,0,
2026-08-24,691777,Max Muncy,Zebby Matthews,MIN@ATH,ATH,7.0,LF,R,3.03,4.2,1.009,1.04,1.054,17.1,14.6,,,,,,,,0,
2026-08-24,807712,Luke Keaschall,Jeffrey Springs,MIN@ATH,MIN,1.0,RF,R,1.92,5.13,1.009,1.04,1.092,16.4,14.23,,,,,,,,0,
2026-08-24,663993,Nathaniel Lowe,George Klassen,CLE@LAA,CLE,5.0,1B,L,3.86,2.61,1.011,1.051,1.112,15.8,13.9,,,,,,,,0,
2026-08-24,575929,Willson Contreras,Sandy Alcántara,BOS@MIA,BOS,4.0,1B,R,4.84,2.56,0.974,1.0,0.942,15.7,13.85,,,,,,,,0,
2026-08-24,701538,Jackson Merrill,Braxton Ashcraft,PIT@SD,SD,5.0,CF,L,3.74,3.39,1.002,1.019,0.905,15.6,13.8,,,,,,,,0,
2026-08-24,666176,Jo Adell,George Klassen,CLE@LAA,CLE,4.0,RF,R,3.65,2.61,1.003,1.051,1.112,15.4,13.69,,,,,,,,0,
2026-08-24,663886,Tyler Stephenson,Carson Whisenhunt,CIN@SF,CIN,4.0,DH,R,3.2,3.15,0.988,0.992,1.12,15.3,13.64,,,,,,,,0,
2026-08-24,643217,Andrew Benintendi,Kumar Rocker,TEX@CWS,CWS,4.0,DH,L,3.26,3.17,0.999,1.005,1.057,15.2,13.58,,,,,,,,0,
2026-08-24,696285,Jacob Young,Ryan Feltner,COL@WSH,WSH,7.0,CF,R,2.65,4.21,0.995,0.986,1.12,15.0,13.48,,,,,,,,0,
2026-08-24,693307,Dillon Dingler,Drew Rasmussen,TB@DET,DET,4.0,C,R,4.71,2.58,0.979,1.003,0.9,14.9,13.42,,,,,,,,0,
2026-08-24,668227,Randy Arozarena,Zack Wheeler,PHI@SEA,SEA,1.0,LF,R,3.63,3.13,1.0,1.0,0.9,14.9,13.42,,,,,,,,0,
2026-08-24,657757,Gavin Sheets,Braxton Ashcraft,PIT@SD,SD,7.0,DH,L,3.74,3.39,1.002,1.019,0.905,14.4,13.15,,,,,,,,0,
2026-08-24,677594,Julio Rodríguez,Zack Wheeler,PHI@SEA,SEA,3.0,CF,R,3.53,3.13,1.002,1.0,0.9,13.9,12.89,,,,,,,,1,
2026-08-24,666126,Carlos Cortes,Zebby Matthews,MIN@ATH,ATH,8.0,DH,L,2.51,4.2,1.009,1.04,1.054,13.8,12.83,,,,,,,,0,
2026-08-24,624431,Jose Trevino,Carson Whisenhunt,CIN@SF,CIN,8.0,C,R,3.34,3.15,0.988,0.992,1.12,13.6,12.72,,,,,,,,0,
2026-08-24,607208,Trea Turner,Logan Gilbert,PHI@SEA,PHI,2.0,SS,R,3.03,3.29,1.002,1.0,0.944,13.5,12.67,,,,,,,,0,
2026-08-24,682998,Corbin Carroll,Kevin Gausman,CHC@AZ,AZ,2.0,RF,L,3.22,2.97,1.0,1.0,0.983,13.5,12.67,,,,,,,,0,
2026-08-24,677800,Wilyer Abreu,Sandy Alcántara,BOS@MIA,BOS,3.0,RF,L,3.79,2.56,0.977,1.0,0.942,12.6,12.19,,,,,,,,0,
2026-08-24,668804,Bryan Reynolds,Robbie Ray,PIT@SD,PIT,3.0,LF,R,2.69,3.09,1.007,1.019,1.047,12.5,12.13,,,,,,,,0,
2026-08-24,608348,Carson Kelly,Merrill Kelly,CHC@AZ,CHC,9.0,C,R,2.3,4.25,1.0,1.0,1.12,12.4,12.08,,,,,,,,1,
2026-08-24,663728,Cal Raleigh,Zack Wheeler,PHI@SEA,SEA,6.0,C,R,3.36,3.13,1.002,1.0,0.9,12.3,12.03,,,,,,,,1,
2026-08-24,650490,Yandy Díaz,Framber Valdez,TB@DET,TB,1.0,DH,R,3.35,2.3,0.999,1.003,1.03,11.8,11.76,,,,,,,,0,
2026-08-24,694374,Tim Tawa,Kevin Gausman,CHC@AZ,AZ,7.0,1B,R,3.25,2.97,1.0,1.0,0.983,11.8,11.76,,,,,,,,0,
2026-08-24,664761,Alec Bohm,Logan Gilbert,PHI@SEA,PHI,5.0,1B,R,2.79,3.29,1.0,1.0,0.944,11.7,11.71,,,,,,,,0,
2026-08-24,687462,Spencer Horwitz,Robbie Ray,PIT@SD,PIT,8.0,1B,L,2.86,3.09,1.002,1.019,1.047,11.3,11.49,,,,,,,,0,
2026-08-24,667472,Dane Myers,Carson Whisenhunt,CIN@SF,CIN,3.0,CF,R,2.31,3.15,0.988,0.992,1.12,11.3,11.49,,,,,,,,0,
2026-08-24,650489,Willi Castro,Cade Cavalli,COL@WSH,COL,3.0,3B,R,3.11,2.61,0.995,0.986,0.964,10.9,11.28,,,,,,,,1,
2026-08-24,679529,Spencer Torkelson,Drew Rasmussen,TB@DET,DET,7.0,1B,R,3.78,2.58,0.979,1.003,0.9,10.7,11.17,,,,,,,,0,
2026-08-24,664983,Jake Mccarthy,Cade Cavalli,COL@WSH,COL,1.0,CF,L,2.91,2.61,0.998,0.986,0.964,10.7,11.17,,,,,,,,0,
2026-08-24,642215,Weston Wilson,Zack Wheeler,PHI@SEA,SEA,8.0,3B,R,3.1,3.13,1.002,1.0,0.9,10.5,11.06,,,,,,,,0,
2026-08-24,678882,Ceddanne Rafaela,Sandy Alcántara,BOS@MIA,BOS,2.0,CF,R,3.04,2.56,0.974,1.0,0.942,10.4,11.01,,,,,,,,0,
2026-08-24,593428,Xander Bogaerts,Braxton Ashcraft,PIT@SD,SD,6.0,SS,R,2.38,3.39,1.007,1.019,0.905,9.9,10.74,,,,,,,,0,
2026-08-24,622761,Jorge Mateo,Framber Valdez,TB@DET,TB,6.0,2B,R,3.2,2.3,0.979,1.003,1.03,9.8,10.69,,,,,,,,0,
2026-08-24,663538,Nico Hoerner,Merrill Kelly,CHC@AZ,CHC,6.0,SS,R,1.56,4.25,1.0,1.0,1.12,9.7,10.63,,,,,,,,0,
2026-08-24,680776,Jarren Duran,Sandy Alcántara,BOS@MIA,BOS,7.0,LF,L,3.24,2.56,0.977,1.0,0.942,9.6,10.58,,,,,,,,0,
2026-08-24,663457,Lars Nootbaar,Kevin Gausman,CHC@AZ,AZ,1.0,DH,L,2.16,2.97,1.0,1.0,0.983,9.4,10.47,,,,,,,,0,
2026-08-24,678391,Jorbit Vivas,Ryan Feltner,COL@WSH,WSH,8.0,2B,L,1.64,4.21,1.001,0.986,1.12,9.2,10.36,,,,,,,,0,
2026-08-24,669065,Kyle Stowers,Ranger Suarez,BOS@MIA,MIA,3.0,1B,L,3.78,1.87,0.977,1.0,0.936,9.2,10.36,,,,,,,,0,
2026-08-24,668939,Adley Rutschman,Sandy Alcántara,BOS@MIA,BOS,5.0,C,R,2.83,2.56,0.974,1.0,0.942,9.1,10.31,,,,,,,,0,
2026-08-24,690993,Colt Keith,Drew Rasmussen,TB@DET,DET,1.0,DH,L,2.57,2.58,0.999,1.003,0.9,9.0,10.26,,,,,,,,0,
2026-08-24,595978,Austin Hedges,George Klassen,CLE@LAA,CLE,8.0,C,R,2.42,2.61,1.003,1.051,1.112,8.9,10.2,,,,,,,,1,
2026-08-24,694377,Nick Yorke,Robbie Ray,PIT@SD,PIT,7.0,3B,R,2.07,3.09,1.007,1.019,1.047,8.6,10.04,,,,,,,,0,
2026-08-24,666023,Freddy Fermin,Braxton Ashcraft,PIT@SD,SD,8.0,C,R,2.22,3.39,0.999,1.019,0.905,8.4,9.94,,,,,,,,0,
2026-08-24,702332,Caleb Durbin,Sandy Alcántara,BOS@MIA,BOS,6.0,3B,R,2.64,2.56,0.974,1.0,0.942,8.2,9.83,,,,,,,,0,
2026-08-24,630105,Jake Cronenworth,Braxton Ashcraft,PIT@SD,SD,2.0,2B,L,1.78,3.39,0.987,1.019,0.905,8.1,9.77,,,,,,,,0,
2026-08-24,677587,Brayan Rocchio,George Klassen,CLE@LAA,CLE,9.0,SS,L,2.25,2.61,1.006,1.051,1.112,7.9,9.67,,,,,,,,0,
2026-08-24,693304,Nick Gonzales,Robbie Ray,PIT@SD,PIT,1.0,DH,R,1.54,3.09,1.002,1.019,1.047,7.7,9.56,,,,,,,,0,
2026-08-24,681393,Connor Norby,Cade Cavalli,COL@WSH,COL,6.0,2B,R,2.22,2.61,0.998,0.986,0.964,7.3,9.35,,,,,,,,0,
2026-08-24,681508,Mickey Gasper,Sandy Alcántara,BOS@MIA,BOS,8.0,DH,L,2.55,2.56,0.977,1.0,0.942,7.3,9.35,,,,,,,,0,
2026-08-24,678662,Ezequiel Tovar,Cade Cavalli,COL@WSH,COL,9.0,SS,R,2.3,2.61,0.995,0.986,0.964,6.5,8.92,,,,,,,,1,
2026-08-24,663743,Nick Fortes,Framber Valdez,TB@DET,TB,7.0,C,R,1.92,2.3,0.973,1.003,1.03,5.7,8.49,,,,,,,,0,
2026-08-24,595879,Javier Báez,Drew Rasmussen,TB@DET,DET,9.0,SS,R,2.09,2.58,0.979,1.003,0.9,5.5,8.38,,,,,,,,0,
2026-08-24,669707,Jared Triolo,Robbie Ray,PIT@SD,PIT,9.0,SS,R,1.34,3.09,1.007,1.019,1.047,5.2,8.22,,,,,,,,0,
2026-08-24,656716,Zach Mckinstry,Drew Rasmussen,TB@DET,DET,6.0,RF,L,1.59,2.58,0.999,1.003,0.9,5.0,8.11,,,,,,,,0,
2026-08-24,672640,Otto Lopez,Ranger Suarez,BOS@MIA,MIA,1.0,SS,R,1.88,1.87,0.974,1.0,0.936,4.9,8.06,,,,,,,,0,
2026-08-24,682663,Agustín Ramírez,Ranger Suarez,BOS@MIA,MIA,4.0,DH,R,1.92,1.87,0.97,1.0,0.936,4.7,7.95,,,,,,,,0,
2026-08-24,687859,Troy Johnston,Cade Cavalli,COL@WSH,COL,5.0,DH,L,1.32,2.61,0.991,0.986,0.964,4.5,7.84,,,,,,,,0,
2026-08-24,683083,Nasim Nuñez,Ryan Feltner,COL@WSH,WSH,9.0,SS,R,0.84,4.21,0.995,0.986,1.12,4.5,7.84,,,,,,,,0,
2026-08-24,691594,Javier Sanoja,Ranger Suarez,BOS@MIA,MIA,7.0,3B,R,2.01,1.87,0.974,1.0,0.936,4.4,7.79,,,,,,,,0,
2026-08-24,805300,Jakob Marsee,Ranger Suarez,BOS@MIA,MIA,6.0,CF,L,1.87,1.87,0.977,1.0,0.936,4.3,7.74,,,,,,,,0,
2026-08-24,683766,Christian Koss,Chase Burns,CIN@SF,SF,9.0,SS,R,1.62,2.51,0.988,0.992,0.9,4.2,7.68,,,,,,,,0,
2026-08-24,669364,Xavier Edwards,Ranger Suarez,BOS@MIA,MIA,5.0,2B,L,1.44,1.87,0.977,1.0,0.936,3.4,7.25,,,,,,,,0,
2026-08-24,670764,Taylor Walls,Framber Valdez,TB@DET,TB,9.0,SS,L,1.15,2.3,0.999,1.003,1.03,3.2,7.15,,,,,,,,0,
2026-08-25,670541,Yordan Álvarez,Will Warren,HOU@NYY,HOU,2.0,DH,L,5.78,3.44,1.024,1.013,1.053,29.0,20.98,,,,,,,,0,
2026-08-25,686527,Dominic Canzone,Aaron Nola,PHI@SEA,SEA,2.0,RF,L,4.33,4.78,1.0,1.0,1.0,27.8,20.34,,,,,,,,0,
2026-08-25,624413,Pete Alonso,Matthew Liberatore,BAL@STL,BAL,2.0,1B,R,4.89,3.68,0.995,1.029,1.067,26.5,19.64,,,,,,,,1,
2026-08-25,660271,Shohei Ohtani,Bryce Elder,LAD@ATL,LAD,1.0,DH,L,4.98,3.64,1.009,1.003,0.983,25.2,18.94,,,,,,,,0,
2026-08-25,656941,Kyle Schwarber,George Kirby,PHI@SEA,PHI,1.0,DH,L,6.22,2.92,1.0,1.0,0.982,24.9,18.78,,,,,,,,0,
2026-08-25,571970,Max Muncy,Bryce Elder,LAD@ATL,LAD,4.0,3B,L,5.17,3.64,1.0,1.003,0.983,24.6,18.62,,,,,,,,0,
2026-08-25,668227,Randy Arozarena,Aaron Nola,PHI@SEA,SEA,1.0,LF,R,3.6,4.78,1.0,1.0,1.0,24.1,18.36,,,,,,,,0,
2026-08-25,691723,Coby Mayo,Matthew Liberatore,BAL@STL,BAL,4.0,DH,R,4.49,3.68,0.998,1.029,1.067,24.0,18.3,,,,,,,,0,
2026-08-25,663728,Cal Raleigh,Aaron Nola,PHI@SEA,SEA,5.0,C,R,3.9,4.78,1.002,1.0,1.0,23.9,18.25,,,,,,,,1,
2026-08-25,695600,Carter Jensen,Max Scherzer,KC@TOR,KC,1.0,C,L,3.42,4.7,1.004,1.0,1.055,23.9,18.25,,,,,,,,0,
2026-08-25,677594,Julio Rodríguez,Aaron Nola,PHI@SEA,SEA,3.0,CF,R,3.65,4.78,1.002,1.0,1.0,23.4,17.98,,,,,,,,0,
2026-08-25,694212,Samuel Basallo,Matthew Liberatore,BAL@STL,BAL,6.0,C,L,4.63,3.68,0.998,1.029,1.067,23.1,17.82,,,,,,,,0,
2026-08-25,621566,Matt Olson,Tyler Glasnow,LAD@ATL,ATL,3.0,1B,L,5.74,3.2,1.009,1.003,0.9,22.5,17.5,,,,,,,,0,
2026-08-25,687952,Christian Encarnacion-Strand,Matthew Liberatore,BAL@STL,BAL,5.0,3B,R,4.3,3.68,0.998,1.029,1.067,22.4,17.44,,,,,,,,1,
2026-08-25,521692,Salvador Pérez,Max Scherzer,KC@TOR,KC,4.0,DH,R,3.27,4.7,1.009,1.0,1.055,22.0,17.23,,,,,,,,0,
2026-08-25,677951,Bobby Witt,Max Scherzer,KC@TOR,KC,2.0,SS,R,3.17,4.7,1.009,1.0,1.055,21.9,17.18,,,,,,,,0,
2026-08-25,621439,Byron Buxton,Gage Jump,MIN@ATH,MIN,2.0,CF,R,5.45,2.64,1.009,1.035,1.027,21.4,16.91,,,,,,,,0,
2026-08-25,701398,Sal Stewart,Adrian Houser,CIN@SF,CIN,2.0,1B,R,4.42,3.18,0.988,0.987,1.082,20.6,16.48,,,,,,,,1,
2026-08-25,668709,Jj Bleday,Adrian Houser,CIN@SF,CIN,3.0,LF,L,4.45,3.18,0.993,0.987,1.082,20.4,16.37,,,,,,,,0,
2026-08-25,575929,Willson Contreras,Tyler Phillips,BOS@MIA,BOS,4.0,1B,R,4.8,2.99,0.974,1.0,1.066,20.2,16.26,,,,,,,,0,
2026-08-25,678246,Miguel Vargas,Jacob Degrom,TEX@CWS,CWS,3.0,3B,R,4.74,3.21,1.004,1.019,0.932,19.8,16.05,,,,,,,,0,
2026-08-25,665161,Jeremy Peña,Will Warren,HOU@NYY,HOU,1.0,SS,R,3.75,3.44,0.998,1.013,1.053,19.7,16.0,,,,,,,,1,
2026-08-25,686681,Michael Massey,Max Scherzer,KC@TOR,KC,5.0,2B,L,3.03,4.7,1.003,1.0,1.055,19.7,16.0,,,,,,,,0,
2026-08-25,664040,Brandon Lowe,Mike King,PIT@SD,PIT,2.0,DH,L,4.6,2.96,1.002,1.008,1.02,19.6,15.94,,,,,,,,0,
2026-08-25,572233,Christian Walker,Will Warren,HOU@NYY,HOU,6.0,1B,R,4.18,3.44,0.998,1.013,1.053,19.3,15.78,,,,,,,,0,
2026-08-25,695657,Colson Montgomery,Jacob Degrom,TEX@CWS,CWS,5.0,SS,L,4.76,3.21,1.009,1.019,0.932,19.1,15.67,,,,,,,,0,
2026-08-25,682829,Elly De La Cruz,Adrian Houser,CIN@SF,CIN,1.0,SS,R,3.93,3.18,0.988,0.987,1.082,19.0,15.62,,,,,,,,0,
2026-08-25,672960,Kazuma Okamoto,Seth Lugo,KC@TOR,TOR,4.0,3B,R,4.63,2.67,1.004,1.0,1.101,18.6,15.41,,,,,,,,0,
2026-08-25,605141,Mookie Betts,Bryce Elder,LAD@ATL,LAD,3.0,SS,R,3.81,3.64,0.99,1.003,0.983,18.6,15.41,,,,,,,,0,
2026-08-25,665833,Oneil Cruz,Mike King,PIT@SD,PIT,5.0,CF,L,4.61,2.96,1.002,1.008,1.02,18.4,15.3,,,,,,,,1,
2026-08-25,683002,Gunnar Henderson,Matthew Liberatore,BAL@STL,BAL,3.0,SS,L,3.34,3.68,0.995,1.029,1.067,18.4,15.3,,,,,,,,0,
2026-08-25,553993,Eugenio Suárez,Adrian Houser,CIN@SF,CIN,5.0,DH,R,4.15,3.18,0.988,0.987,1.082,18.3,15.24,,,,,,,,0,
2026-08-25,666139,Josh Lowe,Gavin Williams,CLE@LAA,LAA,5.0,RF,L,3.51,3.83,1.006,1.047,0.965,18.0,15.08,,,,,,,,0,
2026-08-25,680869,Zack Gelof,Taj Bradley,MIN@ATH,ATH,3.0,3B,R,4.12,3.14,1.006,1.035,0.974,18.0,15.08,,,,,,,,0,
2026-08-25,691023,Jordan Walker,Chris Bassitt,BAL@STL,STL,4.0,RF,R,4.59,2.5,0.998,1.029,1.093,17.7,14.92,,,,,,,,0,
2026-08-25,608369,Corey Seager,Anthony Kay,TEX@CWS,TEX,2.0,SS,L,3.92,2.87,0.997,1.019,1.07,17.3,14.71,,,,,,,,0,
2026-08-25,686948,Drake Baldwin,Tyler Glasnow,LAD@ATL,ATL,1.0,DH,L,4.12,3.2,1.0,1.003,0.9,17.2,14.65,,,,,,,,0,
2026-08-25,694192,Jackson Chourio,Zac Thornton,MIL@NYM,MIL,1.0,LF,R,3.7,3.01,0.991,1.004,1.071,17.2,14.65,,,,,,,,0,
2026-08-25,547180,Bryce Harper,George Kirby,PHI@SEA,PHI,3.0,RF,L,4.34,2.92,1.0,1.0,0.982,17.1,14.6,,,,,,,,0,
2026-08-25,669394,Jake Burger,Anthony Kay,TEX@CWS,TEX,6.0,1B,R,4.15,2.87,1.004,1.019,1.07,16.6,14.33,,,,,,,,1,
2026-08-25,596142,Gary Sánchez,Zac Thornton,MIL@NYM,MIL,5.0,DH,R,3.9,3.01,0.991,1.004,1.071,16.5,14.28,,,,,,,,0,
2026-08-25,686469,Vinnie Pasquantino,Max Scherzer,KC@TOR,KC,3.0,1B,L,2.39,4.7,1.004,1.0,1.055,16.5,14.28,,,,,,,,0,
2026-08-25,677800,Wilyer Abreu,Tyler Phillips,BOS@MIA,BOS,3.0,RF,L,3.76,2.99,0.977,1.0,1.066,16.3,14.17,,,,,,,,0,
2026-08-25,696100,Hunter Goodman,Andrew Alvarez,COL@WSH,COL,3.0,C,R,6.49,1.74,0.995,1.009,1.03,16.2,14.12,,,,,,,,1,
2026-08-25,665019,Kody Clemens,Gage Jump,MIN@ATH,MIN,5.0,LF,L,4.22,2.64,1.009,1.035,1.027,15.9,13.96,,,,,,,,0,
2026-08-25,665052,Griffin Conine,Payton Tolle,BOS@MIA,MIA,7.0,RF,L,5.31,2.77,0.977,1.0,0.9,15.8,13.9,,,,,,,,0,
2026-08-25,514888,José Altuve,Will Warren,HOU@NYY,HOU,4.0,2B,R,3.12,3.44,0.998,1.013,1.053,15.7,13.85,,,,,,,,0,
2026-08-25,673357,Luis Robert,Kyle Harrison,MIL@NYM,NYM,4.0,CF,R,4.0,3.17,0.991,1.004,0.9,15.7,13.85,,,,,,,,1,
2026-08-25,671739,Michael Harris,Tyler Glasnow,LAD@ATL,ATL,5.0,CF,L,3.94,3.2,1.009,1.003,0.9,15.3,13.64,,,,,,,,0,
2026-08-25,664728,Kyle Isbel,Max Scherzer,KC@TOR,KC,9.0,CF,L,2.68,4.7,1.004,1.0,1.055,14.9,13.42,,,,,,,,0,
2026-08-25,663886,Tyler Stephenson,Adrian Houser,CIN@SF,CIN,4.0,C,R,3.18,3.18,0.988,0.987,1.082,14.8,13.37,,,,,,,,0,
2026-08-25,693307,Dillon Dingler,Casey Legumina,TB@DET,DET,4.0,C,R,4.68,2.2,0.979,1.02,1.019,14.5,13.21,,,,,,,,0,
2026-08-25,518692,Freddie Freeman,Bryce Elder,LAD@ATL,LAD,2.0,1B,L,2.8,3.64,1.009,1.003,0.983,14.5,13.21,,,,,,,,0,
2026-08-25,702616,Jackson Holliday,Matthew Liberatore,BAL@STL,BAL,1.0,2B,L,2.43,3.68,0.995,1.029,1.067,14.4,13.15,,,,,,,,0,
2026-08-25,664034,Ty France,Paul Skenes,PIT@SD,SD,4.0,1B,R,4.28,2.56,0.999,1.008,0.9,13.8,12.83,,,,,,,,0,
2026-08-25,680777,Ryan Jeffers,Gage Jump,MIN@ATH,MIN,3.0,DH,R,3.46,2.64,1.006,1.035,1.027,13.7,12.78,,,,,,,,0,
2026-08-25,679845,Nick Loftin,Max Scherzer,KC@TOR,KC,6.0,3B,R,2.12,4.7,1.004,1.0,1.055,13.7,12.78,,,,,,,,0,
2026-08-25,624424,Michael Conforto,Brandon Pfaadt,CHC@AZ,CHC,8.0,DH,L,4.38,2.81,1.0,1.0,0.93,13.6,12.72,,,,,,,,0,
2026-08-25,664023,Ian Happ,Brandon Pfaadt,CHC@AZ,CHC,5.0,LF,R,3.87,2.81,1.0,1.0,0.93,13.5,12.67,,,,,,,,1,
2026-08-25,673237,Yainer Diaz,Will Warren,HOU@NYY,HOU,8.0,C,R,3.08,3.44,1.011,1.013,1.053,13.5,12.67,,,,,,,,1,
2026-08-25,592518,Manny Machado,Paul Skenes,PIT@SD,SD,3.0,3B,R,4.11,2.56,1.007,1.008,0.9,13.5,12.67,,,,,,,,0,
2026-08-25,678882,Ceddanne Rafaela,Tyler Phillips,BOS@MIA,BOS,2.0,CF,R,3.01,2.99,0.974,1.0,1.066,13.4,12.62,,,,,,,,0,
2026-08-25,668930,Brice Turang,Zac Thornton,MIL@NYM,MIL,2.0,2B,L,2.91,3.01,0.992,1.004,1.071,13.4,12.62,,,,,,,,0,
2026-08-25,666211,Taylor Trammell,Will Warren,HOU@NYY,HOU,9.0,LF,L,3.21,3.44,1.011,1.013,1.053,13.4,12.62,,,,,,,,0,
2026-08-25,686797,Brooks Lee,Gage Jump,MIN@ATH,MIN,7.0,3B,R,3.78,2.64,1.006,1.035,1.027,13.2,12.51,,,,,,,,0,
2026-08-25,645277,Ozzie Albies,Tyler Glasnow,LAD@ATL,ATL,6.0,2B,R,3.48,3.2,0.991,1.003,0.9,12.9,12.35,,,,,,,,0,
2026-08-25,668904,Royce Lewis,Gage Jump,MIN@ATH,MIN,4.0,1B,R,3.22,2.64,1.006,1.035,1.027,12.7,12.24,,,,,,,,0,
2026-08-25,687462,Spencer Horwitz,Mike King,PIT@SD,PIT,1.0,1B,L,2.83,2.96,1.002,1.008,1.02,12.7,12.24,,,,,,,,0,
2026-08-25,677649,Ezequiel Duran,Anthony Kay,TEX@CWS,TEX,5.0,CF,R,2.97,2.87,1.004,1.019,1.07,12.6,12.19,,,,,,,,0,
2026-08-25,607208,Trea Turner,George Kirby,PHI@SEA,PHI,2.0,SS,R,3.01,2.92,1.002,1.0,0.982,12.5,12.13,,,,,,,,0,
2026-08-25,680776,Jarren Duran,Tyler Phillips,BOS@MIA,BOS,7.0,LF,L,3.22,2.99,0.977,1.0,1.066,12.4,12.08,,,,,,,,1,
2026-08-25,660821,Jesús Sánchez,Seth Lugo,KC@TOR,TOR,5.0,DH,L,2.93,2.67,1.003,1.0,1.101,11.7,11.71,,,,,,,,0,
2026-08-25,701538,Jackson Merrill,Paul Skenes,PIT@SD,SD,5.0,CF,L,3.72,2.56,1.002,1.008,0.9,11.7,11.71,,,,,,,,0,
2026-08-25,608324,Alex Bregman,Brandon Pfaadt,CHC@AZ,CHC,4.0,3B,R,3.18,2.81,1.0,1.0,0.93,11.7,11.71,,,,,,,,0,
2026-08-25,666160,Mickey Moniak,Andrew Alvarez,COL@WSH,COL,7.0,DH,L,5.26,1.74,0.991,1.009,1.03,11.7,11.71,,,,,,,,0,
2026-08-25,668804,Bryan Reynolds,Mike King,PIT@SD,PIT,3.0,LF,R,2.66,2.96,1.007,1.008,1.02,11.5,11.6,,,,,,,,0,
2026-08-25,662139,Daulton Varsho,Will Warren,HOU@NYY,HOU,5.0,CF,L,2.27,3.44,1.011,1.013,1.053,11.4,11.54,,,,,,,,0,
2026-08-25,543760,Marcus Semien,Kyle Harrison,MIL@NYM,NYM,7.0,2B,R,3.18,3.17,0.991,1.004,0.9,11.2,11.44,,,,,,,,0,
2026-08-25,620443,Luis Torrens,Kyle Harrison,MIL@NYM,NYM,8.0,C,R,3.28,3.17,0.991,1.004,0.9,11.1,11.38,,,,,,,,0,
2026-08-25,663656,Kyle Tucker,Bryce Elder,LAD@ATL,LAD,6.0,RF,L,2.33,3.64,1.009,1.003,0.983,11.1,11.38,,,,,,,,0,
2026-08-25,661388,William Contreras,Zac Thornton,MIL@NYM,MIL,3.0,C,R,2.44,3.01,0.991,1.004,1.071,11.1,11.38,,,,,,,,0,
2026-08-25,686555,Isaac Collins,Max Scherzer,KC@TOR,KC,7.0,LF,R,1.75,4.7,1.01,1.0,1.055,10.9,11.28,,,,,,,,0,
2026-08-25,664761,Alec Bohm,George Kirby,PHI@SEA,PHI,5.0,1B,R,2.77,2.92,1.0,1.0,0.982,10.8,11.22,,,,,,,,0,
2026-08-25,664770,Nathan Lukes,Seth Lugo,KC@TOR,TOR,2.0,RF,L,2.51,2.67,1.009,1.0,1.101,10.8,11.22,,,,,,,,0,
2026-08-25,666182,Bo Bichette,Kyle Harrison,MIL@NYM,NYM,2.0,3B,R,2.59,3.17,0.991,1.004,0.9,10.7,11.17,,,,,,,,0,
2026-08-25,677950,Alek Thomas,Bryce Elder,LAD@ATL,LAD,8.0,CF,L,2.48,3.64,1.0,1.003,0.983,10.7,11.17,,,,,,,,0,
2026-08-25,663647,Ke'Bryan Hayes,Adrian Houser,CIN@SF,CIN,8.0,3B,R,2.66,3.18,0.984,0.987,1.082,10.7,11.17,,,,,,,,0,
2026-08-25,680779,Henry Davis,Mike King,PIT@SD,PIT,9.0,C,R,3.05,2.96,0.999,1.008,1.02,10.6,11.12,,,,,,,,0,
2026-08-25,681508,Mickey Gasper,Tyler Phillips,BOS@MIA,BOS,5.0,DH,L,2.51,2.99,0.977,1.0,1.066,10.6,11.12,,,,,,,,1,
2026-08-25,679529,Spencer Torkelson,Casey Legumina,TB@DET,DET,7.0,1B,R,3.75,2.2,0.979,1.02,1.019,10.5,11.06,,,,,,,,0,
2026-08-25,671056,Iván Herrera,Chris Bassitt,BAL@STL,STL,2.0,C,R,2.5,2.5,0.998,1.029,1.093,10.2,10.9,,,,,,,,0,
2026-08-25,663586,Austin Riley,Tyler Glasnow,LAD@ATL,ATL,8.0,3B,R,2.91,3.2,1.004,1.003,0.9,10.1,10.85,,,,,,,,0,
2026-08-25,683734,Andrew Vaughn,Zac Thornton,MIL@NYM,MIL,4.0,1B,R,2.17,3.01,0.991,1.004,1.071,9.9,10.74,,,,,,,,0,
2026-08-25,666126,Carlos Cortes,Taj Bradley,MIN@ATH,ATH,8.0,LF,L,2.48,3.14,1.009,1.035,0.974,9.6,10.58,,,,,,,,1,
2026-08-25,655316,Andruw Monasterio,Tyler Phillips,BOS@MIA,BOS,6.0,SS,R,2.3,2.99,0.974,1.0,1.066,9.4,10.47,,,,,,,,0,
2026-08-25,687401,Joey Ortiz,Zac Thornton,MIL@NYM,MIL,8.0,3B,R,2.38,3.01,0.991,1.004,1.071,9.2,10.36,,,,,,,,0,
2026-08-25,682998,Corbin Carroll,Clay Holmes,CHC@AZ,AZ,2.0,RF,L,3.2,2.0,1.0,1.0,0.987,9.2,10.36,,,,,,,,0,
2026-08-25,663993,Nathaniel Lowe,Walbert Ureña,CLE@LAA,CLE,5.0,1B,L,3.83,1.83,1.011,1.047,0.9,9.1,10.31,,,,,,,,0,
2026-08-25,643289,Mauricio Dubón,Tyler Glasnow,LAD@ATL,ATL,4.0,SS,R,2.2,3.2,1.009,1.003,0.9,9.1,10.31,,,,,,,,0,
2026-08-25,666176,Jo Adell,Walbert Ureña,CLE@LAA,CLE,4.0,RF,R,3.62,1.83,1.003,1.047,0.9,8.9,10.2,,,,,,,,0,
2026-08-25,650402,Gleyber Torres,Casey Legumina,TB@DET,DET,1.0,2B,R,2.61,2.2,0.979,1.02,1.019,8.8,10.15,,,,,,,,0,
2026-08-25,657136,Connor Wong,Tyler Phillips,BOS@MIA,BOS,9.0,C,R,2.4,2.99,0.977,1.0,1.066,8.6,10.04,,,,,,,,0,
2026-08-25,807712,Luke Keaschall,Gage Jump,MIN@ATH,MIN,1.0,RF,R,1.9,2.64,1.009,1.035,1.027,8.1,9.77,,,,,,,,0,
2026-08-25,650489,Willi Castro,Andrew Alvarez,COL@WSH,COL,5.0,3B,R,3.26,1.74,0.995,1.009,1.03,8.1,9.77,,,,,,,,0,
2026-08-25,682657,Angel Martínez,Walbert Ureña,CLE@LAA,CLE,6.0,LF,L,3.5,1.83,1.002,1.047,0.9,8.0,9.72,,,,,,,,0,
2026-08-25,694374,Tim Tawa,Clay Holmes,CHC@AZ,AZ,7.0,1B,R,3.22,2.0,1.0,1.0,0.987,8.0,9.72,,,,,,,,0,
2026-08-25,665926,Andrés Giménez,Seth Lugo,KC@TOR,TOR,7.0,SS,L,2.15,2.67,1.004,1.0,1.101,8.0,9.72,,,,,,,,0,
2026-08-25,664983,Jake Mccarthy,Andrew Alvarez,COL@WSH,COL,1.0,LF,L,2.89,1.74,0.998,1.009,1.03,7.9,9.67,,,,,,,,0,
2026-08-25,681351,Logan O'Hoppe,Anthony Kay,TEX@CWS,TEX,7.0,DH,R,2.02,2.87,0.997,1.019,1.07,7.9,9.67,,,,,,,,0,
2026-08-25,605170,Víctor Caratini,Gage Jump,MIN@ATH,MIN,8.0,C,L,2.32,2.64,1.009,1.035,1.027,7.9,9.67,,,,,,,,0,
2026-08-25,665804,Miguel Amaya,Brandon Pfaadt,CHC@AZ,CHC,9.0,C,R,2.6,2.81,1.0,1.0,0.93,7.8,9.61,,,,,,,,0,
2026-08-25,683766,Christian Koss,Brady Singer,CIN@SF,SF,9.0,SS,R,1.59,4.02,0.988,0.987,1.09,7.8,9.61,,,,,,,,0,
2026-08-25,665877,José Fermín,Chris Bassitt,BAL@STL,STL,9.0,2B,R,2.38,2.5,0.998,1.029,1.093,7.7,9.56,,,,,,,,0,
2026-08-25,669743,Alex Call,Bryce Elder,LAD@ATL,LAD,7.0,LF,R,1.68,3.64,0.991,1.003,0.983,7.6,9.51,,,,,,,,0,
2026-08-25,665489,Vladimir Guerrero,Seth Lugo,KC@TOR,TOR,3.0,1B,R,1.73,2.67,1.004,1.0,1.101,7.3,9.35,,,,,,,,0,
2026-08-25,686668,Brenton Doyle,Jacob Degrom,TEX@CWS,CWS,8.0,CF,R,1.96,3.21,1.004,1.019,0.932,7.3,9.35,,,,,,,,0,
2026-08-25,672640,Otto Lopez,Payton Tolle,BOS@MIA,MIA,1.0,SS,R,1.86,2.77,0.974,1.0,0.9,6.9,9.13,,,,,,,,0,
2026-08-25,691594,Javier Sanoja,Payton Tolle,BOS@MIA,MIA,4.0,3B,R,1.99,2.77,0.974,1.0,0.9,6.9,9.13,,,,,,,,0,
2026-08-25,593428,Xander Bogaerts,Paul Skenes,PIT@SD,SD,8.0,SS,R,2.36,2.56,1.007,1.008,0.9,6.7,9.02,,,,,,,,0,
2026-08-25,693304,Nick Gonzales,Mike King,PIT@SD,PIT,4.0,2B,R,1.52,2.96,1.002,1.008,1.02,6.7,9.02,,,,,,,,0,
2026-08-25,682663,Agustín Ramírez,Payton Tolle,BOS@MIA,MIA,3.0,DH,R,1.9,2.77,0.97,1.0,0.9,6.6,8.97,,,,,,,,0,
2026-08-25,663457,Lars Nootbaar,Clay Holmes,CHC@AZ,AZ,1.0,DH,L,2.14,2.0,1.0,1.0,0.987,6.4,8.86,,,,,,,,0,
2026-08-25,663968,Jake Mangum,Mike King,PIT@SD,PIT,6.0,RF,R,1.49,2.96,0.999,1.008,1.02,6.0,8.65,,,,,,,,0,
2026-08-25,630105,Jake Cronenworth,Paul Skenes,PIT@SD,SD,2.0,2B,L,1.76,2.56,0.987,1.008,0.9,6.0,8.65,,,,,,,,0,
2026-08-25,672275,Patrick Bailey,Walbert Ureña,CLE@LAA,CLE,7.0,C,L,2.69,1.83,1.002,1.047,0.9,5.9,8.6,,,,,,,,0,
2026-08-25,595879,Javier Báez,Casey Legumina,TB@DET,DET,8.0,LF,R,2.06,2.2,0.979,1.02,1.019,5.6,8.43,,,,,,,,0,
2026-08-25,663538,Nico Hoerner,Brandon Pfaadt,CHC@AZ,CHC,6.0,SS,R,1.55,2.81,1.0,1.0,0.93,5.4,8.33,,,,,,,,0,
2026-08-25,681393,Connor Norby,Andrew Alvarez,COL@WSH,COL,6.0,2B,R,2.2,1.74,0.998,1.009,1.03,5.3,8.27,,,,,,,,0,
2026-08-25,650859,Luis Rengifo,Paul Skenes,PIT@SD,SD,6.0,DH,R,1.66,2.56,1.007,1.008,0.9,5.2,8.22,,,,,,,,0,
2026-08-25,669707,Jared Triolo,Mike King,PIT@SD,PIT,8.0,3B,R,1.33,2.96,1.007,1.008,1.02,5.0,8.11,,,,,,,,0,
2026-08-25,656716,Zach Mckinstry,Casey Legumina,TB@DET,DET,6.0,RF,L,1.58,2.2,0.999,1.02,1.019,4.8,8.01,,,,,,,,0,
2026-08-25,669364,Xavier Edwards,Payton Tolle,BOS@MIA,MIA,5.0,2B,L,1.43,2.77,0.977,1.0,0.9,4.8,8.01,,,,,,,,0,
2026-08-25,677587,Brayan Rocchio,Walbert Ureña,CLE@LAA,CLE,9.0,SS,L,2.23,1.83,1.006,1.047,0.9,4.5,7.84,,,,,,,,0,
2026-08-25,687597,Jordan Beck,Andrew Alvarez,COL@WSH,COL,8.0,RF,R,1.85,1.74,0.995,1.009,1.03,4.1,7.63,,,,,,,,0,
2026-08-26,696100,Hunter Goodman,Matt Waldron,COL@WSH,COL,3.0,C,R,6.61,3.61,0.995,1.031,0.953,30.2,21.63,24.6,310.0,,,-2.97,-2.76,,1,3.1
2026-08-26,621566,Matt Olson,Roki Sasaki,LAD@ATL,ATL,3.0,1B,L,5.71,3.96,1.009,1.006,1.008,30.0,21.52,20.8,350.0,,,0.72,-0.7,,1,3.5
2026-08-26,665953,Andrés Chaparro,Tanner Gordon,COL@WSH,WSH,5.0,3B,R,4.31,4.21,0.992,1.031,1.055,24.9,18.78,18.8,400.0,,,-0.02,-1.22,,1,4.0
2026-08-26,624413,Pete Alonso,Michael Mcgreevy,BAL@STL,BAL,2.0,DH,R,5.0,3.18,0.995,1.008,1.114,24.3,18.46,19.7,375.0,,,-1.24,-2.59,,1,3.75
2026-08-26,686948,Drake Baldwin,Roki Sasaki,LAD@ATL,ATL,1.0,DH,L,4.09,3.96,1.0,1.006,1.008,23.2,17.87,16.4,475.0,,,1.47,0.48,,0,-1.0
2026-08-26,666160,Mickey Moniak,Matt Waldron,COL@WSH,COL,6.0,RF,L,5.22,3.61,0.991,1.031,0.953,22.8,17.66,18.8,400.0,,,-1.14,-2.34,,0,-1.0
2026-08-26,656941,Kyle Schwarber,Bryan Woo,PHI@SEA,PHI,1.0,DH,L,6.19,2.74,1.0,1.0,0.929,22.3,17.39,,,,,,,,1,
2026-08-26,664040,Brandon Lowe,Randy Vásquez,PIT@SD,PIT,2.0,2B,L,4.57,3.01,1.002,1.034,1.12,22.0,17.23,,,,,,,,0,
2026-08-26,694212,Samuel Basallo,Michael Mcgreevy,BAL@STL,BAL,4.0,1B,L,4.57,3.18,0.998,1.008,1.114,21.9,17.18,15.6,500.0,,,1.58,0.51,,0,-1.0
2026-08-26,665833,Oneil Cruz,Randy Vásquez,PIT@SD,PIT,5.0,CF,L,4.8,3.01,1.002,1.034,1.12,21.7,17.07,,,,,,,,0,
2026-08-26,693307,Dillon Dingler,Freddy Peralta,TB@DET,DET,5.0,C,R,4.65,3.53,0.979,1.045,0.995,21.7,17.07,,,,,,,,0,
2026-08-26,687952,Christian Encarnacion-Strand,Michael Mcgreevy,BAL@STL,BAL,5.0,3B,R,4.64,3.18,0.998,1.008,1.114,21.5,16.96,15.6,500.0,,,1.36,0.29,,0,-1.0
2026-08-26,671739,Michael Harris,Roki Sasaki,LAD@ATL,ATL,5.0,CF,L,3.92,3.96,1.009,1.006,1.008,20.6,16.48,,,,,,,,0,
2026-08-26,691406,Junior Caminero,Troy Melton,TB@DET,TB,3.0,3B,R,5.53,2.88,0.999,1.045,0.9,20.3,16.32,,,,,,,,0,
2026-08-26,678246,Miguel Vargas,Mackenzie Gore,TEX@CWS,CWS,1.0,3B,R,4.71,2.93,1.004,1.015,0.957,19.3,15.78,23.2,300.0,,,-7.42,-9.22,,0,-1.0
2026-08-26,695734,Daylen Lile,Tanner Gordon,COL@WSH,WSH,4.0,LF,L,3.08,4.21,0.991,1.031,1.055,19.0,15.62,17.1,450.0,,,-1.48,-2.56,,0,-1.0
2026-08-26,663993,Nathaniel Lowe,Grayson Rodriguez,CLE@LAA,CLE,5.0,1B,L,3.78,3.24,1.011,1.047,1.12,19.0,15.62,,,,,,,,0,
2026-08-26,686611,Dylan Crews,Tanner Gordon,COL@WSH,WSH,3.0,RF,R,3.02,4.21,0.995,1.031,1.055,18.9,15.57,17.9,425.0,,,-2.33,-3.48,,0,-1.0
2026-08-26,680869,Zack Gelof,Connor Prielipp,MIN@ATH,ATH,2.0,LF,R,4.08,3.14,1.006,1.03,1.013,18.9,15.57,,,,,,,,0,
2026-08-26,700250,Ben Rice,Peter Lambert,HOU@NYY,NYY,2.0,DH,L,5.72,2.48,1.011,1.024,0.915,18.8,15.51,22.0,325.0,,,-6.49,-8.02,,1,3.25
2026-08-26,666176,Jo Adell,Grayson Rodriguez,CLE@LAA,CLE,4.0,RF,R,3.59,3.24,1.003,1.047,1.12,18.7,15.46,,,,,,,,0,
2026-08-26,665052,Griffin Conine,Sonny Gray,BOS@MIA,MIA,2.0,1B,L,5.23,2.74,0.977,1.0,0.936,18.4,15.3,15.0,525.0,,,0.3,-0.7,,0,-1.0
2026-08-26,671277,Luis García,Peter Lambert,HOU@NYY,NYY,3.0,1B,L,5.39,2.48,1.024,1.024,0.915,17.6,14.87,,,,,,,,1,
2026-08-26,645277,Ozzie Albies,Roki Sasaki,LAD@ATL,ATL,6.0,2B,R,3.46,3.96,0.991,1.006,1.008,17.5,14.82,11.7,750.0,,,3.12,3.06,,0,-1.0
2026-08-26,682998,Corbin Carroll,Matt Boyd,CHC@AZ,AZ,2.0,RF,L,3.18,3.49,1.0,1.0,1.085,17.1,14.6,,,,,,,,0,
2026-08-26,691023,Jordan Walker,Kyle Bradish,BAL@STL,STL,4.0,RF,R,4.56,2.65,0.998,1.008,1.008,16.9,14.49,15.5,510.0,,,-1.01,-1.9,,0,-1.0
2026-08-26,682657,Angel Martínez,Grayson Rodriguez,CLE@LAA,CLE,6.0,LF,L,3.45,3.24,1.002,1.047,1.12,16.8,14.44,,,,,,,,0,
2026-08-26,679529,Spencer Torkelson,Freddy Peralta,TB@DET,DET,7.0,1B,R,3.73,3.53,0.979,1.045,0.995,16.4,14.23,,,,,,,,0,
2026-08-26,677588,José Tena,Tanner Gordon,COL@WSH,WSH,6.0,2B,L,2.8,4.21,0.998,1.031,1.055,16.4,14.23,14.3,550.0,,,-0.07,-1.15,,0,-1.0
2026-08-26,683002,Gunnar Henderson,Michael Mcgreevy,BAL@STL,BAL,3.0,SS,L,3.31,3.18,0.995,1.008,1.114,16.3,14.17,15.6,500.0,,,-1.43,-2.5,,0,-1.0
2026-08-26,694374,Tim Tawa,Matt Boyd,CHC@AZ,AZ,5.0,1B,R,3.19,3.49,1.0,1.0,1.085,16.0,14.01,,,,,,,,0,
2026-08-26,677800,Wilyer Abreu,Ryan Gusto,BOS@MIA,BOS,3.0,RF,L,3.74,3.1,0.977,1.0,1.013,15.9,13.96,18.6,400.0,,,-4.64,-6.04,,0,-1.0
2026-08-26,641680,Jonah Heim,Connor Prielipp,MIN@ATH,ATH,4.0,C,L,3.43,3.14,1.009,1.03,1.013,15.7,13.85,,,,,,,,0,
2026-08-26,547180,Bryce Harper,Bryan Woo,PHI@SEA,PHI,3.0,RF,L,4.31,2.74,1.0,1.0,0.929,15.3,13.64,,,,,,,,1,
2026-08-26,650489,Willi Castro,Matt Waldron,COL@WSH,COL,5.0,3B,R,3.24,3.61,0.995,1.031,0.953,15.2,13.58,14.3,600.0,,,-0.72,-0.71,,0,-1.0
2026-08-26,681297,Colton Cowser,Michael Mcgreevy,BAL@STL,BAL,8.0,CF,L,3.63,3.18,0.995,1.008,1.114,15.2,13.58,10.4,800.0,,,3.18,2.47,,0,-1.0
2026-08-26,608369,Corey Seager,Sean Burke,TEX@CWS,TEX,2.0,DH,L,3.88,2.87,0.997,1.015,0.931,15.0,13.48,22.0,325.0,,,-8.52,-10.05,,0,-1.0
2026-08-26,664983,Jake Mccarthy,Matt Waldron,COL@WSH,COL,1.0,LF,L,2.86,3.61,0.998,1.031,0.953,14.8,13.37,11.7,800.0,,,1.67,2.26,,0,-1.0
2026-08-26,665019,Kody Clemens,J. T. Ginn,MIN@ATH,MIN,5.0,2B,L,4.19,2.62,1.009,1.03,0.973,14.8,13.37,,,,,,,,0,
2026-08-26,687462,Spencer Horwitz,Randy Vásquez,PIT@SD,PIT,1.0,1B,L,2.8,3.01,1.002,1.034,1.12,14.4,13.15,,,,,,,,0,
2026-08-26,543510,James Mccann,Matt Boyd,CHC@AZ,AZ,7.0,C,R,3.09,3.49,1.0,1.0,1.085,14.4,13.15,,,,,,,,0,
2026-08-26,686797,Brooks Lee,J. T. Ginn,MIN@ATH,MIN,2.0,3B,R,3.75,2.62,1.006,1.03,0.973,14.2,13.05,,,,,,,,1,
2026-08-26,669065,Kyle Stowers,Sonny Gray,BOS@MIA,MIA,1.0,DH,L,3.73,2.74,0.977,1.0,0.936,13.8,12.83,17.9,425.0,,,-5.07,-6.22,,0,-1.0
2026-08-26,663586,Austin Riley,Roki Sasaki,LAD@ATL,ATL,8.0,3B,R,2.9,3.96,1.004,1.006,1.008,13.8,12.83,15.0,525.0,,,-2.17,-3.17,,0,-1.0
2026-08-26,664034,Ty France,Bubba Chandler,PIT@SD,SD,4.0,1B,R,4.24,2.23,0.999,1.034,0.991,13.5,12.67,,,,,,,,0,
2026-08-26,696285,Jacob Young,Tanner Gordon,COL@WSH,WSH,9.0,CF,R,2.62,4.21,0.995,1.031,1.055,13.4,12.62,9.4,950.0,,,3.22,3.1,,0,-1.0
2026-08-26,681508,Mickey Gasper,Ryan Gusto,BOS@MIA,BOS,5.0,DH,L,3.22,3.1,0.977,1.0,1.013,13.3,12.56,11.7,750.0,,,0.86,0.8,,0,-1.0
2026-08-26,663757,Trent Grisham,Peter Lambert,HOU@NYY,NYY,1.0,CF,L,3.84,2.48,1.011,1.024,0.915,13.3,12.56,19.7,375.0,,,-7.14,-8.49,,0,-1.0
2026-08-26,592518,Manny Machado,Bubba Chandler,PIT@SD,SD,3.0,3B,R,4.09,2.23,1.007,1.034,0.991,13.2,12.51,,,,,,,,0,
2026-08-26,650490,Yandy Díaz,Troy Melton,TB@DET,TB,1.0,DH,R,3.31,2.88,0.999,1.045,0.9,13.2,12.51,,,,,,,,0,
2026-08-26,690993,Colt Keith,Freddy Peralta,TB@DET,DET,4.0,DH,L,2.55,3.53,0.999,1.045,0.995,13.1,12.46,,,,,,,,0,
2026-08-26,678882,Ceddanne Rafaela,Ryan Gusto,BOS@MIA,BOS,2.0,CF,R,2.99,3.1,0.974,1.0,1.013,13.1,12.46,10.4,850.0,,,2.06,1.93,,0,-1.0
2026-08-26,650402,Gleyber Torres,Freddy Peralta,TB@DET,DET,3.0,2B,R,2.58,3.53,0.979,1.045,0.995,13.1,12.46,,,,,,,,0,
2026-08-26,668804,Bryan Reynolds,Randy Vásquez,PIT@SD,PIT,3.0,DH,R,2.65,3.01,1.007,1.034,1.12,13.0,12.4,,,,,,,,0,
2026-08-26,680777,Ryan Jeffers,J. T. Ginn,MIN@ATH,MIN,4.0,C,R,3.42,2.62,1.006,1.03,0.973,12.7,12.24,,,,,,,,0,
2026-08-26,680776,Jarren Duran,Ryan Gusto,BOS@MIA,BOS,7.0,LF,L,3.35,3.1,0.977,1.0,1.013,12.7,12.24,13.3,700.0,,,-1.06,-0.26,,0,-1.0
2026-08-26,666139,Josh Lowe,Joey Cantillo,CLE@LAA,LAA,6.0,RF,L,3.47,2.72,1.006,1.047,0.97,12.6,12.19,,,,,,,,0,
2026-08-26,702616,Jackson Holliday,Michael Mcgreevy,BAL@STL,BAL,1.0,2B,L,2.4,3.18,0.995,1.008,1.114,12.6,12.19,11.7,750.0,,,0.49,0.43,,0,-1.0
2026-08-26,643289,Mauricio Dubón,Roki Sasaki,LAD@ATL,ATL,4.0,SS,R,2.18,3.96,1.009,1.006,1.008,12.4,12.08,8.6,1050.0,,,3.48,3.38,,0,-1.0
2026-08-26,701398,Sal Stewart,Logan Webb,CIN@SF,CIN,3.0,1B,R,4.54,2.07,0.988,0.997,0.952,12.4,12.08,,,,,,,,0,
2026-08-26,683357,Owen Caissie,Sonny Gray,BOS@MIA,MIA,7.0,RF,L,3.97,2.74,0.977,1.0,0.936,12.3,12.03,11.7,750.0,,,0.33,0.27,,0,-1.0
2026-08-26,595978,Austin Hedges,Grayson Rodriguez,CLE@LAA,CLE,8.0,C,R,2.7,3.24,1.003,1.047,1.12,12.2,11.97,,,,,,,,0,
2026-08-26,668709,Jj Bleday,Logan Webb,CIN@SF,CIN,4.0,LF,L,4.42,2.07,0.993,0.997,0.952,12.1,11.92,,,,,,,,0,
2026-08-26,605137,Josh Bell,J. T. Ginn,MIN@ATH,MIN,3.0,DH,L,3.23,2.62,1.009,1.03,0.973,12.1,11.92,,,,,,,,0,
2026-08-26,672960,Kazuma Okamoto,Randy Dobnak,KC@TOR,TOR,6.0,3B,R,4.6,1.88,1.004,1.0,1.06,12.0,11.87,19.7,375.0,,,-7.83,-9.18,,0,-1.0
2026-08-26,663728,Cal Raleigh,Jesús Luzardo,PHI@SEA,SEA,4.0,DH,R,4.06,2.32,1.002,1.0,0.9,12.0,11.87,,,,,,,,0,
2026-08-26,701538,Jackson Merrill,Bubba Chandler,PIT@SD,SD,5.0,CF,L,3.69,2.23,1.002,1.034,0.991,11.4,11.54,,,,,,,,0,
2026-08-26,673357,Luis Robert,Dustin May,MIL@NYM,NYM,6.0,DH,R,4.25,2.0,0.991,1.032,1.003,11.4,11.54,,,,,,,,0,
2026-08-26,702332,Caleb Durbin,Ryan Gusto,BOS@MIA,BOS,4.0,3B,R,2.61,3.1,0.974,1.0,1.013,11.3,11.49,9.4,1100.0,,,2.09,3.16,,0,-1.0
2026-08-26,695506,Jac Caglianone,Spencer Miles,KC@TOR,KC,3.0,RF,L,4.35,2.0,1.004,1.0,0.9,11.2,11.44,20.8,475.0,,,-9.36,-5.95,,0,-1.0
2026-08-26,668904,Royce Lewis,J. T. Ginn,MIN@ATH,MIN,6.0,1B,R,3.2,2.62,1.006,1.03,0.973,11.1,11.38,,,,,,,,0,
2026-08-26,608324,Alex Bregman,Eduardo Rodríguez,CHC@AZ,CHC,3.0,DH,R,3.16,2.36,1.0,1.0,1.046,11.1,11.38,,,,,,,,0,
2026-08-26,607208,Trea Turner,Bryan Woo,PHI@SEA,PHI,2.0,SS,R,2.99,2.74,1.002,1.0,0.929,11.1,11.38,,,,,,,,0,
2026-08-26,682829,Elly De La Cruz,Logan Webb,CIN@SF,CIN,2.0,SS,R,3.9,2.07,0.988,0.997,0.952,11.0,11.33,,,,,,,,0,
2026-08-26,677649,Ezequiel Duran,Sean Burke,TEX@CWS,TEX,5.0,SS,R,2.95,2.87,1.004,1.015,0.931,10.9,11.28,11.7,700.0,,,-0.42,-1.22,,0,-1.0
2026-08-26,553993,Eugenio Suárez,Logan Webb,CIN@SF,CIN,5.0,DH,R,4.12,2.07,0.988,0.997,0.952,10.9,11.28,,,,,,,,1,
2026-08-26,668227,Randy Arozarena,Jesús Luzardo,PHI@SEA,SEA,2.0,LF,R,3.57,2.32,1.0,1.0,0.9,10.9,11.28,,,,,,,,0,
2026-08-26,677594,Julio Rodríguez,Jesús Luzardo,PHI@SEA,SEA,3.0,CF,R,3.63,2.32,1.002,1.0,0.9,10.8,11.22,,,,,,,,0,
2026-08-26,665862,Jazz Chisholm,Peter Lambert,HOU@NYY,NYY,7.0,2B,L,3.63,2.48,1.011,1.024,0.915,10.6,11.12,,,,,,,,0,
2026-08-26,657757,Gavin Sheets,Bubba Chandler,PIT@SD,SD,7.0,DH,L,3.72,2.23,1.002,1.034,0.991,10.6,11.12,,,,,,,,0,
2026-08-26,668670,Jake Rogers,Mackenzie Gore,TEX@CWS,CWS,7.0,C,R,2.88,2.93,1.004,1.015,0.957,10.3,10.95,15.0,525.0,,,-4.05,-5.05,,0,-1.0
2026-08-26,622761,Jorge Mateo,Troy Melton,TB@DET,TB,8.0,SS,R,3.15,2.88,0.979,1.045,0.9,10.0,10.79,,,,,,,,0,
2026-08-26,678662,Ezequiel Tovar,Matt Waldron,COL@WSH,COL,9.0,SS,R,2.47,3.61,0.995,1.031,0.953,9.9,10.74,13.3,700.0,,,-2.56,-1.76,,0,-1.0
2026-08-26,671056,Iván Herrera,Kyle Bradish,BAL@STL,STL,2.0,DH,R,2.48,2.65,0.998,1.008,1.008,9.8,10.69,10.4,850.0,,,0.29,0.16,,0,-1.0
2026-08-26,677587,Brayan Rocchio,Grayson Rodriguez,CLE@LAA,CLE,9.0,SS,L,2.21,3.24,1.006,1.047,1.12,9.7,10.63,,,,,,,,0,
2026-08-26,681393,Connor Norby,Matt Waldron,COL@WSH,COL,7.0,2B,R,2.17,3.61,0.998,1.031,0.953,9.6,10.58,13.3,600.0,,,-2.72,-3.71,,1,6.0
2026-08-26,664761,Alec Bohm,Bryan Woo,PHI@SEA,PHI,5.0,1B,R,2.75,2.74,1.0,1.0,0.929,9.6,10.58,,,,,,,,0,
2026-08-26,672356,Gabriel Arias,Eduardo Rodríguez,CHC@AZ,CHC,9.0,2B,R,3.31,2.36,1.0,1.0,1.046,9.3,10.42,,,,,,,,0,
2026-08-26,641355,Cody Bellinger,Peter Lambert,HOU@NYY,NYY,4.0,LF,L,2.8,2.48,1.011,1.024,0.915,9.3,10.42,15.6,500.0,,,-5.18,-6.25,,0,-1.0
2026-08-26,656775,Cedric Mullins,Troy Melton,TB@DET,TB,9.0,CF,L,2.99,2.88,0.999,1.045,0.9,9.2,10.36,,,,,,,,0,
2026-08-26,655316,Andruw Monasterio,Ryan Gusto,BOS@MIA,BOS,6.0,SS,R,2.28,3.1,0.974,1.0,1.013,9.2,10.36,9.4,950.0,,,0.96,0.84,,0,-1.0
2026-08-26,695600,Carter Jensen,Spencer Miles,KC@TOR,KC,1.0,C,L,3.39,2.0,1.004,1.0,0.9,9.2,10.36,16.4,475.0,,,-6.04,-7.03,,0,-1.0
2026-08-26,672386,Alejandro Kirk,Randy Dobnak,KC@TOR,TOR,3.0,C,R,3.11,1.88,1.004,1.0,1.06,8.9,10.2,11.7,800.0,,,-1.5,-0.91,,0,-1.0
2026-08-26,682626,Francisco Álvarez,Dustin May,MIL@NYM,NYM,9.0,C,R,3.61,2.0,0.99,1.032,1.003,8.5,9.99,16.0,525.0,,,-6.01,-6.01,,0,-1.0
2026-08-26,676609,José Caballero,Peter Lambert,HOU@NYY,NYY,9.0,3B,R,3.14,2.48,0.998,1.024,0.915,8.4,9.94,9.4,900.0,,,0.54,-0.06,,0,-1.0
2026-08-26,677951,Bobby Witt,Spencer Miles,KC@TOR,KC,2.0,SS,R,3.15,2.0,1.009,1.0,0.9,8.4,9.94,,,,,,,,0,
2026-08-26,665877,José Fermín,Kyle Bradish,BAL@STL,STL,6.0,2B,R,2.36,2.65,0.998,1.008,1.008,8.4,9.94,7.9,1100.0,,,2.04,1.61,,0,-1.0
2026-08-26,694497,Evan Carter,Sean Burke,TEX@CWS,TEX,6.0,CF,L,2.34,2.87,0.997,1.015,0.931,8.4,9.94,11.7,700.0,,,-1.76,-2.56,,0,-1.0
2026-08-26,521692,Salvador Pérez,Spencer Miles,KC@TOR,KC,4.0,DH,R,3.24,2.0,1.009,1.0,0.9,8.4,9.94,15.6,500.0,,,-5.66,-6.73,,0,-1.0
2026-08-26,543807,George Springer,Randy Dobnak,KC@TOR,TOR,4.0,DH,R,2.89,1.88,1.009,1.0,1.06,8.3,9.88,15.0,525.0,,,-5.12,-6.12,,0,-1.0
2026-08-26,657136,Connor Wong,Ryan Gusto,BOS@MIA,BOS,9.0,C,R,2.36,3.1,0.977,1.0,1.013,8.3,9.88,9.4,950.0,,,0.48,0.36,,0,-1.0
2026-08-26,642215,Weston Wilson,Jesús Luzardo,PHI@SEA,SEA,7.0,3B,R,3.05,2.32,1.002,1.0,0.9,8.1,9.77,,,,,,,,0,
2026-08-26,660821,Jesús Sánchez,Randy Dobnak,KC@TOR,TOR,5.0,LF,L,2.9,1.88,1.003,1.0,1.06,8.0,9.72,15.0,525.0,,,-5.28,-6.28,,0,-1.0
2026-08-26,543760,Marcus Semien,Dustin May,MIL@NYM,NYM,8.0,2B,R,3.15,2.0,0.991,1.032,1.003,7.9,9.67,10.4,800.0,,,-0.73,-1.44,,0,-1.0
2026-08-26,683766,Christian Koss,Nick Lodolo,CIN@SF,SF,7.0,SS,R,1.56,3.58,0.988,0.997,1.12,7.8,9.61,,,,,,,,0,
2026-08-26,669224,Austin Wells,Peter Lambert,HOU@NYY,NYY,8.0,C,L,2.76,2.48,1.011,1.024,0.915,7.8,9.61,15.0,525.0,,,-5.39,-6.39,,0,-1.0
2026-08-26,624431,Jose Trevino,Logan Webb,CIN@SF,CIN,8.0,C,R,3.29,2.07,0.988,0.997,0.952,7.7,9.56,,,,,,,,0,
2026-08-26,666182,Bo Bichette,Dustin May,MIL@NYM,NYM,3.0,3B,R,2.57,2.0,0.991,1.032,1.003,7.6,9.51,10.4,800.0,,,-0.89,-1.6,,0,-1.0
2026-08-26,656716,Zach Mckinstry,Freddy Peralta,TB@DET,DET,6.0,RF,L,1.57,3.53,0.999,1.045,0.995,7.6,9.51,,,,,,,,0,
2026-08-26,807712,Luke Keaschall,J. T. Ginn,MIN@ATH,MIN,1.0,CF,R,1.89,2.62,1.009,1.03,0.973,7.6,9.51,,,,,,,,0,
2026-08-26,665966,Carlos Narváez,Michael Mcgreevy,BAL@STL,BAL,9.0,C,R,1.83,3.18,0.998,1.008,1.114,7.5,9.45,10.4,850.0,,,-0.95,-1.08,,0,-1.0
2026-08-26,608348,Carson Kelly,Eduardo Rodríguez,CHC@AZ,CHC,8.0,C,R,2.49,2.36,1.0,1.0,1.046,7.5,9.45,,,,,,,,0,
2026-08-26,686668,Brenton Doyle,Mackenzie Gore,TEX@CWS,CWS,6.0,CF,R,1.93,2.93,1.004,1.015,0.957,7.3,9.35,14.3,550.0,,,-4.95,-6.03,,1,5.5
2026-08-26,693304,Nick Gonzales,Randy Vásquez,PIT@SD,PIT,6.0,3B,R,1.51,3.01,1.002,1.034,1.12,7.0,9.19,,,,,,,,0,
2026-08-26,687231,Darell Hernaiz,Connor Prielipp,MIN@ATH,ATH,9.0,3B,R,1.73,3.14,1.006,1.03,1.013,6.6,8.97,,,,,,,,0,
2026-08-26,593428,Xander Bogaerts,Bubba Chandler,PIT@SD,SD,8.0,SS,R,2.35,2.23,1.007,1.034,0.991,6.6,8.97,,,,,,,,0,
2026-08-26,680700,Richie Palacios,Troy Melton,TB@DET,TB,7.0,2B,L,1.94,2.88,0.983,1.045,0.9,6.5,8.92,,,,,,,,0,
2026-08-26,663968,Jake Mangum,Randy Vásquez,PIT@SD,PIT,7.0,LF,R,1.48,3.01,0.999,1.034,1.12,6.5,8.92,,,,,,,,0,
2026-08-26,805300,Jakob Marsee,Sonny Gray,BOS@MIA,MIA,5.0,CF,L,1.85,2.74,0.977,1.0,0.936,6.4,8.86,8.6,1000.0,,,0.26,-0.23,,0,-1.0
2026-08-26,664770,Nathan Lukes,Randy Dobnak,KC@TOR,TOR,7.0,RF,L,2.49,1.88,1.009,1.0,1.06,6.4,8.86,8.6,1000.0,,,0.26,-0.23,,1,10.0
2026-08-26,672640,Otto Lopez,Sonny Gray,BOS@MIA,MIA,6.0,SS,R,1.85,2.74,0.974,1.0,0.936,6.2,8.76,8.6,1000.0,,,0.16,-0.33,,0,-1.0
2026-08-26,667472,Dane Myers,Logan Webb,CIN@SF,CIN,6.0,CF,R,2.28,2.07,0.988,0.997,0.952,5.9,8.6,,,,,,,,0,
2026-08-26,663647,Ke'Bryan Hayes,Logan Webb,CIN@SF,CIN,9.0,3B,R,2.64,2.07,0.984,0.997,0.952,5.9,8.6,,,,,,,,0,
2026-08-26,683146,Brett Baty,Dustin May,MIL@NYM,NYM,7.0,LF,L,2.24,2.0,0.99,1.032,1.003,5.9,8.6,11.7,750.0,,,-3.1,-3.16,,0,-1.0
2026-08-26,686469,Vinnie Pasquantino,Spencer Miles,KC@TOR,KC,5.0,1B,L,2.36,2.0,1.004,1.0,0.9,5.9,8.6,14.3,575.0,,,-5.7,-6.21,,0,-1.0
2026-08-26,630105,Jake Cronenworth,Bubba Chandler,PIT@SD,SD,2.0,2B,L,1.75,2.23,0.987,1.034,0.991,5.8,8.54,,,,,,,,0,
2026-08-26,666023,Freddy Fermin,Bubba Chandler,PIT@SD,SD,9.0,C,R,2.21,2.23,0.999,1.034,0.991,5.8,8.54,,,,,,,,0,
2026-08-26,691594,Javier Sanoja,Sonny Gray,BOS@MIA,MIA,9.0,3B,R,1.97,2.74,0.974,1.0,0.936,5.7,8.49,7.9,1100.0,,,0.59,0.16,,0,-1.0
2026-08-26,623168,Tyler Heineman,Joey Cantillo,CLE@LAA,LAA,8.0,C,R,1.66,2.72,1.006,1.047,0.97,5.7,8.49,,,,,,,,0,
2026-08-26,664728,Kyle Isbel,Spencer Miles,KC@TOR,KC,9.0,CF,L,2.65,2.0,1.004,1.0,0.9,5.6,8.43,7.9,1100.0,,,0.53,0.1,,0,-1.0
2026-08-26,687859,Troy Johnston,Matt Waldron,COL@WSH,COL,8.0,DH,L,1.31,3.61,0.991,1.031,0.953,5.6,8.43,9.4,900.0,,,-0.97,-1.57,,1,9.0
2026-08-26,663538,Nico Hoerner,Eduardo Rodríguez,CHC@AZ,CHC,5.0,SS,R,1.54,2.36,1.0,1.0,1.046,5.3,8.27,,,,,,,,0,
2026-08-26,650859,Luis Rengifo,Bubba Chandler,PIT@SD,SD,6.0,LF,R,1.64,2.23,1.007,1.034,0.991,5.1,8.17,,,,,,,,0,
2026-08-26,669364,Xavier Edwards,Sonny Gray,BOS@MIA,MIA,4.0,2B,L,1.42,2.74,0.977,1.0,0.936,5.1,8.17,6.4,1500.0,,,1.77,1.92,,0,-1.0
2026-08-26,665489,Vladimir Guerrero,Randy Dobnak,KC@TOR,TOR,2.0,1B,R,1.71,1.88,1.004,1.0,1.06,5.1,8.17,,,,,,,,0,
2026-08-26,679845,Nick Loftin,Spencer Miles,KC@TOR,KC,6.0,3B,R,2.1,2.0,1.004,1.0,0.9,5.1,8.17,8.6,1000.0,,,-0.43,-0.92,,0,-1.0
2026-08-26,665926,Andrés Giménez,Randy Dobnak,KC@TOR,TOR,9.0,SS,L,2.13,1.88,1.004,1.0,1.06,5.0,8.11,8.6,1000.0,,,-0.49,-0.98,,0,-1.0
2026-08-26,682668,Luisangel Acuña,Mackenzie Gore,TEX@CWS,CWS,9.0,SS,R,1.42,2.93,1.004,1.015,0.957,4.7,7.95,7.3,1200.0,,,0.65,0.26,,0,-1.0
2026-08-26,683083,Nasim Nuñez,Tanner Gordon,COL@WSH,WSH,8.0,SS,R,0.83,4.21,0.995,1.031,1.055,4.6,7.9,7.9,1300.0,,,0.0,0.76,,0,-1.0
2026-08-27,670541,Yordan Álvarez,Gerrit Cole,HOU@NYY,HOU,2.0,DH,L,5.7,3.14,1.024,1.02,0.9,21.0,16.69,27.2,240.0,227.0,,-10.51,-12.72,1.17,0,-1.0
2026-08-27,700250,Ben Rice,Hayden Wesneski,HOU@NYY,NYY,2.0,DH,L,5.83,2.48,1.011,1.02,0.972,20.2,16.26,24.6,275.0,264.0,,-8.34,-10.41,0.8,0,-1.0
2026-08-27,621566,Matt Olson,Yoshinobu Yamamoto,LAD@ATL,ATL,3.0,1B,L,5.81,2.67,1.009,1.0,0.9,19.2,15.73,18.0,450.0,403.0,,-2.27,-2.45,1.7,0,-1.0
2026-08-27,671277,Luis García,Hayden Wesneski,HOU@NYY,NYY,3.0,1B,L,5.52,2.48,1.024,1.02,0.972,19.1,15.67,,,,,,,,0,
2026-08-27,695506,Jac Caglianone,Spencer Arrighetti,KC@TOR,KC,3.0,RF,L,4.32,3.18,1.004,1.0,1.096,19.1,15.67,19.7,400.0,359.0,,-4.03,-4.33,1.79,1,4.0
2026-08-27,624413,Pete Alonso,Gordon Graceffo,BAL@STL,BAL,2.0,DH,R,5.11,2.37,0.995,0.983,1.091,18.2,15.19,,,,,,,,0,
2026-08-27,650489,Willi Castro,Jake Irvin,COL@WSH,COL,3.0,3B,R,3.21,3.79,0.995,1.025,1.12,18.0,15.08,,,,,,,,0,
2026-08-27,664983,Jake Mccarthy,Jake Irvin,COL@WSH,COL,1.0,DH,L,2.84,3.79,0.998,1.025,1.12,17.8,14.98,,,,,,,,0,
2026-08-27,694192,Jackson Chourio,Sean Manaea,MIL@NYM,MIL,1.0,LF,R,3.66,3.58,0.991,1.022,1.066,17.7,14.92,19.3,400.0,361.0,,-4.38,-5.08,1.69,1,4.0
2026-08-27,682928,Cj Abrams,Gabriel Hughes,COL@WSH,WSH,1.0,DH,L,4.88,2.55,1.0,1.025,0.917,17.0,14.55,,,,,,,,0,
2026-08-27,695600,Carter Jensen,Spencer Arrighetti,KC@TOR,KC,1.0,C,L,3.37,3.18,1.004,1.0,1.096,16.7,14.39,17.9,440.0,410.0,,-3.51,-4.13,1.09,1,4.4
2026-08-27,596142,Gary Sánchez,Sean Manaea,MIL@NYM,MIL,5.0,C,R,3.85,3.58,0.991,1.022,1.066,16.4,14.23,17.9,425.0,397.0,,-3.67,-4.82,1.07,0,-1.0
2026-08-27,664954,Brett Sullivan,Jake Irvin,COL@WSH,COL,7.0,C,L,3.36,3.79,1.0,1.025,1.12,16.0,14.01,,,,,,,,0,
2026-08-27,694249,Cole Carrigg,Jake Irvin,COL@WSH,COL,2.0,CF,L,2.57,3.79,1.0,1.025,1.12,15.9,13.96,,,,,,,,0,
2026-08-27,694212,Samuel Basallo,Gordon Graceffo,BAL@STL,BAL,4.0,C,L,4.52,2.37,0.998,0.983,1.091,15.8,13.9,,,,,,,,0,
2026-08-27,665161,Jeremy Peña,Gerrit Cole,HOU@NYY,HOU,1.0,SS,R,3.89,3.14,0.998,1.02,0.9,15.7,13.85,15.0,525.0,518.0,,-1.15,-2.15,0.18,1,5.25
2026-08-27,691023,Jordan Walker,Trevor Rogers,BAL@STL,STL,3.0,RF,R,4.53,2.62,0.998,0.983,0.964,15.6,13.8,,,,,,,,0,
2026-08-27,681198,Tj Rumfield,Jake Irvin,COL@WSH,COL,4.0,1B,L,2.59,3.79,1.0,1.025,1.12,15.6,13.8,,,,,,,,0,
2026-08-27,677951,Bobby Witt,Spencer Arrighetti,KC@TOR,KC,2.0,SS,R,3.13,3.18,1.009,1.0,1.096,15.5,13.74,,,,,,,,0,
2026-08-27,687952,Christian Encarnacion-Strand,Gordon Graceffo,BAL@STL,BAL,5.0,3B,R,4.54,2.37,0.998,0.983,1.091,15.3,13.64,,,,,,,,0,
2026-08-27,665953,Andrés Chaparro,Gabriel Hughes,COL@WSH,WSH,3.0,1B,R,4.61,2.55,0.992,1.025,0.917,15.3,13.64,,,,,,,,0,
2026-08-27,672960,Kazuma Okamoto,Noah Cameron,KC@TOR,TOR,5.0,3B,R,4.58,2.47,1.004,1.0,0.993,15.1,13.53,18.8,410.0,376.0,,-5.27,-6.08,1.4,0,-1.0
2026-08-27,521692,Salvador Pérez,Spencer Arrighetti,KC@TOR,KC,5.0,DH,R,3.22,3.18,1.009,1.0,1.096,14.9,13.42,16.4,480.0,456.0,,-2.98,-3.82,0.75,0,-1.0
2026-08-27,572233,Christian Walker,Gerrit Cole,HOU@NYY,HOU,6.0,1B,R,4.12,3.14,0.998,1.02,0.9,14.5,13.21,17.1,450.0,423.0,,-3.89,-4.97,0.94,1,4.5
2026-08-27,686948,Drake Baldwin,Yoshinobu Yamamoto,LAD@ATL,ATL,1.0,C,L,4.06,2.67,1.0,1.0,0.9,14.3,13.1,15.0,540.0,526.0,,-1.9,-2.52,0.35,1,5.4
2026-08-27,663757,Trent Grisham,Hayden Wesneski,HOU@NYY,NYY,1.0,CF,L,3.81,2.48,1.011,1.02,0.972,14.0,12.94,23.2,300.0,290.0,,-10.26,-12.06,0.64,0,-1.0
2026-08-27,681393,Connor Norby,Jake Irvin,COL@WSH,COL,5.0,2B,R,2.39,3.79,0.998,1.025,1.12,13.9,12.89,,,,,,,,0,
2026-08-27,691723,Coby Mayo,Gordon Graceffo,BAL@STL,BAL,7.0,1B,R,4.44,2.37,0.998,0.983,1.091,13.8,12.83,,,,,,,,1,
2026-08-27,670231,John Rave,Spencer Arrighetti,KC@TOR,KC,7.0,LF,L,3.27,3.18,1.004,1.0,1.096,13.8,12.83,11.7,800.0,709.0,,1.13,1.72,1.25,0,-1.0
2026-08-27,673357,Luis Robert,Jacob Misiorowski,MIL@NYM,NYM,4.0,LF,R,4.19,2.5,0.991,1.022,0.9,13.4,12.62,,,,,,,,0,
2026-08-27,661388,William Contreras,Sean Manaea,MIL@NYM,MIL,3.0,DH,R,2.4,3.58,0.991,1.022,1.066,13.0,12.4,18.4,450.0,404.0,,-6.0,-5.78,1.66,0,-1.0
2026-08-27,670623,Isaac Paredes,Gerrit Cole,HOU@NYY,HOU,3.0,3B,R,3.14,3.14,1.0,1.02,0.9,12.7,12.24,14.8,550.0,504.0,,-2.56,-3.14,1.18,0,-1.0
2026-08-27,671739,Michael Harris,Yoshinobu Yamamoto,LAD@ATL,ATL,5.0,CF,L,3.88,2.67,1.009,1.0,0.9,12.7,12.24,,,,,,,,0,
2026-08-27,676475,Alec Burleson,Trevor Rogers,BAL@STL,STL,4.0,1B,L,3.62,2.62,1.0,0.983,0.964,12.6,12.19,,,,,,,,0,
2026-08-27,673237,Yainer Diaz,Gerrit Cole,HOU@NYY,HOU,7.0,C,R,3.56,3.14,1.011,1.02,0.9,12.5,12.13,12.5,700.0,660.0,,-0.37,-0.37,0.66,0,-1.0
2026-08-27,514888,José Altuve,Gerrit Cole,HOU@NYY,HOU,4.0,2B,R,3.07,3.14,0.998,1.02,0.9,12.4,12.08,13.3,625.0,625.0,,-1.22,-1.71,0.0,0,-1.0
2026-08-27,596019,Francisco Lindor,Jacob Misiorowski,MIL@NYM,NYM,2.0,SS,L,3.7,2.5,1.0,1.022,0.9,12.3,12.03,15.6,500.0,473.0,,-3.57,-4.64,0.78,0,-1.0
2026-08-27,678662,Ezequiel Tovar,Jake Irvin,COL@WSH,COL,9.0,SS,R,2.45,3.79,0.995,1.025,1.12,12.0,11.87,,,,,,,,0,
2026-08-27,660271,Shohei Ohtani,Chris Sale,LAD@ATL,LAD,1.0,DH,L,4.91,1.81,1.009,1.0,0.9,12.0,11.87,18.3,450.0,394.0,,-6.43,-6.31,2.06,0,-1.0
2026-08-27,687401,Joey Ortiz,Sean Manaea,MIL@NYM,MIL,6.0,3B,R,2.36,3.58,0.991,1.022,1.066,11.9,11.81,10.4,850.0,827.0,,1.41,1.28,0.26,0,-1.0
2026-08-27,683002,Gunnar Henderson,Gordon Graceffo,BAL@STL,BAL,3.0,SS,L,3.29,2.37,0.995,0.983,1.091,11.8,11.76,,,,,,,,0,
2026-08-27,645277,Ozzie Albies,Yoshinobu Yamamoto,LAD@ATL,ATL,2.0,2B,R,3.43,2.67,0.991,1.0,0.9,11.8,11.76,12.1,750.0,684.0,,-0.34,0.0,1.0,0,-1.0
2026-08-27,683734,Andrew Vaughn,Sean Manaea,MIL@NYM,MIL,4.0,1B,R,2.13,3.58,0.991,1.022,1.066,11.6,11.65,15.7,500.0,456.0,,-4.05,-5.02,1.32,0,-1.0
2026-08-27,686469,Vinnie Pasquantino,Spencer Arrighetti,KC@TOR,KC,4.0,1B,L,2.34,3.18,1.004,1.0,1.096,11.5,11.6,15.6,525.0,480.0,,-4.0,-4.4,1.24,1,5.25
2026-08-27,682987,Spencer Jones,Hayden Wesneski,HOU@NYY,NYY,6.0,RF,L,3.46,2.48,1.0,1.02,0.972,11.2,11.44,18.5,425.0,374.0,,-7.06,-7.61,2.05,0,-1.0
2026-08-27,665862,Jazz Chisholm,Hayden Wesneski,HOU@NYY,NYY,7.0,2B,L,3.6,2.48,1.011,1.02,0.972,11.2,11.44,,,,,,,,0,
2026-08-27,701358,Cam Smith,Gerrit Cole,HOU@NYY,HOU,9.0,RF,R,3.48,3.14,0.998,1.02,0.9,11.1,11.38,14.3,575.0,547.0,,-2.92,-3.43,0.65,0,-1.0
2026-08-27,681297,Colton Cowser,Gordon Graceffo,BAL@STL,BAL,8.0,CF,L,3.58,2.37,0.995,0.983,1.091,10.9,11.28,,,,,,,,0,
2026-08-27,666211,Taylor Trammell,Gerrit Cole,HOU@NYY,HOU,8.0,LF,L,3.15,3.14,1.011,1.02,0.9,10.9,11.28,15.6,575.0,529.0,,-4.32,-3.53,1.09,0,-1.0
2026-08-27,672386,Alejandro Kirk,Noah Cameron,KC@TOR,TOR,3.0,C,R,3.07,2.47,1.004,1.0,0.993,10.8,11.22,13.3,700.0,673.0,,-2.08,-1.28,0.44,0,-1.0
2026-08-27,691781,Brady House,Gabriel Hughes,COL@WSH,WSH,5.0,3B,R,3.25,2.55,0.995,1.025,0.917,10.5,11.06,,,,,,,,0,
2026-08-27,664728,Kyle Isbel,Spencer Arrighetti,KC@TOR,KC,9.0,CF,L,2.62,3.18,1.004,1.0,1.096,10.5,11.06,8.6,1100.0,991.0,,2.46,2.73,0.84,0,-1.0
2026-08-27,686611,Dylan Crews,Gabriel Hughes,COL@WSH,WSH,2.0,RF,R,3.0,2.55,0.995,1.025,0.917,10.4,11.01,,,,,,,,0,
2026-08-27,695734,Daylen Lile,Gabriel Hughes,COL@WSH,WSH,4.0,LF,L,3.07,2.55,0.991,1.025,0.917,10.3,10.95,,,,,,,,1,
2026-08-27,543807,George Springer,Noah Cameron,KC@TOR,TOR,4.0,DH,R,2.87,2.47,1.009,1.0,0.993,10.1,10.85,15.0,600.0,544.0,,-4.15,-3.44,1.24,1,6.0
2026-08-27,701807,Carson Benge,Jacob Misiorowski,MIL@NYM,NYM,3.0,RF,L,3.04,2.5,1.0,1.022,0.9,10.0,10.79,11.7,800.0,721.0,,-0.91,-0.32,1.07,0,-1.0
2026-08-27,641355,Cody Bellinger,Hayden Wesneski,HOU@NYY,NYY,4.0,LF,L,2.77,2.48,1.011,1.02,0.972,9.8,10.69,17.1,450.0,418.0,,-6.41,-7.49,1.13,0,-1.0
2026-08-27,657041,Lane Thomas,Yoshinobu Yamamoto,LAD@ATL,ATL,6.0,DH,R,3.04,2.67,1.009,1.0,0.9,9.7,10.63,10.4,900.0,842.0,,0.23,0.63,0.62,0,-1.0
2026-08-27,668942,Josh Rojas,Spencer Arrighetti,KC@TOR,KC,8.0,3B,L,2.31,3.18,1.0,1.0,1.096,9.7,10.63,9.0,1400.0,1124.0,,1.63,3.96,1.5,0,-1.0
2026-08-27,662139,Daulton Varsho,Gerrit Cole,HOU@NYY,HOU,5.0,CF,L,2.41,3.14,1.011,1.02,0.9,9.6,10.58,16.4,475.0,446.0,,-5.82,-6.81,0.93,0,-1.0
2026-08-27,543760,Marcus Semien,Jacob Misiorowski,MIL@NYM,NYM,6.0,2B,R,3.13,2.5,0.991,1.022,0.9,9.4,10.47,10.4,800.0,803.0,,0.07,-0.64,-0.04,0,-1.0
2026-08-27,682626,Francisco Álvarez,Jacob Misiorowski,MIL@NYM,NYM,9.0,C,R,3.58,2.5,0.99,1.022,0.9,9.3,10.42,13.1,650.0,638.0,,-2.68,-2.91,0.22,0,-1.0
2026-08-27,676724,Jared Young,Jacob Misiorowski,MIL@NYM,NYM,5.0,1B,L,2.96,2.5,1.0,1.022,0.9,9.3,10.42,12.5,750.0,674.0,,-2.08,-1.34,1.16,0,-1.0
2026-08-27,702616,Jackson Holliday,Gordon Graceffo,BAL@STL,BAL,1.0,2B,L,2.37,2.37,0.995,0.983,1.091,9.0,10.26,,,,,,,,0,
2026-08-27,671056,Iván Herrera,Trevor Rogers,BAL@STL,STL,2.0,DH,R,2.47,2.62,0.998,0.983,0.964,9.0,10.26,,,,,,,,0,
2026-08-27,676609,José Caballero,Hayden Wesneski,HOU@NYY,NYY,9.0,3B,R,3.12,2.48,0.998,1.02,0.972,8.8,10.15,10.4,900.0,813.0,,-0.25,0.15,0.95,0,-1.0
2026-08-27,660688,Keibert Ruiz,Gabriel Hughes,COL@WSH,WSH,6.0,C,L,2.76,2.55,1.0,1.025,0.917,8.7,10.1,,,,,,,,1,
2026-08-27,665877,José Fermín,Trevor Rogers,BAL@STL,STL,1.0,SS,R,2.33,2.62,0.998,0.983,0.964,8.7,10.1,,,,,,,,0,
2026-08-27,605141,Mookie Betts,Chris Sale,LAD@ATL,LAD,3.0,SS,R,3.74,1.81,0.99,1.0,0.9,8.6,10.04,14.1,625.0,584.0,,-4.06,-3.75,0.83,0,-1.0
2026-08-27,687637,Dylan Beavers,Gordon Graceffo,BAL@STL,BAL,6.0,LF,L,2.55,2.37,1.0,0.983,1.091,8.6,10.04,,,,,,,,0,
2026-08-27,682998,Corbin Carroll,Landen Roupp,AZ@SF,AZ,2.0,RF,L,3.17,2.0,0.958,0.997,0.953,8.5,9.99,15.0,525.0,484.0,,-5.01,-6.01,1.12,0,-1.0
2026-08-27,573262,Mike Yastrzemski,Yoshinobu Yamamoto,LAD@ATL,ATL,7.0,RF,L,2.79,2.67,1.0,1.0,0.9,8.4,9.94,11.8,850.0,697.0,,-1.86,-0.59,2.02,0,-1.0
2026-08-27,663586,Austin Riley,Yoshinobu Yamamoto,LAD@ATL,ATL,8.0,3B,R,2.87,2.67,1.004,1.0,0.9,8.4,9.94,14.7,550.0,513.0,,-4.76,-5.44,0.93,0,-1.0
2026-08-27,701675,Nathan Church,Trevor Rogers,BAL@STL,STL,8.0,CF,L,2.79,2.62,1.0,0.983,0.964,8.4,9.94,,,,,,,,0,
2026-08-27,669224,Austin Wells,Hayden Wesneski,HOU@NYY,NYY,8.0,C,L,2.73,2.48,1.011,1.02,0.972,8.2,9.83,15.6,500.0,474.0,,-5.77,-6.84,0.75,0,-1.0
2026-08-27,696285,Jacob Young,Gabriel Hughes,COL@WSH,WSH,7.0,CF,R,2.6,2.55,0.995,1.025,0.917,7.8,9.61,,,,,,,,0,
2026-08-27,664770,Nathan Lukes,Noah Cameron,KC@TOR,TOR,9.0,RF,L,2.68,2.47,1.009,1.0,0.993,7.6,9.51,8.7,1100.0,997.0,,0.81,1.18,0.79,0,-1.0
2026-08-27,643289,Mauricio Dubón,Yoshinobu Yamamoto,LAD@ATL,ATL,4.0,LF,R,2.17,2.67,1.009,1.0,0.9,7.5,9.45,7.5,1400.0,1161.0,,1.95,2.78,1.26,0,-1.0
2026-08-27,694374,Tim Tawa,Landen Roupp,AZ@SF,AZ,7.0,1B,R,3.16,2.0,0.984,0.997,0.953,7.5,9.45,9.4,950.0,879.0,,0.05,-0.07,0.69,0,-1.0
2026-08-27,805999,A. J. Ewing,Jacob Misiorowski,MIL@NYM,NYM,1.0,CF,L,2.13,2.5,1.0,1.022,0.9,7.4,9.4,,,,,,,,0,
2026-08-27,686780,Pedro Pagés,Trevor Rogers,BAL@STL,STL,9.0,C,R,2.43,2.62,0.998,0.983,0.964,7.0,9.19,,,,,,,,0,
2026-08-27,672515,Gabriel Moreno,Landen Roupp,AZ@SF,AZ,3.0,C,R,2.45,2.0,1.0,0.997,0.953,6.7,9.02,8.9,1100.0,973.0,,0.12,0.69,0.99,1,11.0
2026-08-27,606192,Teoscar Hernández,Chris Sale,LAD@ATL,LAD,5.0,LF,R,2.96,1.81,0.991,1.0,0.9,6.6,8.97,14.8,550.0,524.0,,-5.83,-6.41,0.65,0,-1.0
2026-08-27,518692,Freddie Freeman,Chris Sale,LAD@ATL,LAD,4.0,1B,L,2.76,1.81,1.009,1.0,0.9,6.5,8.92,9.9,1000.0,876.0,,-0.98,-0.17,1.16,0,-1.0
2026-08-27,665750,Leody Taveras,Gordon Graceffo,BAL@STL,BAL,9.0,RF,L,2.19,2.37,1.0,0.983,1.091,6.4,8.86,,,,,,,,0,
2026-08-27,683146,Brett Baty,Jacob Misiorowski,MIL@NYM,NYM,7.0,3B,L,2.22,2.5,0.99,1.022,0.9,6.4,8.86,10.4,850.0,785.0,,-1.54,-1.67,0.77,0,-1.0
2026-08-27,669242,Tommy Edman,Chris Sale,LAD@ATL,LAD,2.0,CF,L,2.59,1.81,1.0,1.0,0.9,6.3,8.81,12.4,700.0,671.0,,-3.59,-3.69,0.47,0,-1.0
2026-08-27,663457,Lars Nootbaar,Landen Roupp,AZ@SF,AZ,1.0,DH,L,2.11,2.0,1.015,0.997,0.953,6.2,8.76,12.2,950.0,734.0,,-3.44,-0.76,2.47,0,-1.0
2026-08-27,596146,Max Kepler,Landen Roupp,AZ@SF,AZ,5.0,LF,L,2.24,2.0,1.0,0.997,0.953,5.9,8.6,10.4,850.0,751.0,,-1.8,-1.93,1.22,0,-1.0
2026-08-27,545121,Ildemaro Vargas,Landen Roupp,AZ@SF,AZ,8.0,2B,L,2.36,2.0,1.0,0.997,0.953,5.5,8.38,6.4,1500.0,1270.0,,1.98,2.13,1.05,0,-1.0
2026-08-27,500743,Miguel Rojas,Chris Sale,LAD@ATL,LAD,6.0,2B,R,2.08,1.81,0.991,1.0,0.9,4.5,7.84,8.9,1100.0,995.0,,-1.06,-0.49,0.8,0,-1.0
2026-08-28,700250,Ben Rice,Patrick Sandoval,BOS@NYY,NYY,2.0,DH,L,5.79,2.85,1.011,1.005,1.074,24.6,18.62,,,,,,,,0,
2026-08-28,656941,Kyle Schwarber,Reid Detmers,PHI@LAA,PHI,1.0,DH,L,6.29,2.86,1.006,1.047,0.9,24.0,18.3,26.7,275.0,246.0,,-8.4,-8.37,2.23,0,-1.0
2026-08-28,691718,Pete Crow-Armstrong,Rhett Lowder,CIN@CHC,CHC,1.0,CF,L,5.11,3.11,1.0,1.017,1.098,23.4,17.98,,,,,,,,0,
2026-08-28,696100,Hunter Goodman,Grant Holmes,COL@ATL,COL,3.0,C,R,6.69,3.47,0.991,1.027,1.07,21.0,16.69,,,,,,,,0,
2026-08-28,670541,Yordan Álvarez,Christian Scott,HOU@NYM,HOU,2.0,DH,L,5.66,2.69,0.992,1.007,0.979,20.7,16.53,,,,,,,,0,
2026-08-28,645277,Ozzie Albies,Tomoyuki Sugano,COL@ATL,ATL,2.0,2B,R,3.42,4.58,0.991,1.027,1.12,19.8,16.05,,,,,,,,0,
2026-08-28,660670,Ronald Acuña,Tomoyuki Sugano,COL@ATL,ATL,4.0,RF,R,3.49,4.58,1.0,1.027,1.12,19.2,15.73,,,,,,,,0,
2026-08-28,502671,Paul Goldschmidt,Patrick Sandoval,BOS@NYY,NYY,1.0,1B,R,4.32,2.85,1.0,1.005,1.074,19.2,15.73,,,,,,,,1,
2026-08-28,673548,Seiya Suzuki,Rhett Lowder,CIN@CHC,CHC,2.0,RF,R,4.06,3.11,1.0,1.017,1.098,19.1,15.67,,,,,,,,0,
2026-08-28,643217,Andrew Benintendi,Dean Kremer,CWS@MIN,CWS,4.0,DH,L,3.24,4.75,0.991,1.019,1.013,18.7,15.46,17.0,475.0,446.0,,-1.54,-1.93,0.93,0,-1.0
2026-08-28,687263,Zach Neto,Andrew Painter,PHI@LAA,LAA,1.0,SS,R,3.66,3.84,1.0,1.047,1.068,18.5,15.35,17.1,450.0,417.0,,-1.75,-2.83,1.16,0,-1.0
2026-08-28,666160,Mickey Moniak,Grant Holmes,COL@ATL,COL,6.0,DH,L,5.15,3.47,1.009,1.027,1.07,18.1,15.14,,,,,,,,0,
2026-08-28,545361,Mike Trout,Andrew Painter,PHI@LAA,LAA,2.0,CF,R,3.72,3.84,1.0,1.047,1.068,18.0,15.08,20.0,400.0,347.0,,-4.92,-4.92,2.37,0,-1.0
2026-08-28,573262,Mike Yastrzemski,Tomoyuki Sugano,COL@ATL,ATL,7.0,LF,L,2.78,4.58,1.0,1.027,1.12,17.7,14.92,,,,,,,,0,
2026-08-28,680869,Zack Gelof,Brandon Young,BAL@ATH,ATH,3.0,3B,R,4.04,3.02,1.006,1.024,1.022,17.7,14.92,17.1,450.0,400.0,,-2.18,-3.26,1.82,0,-1.0
2026-08-28,691406,Junior Caminero,Casey Mize,SD@TB,TB,3.0,3B,R,5.49,2.53,1.0,1.0,0.919,17.6,14.87,,,,,,,,0,
2026-08-28,686797,Brooks Lee,Luis Castillo,CWS@MIN,MIN,2.0,3B,R,3.88,3.78,0.99,1.019,1.078,17.5,14.82,15.6,525.0,499.0,,-0.78,-1.18,0.69,1,5.25
2026-08-28,686948,Drake Baldwin,Tomoyuki Sugano,COL@ATL,ATL,1.0,DH,L,4.19,4.58,1.0,1.027,1.12,17.4,14.76,,,,,,,,0,
2026-08-28,665019,Kody Clemens,Luis Castillo,CWS@MIN,MIN,4.0,2B,L,4.16,3.78,1.009,1.019,1.078,17.4,14.76,20.5,375.0,333.0,,-5.74,-6.29,2.04,1,3.75
2026-08-28,682928,Cj Abrams,Eury Pérez,MIA@WSH,WSH,1.0,SS,L,4.84,2.63,1.0,1.0,0.943,17.4,14.76,,,,,,,,0,
2026-08-28,664023,Ian Happ,Rhett Lowder,CIN@CHC,CHC,5.0,LF,R,3.99,3.11,0.978,1.017,1.098,17.3,14.71,,,,,,,,0,
2026-08-28,680777,Ryan Jeffers,Luis Castillo,CWS@MIN,MIN,3.0,C,R,3.39,3.78,0.99,1.019,1.078,17.2,14.65,15.6,550.0,511.0,,-0.95,-0.73,0.99,0,-1.0
2026-08-28,671739,Michael Harris,Tomoyuki Sugano,COL@ATL,ATL,5.0,CF,L,3.87,4.58,1.009,1.027,1.12,17.2,14.65,,,,,,,,1,
2026-08-28,671976,Tristan Peters,Dean Kremer,CWS@MIN,CWS,8.0,CF,L,3.01,4.75,1.0,1.019,1.013,17.2,14.65,10.4,850.0,760.0,,4.25,4.12,1.1,0,-1.0
2026-08-28,624413,Pete Alonso,Jacob Lopez,BAL@ATH,BAL,2.0,DH,R,5.08,3.43,1.009,1.024,0.905,17.2,14.65,28.2,240.0,215.0,,-13.55,-14.76,2.34,0,-1.0
2026-08-28,695600,Carter Jensen,Tanner Bibee,KC@CLE,KC,1.0,C,L,3.5,3.88,1.006,0.998,1.015,17.1,14.6,,,,,,,,1,
2026-08-28,677951,Bobby Witt,Tanner Bibee,KC@CLE,KC,2.0,SS,R,3.1,3.88,1.015,0.998,1.015,17.0,14.55,,,,,,,,0,
2026-08-28,660271,Shohei Ohtani,Drew Anderson,LAD@DET,LAD,1.0,DH,L,4.88,3.51,0.999,1.002,0.932,16.8,14.44,,,,,,,,0,
2026-08-28,605137,Josh Bell,Luis Castillo,CWS@MIN,MIN,5.0,DH,L,3.21,3.78,1.009,1.019,1.078,16.8,14.44,16.4,475.0,436.0,,-1.96,-2.95,1.27,0,-1.0
2026-08-28,547180,Bryce Harper,Reid Detmers,PHI@LAA,PHI,3.0,RF,L,4.43,2.86,1.006,1.047,0.9,16.6,14.33,16.4,480.0,458.0,,-2.07,-2.91,0.68,0,-1.0
2026-08-28,592626,Joc Pederson,Logan Henderson,TEX@MIL,TEX,1.0,DH,L,5.15,3.5,1.0,1.0,0.9,16.6,14.33,20.8,350.0,317.0,,-6.47,-7.89,1.76,0,-1.0
2026-08-28,521692,Salvador Pérez,Tanner Bibee,KC@CLE,KC,4.0,DH,R,3.2,3.88,1.015,0.998,1.015,16.5,14.28,,,,,,,,0,
2026-08-28,624424,Michael Conforto,Rhett Lowder,CIN@CHC,CHC,8.0,DH,L,4.33,3.11,0.978,1.017,1.098,16.5,14.28,,,,,,,,0,
2026-08-28,672960,Kazuma Okamoto,Emerson Hancock,SEA@TOR,TOR,6.0,3B,R,4.55,3.25,1.004,1.0,0.966,16.1,14.06,,,,,,,,1,
2026-08-28,701398,Sal Stewart,David Peterson,CIN@CHC,CIN,3.0,1B,R,4.51,2.42,0.978,1.017,1.072,16.1,14.06,,,,,,,,1,
2026-08-28,571970,Max Muncy,Drew Anderson,LAD@DET,LAD,4.0,3B,L,5.08,3.51,0.983,1.002,0.932,16.0,14.01,,,,,,,,0,
2026-08-28,691723,Coby Mayo,Jacob Lopez,BAL@ATH,BAL,4.0,1B,R,4.61,3.43,1.006,1.024,0.905,16.0,14.01,23.2,300.0,277.0,,-9.19,-10.99,1.53,0,-1.0
2026-08-28,695506,Jac Caglianone,Tanner Bibee,KC@CLE,KC,3.0,RF,L,4.45,3.88,1.006,0.998,1.015,15.9,13.96,,,,,,,,0,
2026-08-28,668904,Royce Lewis,Luis Castillo,CWS@MIN,MIN,6.0,1B,R,3.17,3.78,0.99,1.019,1.078,15.9,13.96,17.1,500.0,446.0,,-3.14,-2.71,1.65,0,-1.0
2026-08-28,666139,Josh Lowe,Andrew Painter,PHI@LAA,LAA,7.0,RF,L,3.43,3.84,1.006,1.047,1.068,15.8,13.9,14.3,550.0,528.0,,-0.4,-1.48,0.54,0,-1.0
2026-08-28,687093,Vaughn Grissom,Andrew Painter,PHI@LAA,LAA,4.0,1B,R,2.66,3.84,1.0,1.047,1.068,15.8,13.9,10.4,800.0,762.0,,3.5,2.79,0.49,0,-1.0
2026-08-28,664983,Jake Mccarthy,Grant Holmes,COL@ATL,COL,1.0,LF,L,2.81,3.47,1.009,1.027,1.07,15.8,13.9,,,,,,,,0,
2026-08-28,663757,Trent Grisham,Patrick Sandoval,BOS@NYY,NYY,5.0,CF,L,3.78,2.85,1.011,1.005,1.074,15.7,13.85,,,,,,,,0,
2026-08-28,673357,Luis Robert,Hunter Brown,HOU@NYM,NYM,5.0,LF,R,4.14,3.11,0.991,1.007,0.957,15.7,13.85,,,,,,,,0,
2026-08-28,691023,Jordan Walker,Jared Jones,PIT@STL,STL,4.0,RF,R,4.5,3.53,0.998,1.003,0.943,15.7,13.85,15.5,525.0,468.0,,-1.65,-2.15,1.61,0,-1.0
2026-08-28,665161,Jeremy Peña,Christian Scott,HOU@NYM,HOU,1.0,SS,R,4.06,2.69,0.991,1.007,0.979,15.6,13.8,,,,,,,,0,
2026-08-28,650489,Willi Castro,Grant Holmes,COL@ATL,COL,5.0,3B,R,3.18,3.47,0.991,1.027,1.07,15.5,13.74,,,,,,,,0,
2026-08-28,666176,Jo Adell,Michael Wacha,KC@CLE,CLE,4.0,RF,R,3.56,3.28,1.015,0.998,0.994,15.4,13.69,,,,,,,,0,
2026-08-28,596019,Francisco Lindor,Hunter Brown,HOU@NYM,NYM,2.0,SS,L,3.66,3.11,1.0,1.007,0.957,15.3,13.64,,,,,,,,0,
2026-08-28,663993,Nathaniel Lowe,Michael Wacha,KC@CLE,CLE,5.0,1B,L,3.74,3.28,1.011,0.998,0.994,15.2,13.58,,,,,,,,0,
2026-08-28,687952,Christian Encarnacion-Strand,Jacob Lopez,BAL@ATH,BAL,5.0,3B,R,4.47,3.43,1.006,1.024,0.905,15.2,13.58,22.3,350.0,303.0,,-8.72,-8.64,2.59,0,-1.0
2026-08-28,693307,Dillon Dingler,Tarik Skubal,LAD@DET,DET,4.0,C,R,4.63,2.65,0.979,1.002,0.9,15.0,13.48,,,,,,,,0,
2026-08-28,676475,Alec Burleson,Jared Jones,PIT@STL,STL,3.0,1B,L,3.6,3.53,1.0,1.003,0.943,14.9,13.42,15.6,540.0,495.0,,-2.18,-2.2,1.19,0,-1.0
2026-08-28,643289,Mauricio Dubón,Tomoyuki Sugano,COL@ATL,ATL,6.0,3B,R,2.16,4.58,1.009,1.027,1.12,14.8,13.37,,,,,,,,0,
2026-08-28,608324,Alex Bregman,Rhett Lowder,CIN@CHC,CHC,4.0,3B,R,3.14,3.11,0.976,1.017,1.098,14.7,13.31,,,,,,,,0,
2026-08-28,553993,Eugenio Suárez,David Peterson,CIN@CHC,CIN,5.0,3B,R,4.27,2.42,0.978,1.017,1.072,14.7,13.31,,,,,,,,0,
2026-08-28,691011,Drew Romo,Dean Kremer,CWS@MIN,CWS,9.0,C,L,3.44,4.75,1.0,1.019,1.013,14.6,13.26,10.4,900.0,839.0,,2.86,3.26,0.65,0,-1.0
2026-08-28,803011,Sam Antonacci,Dean Kremer,CWS@MIN,CWS,1.0,LF,L,2.03,4.75,1.0,1.019,1.013,14.6,13.26,9.4,950.0,869.0,,3.86,3.74,0.8,0,-1.0
2026-08-28,663616,Trevor Larnach,Luis Castillo,CWS@MIN,MIN,7.0,LF,L,2.86,3.78,1.0,1.019,1.078,14.6,13.26,15.0,600.0,530.0,,-1.74,-1.03,1.58,0,-1.0
2026-08-28,694671,Wyatt Langford,Logan Henderson,TEX@MIL,TEX,3.0,LF,R,3.94,3.5,1.0,1.0,0.9,14.6,13.26,16.4,480.0,470.0,,-3.14,-3.98,0.3,0,-1.0
2026-08-28,694208,Moisés Ballesteros,Andrew Painter,PHI@LAA,LAA,5.0,DH,L,2.54,3.84,1.0,1.047,1.068,14.6,13.26,14.3,550.0,518.0,,-1.04,-2.12,0.8,0,-1.0
2026-08-28,668709,Jj Bleday,David Peterson,CIN@CHC,CIN,6.0,LF,L,4.38,2.42,0.976,1.017,1.072,14.5,13.21,,,,,,,,0,
2026-08-28,608369,Corey Seager,Logan Henderson,TEX@MIL,TEX,2.0,SS,L,3.83,3.5,0.982,1.0,0.9,14.5,13.21,24.6,335.0,294.0,,-11.39,-9.78,2.39,0,-1.0
2026-08-28,695731,Braden Montgomery,Dean Kremer,CWS@MIN,CWS,5.0,RF,L,2.21,4.75,1.0,1.019,1.013,14.5,13.21,11.0,850.0,805.0,,2.21,2.68,0.52,0,-1.0
2026-08-28,802139,Jj Wetherholt,Jared Jones,PIT@STL,STL,1.0,SS,L,2.95,3.53,1.0,1.003,0.943,14.5,13.21,11.7,700.0,705.0,,1.51,0.71,-0.08,0,-1.0
2026-08-28,694203,Denzer Guzman,Andrew Painter,PHI@LAA,LAA,8.0,3B,R,2.86,3.84,1.0,1.047,1.068,14.5,13.21,10.4,800.0,801.0,,2.81,2.1,-0.01,0,-1.0
2026-08-28,605141,Mookie Betts,Drew Anderson,LAD@DET,LAD,3.0,SS,R,3.71,3.51,0.973,1.002,0.932,14.4,13.15,,,,,,,,0,
2026-08-28,572233,Christian Walker,Christian Scott,HOU@NYM,HOU,6.0,1B,R,4.25,2.69,0.991,1.007,0.979,14.4,13.15,,,,,,,,0,
2026-08-28,682829,Elly De La Cruz,David Peterson,CIN@CHC,CIN,2.0,SS,R,3.87,2.42,0.978,1.017,1.072,14.3,13.1,,,,,,,,0,
2026-08-28,805367,Chase Meidroth,Dean Kremer,CWS@MIN,CWS,7.0,2B,R,2.36,4.75,1.0,1.019,1.013,14.3,13.1,7.9,1100.0,1080.0,,5.2,4.77,0.14,0,-1.0
2026-08-28,575929,Willson Contreras,Cam Schlittler,BOS@NYY,BOS,4.0,1B,R,4.76,2.39,0.998,1.005,0.9,14.3,13.1,,,,,,,,0,
2026-08-28,694249,Cole Carrigg,Grant Holmes,COL@ATL,COL,2.0,CF,L,2.53,3.47,1.0,1.027,1.07,13.9,12.89,,,,,,,,0,
2026-08-28,665862,Jazz Chisholm,Patrick Sandoval,BOS@NYY,NYY,7.0,2B,L,3.59,2.85,1.011,1.005,1.074,13.8,12.83,,,,,,,,0,
2026-08-28,681198,Tj Rumfield,Grant Holmes,COL@ATL,COL,4.0,1B,L,2.57,3.47,1.0,1.027,1.07,13.7,12.78,,,,,,,,0,
2026-08-28,543807,George Springer,Emerson Hancock,SEA@TOR,TOR,4.0,DH,R,3.03,3.25,1.009,1.0,0.966,13.4,12.62,,,,,,,,1,
2026-08-28,683737,Michael Busch,Rhett Lowder,CIN@CHC,CHC,3.0,1B,L,2.75,3.11,1.0,1.017,1.098,13.4,12.62,,,,,,,,1,
2026-08-28,686469,Vinnie Pasquantino,Tanner Bibee,KC@CLE,KC,5.0,1B,L,2.52,3.88,1.006,0.998,1.015,13.4,12.62,,,,,,,,0,
2026-08-28,800050,Chase Delauter,Michael Wacha,KC@CLE,CLE,2.0,DH,L,2.83,3.28,1.0,0.998,0.994,13.3,12.56,,,,,,,,0,
2026-08-28,665953,Andrés Chaparro,Eury Pérez,MIA@WSH,WSH,8.0,DH,R,4.53,2.63,0.992,1.0,0.943,13.2,12.51,,,,,,,,0,
2026-08-28,678246,Miguel Vargas,Dean Kremer,CWS@MIN,CWS,3.0,3B,R,4.67,4.75,0.99,1.019,1.013,13.2,12.51,18.7,450.0,388.0,,-6.19,-5.67,2.31,0,-1.0
2026-08-28,669394,Jake Burger,Logan Henderson,TEX@MIL,TEX,7.0,1B,R,4.26,3.5,0.99,1.0,0.9,13.1,12.46,17.1,480.0,446.0,,-4.64,-4.78,1.08,0,-1.0
2026-08-28,518692,Freddie Freeman,Drew Anderson,LAD@DET,LAD,2.0,1B,L,2.74,3.51,0.999,1.002,0.932,13.0,12.4,,,,,,,,0,
2026-08-28,621566,Matt Olson,Tomoyuki Sugano,COL@ATL,ATL,3.0,1B,L,5.79,4.58,1.009,1.027,1.12,12.9,12.35,,,,,,,,0,
2026-08-28,641680,Jonah Heim,Brandon Young,BAL@ATH,ATH,8.0,C,L,3.4,3.02,1.009,1.024,1.022,12.9,12.35,15.0,525.0,481.0,,-2.65,-3.65,1.21,1,5.25
2026-08-28,671732,Lawrence Butler,Brandon Young,BAL@ATH,ATH,4.0,RF,L,2.89,3.02,1.0,1.024,1.022,12.8,12.3,17.9,475.0,409.0,,-5.6,-5.09,2.26,0,-1.0
2026-08-28,656537,Derek Hill,Reid Detmers,PHI@LAA,PHI,9.0,CF,R,4.15,2.86,1.004,1.047,0.9,12.7,12.24,11.7,750.0,725.0,,0.54,0.48,0.36,0,-1.0
2026-08-28,701807,Carson Benge,Hunter Brown,HOU@NYM,NYM,4.0,RF,L,3.02,3.11,1.0,1.007,0.957,12.7,12.24,,,,,,,,0,
2026-08-28,664034,Ty France,Shane Mcclanahan,SD@TB,SD,4.0,1B,R,4.21,2.11,1.0,1.0,0.997,12.4,12.08,,,,,,,,0,
2026-08-28,691777,Max Muncy,Brandon Young,BAL@ATH,ATH,6.0,DH,R,2.99,3.02,1.009,1.024,1.022,12.4,12.08,,,,,,,,0,
2026-08-28,677649,Ezequiel Duran,Logan Henderson,TEX@MIL,TEX,5.0,3B,R,2.92,3.5,0.99,1.0,0.9,12.3,12.03,11.5,800.0,744.0,,0.53,0.92,0.74,0,-1.0
2026-08-28,669357,Nolan Gorman,Jared Jones,PIT@STL,STL,8.0,3B,L,3.25,3.53,1.0,1.003,0.943,12.3,12.03,13.3,750.0,705.0,,-1.27,0.27,0.66,0,-1.0
2026-08-28,664770,Nathan Lukes,Emerson Hancock,SEA@TOR,TOR,2.0,RF,L,2.66,3.25,1.009,1.0,0.966,12.2,11.97,,,,,,,,1,
2026-08-28,660821,Jesús Sánchez,Emerson Hancock,SEA@TOR,TOR,5.0,LF,L,2.88,3.25,1.003,1.0,0.966,12.2,11.97,,,,,,,,0,
2026-08-28,695657,Colson Montgomery,Dean Kremer,CWS@MIN,CWS,6.0,SS,L,4.72,4.75,0.999,1.019,1.013,12.2,11.97,20.3,375.0,344.0,,-8.33,-9.08,1.47,1,3.75
2026-08-28,592518,Manny Machado,Shane Mcclanahan,SD@TB,SD,3.0,3B,R,4.06,2.11,1.0,1.0,0.997,12.1,11.92,,,,,,,,0,
2026-08-28,701675,Nathan Church,Jared Jones,PIT@STL,STL,6.0,CF,L,2.77,3.53,1.0,1.003,0.943,12.1,11.92,9.9,950.0,890.0,,2.02,2.4,0.58,0,-1.0
2026-08-28,641355,Cody Bellinger,Patrick Sandoval,BOS@NYY,NYY,3.0,LF,L,2.75,2.85,1.011,1.005,1.074,12.1,11.92,,,,,,,,0,
2026-08-28,671056,Iván Herrera,Jared Jones,PIT@STL,STL,2.0,DH,R,2.45,3.53,0.998,1.003,0.943,11.8,11.76,10.0,900.0,796.0,,1.76,1.76,1.16,0,-1.0
2026-08-28,670623,Isaac Paredes,Christian Scott,HOU@NYM,HOU,3.0,3B,R,3.12,2.69,1.0,1.007,0.979,11.7,11.71,,,,,,,,0,
2026-08-28,677800,Wilyer Abreu,Cam Schlittler,BOS@NYY,BOS,3.0,RF,L,3.71,2.39,1.024,1.005,0.9,11.6,11.65,,,,,,,,0,
2026-08-28,664728,Kyle Isbel,Tanner Bibee,KC@CLE,KC,9.0,CF,L,2.6,3.88,1.006,0.998,1.015,11.6,11.65,,,,,,,,0,
2026-08-28,607208,Trea Turner,Reid Detmers,PHI@LAA,PHI,2.0,SS,R,2.97,2.86,1.003,1.047,0.9,11.6,11.65,17.1,525.0,428.0,,-5.45,-4.35,2.94,0,-1.0
2026-08-28,543760,Marcus Semien,Hunter Brown,HOU@NYM,NYM,7.0,2B,R,3.11,3.11,0.991,1.007,0.957,11.5,11.6,,,,,,,,0,
2026-08-28,673237,Yainer Diaz,Christian Scott,HOU@NYM,HOU,7.0,C,R,3.52,2.69,0.99,1.007,0.979,11.5,11.6,,,,,,,,0,
2026-08-28,671218,Heliot Ramos,Patrick Sandoval,BOS@NYY,NYY,4.0,RF,R,2.61,2.85,1.014,1.005,1.074,11.5,11.6,,,,,,,,0,
2026-08-28,676724,Jared Young,Hunter Brown,HOU@NYM,NYM,6.0,1B,L,2.93,3.11,1.0,1.007,0.957,11.5,11.6,,,,,,,,0,
2026-08-28,663886,Tyler Stephenson,David Peterson,CIN@CHC,CIN,4.0,DH,R,3.14,2.42,0.978,1.017,1.072,11.4,11.54,,,,,,,,1,
2026-08-28,608070,José Ramírez,Michael Wacha,KC@CLE,CLE,3.0,3B,L,2.46,3.28,1.0,0.998,0.994,11.4,11.54,,,,,,,,0,
2026-08-28,669242,Tommy Edman,Drew Anderson,LAD@DET,LAD,5.0,2B,L,2.56,3.51,1.0,1.002,0.932,11.4,11.54,,,,,,,,0,
2026-08-28,650490,Yandy Díaz,Casey Mize,SD@TB,TB,1.0,DH,R,3.29,2.53,1.0,1.0,0.919,11.4,11.54,,,,,,,,1,
2026-08-28,676609,José Caballero,Patrick Sandoval,BOS@NYY,NYY,8.0,3B,R,3.1,2.85,0.998,1.005,1.074,11.4,11.54,,,,,,,,0,
2026-08-28,678218,Brandon Valenzuela,Emerson Hancock,SEA@TOR,TOR,9.0,C,L,3.25,3.25,1.0,1.0,0.966,11.3,11.49,,,,,,,,0,
2026-08-28,681393,Connor Norby,Grant Holmes,COL@ATL,COL,7.0,2B,R,2.36,3.47,1.009,1.027,1.07,11.3,11.49,,,,,,,,0,
2026-08-28,689414,Liam Hicks,Casey Mize,SD@TB,TB,4.0,C,L,3.45,2.53,1.0,1.0,0.919,11.3,11.49,,,,,,,,0,
2026-08-28,606192,Teoscar Hernández,Drew Anderson,LAD@DET,LAD,8.0,LF,R,2.94,3.51,0.979,1.002,0.932,11.3,11.49,,,,,,,,0,
2026-08-28,514888,José Altuve,Christian Scott,HOU@NYM,HOU,4.0,2B,R,3.04,2.69,0.991,1.007,0.979,11.3,11.49,,,,,,,,0,
2026-08-28,607043,Brandon Nimmo,Logan Henderson,TEX@MIL,TEX,4.0,RF,L,2.5,3.5,1.0,1.0,0.9,11.1,11.38,16.9,500.0,423.0,,-5.52,-5.29,2.45,0,-1.0
2026-08-28,695734,Daylen Lile,Eury Pérez,MIA@WSH,WSH,4.0,LF,L,3.19,2.63,0.991,1.0,0.943,11.1,11.38,,,,,,,,0,
2026-08-28,699625,Jimmy Crooks,Jared Jones,PIT@STL,STL,9.0,C,L,2.9,3.53,1.0,1.003,0.943,11.0,11.33,9.4,900.0,869.0,,1.93,1.33,0.32,1,9.0
2026-08-28,620443,Luis Torrens,Hunter Brown,HOU@NYM,NYM,9.0,C,R,3.24,3.11,0.991,1.007,0.957,10.9,11.28,,,,,,,,0,
2026-08-28,672275,Patrick Bailey,Michael Wacha,KC@CLE,CLE,7.0,C,L,2.66,3.28,1.008,0.998,0.994,10.9,11.28,,,,,,,,0,
2026-08-28,676369,Nelson Velázquez,Christian Scott,HOU@NYM,HOU,9.0,LF,R,3.62,2.69,1.0,1.007,0.979,10.9,11.28,,,,,,,,0,
2026-08-28,679529,Spencer Torkelson,Tarik Skubal,LAD@DET,DET,7.0,1B,R,3.72,2.65,0.979,1.002,0.9,10.8,11.22,,,,,,,,0,
2026-08-28,666182,Bo Bichette,Hunter Brown,HOU@NYM,NYM,3.0,3B,R,2.56,3.11,0.991,1.007,0.957,10.8,11.22,,,,,,,,0,
2026-08-28,679845,Nick Loftin,Tanner Bibee,KC@CLE,KC,6.0,2B,R,2.08,3.88,1.006,0.998,1.015,10.8,11.22,,,,,,,,0,
2026-08-28,666126,Carlos Cortes,Brandon Young,BAL@ATH,ATH,7.0,LF,L,2.69,3.02,1.009,1.024,1.022,10.7,11.17,13.3,700.0,613.0,,-2.13,-1.33,1.53,0,-1.0
2026-08-28,702616,Jackson Holliday,Jacob Lopez,BAL@ATH,BAL,3.0,2B,L,2.34,3.43,1.009,1.024,0.905,10.7,11.17,11.8,850.0,710.0,,-0.63,0.64,1.82,0,-1.0
2026-08-28,808959,Munetaka Murakami,Dean Kremer,CWS@MIN,CWS,2.0,1B,L,5.94,4.75,1.0,1.019,1.013,10.7,11.17,23.9,300.0,269.0,,-12.73,-13.83,2.1,0,-1.0
2026-08-28,668942,Josh Rojas,Tanner Bibee,KC@CLE,KC,8.0,3B,L,2.26,3.88,1.0,0.998,1.015,10.7,11.17,,,,,,,,0,
2026-08-28,691781,Brady House,Eury Pérez,MIA@WSH,WSH,5.0,3B,R,3.21,2.63,0.995,1.0,0.943,10.7,11.17,,,,,,,,1,
2026-08-28,701538,Jackson Merrill,Shane Mcclanahan,SD@TB,SD,5.0,CF,L,3.67,2.11,1.0,1.0,0.997,10.5,11.06,,,,,,,,1,
2026-08-28,665877,José Fermín,Jared Jones,PIT@STL,STL,5.0,2B,R,2.31,3.53,0.998,1.003,0.943,10.5,11.06,9.0,1100.0,939.0,,2.06,2.73,1.29,0,-1.0
2026-08-28,686527,Dominic Canzone,Dylan Cease,SEA@TOR,SEA,2.0,DH,L,4.29,1.85,1.004,1.0,0.9,10.5,11.06,,,,,,,,1,
2026-08-28,686611,Dylan Crews,Eury Pérez,MIA@WSH,WSH,3.0,RF,R,2.96,2.63,0.995,1.0,0.943,10.4,11.01,,,,,,,,0,
2026-08-28,701162,Ben Malgeri,Tarik Skubal,LAD@DET,DET,6.0,RF,R,3.31,2.65,1.0,1.002,0.9,10.4,11.01,,,,,,,,0,
2026-08-28,678662,Ezequiel Tovar,Grant Holmes,COL@ATL,COL,9.0,SS,R,2.43,3.47,0.991,1.027,1.07,10.4,11.01,,,,,,,,0,
2026-08-28,680574,Matt Mclain,David Peterson,CIN@CHC,CIN,7.0,2B,R,3.14,2.42,1.0,1.017,1.072,10.3,10.95,,,,,,,,0,
2026-08-28,664761,Alec Bohm,Reid Detmers,PHI@LAA,PHI,5.0,1B,R,2.74,2.86,1.006,1.047,0.9,10.1,10.85,14.8,625.0,547.0,,-3.95,-2.94,1.67,0,-1.0
2026-08-28,683953,Travis Bazzana,Michael Wacha,KC@CLE,CLE,6.0,2B,L,2.32,3.28,1.0,0.998,0.994,10.0,10.79,,,,,,,,0,
2026-08-28,701678,Hao-Yu Lee,Tarik Skubal,LAD@DET,DET,2.0,3B,R,2.88,2.65,1.0,1.002,0.9,10.0,10.79,,,,,,,,0,
2026-08-28,624431,Jose Trevino,David Peterson,CIN@CHC,CIN,8.0,C,R,3.22,2.42,0.978,1.017,1.072,10.0,10.79,,,,,,,,1,
2026-08-28,643376,Danny Jansen,Logan Henderson,TEX@MIL,TEX,9.0,C,R,2.76,3.5,1.0,1.0,0.9,9.9,10.74,10.4,850.0,824.0,,0.34,0.21,0.29,1,8.5
2026-08-28,677942,Blaze Alexander,Jacob Lopez,BAL@ATH,BAL,1.0,SS,R,2.08,3.43,1.0,1.024,0.905,9.9,10.74,15.9,500.0,468.0,,-5.16,-5.93,0.94,0,-1.0
2026-08-28,663656,Kyle Tucker,Drew Anderson,LAD@DET,LAD,6.0,RF,L,2.3,3.51,0.999,1.002,0.932,9.9,10.74,,,,,,,,0,
2026-08-28,666211,Taylor Trammell,Christian Scott,HOU@NYM,HOU,8.0,RF,L,3.12,2.69,0.989,1.007,0.979,9.8,10.69,,,,,,,,0,
2026-08-28,703607,Henry Bolte,Brandon Young,BAL@ATH,ATH,1.0,CF,R,2.07,3.02,1.0,1.024,1.022,9.8,10.69,14.3,550.0,529.0,,-3.61,-4.69,0.52,0,-1.0
2026-08-28,669224,Austin Wells,Patrick Sandoval,BOS@NYY,NYY,9.0,C,L,2.71,2.85,1.011,1.005,1.074,9.7,10.63,,,,,,,,0,
2026-08-28,699393,Pedro Ramírez,Rhett Lowder,CIN@CHC,CHC,7.0,2B,L,2.22,3.11,1.0,1.017,1.098,9.7,10.63,,,,,,,,1,
2026-08-28,687637,Dylan Beavers,Jacob Lopez,BAL@ATH,BAL,8.0,LF,L,2.53,3.43,1.0,1.024,0.905,9.7,10.63,10.9,850.0,706.0,,-0.27,0.1,1.88,0,-1.0
2026-08-28,666018,Jonathan Aranda,Casey Mize,SD@TB,TB,2.0,1B,L,2.86,2.53,1.0,1.0,0.919,9.7,10.63,,,,,,,,0,
2026-08-28,677950,Alek Thomas,Drew Anderson,LAD@DET,LAD,7.0,CF,L,2.38,3.51,0.983,1.002,0.932,9.6,10.58,,,,,,,,0,
2026-08-28,805999,A. J. Ewing,Hunter Brown,HOU@NYM,NYM,1.0,CF,L,2.11,3.11,1.0,1.007,0.957,9.5,10.53,,,,,,,,0,
2026-08-28,690984,Petey Halpin,Michael Wacha,KC@CLE,CLE,8.0,CF,L,2.41,3.28,1.0,0.998,0.994,9.5,10.53,,,,,,,,0,
2026-08-28,694497,Evan Carter,Logan Henderson,TEX@MIL,TEX,6.0,CF,L,2.34,3.5,0.982,1.0,0.9,9.5,10.53,11.7,750.0,747.0,,-1.17,-1.23,0.05,0,-1.0
2026-08-28,695720,Tommy White,Brandon Young,BAL@ATH,ATH,5.0,1B,R,2.17,3.02,1.0,1.024,1.022,9.4,10.47,11.1,800.0,720.0,,-0.63,-0.64,1.09,0,-1.0
2026-08-28,678882,Ceddanne Rafaela,Cam Schlittler,BOS@NYY,BOS,2.0,CF,R,2.97,2.39,0.998,1.005,0.9,9.4,10.47,,,,,,,,0,
2026-08-28,608348,Carson Kelly,Rhett Lowder,CIN@CHC,CHC,9.0,C,R,2.47,3.11,0.961,1.017,1.098,9.4,10.47,,,,,,,,0,
2026-08-28,665487,Fernando Tatís,Shane Mcclanahan,SD@TB,SD,1.0,RF,R,2.94,2.11,1.0,1.0,0.997,9.3,10.42,,,,,,,,0,
2026-08-28,663728,Cal Raleigh,Dylan Cease,SEA@TOR,SEA,5.0,C,R,4.03,1.85,1.009,1.0,0.9,9.3,10.42,,,,,,,,0,
2026-08-28,665750,Leody Taveras,Jacob Lopez,BAL@ATH,BAL,6.0,RF,L,2.17,3.43,1.0,1.024,0.905,9.1,10.31,11.7,800.0,738.0,,-1.39,-0.8,0.82,0,-1.0
2026-08-28,682998,Corbin Carroll,Blade Tidwell,AZ@SF,AZ,2.0,RF,L,3.15,2.33,0.958,0.989,0.9,9.1,10.31,20.0,450.0,366.0,,-9.69,-7.87,3.28,1,4.5
2026-08-28,650402,Gleyber Torres,Tarik Skubal,LAD@DET,DET,1.0,2B,R,2.57,2.65,0.979,1.002,0.9,9.0,10.26,,,,,,,,0,
2026-08-28,668227,Randy Arozarena,Dylan Cease,SEA@TOR,SEA,1.0,LF,R,3.55,1.85,1.004,1.0,0.9,8.9,10.2,,,,,,,,0,
2026-08-28,676356,Jonny Deluca,Casey Mize,SD@TB,TB,6.0,RF,R,2.91,2.53,1.0,1.0,0.919,8.9,10.2,,,,,,,,0,
2026-08-28,622761,Jorge Mateo,Casey Mize,SD@TB,TB,8.0,2B,R,3.11,2.53,1.0,1.0,0.919,8.8,10.15,,,,,,,,0,
2026-08-28,680776,Jarren Duran,Cam Schlittler,BOS@NYY,BOS,8.0,LF,L,3.33,2.39,1.011,1.005,0.9,8.8,10.15,,,,,,,,0,
2026-08-28,677594,Julio Rodríguez,Dylan Cease,SEA@TOR,SEA,3.0,CF,R,3.61,1.85,1.009,1.0,0.9,8.7,10.1,,,,,,,,0,
2026-08-28,681508,Mickey Gasper,Cam Schlittler,BOS@NYY,BOS,7.0,DH,L,3.17,2.39,1.011,1.005,0.9,8.7,10.1,,,,,,,,0,
2026-08-28,656775,Cedric Mullins,Casey Mize,SD@TB,TB,7.0,CF,L,2.97,2.53,1.0,1.0,0.919,8.7,10.1,,,,,,,,1,
2026-08-28,694374,Tim Tawa,Blade Tidwell,AZ@SF,AZ,5.0,1B,R,3.13,2.33,0.984,0.989,0.9,8.7,10.1,10.4,850.0,793.0,,-0.3,-0.43,0.67,1,8.5
2026-08-28,667472,Dane Myers,David Peterson,CIN@CHC,CIN,1.0,CF,R,2.25,2.42,0.978,1.017,1.072,8.7,10.1,,,,,,,,0,
2026-08-28,662139,Daulton Varsho,Christian Scott,HOU@NYM,HOU,5.0,CF,L,2.39,2.69,0.989,1.007,0.979,8.6,10.04,,,,,,,,0,
2026-08-28,805808,Kevin Mcgonigle,Tarik Skubal,LAD@DET,DET,3.0,SS,L,2.5,2.65,1.0,1.002,0.9,8.6,10.04,,,,,,,,0,
2026-08-28,665926,Andrés Giménez,Emerson Hancock,SEA@TOR,TOR,7.0,SS,L,2.12,3.25,1.004,1.0,0.966,8.4,9.94,,,,,,,,0,
2026-08-28,592663,J. T. Realmuto,Reid Detmers,PHI@LAA,PHI,8.0,C,R,2.54,2.86,1.0,1.047,0.9,8.3,9.88,,,,,,,,0,
2026-08-28,668939,Adley Rutschman,Cam Schlittler,BOS@NYY,BOS,5.0,C,R,2.8,2.39,0.998,1.005,0.9,8.3,9.88,,,,,,,,0,
2026-08-28,677587,Brayan Rocchio,Michael Wacha,KC@CLE,CLE,9.0,SS,L,2.2,3.28,1.006,0.998,0.994,8.3,9.88,,,,,,,,0,
2026-08-28,683146,Brett Baty,Hunter Brown,HOU@NYM,NYM,8.0,DH,L,2.21,3.11,0.99,1.007,0.957,8.0,9.72,,,,,,,,0,
2026-08-28,543510,James Mccann,Blade Tidwell,AZ@SF,AZ,7.0,C,R,3.05,2.33,0.993,0.989,0.9,7.9,9.67,10.5,900.0,790.0,,-0.83,-0.33,1.24,0,-1.0
2026-08-28,672515,Gabriel Moreno,Blade Tidwell,AZ@SF,AZ,3.0,DH,R,2.61,2.33,1.0,0.989,0.9,7.8,9.61,10.4,950.0,807.0,,-0.79,0.09,1.51,0,-1.0
2026-08-28,676439,Hunter Feduccia,Drew Anderson,LAD@DET,LAD,9.0,C,L,2.04,3.51,1.0,1.002,0.932,7.7,9.56,,,,,,,,0,
2026-08-28,703601,Max Clark,Tarik Skubal,LAD@DET,DET,8.0,CF,L,2.62,2.65,1.0,1.002,0.9,7.6,9.51,,,,,,,,0,
2026-08-28,702332,Caleb Durbin,Cam Schlittler,BOS@NYY,BOS,6.0,3B,R,2.6,2.39,0.998,1.005,0.9,7.4,9.4,,,,,,,,0,
2026-08-28,696285,Jacob Young,Eury Pérez,MIA@WSH,WSH,9.0,CF,R,2.58,2.63,0.995,1.0,0.943,7.3,9.35,,,,,,,,0,
2026-08-28,675961,Alika Williams,Brandon Young,BAL@ATH,ATH,9.0,SS,R,2.0,3.02,1.0,1.024,1.022,7.3,9.35,8.6,1100.0,1049.0,,0.75,1.02,0.37,0,-1.0
2026-08-28,681082,Bryson Stott,Reid Detmers,PHI@LAA,PHI,7.0,3B,L,2.03,2.86,1.0,1.047,0.9,6.9,9.13,11.7,900.0,731.0,,-2.57,-0.87,2.03,0,-1.0
2026-08-28,663457,Lars Nootbaar,Blade Tidwell,AZ@SF,AZ,1.0,LF,L,2.09,2.33,1.015,0.989,0.9,6.7,9.02,15.4,550.0,486.0,,-6.38,-6.36,1.68,1,5.5
2026-08-28,702284,Cole Young,Dylan Cease,SEA@TOR,SEA,6.0,2B,L,2.98,1.85,1.0,1.0,0.9,6.6,8.97,,,,,,,,0,
2026-08-28,593428,Xander Bogaerts,Shane Mcclanahan,SD@TB,SD,6.0,SS,R,2.34,2.11,1.0,1.0,0.997,6.6,8.97,,,,,,,,0,
2026-08-28,545121,Ildemaro Vargas,Blade Tidwell,AZ@SF,AZ,8.0,2B,L,2.34,2.33,1.0,0.989,0.9,5.9,8.6,8.6,1300.0,1052.0,,0.0,1.46,1.54,0,-1.0
2026-08-28,678011,Anthony Seigler,Cam Schlittler,BOS@NYY,BOS,9.0,2B,L,2.29,2.39,1.0,1.005,0.9,5.7,8.49,,,,,,,,0,
2026-08-28,641487,J. P. Crawford,Dylan Cease,SEA@TOR,SEA,8.0,3B,L,2.78,1.85,1.0,1.0,0.9,5.7,8.49,,,,,,,,0,
2026-08-28,666023,Freddy Fermin,Shane Mcclanahan,SD@TB,SD,8.0,C,R,2.19,2.11,1.0,1.0,0.997,5.6,8.43,,,,,,,,0,
2026-08-28,595879,Javier Báez,Tarik Skubal,LAD@DET,DET,9.0,LF,R,2.04,2.65,0.979,1.002,0.9,5.5,8.38,,,,,,,,0,
2026-08-28,647304,Josh Naylor,Dylan Cease,SEA@TOR,SEA,4.0,1B,L,2.09,1.85,1.0,1.0,0.9,5.0,8.11,,,,,,,,0,
2026-08-29,621566,Matt Olson,Zach Agnos,COL@ATL,ATL,3.0,1B,L,5.75,2.79,1.009,1.0,1.109,24.0,18.3,23.2,300.0,275.0,,-4.9,-6.7,1.67,0,-1.0
2026-08-29,696100,Hunter Goodman,Martín Pérez,COL@ATL,COL,3.0,C,R,6.64,2.65,0.991,1.0,1.027,23.9,18.25,23.1,310.0,302.0,,-4.85,-6.14,0.49,0,-1.0
2026-08-29,691718,Pete Crow-Armstrong,Andrew Abbott,CIN@CHC,CHC,1.0,CF,L,5.07,2.89,1.0,1.027,1.057,22.5,17.5,22.8,350.0,289.0,,-5.3,-4.72,3.49,1,3.5
2026-08-29,691406,Junior Caminero,Walker Buehler,SD@TB,TB,3.0,3B,R,5.46,2.84,1.0,1.0,1.001,21.0,16.69,25.5,280.0,264.0,,-8.81,-9.63,1.15,1,2.8
2026-08-29,665052,Griffin Conine,Cade Cavalli,MIA@WSH,MIA,4.0,DH,L,5.15,2.78,0.998,1.024,0.969,19.3,15.78,15.7,500.0,460.0,,0.08,-0.89,1.19,0,-1.0
2026-08-29,681715,Heriberto Hernandez,Cade Cavalli,MIA@WSH,MIA,2.0,LF,R,4.92,2.78,1.0,1.024,0.969,19.0,15.62,17.2,475.0,404.0,,-1.58,-1.77,2.45,1,4.75
2026-08-29,670541,Yordan Álvarez,Nolan Mclean,HOU@NYM,HOU,2.0,LF,L,5.63,2.54,0.992,1.0,0.94,18.7,15.46,24.3,280.0,271.0,,-8.84,-10.86,0.63,1,2.8
2026-08-29,686948,Drake Baldwin,Zach Agnos,COL@ATL,ATL,1.0,C,L,4.16,2.79,1.0,1.0,1.109,18.6,15.41,20.9,375.0,336.0,,-5.49,-5.64,1.89,0,-1.0
2026-08-29,808959,Munetaka Murakami,Bailey Ober,CWS@MIN,CWS,2.0,1B,L,5.89,3.71,1.0,1.026,1.059,18.1,15.14,26.4,260.0,245.0,,-11.26,-12.64,1.21,0,-1.0
2026-08-29,660271,Shohei Ohtani,Keider Montero,LAD@DET,LAD,1.0,DH,L,4.85,2.71,0.999,1.028,0.92,17.9,15.03,,,,,,,,0,
2026-08-29,605137,Josh Bell,Erick Fedde,CWS@MIN,MIN,4.0,DH,L,3.19,4.0,1.009,1.026,1.055,17.8,14.98,15.0,550.0,511.0,,-0.02,-0.4,0.99,0,-1.0
2026-08-29,673548,Seiya Suzuki,Andrew Abbott,CIN@CHC,CHC,2.0,DH,R,4.03,2.89,1.0,1.027,1.057,17.8,14.98,20.0,400.0,333.0,,-5.02,-5.02,3.09,1,4.0
2026-08-29,701398,Sal Stewart,Kevin Gausman,CIN@CHC,CIN,3.0,1B,R,4.61,2.87,0.978,1.027,0.965,17.7,14.92,17.1,450.0,433.0,,-2.18,-3.26,0.58,1,4.5
2026-08-29,571970,Max Muncy,Keider Montero,LAD@DET,LAD,4.0,3B,L,5.04,2.71,0.983,1.028,0.92,17.4,14.76,,,,,,,,0,
2026-08-29,664040,Brandon Lowe,Kyle Leahy,PIT@STL,PIT,2.0,2B,L,4.54,2.42,0.995,1.043,1.071,17.3,14.71,17.9,425.0,400.0,,-3.19,-4.34,0.95,1,4.25
2026-08-29,805811,Bryce Eldridge,Merrill Kelly,AZ@SF,SF,3.0,DH,L,3.84,4.11,1.0,0.99,1.12,17.3,14.71,15.6,525.0,479.0,,-0.89,-1.29,1.27,0,-1.0
2026-08-29,678246,Miguel Vargas,Bailey Ober,CWS@MIN,CWS,3.0,3B,R,4.64,3.71,0.99,1.026,1.059,17.2,14.65,20.3,400.0,345.0,,-5.65,-5.35,2.47,0,-1.0
2026-08-29,700250,Ben Rice,Jake Bennett,BOS@NYY,NYY,2.0,DH,L,5.76,2.3,1.011,1.011,0.9,17.2,14.65,18.8,450.0,391.0,,-4.15,-3.53,2.19,0,-1.0
2026-08-29,668904,Royce Lewis,Erick Fedde,CWS@MIN,MIN,5.0,1B,R,3.15,4.0,0.99,1.026,1.055,17.0,14.55,16.4,650.0,522.0,,-1.85,1.22,2.75,0,-1.0
2026-08-29,687551,Drew Gilbert,Merrill Kelly,AZ@SF,SF,1.0,CF,L,2.57,4.11,1.0,0.99,1.12,17.0,14.55,11.8,800.0,695.0,,2.75,3.44,1.47,0,-1.0
2026-08-29,666160,Mickey Moniak,Martín Pérez,COL@ATL,COL,7.0,RF,L,5.11,2.65,1.009,1.0,1.027,17.0,14.55,15.0,540.0,534.0,,-0.45,-1.07,0.15,0,-1.0
2026-08-29,686797,Brooks Lee,Erick Fedde,CWS@MIN,MIN,2.0,3B,R,4.01,4.0,0.99,1.026,1.055,17.0,14.55,12.9,800.0,702.0,,1.65,3.44,1.36,0,-1.0
2026-08-29,664034,Ty France,Nick Martínez,SD@TB,SD,4.0,1B,R,4.17,2.9,1.0,1.0,1.014,16.9,14.49,14.3,550.0,522.0,,0.19,-0.89,0.7,1,5.5
2026-08-29,665833,Oneil Cruz,Kyle Leahy,PIT@STL,PIT,5.0,CF,L,4.71,2.42,0.995,1.043,1.071,16.8,14.44,16.2,500.0,450.0,,-1.76,-2.23,1.51,0,-1.0
2026-08-29,665019,Kody Clemens,Erick Fedde,CWS@MIN,MIN,3.0,2B,L,4.3,4.0,1.009,1.026,1.055,16.7,14.39,17.1,480.0,440.0,,-2.71,-2.85,1.28,0,-1.0
2026-08-29,643217,Andrew Benintendi,Bailey Ober,CWS@MIN,CWS,4.0,DH,L,3.21,3.71,0.991,1.026,1.059,16.7,14.39,16.4,550.0,489.0,,-2.01,-0.99,1.6,1,5.5
2026-08-29,682928,Cj Abrams,Sandy Alcántara,MIA@WSH,WSH,1.0,DH,L,4.81,2.48,1.0,1.024,0.94,16.7,14.39,17.9,440.0,407.0,,-3.51,-4.13,1.2,0,-1.0
2026-08-29,668709,Jj Bleday,Kevin Gausman,CIN@CHC,CIN,4.0,LF,L,4.34,2.87,0.976,1.027,0.965,16.6,14.33,17.1,450.0,425.0,,-2.77,-3.85,0.87,0,-1.0
2026-08-29,695600,Carter Jensen,Foster Griffin,KC@CLE,KC,1.0,DH,L,3.63,3.62,1.006,0.994,1.007,16.6,14.33,15.0,525.0,507.0,,-0.67,-1.67,0.47,0,-1.0
2026-08-29,592518,Manny Machado,Nick Martínez,SD@TB,SD,3.0,3B,R,4.04,2.9,1.0,1.0,1.014,16.5,14.28,17.9,450.0,422.0,,-3.62,-3.9,0.98,0,-1.0
2026-08-29,646240,Rafael Devers,Merrill Kelly,AZ@SF,SF,2.0,1B,L,4.74,4.11,1.0,0.99,1.12,16.5,14.28,17.7,450.0,411.0,,-3.42,-3.9,1.39,0,-1.0
2026-08-29,671739,Michael Harris,Zach Agnos,COL@ATL,ATL,5.0,CF,L,4.0,2.79,1.009,1.0,1.109,16.5,14.28,,,,,,,,0,
2026-08-29,621438,Tyrone Taylor,Andrew Abbott,CIN@CHC,CHC,7.0,LF,R,4.3,2.89,1.0,1.027,1.057,16.4,14.23,15.0,525.0,502.0,,-0.77,-1.77,0.61,0,-1.0
2026-08-29,695506,Jac Caglianone,Foster Griffin,KC@CLE,KC,3.0,RF,L,4.42,3.62,1.006,0.994,1.007,16.4,14.23,17.1,450.0,412.0,,-2.87,-3.95,1.35,0,-1.0
2026-08-29,695657,Colson Montgomery,Bailey Ober,CWS@MIN,CWS,6.0,SS,L,4.84,3.71,0.999,1.026,1.059,16.2,14.12,22.3,325.0,299.0,,-8.18,-9.41,1.53,0,-1.0
2026-08-29,641343,Jake Bauers,Cal Quantrill,TEX@MIL,MIL,3.0,1B,L,4.43,2.72,1.0,1.0,0.969,16.2,14.12,18.8,400.0,354.0,,-4.68,-5.88,2.03,0,-1.0
2026-08-29,683002,Gunnar Henderson,Jack Perkins,BAL@ATH,BAL,3.0,SS,L,3.27,3.84,1.009,1.0,0.981,15.9,13.96,21.1,375.0,326.0,,-7.14,-7.09,2.42,0,-1.0
2026-08-29,677951,Bobby Witt,Foster Griffin,KC@CLE,KC,2.0,SS,R,3.08,3.62,1.015,0.994,1.007,15.9,13.96,,,,,,,,0,
2026-08-29,663616,Trevor Larnach,Erick Fedde,CWS@MIN,MIN,6.0,LF,L,2.84,4.0,1.0,1.026,1.055,15.8,13.9,11.7,800.0,732.0,,2.2,2.79,0.91,0,-1.0
2026-08-29,691023,Jordan Walker,Lake Bachar,PIT@STL,STL,4.0,RF,R,4.48,3.67,0.998,1.043,0.94,15.8,13.9,15.0,525.0,507.0,,-1.1,-2.1,0.47,0,-1.0
2026-08-29,804668,Rafael Flores,Kyle Leahy,PIT@STL,PIT,7.0,C,R,4.77,2.42,1.0,1.043,1.071,15.8,13.9,13.3,700.0,592.0,,0.6,1.4,1.95,1,7.0
2026-08-29,624413,Pete Alonso,Jack Perkins,BAL@ATH,BAL,2.0,DH,R,5.05,3.84,1.009,1.0,0.981,15.7,13.85,28.0,250.0,232.0,,-14.15,-14.72,1.55,0,-1.0
2026-08-29,676475,Alec Burleson,Lake Bachar,PIT@STL,STL,3.0,1B,L,3.57,3.67,1.0,1.043,0.94,15.5,13.74,16.4,480.0,476.0,,-2.66,-3.5,0.12,0,-1.0
2026-08-29,802139,Jj Wetherholt,Lake Bachar,PIT@STL,STL,1.0,SS,L,2.93,3.67,1.0,1.043,0.94,15.5,13.74,11.7,700.0,706.0,,2.04,1.24,-0.09,0,-1.0
2026-08-29,521692,Salvador Pérez,Foster Griffin,KC@CLE,KC,4.0,1B,R,3.18,3.62,1.015,0.994,1.007,15.5,13.74,15.0,650.0,562.0,,-1.26,0.41,1.78,0,-1.0
2026-08-29,687952,Christian Encarnacion-Strand,Jack Perkins,BAL@ATH,BAL,4.0,3B,R,4.37,3.84,1.006,1.0,0.981,15.4,13.69,20.9,350.0,328.0,,-7.21,-8.53,1.14,0,-1.0
2026-08-29,686527,Dominic Canzone,José Soriano,SEA@TOR,SEA,2.0,RF,L,4.44,2.33,1.004,1.0,1.033,15.3,13.64,14.3,600.0,554.0,,-0.66,-0.65,1.0,0,-1.0
2026-08-29,660670,Ronald Acuña,Zach Agnos,COL@ATL,ATL,2.0,RF,R,3.46,2.79,1.0,1.0,1.109,15.3,13.64,,,,,,,,0,
2026-08-29,682829,Elly De La Cruz,Kevin Gausman,CIN@CHC,CIN,2.0,SS,R,3.84,2.87,0.978,1.027,0.965,15.3,13.64,18.5,425.0,390.0,,-4.86,-5.41,1.36,0,-1.0
2026-08-29,553993,Eugenio Suárez,Kevin Gausman,CIN@CHC,CIN,6.0,3B,R,4.23,2.87,0.978,1.027,0.965,15.2,13.58,17.9,425.0,409.0,,-4.32,-5.47,0.6,1,4.25
2026-08-29,701538,Jackson Merrill,Nick Martínez,SD@TB,SD,5.0,CF,L,3.8,2.9,1.0,1.0,1.014,14.9,13.42,15.0,550.0,523.0,,-1.58,-1.96,0.67,0,-1.0
2026-08-29,669065,Kyle Stowers,Cade Cavalli,MIA@WSH,MIA,1.0,1B,L,3.68,2.78,0.998,1.024,0.969,14.9,13.42,20.0,400.0,347.0,,-6.58,-6.58,2.37,0,-1.0
2026-08-29,694212,Samuel Basallo,Jack Perkins,BAL@ATH,BAL,5.0,C,L,4.48,3.84,1.007,1.0,0.981,14.9,13.42,21.4,400.0,333.0,,-7.98,-6.58,3.09,0,-1.0
2026-08-29,694192,Jackson Chourio,Cal Quantrill,TEX@MIL,MIL,2.0,LF,R,3.95,2.72,0.99,1.0,0.969,14.8,13.37,17.9,430.0,405.0,,-4.53,-5.5,0.93,1,4.3
2026-08-29,694673,Abimelec Ortiz,Sandy Alcántara,MIA@WSH,WSH,2.0,1B,L,4.29,2.48,1.0,1.024,0.94,14.7,13.31,15.6,525.0,504.0,,-2.29,-2.69,0.56,0,-1.0
2026-08-29,575929,Willson Contreras,Carlos Rodón,BOS@NYY,BOS,4.0,1B,R,4.73,2.25,0.998,1.011,0.982,14.7,13.31,18.9,380.0,390.0,,-5.59,-7.52,-0.42,0,-1.0
2026-08-29,671976,Tristan Peters,Bailey Ober,CWS@MIN,CWS,8.0,CF,L,2.98,3.71,1.0,1.026,1.059,14.2,13.05,11.7,800.0,740.0,,1.35,1.94,0.79,0,-1.0
2026-08-29,650490,Yandy Díaz,Walker Buehler,SD@TB,TB,1.0,DH,R,3.41,2.84,1.0,1.0,1.001,14.2,13.05,13.3,625.0,587.0,,-0.25,-0.74,0.77,0,-1.0
2026-08-29,665161,Jeremy Peña,Nolan Mclean,HOU@NYM,HOU,1.0,DH,R,4.02,2.54,0.991,1.0,0.94,14.0,12.94,11.7,750.0,748.0,,1.24,1.18,0.03,0,-1.0
2026-08-29,502671,Paul Goldschmidt,Jake Bennett,BOS@NYY,NYY,1.0,1B,R,4.5,2.3,1.0,1.011,0.9,13.9,12.89,,,,,,,,0,
2026-08-29,691723,Coby Mayo,Jack Perkins,BAL@ATH,BAL,7.0,1B,R,4.56,3.84,1.006,1.0,0.981,13.7,12.78,21.7,375.0,321.0,,-8.92,-8.27,2.7,0,-1.0
2026-08-29,689414,Liam Hicks,Walker Buehler,SD@TB,TB,4.0,C,L,3.43,2.84,1.0,1.0,1.001,13.6,12.72,9.9,900.0,831.0,,2.82,2.72,0.74,0,-1.0
2026-08-29,669357,Nolan Gorman,Lake Bachar,PIT@STL,STL,7.0,3B,L,3.21,3.67,1.0,1.043,0.94,13.5,12.67,15.0,575.0,535.0,,-2.33,-2.14,0.94,0,-1.0
2026-08-29,681297,Colton Cowser,Jack Perkins,BAL@ATH,BAL,8.0,CF,L,3.54,3.84,1.009,1.0,0.981,13.5,12.67,16.4,475.0,460.0,,-3.73,-4.72,0.47,1,4.75
2026-08-29,645277,Ozzie Albies,Zach Agnos,COL@ATL,ATL,6.0,2B,R,3.39,2.79,0.991,1.0,1.109,13.5,12.67,14.8,550.0,499.0,,-2.13,-2.71,1.31,0,-1.0
2026-08-29,608324,Alex Bregman,Andrew Abbott,CIN@CHC,CHC,3.0,3B,R,3.12,2.89,0.976,1.027,1.057,13.4,12.62,16.5,500.0,406.0,,-3.88,-4.05,3.09,1,5.0
2026-08-29,657757,Gavin Sheets,Nick Martínez,SD@TB,SD,7.0,DH,L,3.7,2.9,1.0,1.0,1.014,13.4,12.62,14.1,750.0,658.0,,-1.48,0.86,1.43,0,-1.0
2026-08-29,701675,Nathan Church,Lake Bachar,PIT@STL,STL,5.0,CF,L,2.75,3.67,1.0,1.043,0.94,13.3,12.56,10.0,900.0,819.0,,2.56,2.56,0.88,0,-1.0
2026-08-29,808982,Jung Hoo Lee,Merrill Kelly,AZ@SF,SF,4.0,RF,L,2.06,4.11,1.0,0.99,1.12,13.1,12.46,8.9,1100.0,1057.0,,3.56,4.13,0.31,0,-1.0
2026-08-29,663728,Cal Raleigh,José Soriano,SEA@TOR,SEA,5.0,C,R,4.0,2.33,1.009,1.0,1.033,13.0,12.4,19.5,400.0,365.0,,-7.1,-7.6,1.51,1,4.0
2026-08-29,702616,Jackson Holliday,Jack Perkins,BAL@ATH,BAL,1.0,2B,L,2.31,3.84,1.009,1.0,0.981,13.0,12.4,15.7,550.0,482.0,,-3.3,-2.98,1.8,0,-1.0
2026-08-29,572233,Christian Walker,Nolan Mclean,HOU@NYM,HOU,6.0,1B,R,4.22,2.54,0.991,1.0,0.94,13.0,12.4,15.4,525.0,466.0,,-3.0,-3.6,1.67,0,-1.0
2026-08-29,683357,Owen Caissie,Cade Cavalli,MIA@WSH,MIA,8.0,RF,L,3.92,2.78,0.998,1.024,0.969,12.9,12.35,13.3,700.0,629.0,,-0.95,-0.15,1.22,0,-1.0
2026-08-29,605141,Mookie Betts,Keider Montero,LAD@DET,LAD,3.0,SS,R,3.68,2.71,0.973,1.028,0.92,12.9,12.35,,,,,,,,0,
2026-08-29,668670,Jake Rogers,Bailey Ober,CWS@MIN,CWS,9.0,C,R,2.83,3.71,0.99,1.026,1.059,12.8,12.3,14.3,700.0,592.0,,-2.0,-0.2,1.95,0,-1.0
2026-08-29,671056,Iván Herrera,Lake Bachar,PIT@STL,STL,2.0,DH,R,2.44,3.67,0.998,1.043,0.94,12.7,12.24,11.7,800.0,742.0,,0.54,1.13,0.77,0,-1.0
2026-08-29,686475,Tyler Tolbert,Foster Griffin,KC@CLE,KC,6.0,CF,R,2.68,3.62,1.0,0.994,1.007,12.7,12.24,8.6,1200.0,1059.0,,3.64,4.55,0.94,0,-1.0
2026-08-29,665487,Fernando Tatís,Nick Martínez,SD@TB,SD,1.0,RF,R,2.92,2.9,1.0,1.0,1.014,12.7,12.24,,,,,,,,0,
2026-08-29,683737,Michael Busch,Andrew Abbott,CIN@CHC,CHC,4.0,1B,L,2.87,2.89,1.0,1.027,1.057,12.6,12.19,17.7,475.0,382.0,,-5.51,-5.2,3.36,0,-1.0
2026-08-29,668227,Randy Arozarena,José Soriano,SEA@TOR,SEA,1.0,LF,R,3.53,2.33,1.004,1.0,1.033,12.6,12.19,12.3,750.0,678.0,,-0.11,0.43,1.09,0,-1.0
2026-08-29,679822,Justin Foscue,Shane Drohan,TEX@MIL,TEX,1.0,2B,R,4.01,2.28,1.0,1.0,0.933,12.6,12.19,14.8,550.0,498.0,,-2.61,-3.19,1.34,0,-1.0
2026-08-29,691788,Joe Mack,Cade Cavalli,MIA@WSH,MIA,9.0,C,L,4.04,2.78,1.0,1.024,0.969,12.6,12.19,11.7,750.0,717.0,,0.49,0.43,0.48,0,-1.0
2026-08-29,663886,Tyler Stephenson,Kevin Gausman,CIN@CHC,CIN,5.0,DH,R,3.31,2.87,0.978,1.027,0.965,12.5,12.13,15.0,525.0,492.0,,-2.87,-3.87,0.89,0,-1.0
2026-08-29,642708,Amed Rosario,Jake Bennett,BOS@NYY,NYY,3.0,2B,R,4.22,2.3,1.0,1.011,0.9,12.4,12.08,,,,,,,,0,
2026-08-29,699625,Jimmy Crooks,Lake Bachar,PIT@STL,STL,9.0,C,L,3.24,3.67,1.0,1.043,0.94,12.4,12.08,10.4,800.0,748.0,,1.68,0.97,0.68,0,-1.0
2026-08-29,687637,Dylan Beavers,Jack Perkins,BAL@ATH,BAL,6.0,LF,L,2.5,3.84,1.0,1.0,0.981,12.3,12.03,14.8,550.0,486.0,,-2.77,-3.35,1.68,0,-1.0
2026-08-29,624431,Jose Trevino,Kevin Gausman,CIN@CHC,CIN,7.0,C,R,3.56,2.87,0.978,1.027,0.965,12.3,12.03,10.4,800.0,757.0,,1.63,0.92,0.56,0,-1.0
2026-08-29,677594,Julio Rodríguez,José Soriano,SEA@TOR,SEA,3.0,CF,R,3.59,2.33,1.009,1.0,1.033,12.3,12.03,14.3,625.0,591.0,,-2.27,-1.76,0.68,0,-1.0
2026-08-29,605170,Víctor Caratini,Erick Fedde,CWS@MIN,MIN,8.0,C,L,2.3,4.0,1.009,1.026,1.055,12.0,11.87,10.3,1050.0,916.0,,1.57,3.17,1.14,0,-1.0
2026-08-29,803011,Sam Antonacci,Bailey Ober,CWS@MIN,CWS,1.0,LF,L,2.01,3.71,1.0,1.026,1.059,12.0,11.87,10.4,850.0,792.0,,1.47,1.34,0.68,0,-1.0
2026-08-29,677800,Wilyer Abreu,Carlos Rodón,BOS@NYY,BOS,3.0,RF,L,3.69,2.25,1.024,1.011,0.982,12.0,11.87,16.4,475.0,445.0,,-4.53,-5.52,0.96,1,4.75
2026-08-29,695731,Braden Montgomery,Bailey Ober,CWS@MIN,CWS,5.0,RF,L,2.18,3.71,1.0,1.026,1.059,11.9,11.81,13.3,700.0,666.0,,-1.49,-0.69,0.55,0,-1.0
2026-08-29,805367,Chase Meidroth,Bailey Ober,CWS@MIN,CWS,7.0,2B,R,2.35,3.71,1.0,1.026,1.059,11.8,11.76,8.6,1100.0,999.0,,3.16,3.43,0.77,0,-1.0
2026-08-29,694671,Wyatt Langford,Shane Drohan,TEX@MIL,TEX,3.0,LF,R,3.9,2.28,1.0,1.0,0.933,11.7,11.71,16.4,500.0,477.0,,-4.69,-4.96,0.66,0,-1.0
2026-08-29,669394,Jake Burger,Shane Drohan,TEX@MIL,TEX,6.0,1B,R,4.24,2.28,0.99,1.0,0.933,11.7,11.71,17.9,430.0,415.0,,-6.19,-7.16,0.55,0,-1.0
2026-08-29,666018,Jonathan Aranda,Walker Buehler,SD@TB,TB,2.0,1B,L,2.84,2.84,1.0,1.0,1.001,11.7,11.71,14.3,550.0,529.0,,-2.59,-3.67,0.52,1,5.5
2026-08-29,608369,Corey Seager,Shane Drohan,TEX@MIL,TEX,2.0,SS,L,3.8,2.28,0.982,1.0,0.933,11.5,11.6,16.4,475.0,437.0,,-4.8,-5.79,1.23,0,-1.0
2026-08-29,669134,Luis Campusano,Nick Martínez,SD@TB,SD,6.0,C,R,3.0,2.9,1.0,1.0,1.014,11.5,11.6,13.1,700.0,651.0,,-1.5,-0.9,0.82,0,-1.0
2026-08-29,664983,Jake Mccarthy,Martín Pérez,COL@ATL,COL,1.0,DH,L,2.79,2.65,1.009,1.0,1.027,11.4,11.54,9.4,1100.0,954.0,,2.14,3.21,1.16,0,-1.0
2026-08-29,668930,Brice Turang,Cal Quantrill,TEX@MIL,MIL,1.0,2B,L,2.99,2.72,0.97,1.0,0.969,11.4,11.54,13.5,625.0,580.0,,-1.96,-2.25,0.92,0,-1.0
2026-08-29,807713,Matt Shaw,Andrew Abbott,CIN@CHC,CHC,6.0,RF,R,2.85,2.89,0.978,1.027,1.057,11.4,11.54,14.2,600.0,528.0,,-2.66,-2.75,1.63,0,-1.0
2026-08-29,650489,Willi Castro,Martín Pérez,COL@ATL,COL,6.0,3B,R,3.16,2.65,0.991,1.0,1.027,11.1,11.38,11.7,700.0,701.0,,-0.32,-1.12,-0.02,0,-1.0
2026-08-29,687462,Spencer Horwitz,Kyle Leahy,PIT@STL,PIT,1.0,1B,L,2.77,2.42,0.995,1.043,1.071,11.1,11.38,11.7,850.0,761.0,,-0.32,0.85,1.08,0,-1.0
2026-08-29,680869,Zack Gelof,Shane Baz,BAL@ATH,ATH,3.0,2B,R,4.0,1.95,1.006,1.0,0.988,11.0,11.33,17.8,450.0,403.0,,-6.47,-6.85,1.7,0,-1.0
2026-08-29,666176,Jo Adell,Daniel Lynch,KC@CLE,CLE,4.0,RF,R,3.54,2.22,1.015,0.994,0.975,10.9,11.28,18.8,420.0,391.0,,-7.52,-7.95,1.14,0,-1.0
2026-08-29,665877,José Fermín,Lake Bachar,PIT@STL,STL,6.0,2B,R,2.29,3.67,0.998,1.043,0.94,10.8,11.22,10.0,1100.0,905.0,,1.22,2.89,1.62,0,-1.0
2026-08-29,656775,Cedric Mullins,Walker Buehler,SD@TB,TB,8.0,CF,L,3.13,2.84,1.0,1.0,1.001,10.7,11.17,11.7,800.0,754.0,,-0.53,0.06,0.6,0,-1.0
2026-08-29,573262,Mike Yastrzemski,Zach Agnos,COL@ATL,ATL,7.0,LF,L,2.76,2.79,1.0,1.0,1.109,10.7,11.17,15.7,525.0,471.0,,-4.53,-4.83,1.51,0,-1.0
2026-08-29,663586,Austin Riley,Zach Agnos,COL@ATL,ATL,8.0,3B,R,2.86,2.79,1.004,1.0,1.109,10.7,11.17,16.4,475.0,430.0,,-5.23,-6.22,1.48,0,-1.0
2026-08-29,676356,Jonny Deluca,Walker Buehler,SD@TB,TB,6.0,RF,R,2.88,2.84,1.0,1.0,1.001,10.7,11.17,10.4,850.0,806.0,,0.77,0.64,0.51,0,-1.0
2026-08-29,687263,Zach Neto,Cristopher Sánchez,PHI@LAA,LAA,1.0,SS,R,3.63,2.18,1.0,1.0,0.903,10.7,11.17,14.3,625.0,564.0,,-3.13,-2.62,1.27,1,6.25
2026-08-29,545361,Mike Trout,Cristopher Sánchez,PHI@LAA,LAA,2.0,CF,R,3.7,2.18,1.0,1.0,0.903,10.6,11.12,15.6,500.0,500.0,,-4.48,-5.55,0.0,0,-1.0
2026-08-29,695734,Daylen Lile,Sandy Alcántara,MIA@WSH,WSH,4.0,RF,L,3.17,2.48,0.991,1.024,0.94,10.6,11.12,15.0,525.0,502.0,,-3.88,-4.88,0.61,0,-1.0
2026-08-29,670623,Isaac Paredes,Nolan Mclean,HOU@NYM,HOU,3.0,3B,R,3.1,2.54,1.0,1.0,0.94,10.5,11.06,13.5,625.0,590.0,,-2.44,-2.73,0.7,0,-1.0
2026-08-29,679845,Nick Loftin,Foster Griffin,KC@CLE,KC,5.0,3B,R,2.06,3.62,1.006,0.994,1.007,10.2,10.9,9.4,1200.0,1026.0,,1.5,3.21,1.19,0,-1.0
2026-08-29,694378,Jacob Gonzalez,Kyle Leahy,PIT@STL,PIT,8.0,SS,L,3.12,2.42,1.0,1.043,1.071,10.2,10.9,9.0,1100.0,885.0,,1.9,2.57,1.82,0,-1.0
2026-08-29,691781,Brady House,Sandy Alcántara,MIA@WSH,WSH,7.0,3B,R,3.42,2.48,0.995,1.024,0.94,10.2,10.9,10.4,850.0,775.0,,0.5,0.37,0.9,0,-1.0
2026-08-29,518692,Freddie Freeman,Keider Montero,LAD@DET,LAD,2.0,1B,L,2.72,2.71,0.999,1.028,0.92,10.2,10.9,,,,,,,,0,
2026-08-29,682657,Angel Martínez,Daniel Lynch,KC@CLE,CLE,5.0,LF,L,3.42,2.22,1.008,0.994,0.975,10.1,10.85,13.3,700.0,660.0,,-2.45,-1.65,0.66,1,7.0
2026-08-29,642086,Dominic Smith,Zach Agnos,COL@ATL,ATL,9.0,DH,L,2.86,2.79,1.002,1.0,1.109,10.1,10.85,10.4,800.0,758.0,,0.45,-0.26,0.55,0,-1.0
2026-08-29,680574,Matt Mclain,Kevin Gausman,CIN@CHC,CIN,9.0,2B,R,3.11,2.87,1.0,1.027,0.965,10.1,10.85,13.4,600.0,561.0,,-2.55,-3.44,0.84,0,-1.0
2026-08-29,668804,Bryan Reynolds,Kyle Leahy,PIT@STL,PIT,3.0,LF,R,2.62,2.42,0.998,1.043,1.071,10.1,10.85,13.4,625.0,587.0,,-2.55,-2.94,0.77,0,-1.0
2026-08-29,514888,José Altuve,Nolan Mclean,HOU@NYM,HOU,4.0,2B,R,3.02,2.54,0.991,1.0,0.94,10.1,10.85,10.4,850.0,814.0,,0.45,0.32,0.41,0,-1.0
2026-08-29,663330,Jahmai Jones,Carlos Rodón,BOS@NYY,BOS,1.0,DH,R,2.96,2.25,1.0,1.011,0.982,9.9,10.74,15.0,575.0,518.0,,-4.26,-4.07,1.37,0,-1.0
2026-08-29,642350,José Siri,Cristopher Sánchez,PHI@LAA,LAA,4.0,LF,R,3.54,2.18,1.0,1.0,0.903,9.9,10.74,12.6,700.0,622.0,,-1.86,-1.76,1.35,0,-1.0
2026-08-29,694249,Cole Carrigg,Martín Pérez,COL@ATL,COL,2.0,CF,L,2.5,2.65,1.0,1.0,1.027,9.9,10.74,11.7,750.0,691.0,,-0.96,-1.02,0.88,0,-1.0
2026-08-29,681198,Tj Rumfield,Martín Pérez,COL@ATL,COL,4.0,1B,L,2.55,2.65,1.0,1.0,1.027,9.8,10.69,9.9,1000.0,915.0,,0.79,1.6,0.76,0,-1.0
2026-08-29,699393,Pedro Ramírez,Andrew Abbott,CIN@CHC,CHC,8.0,2B,L,2.53,2.89,1.0,1.027,1.057,9.6,10.58,12.5,800.0,660.0,,-1.92,-0.53,2.05,0,-1.0
2026-08-29,681807,David Fry,Daniel Lynch,KC@CLE,CLE,6.0,1B,R,3.33,2.22,1.015,0.994,0.975,9.6,10.58,12.7,700.0,665.0,,-2.12,-1.92,0.57,0,-1.0
2026-08-29,678882,Ceddanne Rafaela,Carlos Rodón,BOS@NYY,BOS,2.0,CF,R,2.95,2.25,0.998,1.011,0.982,9.6,10.58,13.9,600.0,546.0,,-3.32,-3.71,1.19,0,-1.0
2026-08-29,686611,Dylan Crews,Sandy Alcántara,MIA@WSH,WSH,5.0,CF,R,2.94,2.48,0.995,1.024,0.94,9.5,10.53,13.3,650.0,601.0,,-2.77,-2.8,0.94,0,-1.0
2026-08-29,643289,Mauricio Dubón,Zach Agnos,COL@ATL,ATL,4.0,SS,R,2.14,2.79,1.009,1.0,1.109,9.5,10.53,9.4,900.0,844.0,,1.13,0.53,0.59,0,-1.0
2026-08-29,702284,Cole Young,José Soriano,SEA@TOR,SEA,6.0,2B,L,2.96,2.33,1.0,1.0,1.033,9.4,10.47,9.4,900.0,838.0,,1.07,0.47,0.66,0,-1.0
2026-08-29,677588,José Tena,Sandy Alcántara,MIA@WSH,WSH,3.0,LF,L,2.77,2.48,0.998,1.024,0.94,9.4,10.47,14.1,650.0,549.0,,-3.63,-2.86,2.08,0,-1.0
2026-08-29,665750,Leody Taveras,Jack Perkins,BAL@ATH,BAL,9.0,RF,L,2.15,3.84,1.0,1.0,0.981,9.3,10.42,12.6,700.0,613.0,,-2.18,-2.08,1.53,0,-1.0
2026-08-29,660688,Keibert Ruiz,Sandy Alcántara,MIA@WSH,WSH,6.0,C,L,2.96,2.48,1.0,1.024,0.94,9.3,10.42,11.7,800.0,718.0,,-1.28,-0.69,1.11,0,-1.0
2026-08-29,606192,Teoscar Hernández,Keider Montero,LAD@DET,LAD,7.0,LF,R,2.91,2.71,0.979,1.028,0.92,9.2,10.36,,,,,,,,0,
2026-08-29,666211,Taylor Trammell,Nolan Mclean,HOU@NYM,HOU,7.0,RF,L,3.1,2.54,0.989,1.0,0.94,9.2,10.36,12.5,700.0,712.0,,-2.14,-2.14,-0.18,0,-1.0
2026-08-29,800050,Chase Delauter,Daniel Lynch,KC@CLE,CLE,2.0,DH,L,2.81,2.22,1.0,0.994,0.975,8.9,10.2,12.3,700.0,667.0,,-2.1,-2.3,0.54,0,-1.0
2026-08-29,669242,Tommy Edman,Keider Montero,LAD@DET,LAD,5.0,2B,L,2.52,2.71,1.0,1.028,0.92,8.8,10.15,,,,,,,,0,
2026-08-29,661388,William Contreras,Cal Quantrill,TEX@MIL,MIL,4.0,C,R,2.36,2.72,0.99,1.0,0.969,8.8,10.15,15.6,550.0,512.0,,-5.45,-5.23,0.96,1,5.5
2026-08-29,681393,Connor Norby,Martín Pérez,COL@ATL,COL,5.0,2B,R,2.34,2.65,1.009,1.0,1.027,8.8,10.15,12.0,700.0,647.0,,-1.85,-2.35,0.89,0,-1.0
2026-08-29,575929,Willson Contreras,Max Fried,BOS@NYY,BOS,4.0,1B,R,4.73,1.42,0.998,1.011,0.9,8.7,10.1,18.9,380.0,390.0,,-8.8,-10.73,-0.42,0,-1.0
2026-08-29,682987,Spencer Jones,Jake Bennett,BOS@NYY,NYY,8.0,CF,L,3.42,2.3,1.0,1.011,0.9,8.6,10.04,15.1,525.0,478.0,,-5.06,-5.96,1.3,0,-1.0
2026-08-29,608348,Carson Kelly,Andrew Abbott,CIN@CHC,CHC,9.0,C,R,2.45,2.89,0.961,1.027,1.057,8.5,9.99,14.0,625.0,536.0,,-4.01,-3.8,1.93,1,6.25
2026-08-29,677649,Ezequiel Duran,Shane Drohan,TEX@MIL,TEX,5.0,CF,R,2.91,2.28,0.99,1.0,0.933,8.4,9.94,11.7,800.0,728.0,,-1.76,-1.17,0.97,0,-1.0
2026-08-29,643376,Danny Jansen,Shane Drohan,TEX@MIL,TEX,7.0,C,R,3.09,2.28,1.0,1.0,0.933,8.3,9.88,13.3,625.0,629.0,,-3.42,-3.91,-0.07,0,-1.0
2026-08-29,592885,Christian Yelich,Cal Quantrill,TEX@MIL,MIL,6.0,DH,L,2.39,2.72,0.982,1.0,0.969,8.2,9.83,13.3,700.0,665.0,,-3.47,-2.67,0.57,0,-1.0
2026-08-29,668939,Adley Rutschman,Carlos Rodón,BOS@NYY,BOS,6.0,C,R,2.77,2.25,0.998,1.011,0.982,8.2,9.83,12.8,600.0,617.0,,-2.97,-4.46,-0.34,0,-1.0
2026-08-29,676609,José Caballero,Jake Bennett,BOS@NYY,NYY,7.0,3B,R,3.08,2.3,0.998,1.011,0.9,8.1,9.77,10.4,1000.0,844.0,,-0.63,0.68,1.5,0,-1.0
2026-08-29,669003,Garrett Mitchell,Cal Quantrill,TEX@MIL,MIL,5.0,CF,L,2.24,2.72,1.0,1.0,0.969,8.1,9.77,14.3,650.0,587.0,,-4.53,-3.56,1.23,0,-1.0
2026-08-29,641680,Jonah Heim,Shane Baz,BAL@ATH,ATH,9.0,C,L,3.6,1.95,1.009,1.0,0.988,8.1,9.77,11.8,700.0,638.0,,-2.03,-2.73,1.05,0,-1.0
2026-08-29,543877,Christian Vázquez,Nolan Mclean,HOU@NYM,HOU,9.0,C,R,2.93,2.54,0.991,1.0,0.94,8.0,9.72,8.2,1200.0,999.0,,1.52,2.03,1.41,0,-1.0
2026-08-29,641487,J. P. Crawford,José Soriano,SEA@TOR,SEA,8.0,SS,L,2.76,2.33,1.0,1.0,1.033,8.0,9.72,,,,,,,,0,
2026-08-29,702332,Caleb Durbin,Carlos Rodón,BOS@NYY,BOS,5.0,3B,R,2.58,2.25,0.998,1.011,0.982,7.9,9.67,9.4,900.0,842.0,,0.27,-0.33,0.62,0,-1.0
2026-08-29,671732,Lawrence Butler,Shane Baz,BAL@ATH,ATH,4.0,RF,L,2.87,1.95,1.0,1.0,0.988,7.9,9.67,15.7,500.0,468.0,,-6.03,-7.0,0.94,0,-1.0
2026-08-29,671218,Heliot Ramos,Jake Bennett,BOS@NYY,NYY,4.0,RF,R,2.59,2.3,1.014,1.011,0.9,7.9,9.67,16.1,525.0,444.0,,-6.43,-6.33,2.38,0,-1.0
2026-08-29,641355,Cody Bellinger,Jake Bennett,BOS@NYY,NYY,5.0,LF,L,2.73,2.3,1.011,1.011,0.9,7.9,9.67,16.0,450.0,474.0,,-6.33,-8.51,-0.76,0,-1.0
2026-08-29,663656,Kyle Tucker,Keider Montero,LAD@DET,LAD,6.0,RF,L,2.28,2.71,0.999,1.028,0.92,7.8,9.61,,,,,,,,0,
2026-08-29,806146,,Jake Bennett,BOS@NYY,NYY,6.0,SS,R,2.79,2.3,1.0,1.011,0.9,7.7,9.56,,,,,,,,0,
2026-08-29,662139,Daulton Varsho,Nolan Mclean,HOU@NYM,HOU,5.0,CF,L,2.37,2.54,0.989,1.0,0.94,7.7,9.56,14.3,550.0,534.0,,-4.74,-5.82,0.39,0,-1.0
2026-08-29,608070,José Ramírez,Daniel Lynch,KC@CLE,CLE,3.0,3B,L,2.44,2.22,1.0,0.994,0.975,7.6,9.51,17.3,450.0,407.0,,-7.79,-8.67,1.54,0,-1.0
2026-08-29,607043,Brandon Nimmo,Shane Drohan,TEX@MIL,TEX,4.0,RF,L,2.49,2.28,1.0,1.0,0.933,7.6,9.51,13.5,700.0,596.0,,-3.99,-2.99,1.87,1,7.0
2026-08-29,642201,Eli White,Carlos Rodón,BOS@NYY,BOS,9.0,LF,R,2.95,2.25,0.998,1.011,0.982,7.6,9.51,9.9,1000.0,881.0,,-0.39,0.42,1.1,0,-1.0
2026-08-29,687093,Vaughn Grissom,Cristopher Sánchez,PHI@LAA,LAA,3.0,1B,R,2.64,2.18,1.0,1.0,0.903,7.5,9.45,8.6,1100.0,986.0,,0.85,1.12,0.88,0,-1.0
2026-08-29,678662,Ezequiel Tovar,Martín Pérez,COL@ATL,COL,9.0,SS,R,2.42,2.65,0.991,1.0,1.027,7.5,9.45,9.4,1000.0,844.0,,0.05,0.36,1.5,0,-1.0
2026-08-29,691777,Max Muncy,Shane Baz,BAL@ATH,ATH,7.0,DH,R,2.96,1.95,1.009,1.0,0.988,7.3,9.35,,,,,,,,0,
2026-08-29,647304,Josh Naylor,José Soriano,SEA@TOR,SEA,4.0,1B,L,2.07,2.33,1.0,1.0,1.033,7.2,9.29,10.4,850.0,786.0,,-1.11,-1.24,0.76,0,-1.0
2026-08-29,677800,Wilyer Abreu,Max Fried,BOS@NYY,BOS,3.0,RF,L,3.69,1.42,1.024,1.011,0.9,7.1,9.24,16.4,475.0,445.0,,-7.16,-8.15,0.96,1,4.75
2026-08-29,595978,Austin Hedges,Daniel Lynch,KC@CLE,CLE,8.0,C,R,2.67,2.22,1.015,0.994,0.975,7.1,9.24,9.4,1000.0,957.0,,-0.16,0.15,0.37,0,-1.0
2026-08-29,670770,Tj Friedl,Kevin Gausman,CIN@CHC,CIN,8.0,CF,L,2.04,2.87,1.0,1.027,0.965,7.1,9.24,9.4,900.0,918.0,,-0.16,-0.76,-0.18,0,-1.0
2026-08-29,694203,Denzer Guzman,Cristopher Sánchez,PHI@LAA,LAA,7.0,3B,R,2.83,2.18,1.0,1.0,0.903,7.1,9.24,8.6,1000.0,954.0,,0.64,0.15,0.4,0,-1.0
2026-08-29,677950,Alek Thomas,Keider Montero,LAD@DET,LAD,9.0,CF,L,2.36,2.71,0.983,1.028,0.92,6.9,9.13,,,,,,,,0,
2026-08-29,622268,Donovan Walton,Shane Baz,BAL@ATH,ATH,6.0,SS,L,2.48,1.95,1.0,1.0,0.988,6.4,8.86,12.4,750.0,726.0,,-3.54,-2.9,0.35,0,-1.0
2026-08-29,669397,Nick Allen,Nolan Mclean,HOU@NYM,HOU,8.0,SS,R,2.2,2.54,0.991,1.0,0.94,6.4,8.86,8.8,1200.0,984.0,,0.06,1.17,1.54,0,-1.0
2026-08-29,655316,Andruw Monasterio,Carlos Rodón,BOS@NYY,BOS,7.0,SS,R,2.24,2.25,0.998,1.011,0.982,6.4,8.86,12.6,700.0,629.0,,-3.74,-3.64,1.22,0,-1.0
2026-08-29,672724,Oswald Peraza,Cristopher Sánchez,PHI@LAA,LAA,6.0,DH,R,2.38,2.18,1.004,1.0,0.903,6.3,8.81,8.6,1000.0,1026.0,,0.21,-0.28,-0.21,0,-1.0
2026-08-29,676439,Hunter Feduccia,Keider Montero,LAD@DET,LAD,8.0,C,L,2.03,2.71,1.0,1.028,0.92,6.3,8.81,,,,,,,,0,
2026-08-29,666126,Carlos Cortes,Shane Baz,BAL@ATH,ATH,8.0,LF,L,2.66,1.95,1.009,1.0,0.988,6.3,8.81,11.8,900.0,686.0,,-2.99,-1.19,2.72,0,-1.0
2026-08-29,703607,Henry Bolte,Shane Baz,BAL@ATH,ATH,1.0,CF,R,2.04,1.95,1.0,1.0,0.988,6.0,8.65,12.4,800.0,602.0,,-3.75,-2.46,3.14,0,-1.0
2026-08-29,663330,Jahmai Jones,Max Fried,BOS@NYY,BOS,1.0,DH,R,2.96,1.42,1.0,1.011,0.9,5.8,8.54,15.0,575.0,518.0,,-6.46,-6.27,1.37,0,-1.0
2026-08-29,678882,Ceddanne Rafaela,Max Fried,BOS@NYY,BOS,2.0,CF,R,2.95,1.42,0.998,1.011,0.9,5.7,8.49,13.9,600.0,546.0,,-5.41,-5.8,1.19,0,-1.0
2026-08-29,695720,Tommy White,Shane Baz,BAL@ATH,ATH,5.0,3B,R,2.15,1.95,1.0,1.0,0.988,5.7,8.49,14.3,700.0,580.0,,-5.81,-4.01,2.21,0,-1.0
2026-08-29,677587,Brayan Rocchio,Daniel Lynch,KC@CLE,CLE,9.0,SS,L,2.19,2.22,1.006,0.994,0.975,5.5,8.38,9.4,1000.0,945.0,,-1.02,-0.71,0.48,0,-1.0
2026-08-29,681351,Logan O'Hoppe,Shane Drohan,TEX@MIL,TEX,8.0,DH,R,2.0,2.28,0.982,1.0,0.933,5.1,8.17,14.3,575.0,554.0,,-6.13,-6.64,0.48,0,-1.0
2026-08-29,702332,Caleb Durbin,Max Fried,BOS@NYY,BOS,5.0,3B,R,2.58,1.42,0.998,1.011,0.9,4.6,7.9,9.4,900.0,842.0,,-1.5,-2.1,0.62,0,-1.0
2026-08-29,642201,Eli White,Max Fried,BOS@NYY,BOS,9.0,LF,R,2.95,1.42,0.998,1.011,0.9,4.5,7.84,9.9,1000.0,881.0,,-2.06,-1.25,1.1,0,-1.0
2026-08-29,655316,Andruw Monasterio,Max Fried,BOS@NYY,BOS,6.0,SS,R,2.24,1.42,0.998,1.011,0.9,3.9,7.52,12.6,700.0,629.0,,-5.08,-4.98,1.22,0,-1.0
2026-08-29,657136,Connor Wong,Max Fried,BOS@NYY,BOS,8.0,C,R,2.33,1.42,1.011,1.011,0.9,3.8,7.47,9.4,950.0,908.0,,-1.93,-2.05,0.4,0,-1.0
2026-08-30,656941,Kyle Schwarber,Yusei Kikuchi,PHI@LAA,PHI,1.0,DH,L,6.2,3.02,1.006,1.046,1.12,29.9,21.47,27.7,240.0,223.0,,-6.23,-7.94,1.55,0,-1.0
2026-08-30,696100,Hunter Goodman,Tyler Mahle,COL@ATL,COL,3.0,DH,R,6.59,3.17,0.991,1.032,1.013,24.4,18.52,,,,,,,,0,
2026-08-30,670541,Yordan Álvarez,Zac Thornton,HOU@NYM,HOU,2.0,LF,L,5.74,2.82,0.992,1.029,1.032,23.5,18.03,23.6,300.0,279.0,,-5.57,-6.97,1.39,0,-1.0
2026-08-30,691406,Junior Caminero,Robbie Ray,SD@TB,TB,3.0,3B,R,5.56,3.13,1.0,1.0,1.045,22.2,17.34,,,,,,,,1,
2026-08-30,547180,Bryce Harper,Yusei Kikuchi,PHI@LAA,PHI,3.0,RF,L,4.37,3.02,1.006,1.046,1.12,21.1,16.75,17.2,475.0,426.0,,-0.45,-0.64,1.62,0,-1.0
2026-08-30,683002,Gunnar Henderson,Jeffrey Springs,BAL@ATH,BAL,3.0,SS,L,3.25,5.1,1.009,1.021,1.08,21.0,16.69,18.0,450.0,409.0,,-1.31,-1.49,1.47,1,4.5
2026-08-30,682928,Cj Abrams,Janson Junk,MIA@WSH,WSH,1.0,2B,L,4.78,2.91,1.0,1.036,1.003,20.7,16.53,,,,,,,,0,
2026-08-30,666160,Mickey Moniak,Tyler Mahle,COL@ATL,COL,6.0,LF,L,5.07,3.17,1.009,1.032,1.013,19.1,15.67,,,,,,,,0,
2026-08-30,691718,Pete Crow-Armstrong,Chase Burns,CIN@CHC,CHC,1.0,CF,L,5.44,2.58,1.0,1.016,0.9,18.6,15.41,24.6,280.0,259.0,,-9.19,-10.91,1.54,1,2.8
2026-08-30,668227,Randy Arozarena,Max Scherzer,SEA@TOR,SEA,1.0,LF,R,3.51,4.41,1.004,1.0,1.066,18.5,15.35,,,,,,,,0,
2026-08-30,665953,Andrés Chaparro,Janson Junk,MIA@WSH,WSH,3.0,1B,R,4.46,2.91,0.992,1.036,1.003,18.4,15.3,,,,,,,,0,
2026-08-30,641343,Jake Bauers,Kumar Rocker,TEX@MIL,MIL,3.0,1B,L,4.4,3.2,1.0,1.0,1.044,18.3,15.24,21.6,400.0,328.0,,-6.36,-4.76,3.36,0,-1.0
2026-08-30,575929,Willson Contreras,Will Warren,BOS@NYY,BOS,4.0,1B,R,4.66,3.46,0.998,1.031,1.047,18.2,15.19,,,,,,,,0,
2026-08-30,668723,Ryan Vilade,Robbie Ray,SD@TB,TB,4.0,RF,R,4.27,3.13,1.0,1.0,1.045,18.1,15.14,,,,,,,,0,
2026-08-30,694673,Abimelec Ortiz,Janson Junk,MIA@WSH,WSH,2.0,DH,L,4.18,2.91,1.0,1.036,1.003,17.9,15.03,,,,,,,,0,
2026-08-30,665833,Oneil Cruz,Matthew Liberatore,PIT@STL,PIT,2.0,DH,L,4.65,3.84,0.995,1.053,1.082,17.8,14.98,20.2,450.0,339.0,,-5.22,-3.2,4.6,0,-1.0
2026-08-30,677594,Julio Rodríguez,Max Scherzer,SEA@TOR,SEA,3.0,CF,R,3.56,4.41,1.009,1.0,1.066,17.6,14.87,,,,,,,,0,
2026-08-30,643217,Andrew Benintendi,Zebby Matthews,CWS@MIN,CWS,4.0,DH,L,3.38,4.0,0.991,1.045,1.042,17.4,14.76,15.5,575.0,525.0,,-0.74,-0.05,1.19,0,-1.0
2026-08-30,677800,Wilyer Abreu,Will Warren,BOS@NYY,BOS,3.0,RF,L,3.79,3.46,1.024,1.031,1.047,17.4,14.76,,,,,,,,0,
2026-08-30,804668,Rafael Flores,Matthew Liberatore,PIT@STL,PIT,4.0,C,R,5.15,3.84,1.0,1.053,1.082,17.3,14.71,15.0,480.0,496.0,,-0.29,-2.53,-0.46,0,-1.0
2026-08-30,660271,Shohei Ohtani,Framber Valdez,LAD@DET,LAD,1.0,DH,L,4.82,2.35,0.999,1.017,1.035,17.3,14.71,17.9,450.0,404.0,,-3.19,-3.47,1.66,0,-1.0
2026-08-30,694192,Jackson Chourio,Kumar Rocker,TEX@MIL,MIL,4.0,LF,R,4.09,3.2,0.99,1.0,1.044,17.2,14.65,17.1,450.0,418.0,,-2.45,-3.53,1.13,0,-1.0
2026-08-30,665161,Jeremy Peña,Zac Thornton,HOU@NYM,HOU,1.0,SS,R,3.99,2.82,0.991,1.029,1.032,17.2,14.65,15.7,500.0,476.0,,-1.05,-2.02,0.69,1,5.0
2026-08-30,663886,Tyler Stephenson,Shota Imanaga,CIN@CHC,CIN,4.0,C,R,3.28,4.65,0.978,1.016,0.961,17.0,14.55,19.7,375.0,363.0,,-5.15,-6.5,0.55,1,3.75
2026-08-30,693307,Dillon Dingler,Tyler Glasnow,LAD@DET,DET,4.0,C,R,4.57,2.99,0.979,1.017,0.9,16.9,14.49,13.4,700.0,609.0,,1.09,1.99,1.6,0,-1.0
2026-08-30,702284,Cole Young,Max Scherzer,SEA@TOR,SEA,7.0,2B,L,2.95,4.41,1.0,1.0,1.066,16.9,14.49,,,,,,,,0,
2026-08-30,677942,Blaze Alexander,Jeffrey Springs,BAL@ATH,BAL,1.0,2B,R,2.05,5.1,1.0,1.021,1.08,16.8,14.44,16.4,475.0,459.0,,-1.96,-2.95,0.5,0,-1.0
2026-08-30,664040,Brandon Lowe,Matthew Liberatore,PIT@STL,PIT,5.0,2B,L,4.65,3.84,0.995,1.053,1.082,16.8,14.44,17.1,450.0,421.0,,-2.66,-3.74,1.01,0,-1.0
2026-08-30,572233,Christian Walker,Zac Thornton,HOU@NYM,HOU,5.0,1B,R,4.2,2.82,0.991,1.029,1.032,16.6,14.33,18.0,450.0,398.0,,-3.67,-3.85,1.9,0,-1.0
2026-08-30,691023,Jordan Walker,Braxton Ashcraft,PIT@STL,STL,4.0,RF,R,4.45,3.3,0.998,1.053,0.912,16.6,14.33,16.9,500.0,438.0,,-2.57,-2.34,1.92,0,-1.0
2026-08-30,680574,Matt Mclain,Shota Imanaga,CIN@CHC,CIN,7.0,2B,R,3.08,4.65,1.0,1.016,0.961,16.4,14.23,15.6,510.0,482.0,,-1.37,-2.16,0.79,0,-1.0
2026-08-30,656537,Derek Hill,Yusei Kikuchi,PHI@LAA,PHI,9.0,CF,R,4.12,3.02,1.004,1.046,1.12,16.3,14.17,11.7,750.0,707.0,,2.47,2.41,0.63,0,-1.0
2026-08-30,699013,Esmerlyn Valdez,Matthew Liberatore,PIT@STL,PIT,6.0,RF,R,4.96,3.84,1.0,1.053,1.082,16.2,14.12,18.4,450.0,398.0,,-4.28,-4.06,1.9,1,4.5
2026-08-30,678246,Miguel Vargas,Zebby Matthews,CWS@MIN,CWS,3.0,3B,R,4.61,4.0,0.99,1.045,1.042,16.1,14.06,17.3,450.0,412.0,,-3.24,-4.12,1.35,0,-1.0
2026-08-30,650490,Yandy Díaz,Robbie Ray,SD@TB,TB,1.0,DH,R,3.39,3.13,1.0,1.0,1.045,15.9,13.96,,,,,,,,0,
2026-08-30,671976,Tristan Peters,Zebby Matthews,CWS@MIN,CWS,7.0,LF,L,2.96,4.0,1.0,1.045,1.042,15.8,13.9,11.7,750.0,700.0,,2.2,2.14,0.74,0,-1.0
2026-08-30,668804,Bryan Reynolds,Matthew Liberatore,PIT@STL,PIT,3.0,LF,R,2.6,3.84,0.998,1.053,1.082,15.8,13.9,14.3,550.0,517.0,,-0.4,-1.48,0.83,0,-1.0
2026-08-30,663728,Cal Raleigh,Max Scherzer,SEA@TOR,SEA,4.0,C,R,4.15,4.41,1.009,1.0,1.066,15.8,13.9,,,,,,,,0,
2026-08-30,680869,Zack Gelof,Chris Bassitt,BAL@ATH,ATH,3.0,3B,R,3.95,2.57,1.006,1.021,1.08,15.7,13.85,16.8,500.0,449.0,,-2.95,-2.82,1.54,0,-1.0
2026-08-30,808959,Munetaka Murakami,Zebby Matthews,CWS@MIN,CWS,2.0,1B,L,5.85,4.0,1.0,1.045,1.042,15.7,13.85,23.2,330.0,289.0,,-9.35,-9.41,2.45,0,-1.0
2026-08-30,672960,Kazuma Okamoto,Logan Gilbert,SEA@TOR,TOR,6.0,3B,R,4.65,3.32,1.004,1.0,0.946,15.6,13.8,,,,,,,,1,
2026-08-30,686527,Dominic Canzone,Max Scherzer,SEA@TOR,SEA,2.0,DH,L,4.41,4.41,1.004,1.0,1.066,15.5,13.74,,,,,,,,0,
2026-08-30,678882,Ceddanne Rafaela,Will Warren,BOS@NYY,BOS,2.0,CF,R,2.91,3.46,0.998,1.031,1.047,15.5,13.74,,,,,,,,0,
2026-08-30,665750,Leody Taveras,Jeffrey Springs,BAL@ATH,BAL,6.0,RF,L,2.14,5.1,1.0,1.021,1.08,15.5,13.74,13.9,625.0,580.0,,-0.16,-0.05,0.92,0,-1.0
2026-08-30,682829,Elly De La Cruz,Shota Imanaga,CIN@CHC,CIN,2.0,SS,R,3.81,4.65,0.978,1.016,0.961,15.3,13.64,23.6,300.0,285.0,,-9.96,-11.36,0.97,0,-1.0
2026-08-30,545361,Mike Trout,Zack Wheeler,PHI@LAA,LAA,2.0,DH,R,3.67,3.62,1.0,1.046,0.9,15.2,13.58,16.9,500.0,438.0,,-3.32,-3.09,1.92,0,-1.0
2026-08-30,641487,J. P. Crawford,Max Scherzer,SEA@TOR,SEA,8.0,SS,L,2.73,4.41,1.0,1.0,1.066,15.2,13.58,,,,,,,,0,
2026-08-30,681715,Heriberto Hernandez,Andrew Alvarez,MIA@WSH,MIA,1.0,LF,R,5.06,1.87,1.0,1.036,1.043,15.0,13.48,,,,,,,,0,
2026-08-30,592626,Joc Pederson,Dustin May,TEX@MIL,TEX,1.0,DH,L,5.1,2.0,1.0,1.0,1.005,15.0,13.48,19.1,400.0,375.0,,-5.62,-6.52,1.05,1,4.0
2026-08-30,596142,Gary Sánchez,Kumar Rocker,TEX@MIL,MIL,6.0,C,R,3.79,3.2,0.974,1.0,1.044,15.0,13.48,15.9,500.0,466.0,,-2.42,-3.19,1.0,1,5.0
2026-08-30,607208,Trea Turner,Yusei Kikuchi,PHI@LAA,PHI,2.0,SS,R,2.93,3.02,1.003,1.046,1.12,14.9,13.42,15.0,525.0,499.0,,-1.58,-2.58,0.69,0,-1.0
2026-08-30,695657,Colson Montgomery,Zebby Matthews,CWS@MIN,CWS,6.0,SS,L,4.81,4.0,0.999,1.045,1.042,14.9,13.42,18.8,420.0,392.0,,-5.38,-5.81,1.1,0,-1.0
2026-08-30,676475,Alec Burleson,Braxton Ashcraft,PIT@STL,STL,3.0,1B,L,3.55,3.3,1.0,1.053,0.912,14.7,13.31,17.9,475.0,423.0,,-4.59,-4.08,1.73,0,-1.0
2026-08-30,663993,Nathaniel Lowe,Seth Lugo,KC@CLE,CLE,5.0,1B,L,3.69,2.59,1.011,1.024,1.094,14.6,13.26,15.0,550.0,515.0,,-1.74,-2.12,0.88,1,5.5
2026-08-30,680776,Jarren Duran,Will Warren,BOS@NYY,BOS,7.0,LF,L,3.31,3.46,1.011,1.031,1.047,14.5,13.21,,,,,,,,0,
2026-08-30,667472,Dane Myers,Shota Imanaga,CIN@CHC,CIN,1.0,CF,R,2.22,4.65,0.978,1.016,0.961,14.5,13.21,17.1,500.0,430.0,,-3.89,-3.46,2.2,1,5.0
2026-08-30,666176,Jo Adell,Seth Lugo,KC@CLE,CLE,4.0,LF,R,3.52,2.59,1.015,1.024,1.094,14.5,13.21,18.4,450.0,398.0,,-5.19,-4.97,1.9,0,-1.0
2026-08-30,681297,Colton Cowser,Jeffrey Springs,BAL@ATH,BAL,9.0,CF,L,3.73,5.1,1.009,1.021,1.08,14.4,13.15,16.4,575.0,502.0,,-3.25,-1.66,1.8,0,-1.0
2026-08-30,691011,Drew Romo,Zebby Matthews,CWS@MIN,CWS,9.0,C,L,3.39,4.0,1.0,1.045,1.042,14.3,13.1,9.9,900.0,817.0,,3.2,3.1,0.91,0,-1.0
2026-08-30,687462,Spencer Horwitz,Matthew Liberatore,PIT@STL,PIT,8.0,1B,L,2.74,3.84,0.995,1.053,1.082,14.2,13.05,10.0,900.0,822.0,,3.05,3.05,0.85,0,-1.0
2026-08-30,668930,Brice Turang,Kumar Rocker,TEX@MIL,MIL,1.0,2B,L,2.98,3.2,0.97,1.0,1.044,14.2,13.05,14.3,550.0,517.0,,-1.25,-2.33,0.83,0,-1.0
2026-08-30,673548,Seiya Suzuki,Chase Burns,CIN@CHC,CHC,2.0,RF,R,4.15,2.58,1.0,1.016,0.9,14.1,12.99,22.0,325.0,307.0,,-9.01,-10.54,1.04,0,-1.0
2026-08-30,687952,Christian Encarnacion-Strand,Jeffrey Springs,BAL@ATH,BAL,5.0,3B,R,4.3,5.1,1.006,1.021,1.08,14.1,12.99,23.4,350.0,275.0,,-10.41,-9.23,4.45,0,-1.0
2026-08-30,666018,Jonathan Aranda,Robbie Ray,SD@TB,TB,2.0,1B,L,2.97,3.13,1.0,1.0,1.045,14.0,12.94,,,,,,,,0,
2026-08-30,695506,Jac Caglianone,Parker Messick,KC@CLE,KC,3.0,RF,L,4.38,2.43,1.006,1.024,0.9,13.9,12.89,17.3,475.0,433.0,,-4.41,-4.5,1.37,0,-1.0
2026-08-30,663494,Bryan Torres,Braxton Ashcraft,PIT@STL,STL,1.0,LF,L,2.98,3.3,1.0,1.053,0.912,13.9,12.89,9.4,900.0,841.0,,3.49,2.89,0.63,0,-1.0
2026-08-30,624641,Edmundo Sosa,Yusei Kikuchi,PHI@LAA,PHI,5.0,3B,R,2.88,3.02,1.003,1.046,1.12,13.8,12.83,14.3,550.0,535.0,,-1.47,-2.55,0.37,1,5.5
2026-08-30,668939,Adley Rutschman,Will Warren,BOS@NYY,BOS,5.0,C,R,2.75,3.46,0.998,1.031,1.047,13.8,12.83,,,,,,,,0,
2026-08-30,543807,George Springer,Logan Gilbert,SEA@TOR,TOR,4.0,DH,R,3.17,3.32,1.009,1.0,0.946,13.8,12.83,,,,,,,,0,
2026-08-30,650489,Willi Castro,Tyler Mahle,COL@ATL,COL,5.0,3B,R,3.13,3.17,0.991,1.032,1.013,13.7,12.78,,,,,,,,0,
2026-08-30,691723,Coby Mayo,Jeffrey Springs,BAL@ATH,BAL,4.0,1B,R,4.52,5.1,1.006,1.021,1.08,13.7,12.78,26.2,250.0,253.0,,-13.42,-15.79,-0.24,1,2.5
2026-08-30,666139,Josh Lowe,Zack Wheeler,PHI@LAA,LAA,6.0,RF,L,3.41,3.62,1.006,1.046,0.9,13.7,12.78,13.3,625.0,605.0,,-0.52,-1.01,0.39,0,-1.0
2026-08-30,664983,Jake Mccarthy,Tyler Mahle,COL@ATL,COL,1.0,CF,L,2.77,3.17,1.009,1.032,1.013,13.7,12.78,,,,,,,,1,
2026-08-30,664034,Ty France,Drew Rasmussen,SD@TB,SD,4.0,1B,R,4.32,2.5,1.0,1.0,0.9,13.6,12.72,,,,,,,,0,
2026-08-30,664761,Alec Bohm,Yusei Kikuchi,PHI@LAA,PHI,4.0,1B,R,2.7,3.02,1.006,1.046,1.12,13.5,12.67,13.3,625.0,608.0,,-0.63,-1.12,0.33,0,-1.0
2026-08-30,671277,Luis García,Ranger Suarez,BOS@NYY,NYY,4.0,DH,L,5.43,1.8,1.024,1.031,0.937,13.5,12.67,,,,,,,,0,
2026-08-30,669357,Nolan Gorman,Braxton Ashcraft,PIT@STL,STL,5.0,DH,L,3.18,3.3,1.0,1.053,0.912,13.3,12.56,16.2,500.0,461.0,,-3.64,-4.11,1.16,0,-1.0
2026-08-30,672386,Alejandro Kirk,Logan Gilbert,SEA@TOR,TOR,3.0,C,R,3.0,3.32,1.004,1.0,0.946,13.3,12.56,,,,,,,,1,
2026-08-30,695734,Daylen Lile,Janson Junk,MIA@WSH,WSH,4.0,LF,L,3.15,2.91,0.991,1.036,1.003,13.2,12.51,,,,,,,,0,
2026-08-30,665019,Kody Clemens,Jordan Hicks,CWS@MIN,MIN,3.0,2B,L,4.27,2.29,1.009,1.045,0.9,13.1,12.46,15.0,550.0,508.0,,-2.54,-2.92,1.07,0,-1.0
2026-08-30,647304,Josh Naylor,Max Scherzer,SEA@TOR,SEA,5.0,1B,L,2.06,4.41,1.0,1.0,1.066,13.1,12.46,,,,,,,,0,
2026-08-30,642350,José Siri,Zack Wheeler,PHI@LAA,LAA,7.0,CF,R,3.49,3.62,1.0,1.046,0.9,13.1,12.46,13.3,600.0,578.0,,-0.84,-1.83,0.46,0,-1.0
2026-08-30,670623,Isaac Paredes,Zac Thornton,HOU@NYM,HOU,3.0,DH,R,3.08,2.82,1.0,1.029,1.032,13.0,12.4,16.6,500.0,476.0,,-4.2,-4.27,0.69,0,-1.0
2026-08-30,664954,Brett Sullivan,Tyler Mahle,COL@ATL,COL,8.0,C,L,3.33,3.17,1.0,1.032,1.013,12.9,12.35,,,,,,,,0,
2026-08-30,592518,Manny Machado,Drew Rasmussen,SD@TB,SD,3.0,DH,R,4.01,2.5,1.0,1.0,0.9,12.8,12.3,,,,,,,,0,
2026-08-30,673237,Yainer Diaz,Zac Thornton,HOU@NYM,HOU,7.0,C,R,3.48,2.82,0.99,1.029,1.032,12.8,12.3,13.1,650.0,675.0,,-0.8,-1.03,-0.43,0,-1.0
2026-08-30,695731,Braden Montgomery,Zebby Matthews,CWS@MIN,CWS,5.0,RF,L,2.16,4.0,1.0,1.045,1.042,12.7,12.24,10.4,850.0,791.0,,1.84,1.71,0.69,0,-1.0
2026-08-30,553993,Eugenio Suárez,Shota Imanaga,CIN@CHC,CIN,5.0,DH,R,4.39,4.65,0.978,1.016,0.961,12.7,12.24,22.0,325.0,301.0,,-9.76,-11.29,1.41,0,-1.0
2026-08-30,687093,Vaughn Grissom,Zack Wheeler,PHI@LAA,LAA,3.0,1B,R,2.62,3.62,1.0,1.046,0.9,12.6,12.19,11.1,800.0,744.0,,1.09,1.08,0.74,0,-1.0
2026-08-30,514888,José Altuve,Zac Thornton,HOU@NYM,HOU,4.0,2B,R,3.0,2.82,0.991,1.029,1.032,12.5,12.13,14.3,550.0,530.0,,-2.17,-3.25,0.49,0,-1.0
2026-08-30,701398,Sal Stewart,Shota Imanaga,CIN@CHC,CIN,3.0,1B,R,4.73,4.65,0.978,1.016,0.961,12.4,12.08,24.6,285.0,265.0,,-12.52,-13.89,1.43,1,2.85
2026-08-30,624413,Pete Alonso,Jeffrey Springs,BAL@ATH,BAL,2.0,DH,R,5.01,5.1,1.009,1.021,1.08,12.4,12.08,27.2,240.0,224.0,,-15.12,-17.33,1.45,0,-1.0
2026-08-30,605141,Mookie Betts,Framber Valdez,LAD@DET,LAD,3.0,SS,R,3.65,2.35,0.973,1.017,1.035,12.4,12.08,13.5,700.0,607.0,,-1.42,-0.42,1.64,0,-1.0
2026-08-30,668709,Jj Bleday,Shota Imanaga,CIN@CHC,CIN,6.0,LF,L,4.31,4.65,0.976,1.016,0.961,12.4,12.08,19.9,400.0,350.0,,-7.82,-7.92,2.22,0,-1.0
2026-08-30,702332,Caleb Durbin,Will Warren,BOS@NYY,BOS,6.0,3B,R,2.54,3.46,0.998,1.031,1.047,12.4,12.08,,,,,,,,0,
2026-08-30,622761,Jorge Mateo,Robbie Ray,SD@TB,TB,7.0,2B,R,3.06,3.13,1.0,1.0,1.045,12.4,12.08,,,,,,,,0,
2026-08-30,686797,Brooks Lee,Jordan Hicks,CWS@MIN,MIN,2.0,3B,R,3.98,2.29,0.99,1.045,0.9,12.3,12.03,13.3,700.0,648.0,,-1.27,-0.47,0.87,0,-1.0
2026-08-30,664023,Ian Happ,Chase Burns,CIN@CHC,CHC,5.0,LF,R,3.94,2.58,0.978,1.016,0.9,12.3,12.03,18.0,450.0,401.0,,-5.97,-6.15,1.78,0,-1.0
2026-08-30,664770,Nathan Lukes,Logan Gilbert,SEA@TOR,TOR,5.0,RF,L,2.84,3.32,1.009,1.0,0.946,12.2,11.97,,,,,,,,0,
2026-08-30,701358,Cam Smith,Zac Thornton,HOU@NYM,HOU,8.0,RF,R,3.45,2.82,0.991,1.029,1.032,12.2,11.97,15.0,600.0,543.0,,-3.03,-2.32,1.26,0,-1.0
2026-08-30,676356,Jonny Deluca,Robbie Ray,SD@TB,TB,6.0,CF,R,2.85,3.13,1.0,1.0,1.045,12.2,11.97,,,,,,,,1,
2026-08-30,695600,Carter Jensen,Parker Messick,KC@CLE,KC,1.0,C,L,3.6,2.43,1.006,1.024,0.9,12.1,11.92,14.3,550.0,527.0,,-2.38,-3.46,0.57,0,-1.0
2026-08-30,694208,Moisés Ballesteros,Zack Wheeler,PHI@LAA,LAA,4.0,C,L,2.5,3.62,1.0,1.046,0.9,12.0,11.87,11.8,700.0,640.0,,0.07,-0.63,1.01,0,-1.0
2026-08-30,624424,Michael Conforto,Chase Burns,CIN@CHC,CHC,8.0,DH,L,4.29,2.58,0.978,1.016,0.9,11.9,11.81,15.3,500.0,482.0,,-3.49,-4.86,0.51,0,-1.0
2026-08-30,602104,Ramón Urías,Braxton Ashcraft,PIT@STL,STL,8.0,3B,R,3.28,3.3,0.995,1.053,0.912,11.9,11.81,9.4,900.0,881.0,,2.41,1.81,0.19,0,-1.0
2026-08-30,681198,Tj Rumfield,Tyler Mahle,COL@ATL,COL,4.0,1B,L,2.53,3.17,1.0,1.032,1.013,11.8,11.76,,,,,,,,0,
2026-08-30,800050,Chase Delauter,Seth Lugo,KC@CLE,CLE,2.0,RF,L,2.79,2.59,1.0,1.024,1.094,11.8,11.76,14.3,600.0,543.0,,-2.54,-2.53,1.26,0,-1.0
2026-08-30,686611,Dylan Crews,Janson Junk,MIA@WSH,WSH,5.0,RF,R,2.9,2.91,0.995,1.036,1.003,11.8,11.76,,,,,,,,0,
2026-08-30,502671,Paul Goldschmidt,Ranger Suarez,BOS@NYY,NYY,1.0,1B,R,4.46,1.8,1.0,1.031,0.937,11.6,11.65,,,,,,,,1,
2026-08-30,686668,Brenton Doyle,Zebby Matthews,CWS@MIN,CWS,8.0,CF,R,2.23,4.0,0.99,1.045,1.042,11.5,11.6,11.3,800.0,764.0,,0.3,0.49,0.46,0,-1.0
2026-08-30,701538,Jackson Merrill,Drew Rasmussen,SD@TB,SD,5.0,CF,L,3.77,2.5,1.0,1.0,0.9,11.5,11.6,,,,,,,,0,
2026-08-30,671732,Lawrence Butler,Chris Bassitt,BAL@ATH,ATH,4.0,RF,L,2.84,2.57,1.0,1.021,1.08,11.4,11.54,16.4,475.0,446.0,,-4.86,-5.85,0.93,0,-1.0
2026-08-30,681393,Connor Norby,Tyler Mahle,COL@ATL,COL,2.0,2B,R,2.31,3.17,1.009,1.032,1.013,11.3,11.49,,,,,,,,0,
2026-08-30,671056,Iván Herrera,Braxton Ashcraft,PIT@STL,STL,2.0,C,R,2.42,3.3,0.998,1.053,0.912,11.2,11.44,12.1,800.0,703.0,,-0.66,0.33,1.34,0,-1.0
2026-08-30,694671,Wyatt Langford,Dustin May,TEX@MIL,TEX,3.0,LF,R,3.87,2.0,1.0,1.0,1.005,11.1,11.38,16.4,475.0,468.0,,-5.02,-6.01,0.22,0,-1.0
2026-08-30,669394,Jake Burger,Dustin May,TEX@MIL,TEX,6.0,1B,R,4.21,2.0,0.99,1.0,1.005,11.0,11.33,17.2,450.0,416.0,,-5.87,-6.85,1.2,0,-1.0
2026-08-30,694203,Denzer Guzman,Zack Wheeler,PHI@LAA,LAA,9.0,3B,R,2.8,3.62,1.0,1.046,0.9,10.9,11.28,9.4,950.0,920.0,,1.88,1.76,0.28,0,-1.0
2026-08-30,701675,Nathan Church,Braxton Ashcraft,PIT@STL,STL,7.0,CF,L,2.72,3.3,1.0,1.053,0.912,10.8,11.22,9.4,900.0,874.0,,1.82,1.22,0.27,0,-1.0
2026-08-30,669003,Garrett Mitchell,Kumar Rocker,TEX@MIL,MIL,2.0,CF,L,2.22,3.2,1.0,1.0,1.044,10.8,11.22,16.9,475.0,419.0,,-5.68,-6.17,1.88,0,-1.0
2026-08-30,608369,Corey Seager,Dustin May,TEX@MIL,TEX,2.0,SS,L,3.76,2.0,0.982,1.0,1.005,10.8,11.22,21.7,350.0,313.0,,-10.48,-11.0,1.99,0,-1.0
2026-08-30,592663,J. T. Realmuto,Yusei Kikuchi,PHI@LAA,PHI,8.0,C,R,2.5,3.02,1.0,1.046,1.12,10.7,11.17,,,,,,,,1,
2026-08-30,592885,Christian Yelich,Kumar Rocker,TEX@MIL,MIL,5.0,DH,L,2.37,3.2,0.982,1.0,1.044,10.6,11.12,14.3,550.0,530.0,,-3.18,-4.26,0.49,0,-1.0
2026-08-30,608324,Alex Bregman,Chase Burns,CIN@CHC,CHC,4.0,3B,R,3.23,2.58,0.976,1.016,0.9,10.6,11.12,17.4,475.0,412.0,,-6.28,-6.27,2.14,0,-1.0
2026-08-30,677951,Bobby Witt,Parker Messick,KC@CLE,KC,2.0,SS,R,3.05,2.43,1.015,1.024,0.9,10.2,10.9,,,,,,,,0,
2026-08-30,521692,Salvador Pérez,Parker Messick,KC@CLE,KC,4.0,DH,R,3.15,2.43,1.015,1.024,0.9,10.2,10.9,14.7,700.0,577.0,,-3.8,-1.6,2.27,0,-1.0
2026-08-30,596115,Trevor Story,Will Warren,BOS@NYY,BOS,8.0,SS,R,2.24,3.46,1.014,1.031,1.047,10.2,10.9,,,,,,,,0,
2026-08-30,680777,Ryan Jeffers,Jordan Hicks,CWS@MIN,MIN,4.0,C,R,3.34,2.29,0.99,1.045,0.9,10.1,10.85,15.0,600.0,535.0,,-4.15,-3.44,1.46,0,-1.0
2026-08-30,694377,Nick Yorke,Matthew Liberatore,PIT@STL,PIT,9.0,3B,R,2.03,3.84,0.998,1.053,1.082,10.1,10.85,11.1,800.0,719.0,,-0.25,-0.26,1.1,0,-1.0
2026-08-30,650402,Gleyber Torres,Tyler Glasnow,LAD@DET,DET,1.0,2B,R,2.51,2.99,0.979,1.017,0.9,10.1,10.85,9.9,1000.0,831.0,,0.95,1.76,1.65,0,-1.0
2026-08-30,690993,Colt Keith,Tyler Glasnow,LAD@DET,DET,2.0,1B,L,2.52,2.99,0.999,1.017,0.9,10.1,10.85,12.1,800.0,703.0,,-1.25,-0.26,1.34,0,-1.0
2026-08-30,608070,José Ramírez,Seth Lugo,KC@CLE,CLE,3.0,DH,L,2.42,2.59,1.0,1.024,1.094,10.1,10.85,17.0,500.0,434.0,,-6.15,-5.82,2.06,1,5.0
2026-08-30,642708,Amed Rosario,Ranger Suarez,BOS@NYY,NYY,5.0,3B,R,4.14,1.8,1.0,1.031,0.937,9.8,10.69,,,,,,,,0,
2026-08-30,665487,Fernando Tatís,Drew Rasmussen,SD@TB,SD,1.0,RF,R,2.9,2.5,1.0,1.0,0.9,9.8,10.69,,,,,,,,0,
2026-08-30,672724,Oswald Peraza,Zack Wheeler,PHI@LAA,LAA,8.0,SS,R,2.36,3.62,1.004,1.046,0.9,9.8,10.69,9.4,1100.0,913.0,,1.29,2.36,1.54,0,-1.0
2026-08-30,805808,Kevin Mcgonigle,Tyler Glasnow,LAD@DET,DET,3.0,3B,L,2.47,2.99,1.0,1.017,0.9,9.7,10.63,10.4,850.0,844.0,,0.23,0.1,0.06,0,-1.0
2026-08-30,701678,Hao-Yu Lee,Tyler Glasnow,LAD@DET,DET,7.0,DH,R,2.81,2.99,1.0,1.017,0.9,9.7,10.63,11.1,800.0,741.0,,-0.47,-0.48,0.78,0,-1.0
2026-08-30,683737,Michael Busch,Chase Burns,CIN@CHC,CHC,3.0,1B,L,2.84,2.58,1.0,1.016,0.9,9.6,10.58,19.3,450.0,373.0,,-8.72,-7.6,2.96,0,-1.0
2026-08-30,606192,Teoscar Hernández,Framber Valdez,LAD@DET,LAD,5.0,LF,R,2.88,2.35,0.979,1.017,1.035,9.6,10.58,14.2,625.0,578.0,,-3.62,-3.21,0.96,1,6.25
2026-08-30,622268,Donovan Walton,Chris Bassitt,BAL@ATH,ATH,5.0,2B,L,2.44,2.57,1.0,1.021,1.08,9.5,10.53,11.7,750.0,754.0,,-1.17,-1.23,-0.05,0,-1.0
2026-08-30,665877,José Fermín,Braxton Ashcraft,PIT@STL,STL,6.0,2B,R,2.26,3.3,0.998,1.053,0.912,9.5,10.53,9.0,1100.0,951.0,,1.53,2.2,1.18,0,-1.0
2026-08-30,518692,Freddie Freeman,Framber Valdez,LAD@DET,LAD,4.0,1B,L,2.71,2.35,0.999,1.017,1.035,9.5,10.53,11.7,850.0,733.0,,-1.17,0.0,1.47,0,-1.0
2026-08-30,666126,Carlos Cortes,Chris Bassitt,BAL@ATH,ATH,7.0,LF,L,2.63,2.57,1.009,1.021,1.08,9.5,10.53,13.5,600.0,543.0,,-2.97,-3.76,1.26,0,-1.0
2026-08-30,686765,Nick Sogard,Will Warren,BOS@NYY,BOS,9.0,2B,L,2.21,3.46,1.0,1.031,1.047,9.5,10.53,,,,,,,,0,
2026-08-30,605137,Josh Bell,Jordan Hicks,CWS@MIN,MIN,5.0,DH,L,3.17,2.29,1.009,1.045,0.9,9.4,10.47,15.0,525.0,497.0,,-4.53,-5.53,0.75,0,-1.0
2026-08-30,595978,Austin Hedges,Seth Lugo,KC@CLE,CLE,8.0,C,R,2.64,2.59,1.015,1.024,1.094,9.4,10.47,9.9,900.0,877.0,,0.57,0.47,0.24,0,-1.0
2026-08-30,696285,Jacob Young,Janson Junk,MIA@WSH,WSH,8.0,CF,R,2.56,2.91,0.995,1.036,1.003,9.3,10.42,,,,,,,,0,
2026-08-30,662139,Daulton Varsho,Zac Thornton,HOU@NYM,HOU,6.0,CF,L,2.35,2.82,0.989,1.029,1.032,9.2,10.36,13.4,700.0,629.0,,-3.04,-2.14,1.22,0,-1.0
2026-08-30,669242,Tommy Edman,Framber Valdez,LAD@DET,LAD,2.0,2B,L,2.49,2.35,1.0,1.017,1.035,9.0,10.26,10.4,850.0,777.0,,-0.14,-0.27,0.87,0,-1.0
2026-08-30,670231,John Rave,Parker Messick,KC@CLE,KC,7.0,LF,L,3.15,2.43,1.006,1.024,0.9,9.0,10.26,9.4,1000.0,913.0,,0.86,1.17,0.78,0,-1.0
2026-08-30,683953,Travis Bazzana,Seth Lugo,KC@CLE,CLE,6.0,2B,L,2.3,2.59,1.0,1.024,1.094,8.9,10.2,11.7,700.0,688.0,,-1.5,-2.3,0.19,0,-1.0
2026-08-30,681082,Bryson Stott,Yusei Kikuchi,PHI@LAA,PHI,7.0,2B,L,2.0,3.02,1.0,1.046,1.12,8.9,10.2,10.0,900.0,800.0,,0.2,0.2,1.11,0,-1.0
2026-08-30,665923,Esteury Ruiz,Andrew Alvarez,MIA@WSH,MIA,4.0,RF,R,3.04,1.87,1.0,1.036,1.043,8.8,10.15,,,,,,,,0,
2026-08-30,687401,Joey Ortiz,Kumar Rocker,TEX@MIL,MIL,9.0,SS,R,2.31,3.2,0.99,1.0,1.044,8.8,10.15,8.6,1000.0,918.0,,1.55,1.06,0.73,0,-1.0
2026-08-30,703607,Henry Bolte,Chris Bassitt,BAL@ATH,ATH,1.0,CF,R,2.02,2.57,1.0,1.021,1.08,8.7,10.1,12.9,750.0,679.0,,-2.8,-1.66,1.08,0,-1.0
2026-08-30,663757,Trent Grisham,Ranger Suarez,BOS@NYY,NYY,6.0,CF,L,3.71,1.8,1.011,1.031,0.937,8.7,10.1,,,,,,,,0,
2026-08-30,703601,Max Clark,Tyler Glasnow,LAD@DET,DET,8.0,CF,L,2.53,2.99,1.0,1.017,0.9,8.4,9.94,8.2,1100.0,1011.0,,1.74,1.61,0.67,0,-1.0
2026-08-30,668904,Royce Lewis,Jordan Hicks,CWS@MIN,MIN,7.0,1B,R,3.12,2.29,0.99,1.045,0.9,8.4,9.94,15.6,525.0,492.0,,-5.66,-6.06,0.89,0,-1.0
2026-08-30,665926,Andrés Giménez,Logan Gilbert,SEA@TOR,TOR,7.0,SS,L,2.1,3.32,1.004,1.0,0.946,8.4,9.94,,,,,,,,0,
2026-08-30,695336,Thomas Saggese,Braxton Ashcraft,PIT@STL,STL,9.0,SS,R,2.28,3.3,0.995,1.053,0.912,8.3,9.88,8.6,1100.0,1024.0,,1.28,1.55,0.57,0,-1.0
2026-08-30,663616,Trevor Larnach,Jordan Hicks,CWS@MIN,MIN,6.0,LF,L,2.82,2.29,1.0,1.045,0.9,8.1,9.77,14.1,700.0,592.0,,-4.33,-2.73,1.95,0,-1.0
2026-08-30,677649,Ezequiel Duran,Dustin May,TEX@MIL,TEX,5.0,2B,R,2.89,2.0,0.99,1.0,1.005,7.9,9.67,11.3,800.0,747.0,,-1.63,-1.44,0.7,1,8.0
2026-08-30,695720,Tommy White,Chris Bassitt,BAL@ATH,ATH,6.0,1B,R,2.1,2.57,1.0,1.021,1.08,7.9,9.67,10.0,900.0,811.0,,-0.33,-0.33,0.98,0,-1.0
2026-08-30,686469,Vinnie Pasquantino,Parker Messick,KC@CLE,KC,5.0,1B,L,2.49,2.43,1.006,1.024,0.9,7.8,9.61,13.3,700.0,647.0,,-3.69,-2.89,0.89,0,-1.0
2026-08-30,665862,Jazz Chisholm,Ranger Suarez,BOS@NYY,NYY,8.0,2B,L,3.54,1.8,1.011,1.031,0.937,7.6,9.51,,,,,,,,0,
2026-08-30,607043,Brandon Nimmo,Dustin May,TEX@MIL,TEX,4.0,RF,L,2.63,2.0,1.0,1.0,1.005,7.6,9.51,16.9,475.0,428.0,,-7.39,-7.88,1.55,0,-1.0
2026-08-30,699393,Pedro Ramírez,Chase Burns,CIN@CHC,CHC,7.0,2B,L,2.48,2.58,1.0,1.016,0.9,7.4,9.4,12.6,700.0,651.0,,-3.2,-3.1,0.82,0,-1.0
2026-08-30,669397,Nick Allen,Zac Thornton,HOU@NYM,HOU,9.0,3B,R,2.17,2.82,0.991,1.029,1.032,7.4,9.4,8.9,1100.0,990.0,,0.5,1.07,0.84,0,-1.0
2026-08-30,677587,Brayan Rocchio,Seth Lugo,KC@CLE,CLE,9.0,SS,L,2.18,2.59,1.006,1.024,1.094,7.4,9.4,11.4,950.0,830.0,,-2.0,-0.12,1.23,0,-1.0
2026-08-30,553869,Elías Díaz,Dustin May,TEX@MIL,TEX,9.0,C,R,3.17,2.0,1.0,1.0,1.005,7.4,9.4,10.4,850.0,792.0,,-1.0,-1.13,0.68,0,-1.0
2026-08-30,686475,Tyler Tolbert,Parker Messick,KC@CLE,KC,8.0,2B,R,2.66,2.43,1.0,1.024,0.9,7.3,9.35,7.9,1150.0,1090.0,,1.45,1.35,0.4,0,-1.0
2026-08-30,663656,Kyle Tucker,Framber Valdez,LAD@DET,LAD,7.0,RF,L,2.27,2.35,0.999,1.017,1.035,7.1,9.24,11.5,800.0,733.0,,-2.26,-1.87,0.89,0,-1.0
2026-08-30,641355,Cody Bellinger,Ranger Suarez,BOS@NYY,NYY,2.0,LF,L,2.71,1.8,1.011,1.031,0.937,7.0,9.19,,,,,,,,0,
2026-08-30,593428,Xander Bogaerts,Drew Rasmussen,SD@TB,SD,6.0,SS,R,2.32,2.5,1.0,1.0,0.9,7.0,9.19,,,,,,,,0,
2026-08-30,665804,Miguel Amaya,Chase Burns,CIN@CHC,CHC,9.0,C,R,2.57,2.58,0.978,1.016,0.9,6.9,9.13,13.2,700.0,616.0,,-4.07,-3.37,1.47,0,-1.0
2026-08-30,664728,Kyle Isbel,Parker Messick,KC@CLE,KC,9.0,CF,L,2.56,2.43,1.006,1.024,0.9,6.7,9.02,7.8,1500.0,1270.0,,1.22,2.77,1.05,0,-1.0
2026-08-30,676609,José Caballero,Ranger Suarez,BOS@NYY,NYY,7.0,SS,R,3.04,1.8,0.998,1.031,0.937,6.7,9.02,,,,,,,,1,
2026-08-30,500743,Miguel Rojas,Framber Valdez,LAD@DET,LAD,6.0,3B,R,2.04,2.35,0.979,1.017,1.035,6.6,8.97,10.0,1100.0,830.0,,-1.03,0.64,2.42,0,-1.0
2026-08-30,671218,Heliot Ramos,Ranger Suarez,BOS@NYY,NYY,3.0,RF,R,2.56,1.8,1.014,1.031,0.937,6.5,8.92,,,,,,,,1,
2026-08-30,679845,Nick Loftin,Parker Messick,KC@CLE,KC,6.0,3B,R,2.04,2.43,1.006,1.024,0.9,6.2,8.76,8.6,1100.0,1030.0,,0.16,0.43,0.52,0,-1.0
2026-08-30,666023,Freddy Fermin,Drew Rasmussen,SD@TB,SD,8.0,C,R,2.16,2.5,1.0,1.0,0.9,6.0,8.65,,,,,,,,0,
2026-08-30,694497,Evan Carter,Dustin May,TEX@MIL,TEX,7.0,CF,L,2.31,2.0,0.982,1.0,1.005,5.8,8.54,11.7,750.0,731.0,,-3.16,-3.22,0.27,0,-1.0
2026-08-31,670541,Yordan Álvarez,Anthony Kay,CWS@HOU,HOU,2.0,DH,L,5.7,3.04,1.005,1.0,1.079,25.1,18.89,25.6,260.0,250.0,,-6.71,-8.89,0.79,0,-1.0
2026-08-31,656941,Kyle Schwarber,Brandon Pfaadt,PHI@AZ,PHI,1.0,DH,L,6.15,2.84,1.0,1.0,0.952,23.5,18.03,25.9,260.0,252.0,,-7.87,-9.75,0.63,0,-1.0
2026-08-31,691406,Junior Caminero,Robert Stock,NYM@TB,TB,3.0,3B,R,5.67,2.56,1.0,1.0,1.077,21.2,16.8,24.6,310.0,282.0,,-7.8,-7.59,1.79,0,-1.0
2026-08-31,691718,Pete Crow-Armstrong,Kyle Harrison,MIL@CHC,CHC,1.0,CF,L,5.68,3.23,1.0,1.027,0.9,20.1,16.21,25.5,260.0,246.0,,-9.29,-11.57,1.12,0,-1.0
2026-08-31,665161,Jeremy Peña,Anthony Kay,CWS@HOU,HOU,1.0,SS,R,4.15,3.04,1.034,1.0,1.079,20.0,16.16,14.6,550.0,503.0,,1.56,0.78,1.2,0,-1.0
2026-08-31,701398,Sal Stewart,Mike King,SD@CIN,CIN,3.0,1B,R,4.84,2.86,1.011,1.033,1.013,20.0,16.16,18.8,450.0,407.0,,-2.64,-2.02,1.54,0,-1.0
2026-08-31,696100,Hunter Goodman,Cade Povich,BAL@COL,COL,3.0,C,R,6.55,3.53,0.963,1.026,1.087,19.7,16.0,23.2,300.0,284.0,,-7.2,-9.0,1.04,0,-1.0
2026-08-31,808959,Munetaka Murakami,Peter Lambert,CWS@HOU,CWS,2.0,1B,L,5.8,2.53,1.0,1.0,0.928,19.1,15.67,24.0,330.0,289.0,,-8.33,-7.59,2.45,0,-1.0
2026-08-31,572233,Christian Walker,Anthony Kay,CWS@HOU,HOU,4.0,1B,R,4.17,3.04,1.034,1.0,1.079,19.1,15.67,18.2,475.0,402.0,,-2.53,-1.72,2.53,0,-1.0
2026-08-31,665487,Fernando Tatís,Brady Singer,SD@CIN,SD,1.0,RF,R,2.88,4.0,1.0,1.033,1.095,18.8,15.51,,,,,,,,0,
2026-08-31,665953,Andrés Chaparro,Ryan Gusto,MIA@WSH,WSH,3.0,1B,R,4.4,2.91,0.992,1.01,1.037,18.3,15.24,17.0,475.0,428.0,,-1.76,-2.15,1.55,0,-1.0
2026-08-31,668709,Jj Bleday,Mike King,SD@CIN,CIN,4.0,LF,L,4.28,2.86,1.011,1.033,1.013,17.8,14.98,19.7,400.0,367.0,,-4.72,-5.02,1.41,0,-1.0
2026-08-31,694673,Abimelec Ortiz,Ryan Gusto,MIA@WSH,WSH,2.0,DH,L,4.13,2.91,1.0,1.01,1.037,17.8,14.98,18.0,450.0,410.0,,-3.02,-3.2,1.43,0,-1.0
2026-08-31,592518,Manny Machado,Brady Singer,SD@CIN,SD,3.0,3B,R,3.98,4.0,1.011,1.033,1.095,17.7,14.92,18.8,400.0,370.0,,-3.88,-5.08,1.28,0,-1.0
2026-08-31,693307,Dillon Dingler,Taj Bradley,DET@MIN,DET,4.0,C,R,4.55,3.16,0.99,0.999,0.968,17.4,14.76,15.0,550.0,531.0,,-0.24,-0.62,0.47,0,-1.0
2026-08-31,701538,Jackson Merrill,Brady Singer,SD@CIN,SD,5.0,CF,L,3.74,4.0,1.011,1.033,1.095,17.3,14.71,23.7,310.0,285.0,,-8.99,-9.68,1.58,0,-1.0
2026-08-31,664034,Ty France,Brady Singer,SD@CIN,SD,4.0,1B,R,4.28,4.0,1.012,1.033,1.095,17.3,14.71,17.9,440.0,424.0,,-3.19,-3.81,0.56,0,-1.0
2026-08-31,646240,Rafael Devers,Bryce Elder,SF@ATL,SF,2.0,DH,L,4.67,3.51,1.0,1.012,0.984,17.2,14.65,23.9,300.0,267.0,,-9.25,-10.35,2.25,1,3.0
2026-08-31,553993,Eugenio Suárez,Mike King,SD@CIN,CIN,6.0,3B,R,4.36,2.86,1.011,1.033,1.013,16.9,14.49,17.1,475.0,427.0,,-2.61,-2.9,1.59,0,-1.0
2026-08-31,666160,Mickey Moniak,Cade Povich,BAL@COL,COL,6.0,RF,L,5.02,3.53,0.956,1.026,1.087,16.9,14.49,16.4,475.0,437.0,,-1.91,-2.9,1.23,0,-1.0
2026-08-31,686527,Dominic Canzone,Payton Tolle,SEA@BOS,SEA,2.0,DH,L,4.37,2.82,1.044,1.009,0.9,16.6,14.33,13.0,650.0,670.0,,1.33,1.0,-0.34,0,-1.0
2026-08-31,683002,Gunnar Henderson,Tanner Gordon,BAL@COL,BAL,3.0,SS,L,3.51,4.18,0.966,1.026,1.025,16.6,14.33,20.8,420.0,358.0,,-6.47,-4.9,2.6,0,-1.0
2026-08-31,682829,Elly De La Cruz,Mike King,SD@CIN,CIN,2.0,DH,R,3.79,2.86,1.011,1.033,1.013,16.3,14.17,17.9,430.0,399.0,,-3.73,-4.7,1.17,0,-1.0
2026-08-31,687263,Zach Neto,Elmer Rodriguez,NYY@LAA,LAA,1.0,SS,R,3.75,2.56,1.0,1.039,1.12,16.3,14.17,15.6,500.0,470.0,,-1.43,-2.5,0.87,0,-1.0
2026-08-31,547180,Bryce Harper,Brandon Pfaadt,PHI@AZ,PHI,3.0,RF,L,4.34,2.84,1.0,1.0,0.952,16.3,14.17,16.9,475.0,437.0,,-2.73,-3.22,1.23,0,-1.0
2026-08-31,664983,Jake Mccarthy,Cade Povich,BAL@COL,COL,1.0,CF,L,2.91,3.53,0.966,1.026,1.087,16.2,14.12,11.8,800.0,707.0,,2.32,3.01,1.28,0,-1.0
2026-08-31,681715,Heriberto Hernandez,Will Dion,MIA@WSH,MIA,1.0,LF,R,5.01,3.63,1.0,1.01,0.9,15.9,13.96,23.5,300.0,280.0,,-9.54,-11.04,1.32,0,-1.0
2026-08-31,673548,Seiya Suzuki,Kyle Harrison,MIL@CHC,CHC,2.0,RF,R,4.11,3.23,1.0,1.027,0.9,15.9,13.96,20.8,350.0,324.0,,-6.84,-8.26,1.36,1,3.5
2026-08-31,805811,Bryce Eldridge,Bryce Elder,SF@ATL,SF,3.0,1B,L,3.77,3.51,1.0,1.012,0.984,15.8,13.9,19.3,400.0,366.0,,-5.4,-6.1,1.46,0,-1.0
2026-08-31,621438,Tyrone Taylor,Kyle Harrison,MIL@CHC,CHC,4.0,LF,R,4.2,3.23,1.0,1.027,0.9,15.7,13.85,16.4,475.0,445.0,,-2.55,-3.54,0.96,1,4.75
2026-08-31,669134,Luis Campusano,Brady Singer,SD@CIN,SD,8.0,C,R,2.95,4.0,1.0,1.033,1.095,15.7,13.85,13.7,700.0,611.0,,0.15,1.35,1.56,0,-1.0
2026-08-31,680869,Zack Gelof,Jacob Degrom,ATH@TEX,ATH,3.0,3B,R,3.92,3.11,1.006,1.0,0.944,15.6,13.8,14.3,575.0,546.0,,-0.5,-1.01,0.67,0,-1.0
2026-08-31,596019,Francisco Lindor,Ian Seymour,NYM@TB,NYM,1.0,SS,L,3.77,3.94,1.0,1.0,0.932,15.5,13.74,17.9,480.0,417.0,,-4.16,-3.5,2.1,0,-1.0
2026-08-31,545361,Mike Trout,Elmer Rodriguez,NYY@LAA,LAA,2.0,CF,R,3.64,2.56,1.0,1.039,1.12,15.5,13.74,17.1,450.0,424.0,,-3.36,-4.44,0.9,0,-1.0
2026-08-31,678246,Miguel Vargas,Peter Lambert,CWS@HOU,CWS,3.0,3B,R,4.59,2.53,1.034,1.0,0.928,15.5,13.74,20.3,400.0,350.0,,-6.56,-6.26,2.22,0,-1.0
2026-08-31,650489,Willi Castro,Cade Povich,BAL@COL,COL,5.0,3B,R,3.11,3.53,0.963,1.026,1.087,15.4,13.69,12.5,700.0,660.0,,1.19,1.19,0.66,0,-1.0
2026-08-31,677800,Wilyer Abreu,George Kirby,SEA@BOS,BOS,4.0,RF,L,3.77,2.8,1.059,1.009,0.969,15.2,13.58,17.7,430.0,427.0,,-4.12,-5.29,0.11,0,-1.0
2026-08-31,701807,Carson Benge,Ian Seymour,NYM@TB,NYM,3.0,RF,L,2.97,3.94,1.0,1.0,0.932,15.2,13.58,11.7,800.0,742.0,,1.88,2.47,0.77,0,-1.0
2026-08-31,663728,Cal Raleigh,Payton Tolle,SEA@BOS,SEA,4.0,C,R,4.13,2.82,1.037,1.009,0.9,15.2,13.58,19.7,375.0,344.0,,-6.12,-7.47,1.47,1,3.75
2026-08-31,701358,Cam Smith,Anthony Kay,CWS@HOU,HOU,6.0,RF,R,3.44,3.04,1.034,1.0,1.079,15.0,13.48,14.8,550.0,524.0,,-1.32,-1.9,0.65,0,-1.0
2026-08-31,695657,Colson Montgomery,Peter Lambert,CWS@HOU,CWS,6.0,SS,L,4.78,2.53,1.025,1.0,0.928,14.8,13.37,20.4,390.0,365.0,,-7.03,-7.04,1.1,1,3.9
2026-08-31,668901,Mark Vientos,Ian Seymour,NYM@TB,NYM,4.0,DH,R,3.91,3.94,1.0,1.0,0.932,14.7,13.31,18.2,425.0,425.0,,-4.89,-5.74,0.0,1,4.25
2026-08-31,624413,Pete Alonso,Tanner Gordon,BAL@COL,BAL,2.0,1B,R,4.98,4.18,0.966,1.026,1.025,14.6,13.26,30.4,240.0,214.0,,-17.14,-16.15,2.44,0,-1.0
2026-08-31,687637,Dylan Beavers,Tanner Gordon,BAL@COL,BAL,5.0,LF,L,2.47,4.18,1.0,1.026,1.025,14.5,13.21,16.4,475.0,463.0,,-3.19,-4.18,0.37,0,-1.0
2026-08-31,691723,Coby Mayo,Tanner Gordon,BAL@COL,BAL,4.0,DH,R,4.69,4.18,0.963,1.026,1.025,14.5,13.21,23.2,360.0,312.0,,-9.99,-8.53,2.53,0,-1.0
2026-08-31,702616,Jackson Holliday,Tanner Gordon,BAL@COL,BAL,1.0,2B,L,2.29,4.18,0.966,1.026,1.025,14.3,13.1,16.4,525.0,472.0,,-3.3,-2.9,1.48,0,-1.0
2026-08-31,676369,Nelson Velázquez,Anthony Kay,CWS@HOU,HOU,7.0,LF,R,3.55,3.04,1.0,1.0,1.079,14.3,13.1,16.7,450.0,429.0,,-3.6,-5.08,0.72,1,4.5
2026-08-31,669394,Jake Burger,Gage Jump,ATH@TEX,TEX,5.0,1B,R,4.18,2.52,1.006,1.0,1.003,14.2,13.05,17.9,425.0,388.0,,-4.85,-6.0,1.44,0,-1.0
2026-08-31,670623,Isaac Paredes,Anthony Kay,CWS@HOU,HOU,3.0,3B,R,3.06,3.04,1.0,1.0,1.079,14.1,12.99,16.7,525.0,453.0,,-3.71,-3.01,2.08,0,-1.0
2026-08-31,676724,Jared Young,Ian Seymour,NYM@TB,NYM,5.0,1B,L,2.86,3.94,1.0,1.0,0.932,14.1,12.99,13.8,625.0,612.0,,-0.81,-0.8,0.25,0,-1.0
2026-08-31,695734,Daylen Lile,Ryan Gusto,MIA@WSH,WSH,1.0,LF,L,3.13,2.91,0.991,1.01,1.037,14.0,12.94,17.0,475.0,437.0,,-4.06,-4.45,1.23,1,4.75
2026-08-31,694212,Samuel Basallo,Tanner Gordon,BAL@COL,BAL,6.0,C,L,4.44,4.18,0.975,1.026,1.025,14.0,12.94,19.7,375.0,346.0,,-6.76,-8.11,1.37,0,-1.0
2026-08-31,663886,Tyler Stephenson,Mike King,SD@CIN,CIN,5.0,C,R,3.45,2.86,1.011,1.033,1.013,14.0,12.94,15.0,525.0,490.0,,-2.06,-3.06,0.95,0,-1.0
2026-08-31,681198,Tj Rumfield,Cade Povich,BAL@COL,COL,4.0,1B,L,2.52,3.53,1.0,1.026,1.087,13.9,12.89,10.4,800.0,777.0,,2.49,1.78,0.29,0,-1.0
2026-08-31,678545,Osleivis Basabe,Bryce Elder,SF@ATL,SF,6.0,3B,R,3.09,3.51,1.0,1.012,0.984,13.8,12.83,10.4,850.0,789.0,,2.43,2.3,0.72,1,8.5
2026-08-31,691781,Brady House,Ryan Gusto,MIA@WSH,WSH,5.0,3B,R,3.38,2.91,0.995,1.01,1.037,13.8,12.83,13.3,650.0,625.0,,-0.47,-0.5,0.46,0,-1.0
2026-08-31,681297,Colton Cowser,Tanner Gordon,BAL@COL,BAL,8.0,CF,L,3.69,4.18,0.966,1.026,1.025,13.8,12.83,17.9,450.0,425.0,,-5.07,-5.35,0.87,0,-1.0
2026-08-31,668227,Randy Arozarena,Payton Tolle,SEA@BOS,SEA,1.0,LF,R,3.49,2.82,1.044,1.009,0.9,13.8,12.83,15.0,525.0,505.0,,-2.17,-3.17,0.53,1,5.25
2026-08-31,669065,Kyle Stowers,Will Dion,MIA@WSH,MIA,5.0,1B,L,3.63,3.63,0.998,1.01,0.9,13.8,12.83,19.7,390.0,368.0,,-6.87,-7.58,0.96,0,-1.0
2026-08-31,593428,Xander Bogaerts,Brady Singer,SD@CIN,SD,6.0,DH,R,2.3,4.0,1.011,1.033,1.095,13.7,12.78,14.2,550.0,550.0,,-1.42,-2.6,0.0,0,-1.0
2026-08-31,543760,Marcus Semien,Ian Seymour,NYM@TB,NYM,7.0,2B,R,3.05,3.94,1.0,1.0,0.932,13.7,12.78,11.7,800.0,733.0,,1.08,1.67,0.89,0,-1.0
2026-08-31,650490,Yandy Díaz,Robert Stock,NYM@TB,TB,1.0,DH,R,3.36,2.56,1.0,1.0,1.077,13.7,12.78,13.3,650.0,623.0,,-0.52,-0.55,0.5,0,-1.0
2026-08-31,694671,Wyatt Langford,Gage Jump,ATH@TEX,TEX,3.0,LF,R,3.83,2.52,1.0,1.0,1.003,13.6,12.72,16.4,525.0,478.0,,-3.68,-3.28,1.3,0,-1.0
2026-08-31,608369,Corey Seager,Gage Jump,ATH@TEX,TEX,2.0,SS,L,3.72,2.52,1.004,1.0,1.003,13.6,12.72,22.3,350.0,312.0,,-9.58,-9.5,2.05,0,-1.0
2026-08-31,666182,Bo Bichette,Ian Seymour,NYM@TB,NYM,2.0,3B,R,2.52,3.94,1.0,1.0,0.932,13.3,12.56,13.3,600.0,569.0,,-0.74,-1.73,0.66,0,-1.0
2026-08-31,677594,Julio Rodríguez,Payton Tolle,SEA@BOS,SEA,3.0,CF,R,3.54,2.82,1.037,1.009,0.9,13.3,12.56,17.2,500.0,428.0,,-4.64,-4.11,2.27,0,-1.0
2026-08-31,689414,Liam Hicks,Robert Stock,NYM@TB,TB,4.0,C,L,3.4,2.56,1.0,1.0,1.077,13.2,12.51,10.4,900.0,827.0,,2.11,2.51,0.79,0,-1.0
2026-08-31,679529,Spencer Torkelson,Taj Bradley,DET@MIN,DET,7.0,1B,R,3.69,3.16,0.99,0.999,0.968,13.2,12.51,16.1,500.0,462.0,,-3.59,-4.16,1.12,0,-1.0
2026-08-31,687551,Drew Gilbert,Bryce Elder,SF@ATL,SF,1.0,LF,L,2.53,3.51,1.0,1.012,0.984,13.1,12.46,13.0,700.0,646.0,,-0.54,-0.04,0.9,0,-1.0
2026-08-31,679822,Justin Foscue,Gage Jump,ATH@TEX,TEX,6.0,2B,R,3.97,2.52,1.0,1.0,1.003,13.0,12.4,13.3,650.0,610.0,,-0.9,-0.93,0.75,1,6.5
2026-08-31,681508,Mickey Gasper,George Kirby,SEA@BOS,BOS,2.0,1B,L,3.12,2.8,1.044,1.009,0.969,12.9,12.35,13.0,625.0,636.0,,-0.65,-1.44,-0.2,1,6.25
2026-08-31,608324,Alex Bregman,Kyle Harrison,MIL@CHC,CHC,3.0,3B,R,3.21,3.23,0.976,1.027,0.9,12.9,12.35,16.4,475.0,433.0,,-4.05,-5.04,1.37,1,4.75
2026-08-31,666139,Josh Lowe,Elmer Rodriguez,NYY@LAA,LAA,7.0,RF,L,3.38,2.56,1.006,1.039,1.12,12.6,12.19,11.1,800.0,729.0,,1.09,1.08,0.95,0,-1.0
2026-08-31,660688,Keibert Ruiz,Ryan Gusto,MIA@WSH,WSH,4.0,C,L,2.93,2.91,1.0,1.01,1.037,12.6,12.19,11.7,700.0,678.0,,0.49,-0.31,0.35,0,-1.0
2026-08-31,681393,Connor Norby,Cade Povich,BAL@COL,COL,2.0,2B,R,2.29,3.53,0.966,1.026,1.087,12.6,12.19,13.3,600.0,577.0,,-1.11,-2.1,0.48,0,-1.0
2026-08-31,641680,Jonah Heim,Jacob Degrom,ATH@TEX,ATH,8.0,C,L,3.56,3.11,1.004,1.0,0.944,12.3,12.03,11.6,800.0,739.0,,0.43,0.92,0.81,0,-1.0
2026-08-31,682626,Francisco Álvarez,Ian Seymour,NYM@TB,NYM,9.0,C,R,3.52,3.94,1.0,1.0,0.932,12.2,11.97,14.0,650.0,556.0,,-2.03,-1.36,1.91,0,-1.0
2026-08-31,665923,Esteury Ruiz,Will Dion,MIA@WSH,MIA,8.0,RF,R,3.01,3.63,1.0,1.01,0.9,11.9,11.81,11.0,900.0,766.0,,0.81,1.81,1.55,0,-1.0
2026-08-31,666018,Jonathan Aranda,Robert Stock,NYM@TB,TB,2.0,1B,L,2.95,2.56,1.0,1.0,1.077,11.8,11.76,14.4,650.0,566.0,,-2.64,-1.57,1.69,0,-1.0
2026-08-31,641343,Jake Bauers,Clay Holmes,MIL@CHC,MIL,3.0,1B,L,4.36,1.88,1.0,1.027,0.978,11.7,11.71,19.1,400.0,364.0,,-7.39,-8.29,1.55,0,-1.0
2026-08-31,671732,Lawrence Butler,Jacob Degrom,ATH@TEX,ATH,4.0,RF,L,2.82,3.11,1.0,1.0,0.944,11.7,11.71,13.3,625.0,597.0,,-1.59,-2.08,0.56,0,-1.0
2026-08-31,680776,Jarren Duran,George Kirby,SEA@BOS,BOS,7.0,LF,L,3.29,2.8,1.044,1.009,0.969,11.7,11.71,14.0,625.0,551.0,,-2.29,-2.08,1.57,1,6.25
2026-08-31,678882,Ceddanne Rafaela,George Kirby,SEA@BOS,BOS,3.0,CF,R,2.89,2.8,1.037,1.009,0.969,11.7,11.71,10.4,850.0,824.0,,1.31,1.18,0.29,0,-1.0
2026-08-31,677649,Ezequiel Duran,Gage Jump,ATH@TEX,TEX,1.0,CF,R,3.03,2.52,1.006,1.0,1.003,11.5,11.6,11.7,800.0,753.0,,-0.1,0.49,0.61,0,-1.0
2026-08-31,607208,Trea Turner,Brandon Pfaadt,PHI@AZ,PHI,2.0,SS,R,2.91,2.84,1.0,1.0,0.952,11.5,11.6,11.6,850.0,684.0,,0.0,1.07,2.23,0,-1.0
2026-08-31,680574,Matt Mclain,Mike King,SD@CIN,CIN,7.0,SS,R,3.06,2.86,1.0,1.033,1.013,11.4,11.54,13.3,700.0,659.0,,-1.76,-0.96,0.68,0,-1.0
2026-08-31,643217,Andrew Benintendi,Peter Lambert,CWS@HOU,CWS,4.0,DH,L,3.35,2.53,1.016,1.0,0.928,11.3,11.49,15.0,550.0,521.0,,-3.51,-3.89,0.72,0,-1.0
2026-08-31,691777,Max Muncy,Jacob Degrom,ATH@TEX,ATH,6.0,DH,R,2.92,3.11,1.004,1.0,0.944,11.3,11.49,,,,,,,,0,
2026-08-31,650402,Gleyber Torres,Taj Bradley,DET@MIN,DET,1.0,2B,R,2.49,3.16,0.99,0.999,0.968,11.2,11.44,10.4,850.0,829.0,,1.04,0.91,0.23,0,-1.0
2026-08-31,543877,Christian Vázquez,Anthony Kay,CWS@HOU,HOU,9.0,C,R,2.91,3.04,1.034,1.0,1.079,11.2,11.44,8.6,1000.0,952.0,,2.84,2.35,0.42,0,-1.0
2026-08-31,656775,Cedric Mullins,Robert Stock,NYM@TB,TB,6.0,CF,L,3.1,2.56,1.0,1.0,1.077,11.2,11.44,14.3,600.0,550.0,,-2.86,-2.85,1.09,0,-1.0
2026-08-31,690993,Colt Keith,Taj Bradley,DET@MIN,DET,2.0,DH,L,2.5,3.16,1.009,0.999,0.968,11.2,11.44,15.0,550.0,525.0,,-3.56,-3.94,0.62,0,-1.0
2026-08-31,677942,Blaze Alexander,Tanner Gordon,BAL@COL,BAL,7.0,3B,R,2.03,4.18,1.0,1.026,1.025,11.2,11.44,14.3,600.0,560.0,,-2.86,-2.85,0.86,0,-1.0
2026-08-31,683737,Michael Busch,Kyle Harrison,MIL@CHC,CHC,6.0,1B,L,2.83,3.23,1.0,1.027,0.9,11.1,11.38,15.9,525.0,469.0,,-4.52,-4.62,1.57,0,-1.0
2026-08-31,669016,Brandon Marsh,Brandon Pfaadt,PHI@AZ,PHI,7.0,LF,L,3.29,2.84,1.0,1.0,0.952,11.1,11.38,10.4,950.0,809.0,,0.98,1.86,1.48,0,-1.0
2026-08-31,694192,Jackson Chourio,Clay Holmes,MIL@CHC,MIL,2.0,LF,R,4.06,1.88,0.978,1.027,0.978,10.9,11.28,18.5,425.0,384.0,,-7.22,-7.77,1.61,0,-1.0
2026-08-31,687093,Vaughn Grissom,Elmer Rodriguez,NYY@LAA,LAA,4.0,1B,R,2.59,2.56,1.0,1.039,1.12,10.9,11.28,9.4,950.0,859.0,,1.88,1.76,0.91,0,-1.0
2026-08-31,662139,Daulton Varsho,Anthony Kay,CWS@HOU,HOU,5.0,CF,L,2.34,3.04,1.025,1.0,1.079,10.7,11.17,13.3,750.0,658.0,,-2.13,-0.59,1.43,0,-1.0
2026-08-31,805808,Kevin Mcgonigle,Taj Bradley,DET@MIN,DET,3.0,SS,L,2.46,3.16,1.0,0.999,0.968,10.7,11.17,14.3,625.0,570.0,,-3.13,-2.62,1.14,0,-1.0
2026-08-31,665750,Leody Taveras,Tanner Gordon,BAL@COL,BAL,9.0,RF,L,2.12,4.18,1.0,1.026,1.025,10.6,11.12,13.3,600.0,574.0,,-2.18,-3.17,0.55,0,-1.0
2026-08-31,676356,Jonny Deluca,Robert Stock,NYM@TB,TB,7.0,RF,R,3.06,2.56,1.0,1.0,1.077,10.5,11.06,10.9,850.0,769.0,,0.16,0.53,0.98,0,-1.0
2026-08-31,678662,Ezequiel Tovar,Cade Povich,BAL@COL,COL,9.0,SS,R,2.4,3.53,0.963,1.026,1.087,10.4,11.01,11.7,700.0,718.0,,-0.69,-1.49,-0.28,0,-1.0
2026-08-31,694208,Moisés Ballesteros,Elmer Rodriguez,NYY@LAA,LAA,5.0,DH,L,2.47,2.56,1.0,1.039,1.12,10.1,10.85,11.1,800.0,720.0,,-0.25,-0.26,1.09,0,-1.0
2026-08-31,664761,Alec Bohm,Brandon Pfaadt,PHI@AZ,PHI,5.0,1B,R,2.68,2.84,1.0,1.0,0.952,9.9,10.74,8.9,1100.0,958.0,,1.84,2.41,1.12,0,-1.0
2026-08-31,553869,Elías Díaz,Gage Jump,ATH@TEX,TEX,7.0,DH,R,3.13,2.52,1.0,1.0,1.003,9.9,10.74,13.5,600.0,564.0,,-2.76,-3.55,0.77,0,-1.0
2026-08-31,808982,Jung Hoo Lee,Bryce Elder,SF@ATL,SF,5.0,RF,L,2.03,3.51,1.0,1.012,0.984,9.7,10.63,8.6,1000.0,999.0,,2.03,1.54,0.01,0,-1.0
2026-08-31,701678,Hao-Yu Lee,Taj Bradley,DET@MIN,DET,9.0,3B,R,2.79,3.16,1.0,0.999,0.968,9.7,10.63,14.1,600.0,544.0,,-3.47,-3.66,1.24,1,6.0
2026-08-31,666126,Carlos Cortes,Jacob Degrom,ATH@TEX,ATH,7.0,LF,L,2.62,3.11,1.004,1.0,0.944,9.7,10.63,11.0,800.0,744.0,,-0.37,-0.48,0.74,0,-1.0
2026-08-31,642215,Weston Wilson,Payton Tolle,SEA@BOS,SEA,8.0,3B,R,3.01,2.82,1.037,1.009,0.9,9.7,10.63,11.7,750.0,673.0,,-1.07,-1.13,1.18,0,-1.0
2026-08-31,696285,Jacob Young,Ryan Gusto,MIA@WSH,WSH,7.0,CF,R,2.55,2.91,0.995,1.01,1.037,9.7,10.63,8.9,1000.0,939.0,,1.73,1.54,0.53,0,-1.0
2026-08-31,702284,Cole Young,Payton Tolle,SEA@BOS,SEA,7.0,2B,L,2.93,2.82,1.0,1.009,0.9,9.5,10.53,8.6,1200.0,1040.0,,1.93,2.84,1.08,0,-1.0
2026-08-31,702332,Caleb Durbin,George Kirby,SEA@BOS,BOS,6.0,3B,R,2.53,2.8,1.037,1.009,0.969,9.5,10.53,9.4,950.0,931.0,,1.13,1.01,0.18,0,-1.0
2026-08-31,608348,Carson Kelly,Kyle Harrison,MIL@CHC,CHC,7.0,C,R,2.64,3.23,0.961,1.027,0.9,9.5,10.53,14.3,550.0,514.0,,-3.77,-4.85,0.91,1,5.5
2026-08-31,807713,Matt Shaw,Kyle Harrison,MIL@CHC,CHC,9.0,2B,R,2.81,3.23,0.978,1.027,0.9,9.4,10.47,13.1,650.0,669.0,,-2.63,-2.86,-0.33,1,6.5
2026-08-31,607043,Brandon Nimmo,Gage Jump,ATH@TEX,TEX,4.0,RF,L,2.61,2.52,1.0,1.0,1.003,9.4,10.47,14.3,625.0,577.0,,-3.83,-3.32,0.98,0,-1.0
2026-08-31,703601,Max Clark,Taj Bradley,DET@MIN,DET,8.0,CF,L,2.5,3.16,1.0,0.999,0.968,9.2,10.36,10.4,850.0,796.0,,-0.04,-0.17,0.63,0,-1.0
2026-08-31,805999,A. J. Ewing,Ian Seymour,NYM@TB,NYM,8.0,CF,L,2.06,3.94,1.0,1.0,0.932,9.1,10.31,,,,,,,,0,
2026-08-31,665804,Miguel Amaya,Kyle Harrison,MIL@CHC,CHC,8.0,DH,R,2.55,3.23,0.978,1.027,0.9,9.0,10.26,13.3,625.0,626.0,,-3.04,-3.53,-0.02,0,-1.0
2026-08-31,703607,Henry Bolte,Jacob Degrom,ATH@TEX,ATH,1.0,CF,R,2.0,3.11,1.0,1.0,0.944,8.8,10.15,10.4,900.0,838.0,,-0.25,0.15,0.66,0,-1.0
2026-08-31,669397,Nick Allen,Anthony Kay,CWS@HOU,HOU,8.0,2B,R,2.14,3.04,1.034,1.0,1.079,8.8,10.15,8.5,1100.0,1064.0,,1.65,1.82,0.26,0,-1.0
2026-08-31,643376,Danny Jansen,Gage Jump,ATH@TEX,TEX,9.0,C,R,3.05,2.52,1.0,1.0,1.003,8.8,10.15,12.3,700.0,655.0,,-2.15,-2.35,0.75,0,-1.0
2026-08-31,672724,Oswald Peraza,Elmer Rodriguez,NYY@LAA,LAA,8.0,3B,R,2.34,2.56,1.004,1.039,1.12,8.5,9.99,8.6,1100.0,1035.0,,1.39,1.66,0.48,0,-1.0
2026-08-31,671976,Tristan Peters,Peter Lambert,CWS@HOU,CWS,8.0,CF,L,2.94,2.53,1.0,1.0,0.928,8.4,9.94,11.0,850.0,763.0,,-1.06,-0.59,1.06,0,-1.0
2026-08-31,695720,Tommy White,Jacob Degrom,ATH@TEX,ATH,5.0,1B,R,2.07,3.11,1.0,1.0,0.944,8.4,9.94,10.4,900.0,804.0,,-0.46,-0.06,1.06,0,-1.0
2026-08-31,686765,Nick Sogard,George Kirby,SEA@BOS,BOS,5.0,2B,L,2.19,2.8,1.0,1.009,0.969,8.3,9.88,9.7,1100.0,941.0,,0.18,1.55,1.28,0,-1.0
2026-08-31,668930,Brice Turang,Clay Holmes,MIL@CHC,MIL,1.0,2B,L,2.95,1.88,0.958,1.027,0.978,8.1,9.77,14.0,600.0,549.0,,-4.23,-4.52,1.12,0,-1.0
2026-08-31,641487,J. P. Crawford,Payton Tolle,SEA@BOS,SEA,9.0,SS,L,2.72,2.82,1.0,1.009,0.9,8.0,9.72,,,,,,,,0,
2026-08-31,668670,Jake Rogers,Peter Lambert,CWS@HOU,CWS,9.0,C,R,2.79,2.53,1.034,1.0,0.928,7.8,9.61,13.8,700.0,636.0,,-4.19,-2.89,1.09,0,-1.0
2026-08-31,596115,Trevor Story,George Kirby,SEA@BOS,BOS,8.0,SS,R,2.21,2.8,1.049,1.009,0.969,7.7,9.56,10.4,800.0,751.0,,-0.84,-1.55,0.64,0,-1.0
2026-08-31,657136,Connor Wong,George Kirby,SEA@BOS,BOS,9.0,C,R,2.3,2.8,1.044,1.009,0.969,7.6,9.51,8.6,1000.0,1009.0,,0.91,0.42,-0.07,0,-1.0
2026-08-31,670770,Tj Friedl,Mike King,SD@CIN,CIN,8.0,CF,L,2.02,2.86,1.0,1.033,1.013,7.3,9.35,10.3,1000.0,873.0,,-0.95,0.26,1.19,0,-1.0
2026-08-31,647304,Josh Naylor,Payton Tolle,SEA@BOS,SEA,5.0,1B,L,2.05,2.82,1.0,1.009,0.9,7.3,9.35,9.4,900.0,850.0,,-0.05,-0.65,0.53,0,-1.0
2026-08-31,805367,Chase Meidroth,Peter Lambert,CWS@HOU,CWS,7.0,2B,R,2.34,2.53,1.0,1.0,0.928,7.0,9.19,8.6,1200.0,1080.0,,0.59,1.5,0.78,0,-1.0
2026-08-31,695731,Braden Montgomery,Peter Lambert,CWS@HOU,CWS,5.0,RF,L,2.14,2.53,1.0,1.0,0.928,6.9,9.13,11.0,850.0,776.0,,-1.87,-1.4,0.89,0,-1.0
2026-08-31,661388,William Contreras,Clay Holmes,MIL@CHC,MIL,4.0,C,R,2.5,1.88,0.978,1.027,0.978,6.6,8.97,15.6,525.0,482.0,,-6.63,-7.03,1.18,0,-1.0
2026-08-31,592885,Christian Yelich,Clay Holmes,MIL@CHC,MIL,5.0,DH,L,2.35,1.88,0.976,1.027,0.978,6.0,8.65,13.3,625.0,628.0,,-4.65,-5.14,-0.05,0,-1.0
2026-08-31,669003,Garrett Mitchell,Clay Holmes,MIL@CHC,MIL,6.0,CF,L,2.2,1.88,1.0,1.027,0.978,5.6,8.43,12.6,700.0,690.0,,-4.17,-4.07,0.16,0,-1.0
2026-09-01,696100,Hunter Goodman,Kyle Bradish,BAL@COL,COL,3.0,DH,R,6.51,2.7,0.963,1.007,1.017,23.3,17.93,23.6,300.0,283.0,,-5.67,-7.07,1.11,0,-1.0
2026-09-01,701398,Sal Stewart,Randy Vásquez,SD@CIN,CIN,3.0,1B,R,4.81,2.92,1.011,1.031,1.12,22.2,17.34,19.7,375.0,346.0,,-2.36,-3.71,1.37,0,-1.0
2026-09-01,670541,Yordan Álvarez,Sean Burke,CWS@HOU,HOU,2.0,DH,L,5.67,2.93,1.005,1.0,0.948,21.9,17.18,25.8,285.0,262.0,,-8.62,-8.79,1.65,0,-1.0
2026-09-01,660271,Shohei Ohtani,Michael Mcgreevy,STL@LAD,LAD,1.0,DH,L,4.78,3.33,0.996,1.022,1.12,21.1,16.75,26.2,260.0,231.0,,-9.45,-11.03,2.43,0,-1.0
2026-09-01,571970,Max Muncy,Michael Mcgreevy,STL@LAD,LAD,4.0,3B,L,5.0,3.33,1.001,1.022,1.12,20.7,16.53,18.8,400.0,372.0,,-2.27,-3.47,1.19,0,-1.0
2026-09-01,691718,Pete Crow-Armstrong,Robert Gasser,MIL@CHC,CHC,1.0,CF,L,5.64,3.46,1.0,1.027,1.007,19.8,16.05,23.2,300.0,269.0,,-7.15,-8.95,2.1,0,-1.0
2026-09-01,668709,Jj Bleday,Randy Vásquez,SD@CIN,CIN,4.0,LF,L,4.25,2.92,1.011,1.031,1.12,19.7,16.0,20.8,380.0,344.0,,-4.8,-4.83,1.69,0,-1.0
2026-09-01,643217,Andrew Benintendi,Ronel Blanco,CWS@HOU,CWS,4.0,DH,L,3.33,4.59,1.016,1.0,1.12,19.7,16.0,17.1,450.0,438.0,,-1.1,-2.18,0.41,0,-1.0
2026-09-01,621566,Matt Olson,Jake Irvin,ATL@WSH,ATL,3.0,1B,L,5.64,3.62,0.998,1.028,1.117,19.3,15.78,28.6,270.0,235.0,,-12.82,-11.25,2.82,0,-1.0
2026-09-01,686948,Drake Baldwin,Jake Irvin,ATL@WSH,ATL,1.0,C,L,4.07,3.62,1.001,1.028,1.117,19.1,15.67,20.8,370.0,332.0,,-5.13,-5.61,1.87,0,-1.0
2026-09-01,695506,Jac Caglianone,Tyler Phillips,MIA@KC,KC,3.0,RF,L,4.35,3.06,1.0,1.0,1.062,19.0,15.62,20.8,370.0,336.0,,-5.18,-5.66,1.66,0,-1.0
2026-09-01,666160,Mickey Moniak,Kyle Bradish,BAL@COL,COL,2.0,RF,L,4.98,2.7,0.956,1.007,1.017,18.6,15.41,18.4,425.0,390.0,,-2.99,-3.64,1.36,0,-1.0
2026-09-01,691406,Junior Caminero,Sean Manaea,NYM@TB,TB,3.0,3B,R,5.63,3.58,1.0,1.0,1.068,18.4,15.3,24.6,280.0,255.0,,-9.3,-11.02,1.85,0,-1.0
2026-09-01,665487,Fernando Tatís,Nick Lodolo,SD@CIN,SD,1.0,2B,R,2.86,3.82,1.0,1.031,1.12,18.3,15.24,,,,,,,,1,
2026-09-01,676475,Alec Burleson,Eric Lauer,STL@LAD,STL,4.0,1B,L,3.53,4.76,1.0,1.022,1.064,18.2,15.19,16.4,475.0,432.0,,-1.21,-2.2,1.41,0,-1.0
2026-09-01,671739,Michael Harris,Jake Irvin,ATL@WSH,ATL,4.0,CF,L,4.08,3.62,0.998,1.028,1.117,18.2,15.19,,,,,,,,1,
2026-09-01,671976,Tristan Peters,Ronel Blanco,CWS@HOU,CWS,7.0,CF,L,2.93,4.59,1.0,1.0,1.12,18.2,15.19,10.4,800.0,774.0,,4.79,4.08,0.33,0,-1.0
2026-09-01,694192,Jackson Chourio,Matt Boyd,MIL@CHC,MIL,1.0,LF,R,4.03,3.54,0.978,1.027,1.082,18.2,15.19,22.0,330.0,306.0,,-6.81,-8.07,1.37,0,-1.0
2026-09-01,592518,Manny Machado,Nick Lodolo,SD@CIN,SD,3.0,3B,R,3.95,3.82,1.011,1.031,1.12,18.2,15.19,22.0,325.0,310.0,,-6.81,-8.34,0.86,0,-1.0
2026-09-01,682829,Elly De La Cruz,Randy Vásquez,SD@CIN,CIN,2.0,DH,R,3.77,2.92,1.011,1.031,1.12,18.1,15.14,22.0,340.0,316.0,,-6.86,-7.59,1.31,0,-1.0
2026-09-01,660670,Ronald Acuña,Jake Irvin,ATL@WSH,ATL,2.0,RF,R,3.37,3.62,1.0,1.028,1.117,18.1,15.14,,,,,,,,0,
2026-09-01,664034,Ty France,Nick Lodolo,SD@CIN,SD,4.0,1B,R,4.24,3.82,1.012,1.031,1.12,18.1,15.14,16.4,480.0,454.0,,-1.26,-2.1,0.81,0,-1.0
2026-09-01,641343,Jake Bauers,Matt Boyd,MIL@CHC,MIL,4.0,RF,L,4.34,3.54,1.0,1.027,1.082,18.0,15.08,17.9,460.0,426.0,,-2.82,-2.78,1.15,0,-1.0
2026-09-01,665742,Juan Soto,Freddy Peralta,NYM@TB,NYM,2.0,DH,L,5.25,3.44,1.0,1.0,0.978,18.0,15.08,20.8,350.0,324.0,,-5.72,-7.14,1.36,0,-1.0
2026-09-01,602104,Ramón Urías,Eric Lauer,STL@LAD,STL,7.0,3B,R,3.22,4.76,0.996,1.022,1.064,17.7,14.92,14.9,550.0,515.0,,0.02,-0.46,0.88,1,5.5
2026-09-01,668723,Ryan Vilade,Sean Manaea,NYM@TB,TB,2.0,1B,R,4.24,3.58,1.0,1.0,1.068,17.7,14.92,15.8,525.0,479.0,,-0.88,-1.08,1.27,0,-1.0
2026-09-01,701538,Jackson Merrill,Nick Lodolo,SD@CIN,SD,5.0,CF,L,3.71,3.82,1.011,1.031,1.12,17.6,14.87,17.9,440.0,420.0,,-3.03,-3.65,0.71,0,-1.0
2026-09-01,671056,Iván Herrera,Eric Lauer,STL@LAD,STL,2.0,DH,R,2.41,4.76,1.001,1.022,1.064,17.6,14.87,16.4,475.0,437.0,,-1.53,-2.52,1.23,0,-1.0
2026-09-01,605141,Mookie Betts,Michael Mcgreevy,STL@LAD,LAD,3.0,SS,R,3.61,3.33,1.001,1.022,1.12,17.6,14.87,15.7,500.0,465.0,,-0.83,-1.8,1.03,0,-1.0
2026-09-01,673548,Seiya Suzuki,Robert Gasser,MIL@CHC,CHC,2.0,RF,R,4.23,3.46,1.0,1.027,1.007,17.4,14.76,23.2,310.0,293.0,,-8.44,-9.63,1.06,0,-1.0
2026-09-01,621438,Tyrone Taylor,Robert Gasser,MIL@CHC,CHC,4.0,LF,R,4.43,3.46,1.0,1.027,1.007,17.3,14.71,16.4,475.0,439.0,,-1.69,-2.68,1.16,0,-1.0
2026-09-01,650490,Yandy Díaz,Sean Manaea,NYM@TB,TB,1.0,DH,R,3.34,3.58,1.0,1.0,1.068,17.2,14.65,17.1,450.0,423.0,,-2.45,-3.53,0.94,1,4.5
2026-09-01,665161,Jeremy Peña,Sean Burke,CWS@HOU,HOU,1.0,SS,R,4.12,2.93,1.034,1.0,0.948,17.2,14.65,15.6,550.0,506.0,,-0.95,-0.73,1.12,0,-1.0
2026-09-01,665877,José Fermín,Eric Lauer,STL@LAD,STL,1.0,2B,R,2.24,4.76,1.001,1.022,1.064,16.9,14.49,11.7,800.0,780.0,,2.79,3.38,0.25,0,-1.0
2026-09-01,672386,Alejandro Kirk,Gavin Williams,TOR@CLE,TOR,2.0,C,R,3.25,4.03,1.006,1.012,0.976,16.8,14.44,11.7,800.0,770.0,,2.74,3.33,0.38,0,-1.0
2026-09-01,695600,Carter Jensen,Tyler Phillips,MIA@KC,KC,1.0,C,L,3.57,3.06,1.0,1.0,1.062,16.7,14.39,19.7,425.0,372.0,,-5.31,-4.66,2.14,0,-1.0
2026-09-01,543807,George Springer,Gavin Williams,TOR@CLE,TOR,4.0,DH,R,3.15,4.03,1.015,1.012,0.976,16.6,14.33,14.3,550.0,542.0,,0.03,-1.05,0.2,0,-1.0
2026-09-01,645277,Ozzie Albies,Jake Irvin,ATL@WSH,ATL,6.0,DH,R,3.34,3.62,0.995,1.028,1.117,16.3,14.17,16.4,480.0,455.0,,-2.23,-3.07,0.78,1,4.8
2026-09-01,596019,Francisco Lindor,Freddy Peralta,NYM@TB,NYM,1.0,SS,L,3.74,3.44,1.0,1.0,0.978,16.2,14.12,16.7,475.0,438.0,,-2.58,-3.27,1.2,1,4.75
2026-09-01,679822,Justin Foscue,Brady Basso,ATH@TEX,TEX,1.0,DH,R,4.26,2.76,1.0,1.0,0.937,16.1,14.06,13.3,625.0,612.0,,0.76,0.27,0.25,0,-1.0
2026-09-01,676356,Jonny Deluca,Sean Manaea,NYM@TB,TB,4.0,CF,R,3.03,3.58,1.0,1.0,1.068,16.0,14.01,10.4,800.0,739.0,,3.61,2.9,0.81,0,-1.0
2026-09-01,691011,Drew Romo,Ronel Blanco,CWS@HOU,CWS,9.0,C,L,3.36,4.59,1.0,1.0,1.12,15.8,13.9,11.7,800.0,741.0,,2.2,2.79,0.78,0,-1.0
2026-09-01,668930,Brice Turang,Matt Boyd,MIL@CHC,MIL,2.0,2B,L,2.94,3.54,0.958,1.027,1.082,15.8,13.9,11.7,750.0,753.0,,2.2,2.14,-0.04,0,-1.0
2026-09-01,608324,Alex Bregman,Robert Gasser,MIL@CHC,CHC,3.0,3B,R,3.59,3.46,0.976,1.027,1.007,15.7,13.85,17.9,460.0,423.0,,-4.05,-4.01,1.26,0,-1.0
2026-09-01,646240,Rafael Devers,Paul Skenes,SF@PIT,SF,2.0,DH,L,4.78,2.48,1.0,1.025,0.9,15.6,13.8,20.3,375.0,342.0,,-6.5,-7.25,1.57,1,3.75
2026-09-01,701675,Nathan Church,Eric Lauer,STL@LAD,STL,9.0,CF,L,2.7,4.76,1.0,1.022,1.064,15.6,13.8,11.0,850.0,803.0,,2.8,3.27,0.54,0,-1.0
2026-09-01,687263,Zach Neto,Gerrit Cole,NYY@LAA,LAA,1.0,SS,R,3.72,3.18,1.0,1.041,0.9,15.5,13.74,17.9,500.0,448.0,,-4.16,-2.93,1.58,0,-1.0
2026-09-01,678246,Miguel Vargas,Ronel Blanco,CWS@HOU,CWS,3.0,3B,R,4.56,4.59,1.034,1.0,1.12,15.5,13.74,19.5,400.0,359.0,,-5.76,-6.26,1.79,0,-1.0
2026-09-01,665019,Kody Clemens,Troy Melton,DET@MIN,MIN,3.0,2B,L,4.38,2.73,1.009,1.002,0.911,15.4,13.69,17.9,450.0,416.0,,-4.21,-4.49,1.2,1,4.5
2026-09-01,572233,Christian Walker,Sean Burke,CWS@HOU,HOU,6.0,1B,R,4.15,2.93,1.034,1.0,0.948,15.4,13.69,17.9,450.0,425.0,,-4.21,-4.49,0.87,0,-1.0
2026-09-01,624431,Jose Trevino,Randy Vásquez,SD@CIN,CIN,6.0,C,R,3.51,2.92,1.011,1.031,1.12,15.4,13.69,11.7,800.0,746.0,,1.99,2.58,0.71,0,-1.0
2026-09-01,680869,Zack Gelof,Mackenzie Gore,ATH@TEX,ATH,2.0,LF,R,3.89,2.86,1.006,1.0,0.967,15.4,13.69,13.3,650.0,591.0,,0.39,0.36,1.14,0,-1.0
2026-09-01,677800,Wilyer Abreu,Bryan Woo,SEA@BOS,BOS,4.0,DH,L,3.74,2.94,1.059,1.002,0.944,15.3,13.64,16.9,450.0,435.0,,-3.26,-4.54,0.51,0,-1.0
2026-09-01,669257,Will Smith,Michael Mcgreevy,STL@LAD,LAD,5.0,C,R,3.0,3.33,1.0,1.022,1.12,15.3,13.64,17.5,450.0,420.0,,-3.86,-4.54,1.05,0,-1.0
2026-09-01,622761,Jorge Mateo,Sean Manaea,NYM@TB,TB,5.0,2B,R,3.01,3.58,1.0,1.0,1.068,15.3,13.64,13.3,650.0,583.0,,0.34,0.31,1.31,0,-1.0
2026-09-01,665052,Griffin Conine,Randy Dobnak,MIA@KC,MIA,2.0,1B,L,5.02,2.02,1.0,1.0,1.041,15.1,13.53,18.8,410.0,381.0,,-5.27,-6.08,1.18,0,-1.0
2026-09-01,664770,Nathan Lukes,Gavin Williams,TOR@CLE,TOR,5.0,RF,L,2.81,4.03,1.011,1.012,0.976,15.1,13.53,9.4,900.0,863.0,,4.13,3.53,0.38,0,-1.0
2026-09-01,683748,Victor Mesa,Sean Manaea,NYM@TB,TB,8.0,RF,L,4.56,3.58,1.0,1.0,1.068,15.0,13.48,,,,,,,,0,
2026-09-01,545361,Mike Trout,Gerrit Cole,NYY@LAA,LAA,2.0,CF,R,3.61,3.18,1.0,1.041,0.9,14.8,13.37,18.5,425.0,390.0,,-5.13,-5.68,1.36,0,-1.0
2026-09-01,681715,Heriberto Hernandez,Randy Dobnak,MIA@KC,MIA,3.0,LF,R,4.98,2.02,1.0,1.0,1.041,14.7,13.31,21.3,350.0,333.0,,-7.99,-8.91,0.87,0,-1.0
2026-09-01,691023,Jordan Walker,Eric Lauer,STL@LAD,STL,3.0,RF,R,4.43,4.76,1.001,1.022,1.064,14.7,13.31,23.1,325.0,287.0,,-9.79,-10.22,2.31,1,3.25
2026-09-01,518692,Freddie Freeman,Michael Mcgreevy,STL@LAD,LAD,2.0,1B,L,2.69,3.33,0.996,1.022,1.12,14.6,13.26,16.4,500.0,444.0,,-3.14,-3.41,1.71,0,-1.0
2026-09-01,663586,Austin Riley,Jake Irvin,ATL@WSH,ATL,7.0,3B,R,2.81,3.62,0.99,1.028,1.117,14.3,13.1,18.8,400.0,368.0,,-5.7,-6.9,1.37,0,-1.0
2026-09-01,681508,Mickey Gasper,Bryan Woo,SEA@BOS,BOS,2.0,1B,L,3.43,2.94,1.044,1.002,0.944,14.3,13.1,13.3,625.0,612.0,,-0.2,-0.69,0.25,1,6.25
2026-09-01,545341,Randal Grichuk,Ronel Blanco,CWS@HOU,CWS,6.0,RF,R,4.42,4.59,1.0,1.0,1.12,14.3,13.1,18.7,400.0,387.0,,-5.6,-6.9,0.53,0,-1.0
2026-09-01,521692,Salvador Pérez,Tyler Phillips,MIA@KC,KC,4.0,DH,R,3.13,3.06,1.0,1.0,1.062,14.2,13.05,16.4,475.0,431.0,,-3.35,-4.34,1.44,0,-1.0
2026-09-01,664040,Brandon Lowe,Logan Webb,SF@PIT,PIT,2.0,2B,L,4.62,2.13,1.016,1.025,0.962,14.2,13.05,16.4,475.0,446.0,,-3.35,-4.34,0.93,1,4.75
2026-09-01,677951,Bobby Witt,Tyler Phillips,MIA@KC,KC,2.0,SS,R,3.03,3.06,1.0,1.0,1.062,14.1,12.99,,,,,,,,0,
2026-09-01,699013,Esmerlyn Valdez,Logan Webb,SF@PIT,PIT,6.0,RF,R,5.18,2.13,1.0,1.025,0.962,14.1,12.99,13.9,650.0,567.0,,-0.91,-0.34,1.66,0,-1.0
2026-09-01,805367,Chase Meidroth,Ronel Blanco,CWS@HOU,CWS,8.0,2B,R,2.32,4.59,1.0,1.0,1.12,14.1,12.99,8.6,1200.0,1045.0,,4.39,5.3,1.04,0,-1.0
2026-09-01,669394,Jake Burger,Brady Basso,ATH@TEX,TEX,6.0,1B,R,4.15,2.76,1.006,1.0,0.937,14.0,12.94,17.1,450.0,429.0,,-4.16,-5.24,0.72,0,-1.0
2026-09-01,695657,Colson Montgomery,Ronel Blanco,CWS@HOU,CWS,5.0,SS,L,4.9,4.59,1.025,1.0,1.12,13.9,12.89,20.8,350.0,335.0,,-7.91,-9.33,0.77,0,-1.0
2026-09-01,686797,Brooks Lee,Troy Melton,DET@MIN,MIN,2.0,3B,R,3.93,2.73,0.99,1.002,0.911,13.9,12.89,15.0,650.0,551.0,,-2.11,-0.44,2.03,0,-1.0
2026-09-01,701807,Carson Benge,Freddy Peralta,NYM@TB,NYM,4.0,RF,L,2.95,3.44,1.0,1.0,0.978,13.9,12.89,11.7,750.0,710.0,,1.19,1.13,0.59,0,-1.0
2026-09-01,694671,Wyatt Langford,Brady Basso,ATH@TEX,TEX,3.0,LF,R,3.8,2.76,1.0,1.0,0.937,13.8,12.83,16.4,500.0,469.0,,-3.57,-3.84,0.9,0,-1.0
2026-09-01,680574,Matt Mclain,Randy Vásquez,SD@CIN,CIN,5.0,SS,R,3.04,2.92,1.0,1.031,1.12,13.8,12.83,15.3,525.0,487.0,,-2.47,-3.17,1.04,0,-1.0
2026-09-01,608369,Corey Seager,Brady Basso,ATH@TEX,TEX,2.0,SS,L,3.69,2.76,1.004,1.0,0.937,13.8,12.83,19.1,400.0,372.0,,-6.27,-7.17,1.19,0,-1.0
2026-09-01,695336,Thomas Saggese,Eric Lauer,STL@LAD,STL,8.0,SS,R,2.23,4.76,0.996,1.022,1.064,13.7,12.78,13.2,700.0,680.0,,-0.42,0.28,0.32,1,7.0
2026-09-01,672960,Kazuma Okamoto,Gavin Williams,TOR@CLE,TOR,6.0,3B,R,4.77,4.03,1.006,1.012,0.976,13.7,12.78,16.4,475.0,432.0,,-3.62,-4.61,1.41,0,-1.0
2026-09-01,687749,Jase Bowen,Nick Lodolo,SD@CIN,SD,9.0,RF,R,2.76,3.82,1.0,1.031,1.12,13.7,12.78,12.5,850.0,716.0,,0.28,2.25,1.72,0,-1.0
2026-09-01,641680,Jonah Heim,Mackenzie Gore,ATH@TEX,ATH,4.0,C,L,3.53,2.86,1.004,1.0,0.967,13.7,12.78,12.4,700.0,650.0,,0.38,0.28,0.83,0,-1.0
2026-09-01,661388,William Contreras,Matt Boyd,MIL@CHC,MIL,3.0,C,R,2.48,3.54,0.978,1.027,1.082,13.5,12.67,18.8,420.0,385.0,,-6.13,-6.56,1.39,0,-1.0
2026-09-01,682626,Francisco Álvarez,Freddy Peralta,NYM@TB,NYM,7.0,C,R,3.5,3.44,1.0,1.0,0.978,13.4,12.62,16.2,480.0,459.0,,-3.58,-4.62,0.65,0,-1.0
2026-09-01,665833,Oneil Cruz,Logan Webb,SF@PIT,PIT,5.0,CF,L,4.6,2.13,1.016,1.025,0.962,13.2,12.51,16.4,475.0,439.0,,-3.89,-4.88,1.16,0,-1.0
2026-09-01,593428,Xander Bogaerts,Nick Lodolo,SD@CIN,SD,6.0,SS,R,2.29,3.82,1.011,1.031,1.12,13.2,12.51,14.3,600.0,554.0,,-1.79,-1.78,1.0,0,-1.0
2026-09-01,683737,Michael Busch,Robert Gasser,MIL@CHC,CHC,6.0,1B,L,2.81,3.46,1.0,1.027,1.007,13.1,12.46,16.4,475.0,435.0,,-3.94,-4.93,1.3,0,-1.0
2026-09-01,669392,Samad Taylor,Nick Lodolo,SD@CIN,SD,2.0,LF,R,2.06,3.82,1.0,1.031,1.12,13.1,12.46,10.4,900.0,862.0,,2.06,2.46,0.4,0,-1.0
2026-09-01,680777,Ryan Jeffers,Troy Melton,DET@MIN,MIN,4.0,C,R,3.76,2.73,0.99,1.002,0.911,13.0,12.4,14.3,650.0,613.0,,-1.9,-0.93,0.7,1,6.5
2026-09-01,676724,Jared Young,Freddy Peralta,NYM@TB,NYM,5.0,1B,L,2.83,3.44,1.0,1.0,0.978,12.8,12.3,14.3,575.0,541.0,,-2.0,-2.51,0.79,0,-1.0
2026-09-01,808959,Munetaka Murakami,Ronel Blanco,CWS@HOU,CWS,2.0,1B,L,5.75,4.59,1.0,1.0,1.12,12.7,12.24,23.2,310.0,282.0,,-10.96,-12.15,1.79,0,-1.0
2026-09-01,680776,Jarren Duran,Bryan Woo,SEA@BOS,BOS,7.0,LF,L,3.42,2.94,1.044,1.002,0.944,12.3,12.03,13.5,600.0,547.0,,-1.47,-2.26,1.17,0,-1.0
2026-09-01,805811,Bryce Eldridge,Paul Skenes,SF@PIT,SF,3.0,1B,L,3.73,2.48,1.0,1.025,0.9,12.1,11.92,17.6,450.0,431.0,,-5.68,-6.26,0.65,0,-1.0
2026-09-01,666139,Josh Lowe,Gerrit Cole,NYY@LAA,LAA,7.0,RF,L,3.34,3.18,1.006,1.041,0.9,12.1,11.92,11.7,700.0,682.0,,0.22,-0.58,0.29,0,-1.0
2026-09-01,807713,Matt Shaw,Robert Gasser,MIL@CHC,CHC,9.0,2B,R,3.12,3.46,0.978,1.027,1.007,12.1,11.92,13.5,625.0,588.0,,-1.58,-1.87,0.74,0,-1.0
2026-09-01,670623,Isaac Paredes,Sean Burke,CWS@HOU,HOU,3.0,3B,R,3.04,2.93,1.0,1.0,0.948,12.0,11.87,15.6,550.0,506.0,,-3.73,-3.51,1.12,1,5.5
2026-09-01,514888,José Altuve,Sean Burke,CWS@HOU,HOU,4.0,2B,R,2.98,2.93,1.034,1.0,0.948,12.0,11.87,14.3,600.0,555.0,,-2.43,-2.42,0.98,0,-1.0
2026-09-01,673237,Yainer Diaz,Sean Burke,CWS@HOU,HOU,7.0,C,R,3.45,2.93,1.004,1.0,0.948,12.0,11.87,14.9,650.0,568.0,,-3.03,-1.46,1.64,0,-1.0
2026-09-01,608348,Carson Kelly,Robert Gasser,MIL@CHC,CHC,7.0,C,R,2.81,3.46,0.961,1.027,1.007,12.0,11.87,16.2,525.0,460.0,,-4.33,-4.13,1.86,0,-1.0
2026-09-01,666182,Bo Bichette,Freddy Peralta,NYM@TB,NYM,3.0,3B,R,2.5,3.44,1.0,1.0,0.978,11.9,11.81,12.3,700.0,660.0,,-0.49,-0.69,0.66,0,-1.0
2026-09-01,643289,Mauricio Dubón,Jake Irvin,ATL@WSH,ATL,5.0,2B,R,2.1,3.62,0.998,1.028,1.117,11.8,11.76,10.4,950.0,850.0,,1.36,2.24,1.01,0,-1.0
2026-09-01,669242,Tommy Edman,Michael Mcgreevy,STL@LAD,LAD,7.0,CF,L,2.46,3.33,1.0,1.022,1.12,11.7,11.71,11.7,700.0,716.0,,0.01,-0.79,-0.25,0,-1.0
2026-09-01,592885,Christian Yelich,Matt Boyd,MIL@CHC,MIL,6.0,DH,L,2.33,3.54,0.976,1.027,1.082,11.7,11.71,11.7,800.0,731.0,,0.01,0.6,0.92,1,8.0
2026-09-01,678882,Ceddanne Rafaela,Bryan Woo,SEA@BOS,BOS,3.0,CF,R,2.87,2.94,1.037,1.002,0.944,11.7,11.71,10.4,850.0,797.0,,1.31,1.18,0.62,0,-1.0
2026-09-01,664983,Jake Mccarthy,Kyle Bradish,BAL@COL,COL,1.0,CF,L,2.89,2.7,0.966,1.007,1.017,11.5,11.6,11.8,800.0,708.0,,-0.2,0.49,1.27,0,-1.0
2026-09-01,693307,Dillon Dingler,Andrew Morris,DET@MIN,DET,3.0,C,R,4.52,2.01,0.99,1.002,0.9,11.5,11.6,15.8,500.0,481.0,,-4.2,-5.07,0.54,0,-1.0
2026-09-01,666023,Freddy Fermin,Nick Lodolo,SD@CIN,SD,8.0,C,R,2.14,3.82,1.012,1.031,1.12,11.4,11.54,13.3,700.0,654.0,,-1.76,-0.96,0.76,0,-1.0
2026-09-01,664954,Brett Sullivan,Kyle Bradish,BAL@COL,COL,7.0,C,L,3.29,2.7,1.0,1.007,1.017,11.3,11.49,11.7,700.0,663.0,,-0.21,-1.01,0.61,0,-1.0
2026-09-01,669065,Kyle Stowers,Randy Dobnak,MIA@KC,MIA,1.0,DH,L,3.61,2.02,1.0,1.0,1.041,11.3,11.49,23.4,300.0,284.0,,-11.91,-13.51,1.04,1,3.0
2026-09-01,663656,Kyle Tucker,Michael Mcgreevy,STL@LAD,LAD,6.0,RF,L,2.25,3.33,0.996,1.022,1.12,11.2,11.44,16.2,500.0,479.0,,-4.76,-5.23,0.6,0,-1.0
2026-09-01,701358,Cam Smith,Sean Burke,CWS@HOU,HOU,9.0,RF,R,3.41,2.93,1.034,1.0,0.948,11.2,11.44,13.3,650.0,638.0,,-1.86,-1.89,0.22,0,-1.0
2026-09-01,683357,Owen Caissie,Randy Dobnak,MIA@KC,MIA,5.0,RF,L,3.9,2.02,1.0,1.0,1.041,11.2,11.44,16.4,525.0,474.0,,-4.96,-4.56,1.42,0,-1.0
2026-09-01,671732,Lawrence Butler,Mackenzie Gore,ATH@TEX,ATH,3.0,RF,L,2.81,2.86,1.0,1.0,0.967,11.0,11.33,11.0,800.0,753.0,,0.33,0.22,0.61,0,-1.0
2026-09-01,606466,Ketel Marte,Jesús Luzardo,PHI@AZ,AZ,4.0,DH,R,3.83,2.25,1.0,1.0,0.9,11.0,11.33,16.4,475.0,442.0,,-5.07,-6.06,1.06,0,-1.0
2026-09-01,686469,Vinnie Pasquantino,Tyler Phillips,MIA@KC,KC,5.0,1B,L,2.48,3.06,1.0,1.0,1.062,10.9,11.28,16.4,475.0,464.0,,-5.12,-6.11,0.34,0,-1.0
2026-09-01,571448,Nolan Arenado,Jesús Luzardo,PHI@AZ,AZ,5.0,3B,R,3.95,2.25,1.0,1.0,0.9,10.9,11.28,11.7,750.0,764.0,,-0.42,-0.48,-0.19,0,-1.0
2026-09-01,687093,Vaughn Grissom,Gerrit Cole,NYY@LAA,LAA,4.0,1B,R,2.57,3.18,1.0,1.041,0.9,10.8,11.22,10.0,900.0,815.0,,1.22,1.22,0.93,0,-1.0
2026-09-01,668942,Josh Rojas,Tyler Phillips,MIA@KC,KC,7.0,3B,L,2.67,3.06,1.0,1.0,1.062,10.8,11.22,9.4,900.0,813.0,,1.82,1.22,0.95,0,-1.0
2026-09-01,605137,Josh Bell,Troy Melton,DET@MIN,MIN,5.0,DH,L,3.13,2.73,1.009,1.002,0.911,10.7,11.17,15.0,600.0,537.0,,-3.83,-3.12,1.41,0,-1.0
2026-09-01,683734,Andrew Vaughn,Matt Boyd,MIL@CHC,MIL,5.0,1B,R,2.08,3.54,0.961,1.027,1.082,10.7,11.17,16.4,475.0,455.0,,-5.23,-6.22,0.63,0,-1.0
2026-09-01,677649,Ezequiel Duran,Brady Basso,ATH@TEX,TEX,5.0,2B,R,3.0,2.76,1.006,1.0,0.937,10.6,11.12,11.7,950.0,824.0,,-0.58,1.6,1.3,0,-1.0
2026-09-01,687401,Joey Ortiz,Matt Boyd,MIL@CHC,MIL,8.0,3B,R,2.28,3.54,0.978,1.027,1.082,10.6,11.12,11.7,700.0,728.0,,-0.58,-1.38,-0.42,1,7.0
2026-09-01,691788,Joe Mack,Randy Dobnak,MIA@KC,MIA,7.0,C,L,4.01,2.02,1.0,1.0,1.041,10.6,11.12,13.5,700.0,610.0,,-2.38,-1.38,1.58,0,-1.0
2026-09-01,666211,Taylor Trammell,Sean Burke,CWS@HOU,HOU,8.0,CF,L,3.05,2.93,1.025,1.0,0.948,10.5,11.06,14.3,700.0,627.0,,-3.24,-1.44,1.26,0,-1.0
2026-09-01,664774,Lamonte Wade,Sean Burke,CWS@HOU,HOU,5.0,LF,L,2.78,2.93,1.0,1.0,0.948,10.5,11.06,,,,,,,,0,
2026-09-01,678545,Osleivis Basabe,Paul Skenes,SF@PIT,SF,6.0,2B,R,3.5,2.48,1.0,1.025,0.9,10.5,11.06,8.6,1050.0,996.0,,2.46,2.36,0.42,0,-1.0
2026-09-01,665926,Andrés Giménez,Gavin Williams,TOR@CLE,TOR,7.0,SS,L,2.09,4.03,1.006,1.012,0.976,10.5,11.06,8.6,1000.0,997.0,,2.46,1.97,0.03,0,-1.0
2026-09-01,691777,Max Muncy,Mackenzie Gore,ATH@TEX,ATH,7.0,3B,R,2.89,2.86,1.004,1.0,0.967,10.1,10.85,18.8,400.0,372.0,,-7.95,-9.15,1.19,0,-1.0
2026-09-01,694208,Moisés Ballesteros,Gerrit Cole,NYY@LAA,LAA,5.0,DH,L,2.44,3.18,1.0,1.041,0.9,9.9,10.74,12.5,900.0,687.0,,-1.76,0.74,2.71,0,-1.0
2026-09-01,681198,Tj Rumfield,Kyle Bradish,BAL@COL,COL,4.0,1B,L,2.5,2.7,1.0,1.007,1.017,9.8,10.69,11.7,850.0,732.0,,-1.01,0.16,1.49,1,8.5
2026-09-01,683146,Brett Baty,Freddy Peralta,NYM@TB,NYM,6.0,2B,L,2.18,3.44,1.0,1.0,0.978,9.7,10.63,11.7,850.0,751.0,,-1.07,0.1,1.22,0,-1.0
2026-09-01,806198,Cooper Pratt,Matt Boyd,MIL@CHC,MIL,9.0,SS,R,2.16,3.54,1.0,1.027,1.082,9.7,10.63,10.0,900.0,808.0,,0.63,0.63,1.01,0,-1.0
2026-09-01,668904,Royce Lewis,Troy Melton,DET@MIN,MIN,7.0,1B,R,3.08,2.73,0.99,1.002,0.911,9.6,10.58,15.0,600.0,537.0,,-4.42,-3.71,1.41,1,6.0
2026-09-01,702332,Caleb Durbin,Bryan Woo,SEA@BOS,BOS,6.0,3B,R,2.51,2.94,1.037,1.002,0.944,9.6,10.58,8.8,1100.0,965.0,,1.78,2.25,1.06,0,-1.0
2026-09-01,682998,Corbin Carroll,Jesús Luzardo,PHI@AZ,AZ,2.0,RF,L,3.2,2.25,1.0,1.0,0.9,9.5,10.53,11.7,850.0,762.0,,-1.17,0.0,1.07,0,-1.0
2026-09-01,607043,Brandon Nimmo,Brady Basso,ATH@TEX,TEX,4.0,RF,L,2.59,2.76,1.0,1.0,0.937,9.5,10.53,15.0,550.0,518.0,,-4.47,-4.85,0.8,0,-1.0
2026-09-01,663993,Nathaniel Lowe,Spencer Miles,TOR@CLE,CLE,5.0,1B,L,3.86,1.95,1.011,1.012,0.9,9.5,10.53,14.3,550.0,531.0,,-3.77,-4.85,0.47,0,-1.0
2026-09-01,664728,Kyle Isbel,Tyler Phillips,MIA@KC,KC,9.0,CF,L,2.54,3.06,1.0,1.0,1.062,9.4,10.47,8.9,1000.0,942.0,,1.57,1.38,0.51,0,-1.0
2026-09-01,694249,Cole Carrigg,Kyle Bradish,BAL@COL,COL,5.0,SS,L,2.46,2.7,1.0,1.007,1.017,9.3,10.42,11.7,700.0,697.0,,-1.28,-2.08,0.05,0,-1.0
2026-09-01,663616,Trevor Larnach,Troy Melton,DET@MIN,MIN,6.0,LF,L,2.78,2.73,1.0,1.002,0.911,9.2,10.36,13.3,700.0,664.0,,-2.94,-2.14,0.59,0,-1.0
2026-09-01,553869,Elías Díaz,Brady Basso,ATH@TEX,TEX,9.0,C,R,3.11,2.76,1.0,1.0,0.937,9.2,10.36,11.6,750.0,754.0,,-1.24,-1.4,-0.05,0,-1.0
2026-09-01,666176,Jo Adell,Spencer Miles,TOR@CLE,CLE,4.0,RF,R,3.49,1.95,1.015,1.012,0.9,9.0,10.26,17.2,450.0,417.0,,-6.94,-7.92,1.16,0,-1.0
2026-09-01,687462,Spencer Horwitz,Logan Webb,SF@PIT,PIT,1.0,1B,L,2.72,2.13,1.016,1.025,0.962,8.8,10.15,10.4,900.0,785.0,,-0.25,0.15,1.3,0,-1.0
2026-09-01,679845,Nick Loftin,Tyler Phillips,MIA@KC,KC,6.0,2B,R,2.02,3.06,1.0,1.0,1.062,8.7,10.1,10.4,900.0,816.0,,-0.3,0.1,0.92,1,9.0
2026-09-01,679529,Spencer Torkelson,Andrew Morris,DET@MIN,DET,6.0,1B,R,3.67,2.01,0.99,1.002,0.9,8.7,10.1,15.6,500.0,478.0,,-5.5,-6.57,0.63,0,-1.0
2026-09-01,682657,Angel Martínez,Spencer Miles,TOR@CLE,CLE,6.0,LF,L,3.61,1.95,1.008,1.012,0.9,8.6,10.04,12.6,700.0,614.0,,-2.56,-2.46,1.51,1,7.0
2026-09-01,672724,Oswald Peraza,Gerrit Cole,NYY@LAA,LAA,8.0,3B,R,2.32,3.18,1.004,1.041,0.9,8.4,9.94,9.1,1000.0,967.0,,0.84,0.85,0.28,0,-1.0
2026-09-01,682985,Riley Greene,Andrew Morris,DET@MIN,DET,4.0,LF,L,3.2,2.01,0.999,1.002,0.9,8.3,9.88,17.3,450.0,412.0,,-7.42,-8.3,1.35,0,-1.0
2026-09-01,694374,Tim Tawa,Jesús Luzardo,PHI@AZ,AZ,7.0,1B,R,3.25,2.25,1.0,1.0,0.9,8.3,9.88,9.4,950.0,881.0,,0.48,0.36,0.67,0,-1.0
2026-09-01,805999,A. J. Ewing,Freddy Peralta,NYM@TB,NYM,8.0,CF,L,2.04,3.44,1.0,1.0,0.978,8.3,9.88,,,,,,,,0,
2026-09-01,670770,Tj Friedl,Randy Vásquez,SD@CIN,CIN,8.0,CF,L,2.0,2.92,1.0,1.031,1.12,8.2,9.83,11.7,750.0,711.0,,-1.87,-1.93,0.57,0,-1.0
2026-09-01,686765,Nick Sogard,Bryan Woo,SEA@BOS,BOS,5.0,2B,L,2.15,2.94,1.0,1.002,0.944,8.2,9.83,9.9,1000.0,910.0,,-0.07,0.74,0.81,0,-1.0
2026-09-01,694378,Jacob Gonzalez,Logan Webb,SF@PIT,PIT,7.0,SS,L,3.07,2.13,1.0,1.025,0.962,8.2,9.83,10.4,900.0,861.0,,-0.57,-0.17,0.41,0,-1.0
2026-09-01,681393,Connor Norby,Kyle Bradish,BAL@COL,COL,6.0,3B,R,2.27,2.7,0.966,1.007,1.017,8.1,9.77,12.6,700.0,645.0,,-2.83,-2.73,0.92,0,-1.0
2026-09-01,668804,Bryan Reynolds,Logan Webb,SF@PIT,PIT,3.0,LF,R,2.58,2.13,1.007,1.025,0.962,7.9,9.67,10.4,900.0,782.0,,-0.73,-0.33,1.34,0,-1.0
2026-09-01,596115,Trevor Story,Bryan Woo,SEA@BOS,BOS,8.0,SS,R,2.18,2.94,1.049,1.002,0.944,7.7,9.56,9.4,950.0,898.0,,0.16,0.04,0.5,0,-1.0
2026-09-01,701678,Hao-Yu Lee,Andrew Morris,DET@MIN,DET,5.0,3B,R,3.03,2.01,1.0,1.002,0.9,7.6,9.51,13.3,625.0,626.0,,-3.79,-4.28,-0.02,0,-1.0
2026-09-01,657136,Connor Wong,Bryan Woo,SEA@BOS,BOS,9.0,C,R,2.28,2.94,1.044,1.002,0.944,7.6,9.51,8.4,1000.0,1008.0,,1.11,0.42,-0.06,0,-1.0
2026-09-01,680779,Henry Davis,Logan Webb,SF@PIT,PIT,9.0,C,R,3.02,2.13,1.012,1.025,0.962,7.4,9.4,9.4,950.0,863.0,,0.0,-0.12,0.86,0,-1.0
2026-09-01,672515,Gabriel Moreno,Jesús Luzardo,PHI@AZ,AZ,3.0,C,R,2.55,2.25,1.0,1.0,0.9,7.4,9.4,8.6,1100.0,968.0,,0.8,1.07,1.03,0,-1.0
2026-09-01,800050,Chase Delauter,Spencer Miles,TOR@CLE,CLE,2.0,DH,L,2.77,1.95,1.0,1.012,0.9,7.3,9.35,15.4,550.0,485.0,,-6.05,-6.03,1.71,0,-1.0
2026-09-01,694497,Evan Carter,Brady Basso,ATH@TEX,TEX,8.0,CF,L,2.28,2.76,1.004,1.0,0.937,7.2,9.29,10.2,900.0,862.0,,-0.91,-0.71,0.4,0,-1.0
2026-09-01,805808,Kevin Mcgonigle,Andrew Morris,DET@MIN,DET,1.0,DH,L,2.44,2.01,1.0,1.002,0.9,6.7,9.02,14.1,625.0,595.0,,-5.08,-4.77,0.6,0,-1.0
2026-09-01,650402,Gleyber Torres,Andrew Morris,DET@MIN,DET,2.0,2B,R,2.47,2.01,0.99,1.002,0.9,6.6,8.97,9.4,1050.0,898.0,,-0.43,0.27,1.32,0,-1.0
2026-09-01,608070,José Ramírez,Spencer Miles,TOR@CLE,CLE,3.0,3B,L,2.58,1.95,1.0,1.012,0.9,6.6,8.97,16.4,500.0,440.0,,-7.43,-7.7,1.85,0,-1.0
2026-09-01,808982,Jung Hoo Lee,Paul Skenes,SF@PIT,SF,5.0,RF,L,2.01,2.48,1.0,1.025,0.9,6.4,8.86,8.9,1100.0,997.0,,-0.04,0.53,0.79,0,-1.0
2026-09-01,545121,Ildemaro Vargas,Jesús Luzardo,PHI@AZ,AZ,6.0,2B,L,2.27,2.25,1.0,1.0,0.9,6.1,8.7,8.6,1000.0,951.0,,0.1,-0.39,0.42,0,-1.0
2026-09-01,672275,Patrick Bailey,Spencer Miles,TOR@CLE,CLE,8.0,C,L,2.64,1.95,1.008,1.012,0.9,5.8,8.54,11.8,750.0,671.0,,-3.26,-3.22,1.21,1,7.5
2026-09-01,703601,Max Clark,Andrew Morris,DET@MIN,DET,7.0,CF,L,2.47,2.01,1.0,1.002,0.9,5.7,8.49,9.4,950.0,913.0,,-0.91,-1.03,0.35,0,-1.0
2026-09-01,683953,Travis Bazzana,Spencer Miles,TOR@CLE,CLE,7.0,2B,L,2.29,1.95,1.0,1.012,0.9,5.2,8.22,10.4,900.0,822.0,,-2.18,-1.78,0.85,0,-1.0
2026-09-01,677587,Brayan Rocchio,Spencer Miles,TOR@CLE,CLE,9.0,SS,L,2.16,1.95,1.006,1.012,0.9,4.5,7.84,10.0,1000.0,844.0,,-2.16,-1.25,1.5,0,-1.0
2026-09-02,656941,Kyle Schwarber,Taylor Clarke,PHI@AZ,PHI,1.0,1B,L,6.08,2.71,1.0,1.0,1.017,23.6,18.09,22.0,325.0,313.0,,-3.91,-5.44,0.68,0,-1.0
2026-09-02,696100,Hunter Goodman,Trevor Rogers,BAL@COL,COL,3.0,C,R,6.46,2.81,0.963,1.023,0.965,23.2,17.87,24.7,275.0,259.0,,-6.83,-8.8,1.19,0,-1.0
2026-09-02,686527,Dominic Canzone,Patrick Sandoval,SEA@BOS,SEA,2.0,DH,L,4.48,2.95,1.044,1.028,1.09,21.4,16.91,12.6,750.0,658.0,,4.31,5.15,1.43,0,-1.0
2026-09-02,621566,Matt Olson,Brad Lord,ATL@WSH,ATL,3.0,1B,L,5.61,2.8,0.998,1.013,0.993,21.4,16.91,,,,,,,,0,
2026-09-02,701678,Hao-Yu Lee,Dean Kremer,DET@MIN,DET,2.0,2B,R,3.0,4.75,1.0,1.024,1.034,21.0,16.69,14.3,700.0,637.0,,2.39,4.19,1.07,0,-1.0
2026-09-02,695578,James Wood,Grant Holmes,ATL@WSH,WSH,1.0,RF,L,5.12,3.35,0.998,1.013,1.06,20.6,16.48,,,,,,,,0,
2026-09-02,670541,Yordan Álvarez,Davis Martin,CWS@HOU,HOU,2.0,DH,L,5.63,2.43,1.005,1.0,1.057,20.3,16.32,24.6,290.0,270.0,,-8.28,-9.32,1.39,0,-1.0
2026-09-02,664034,Ty France,Brandon Williamson,SD@CIN,SD,4.0,1B,R,4.21,3.07,1.012,1.029,1.12,20.0,16.16,,,,,,,,1,
2026-09-02,682985,Riley Greene,Dean Kremer,DET@MIN,DET,4.0,DH,L,3.18,4.75,0.999,1.024,1.034,19.6,15.94,20.0,375.0,346.0,,-4.06,-5.11,1.37,0,-1.0
2026-09-02,682928,Cj Abrams,Grant Holmes,ATL@WSH,WSH,4.0,2B,L,4.71,3.35,1.0,1.013,1.06,18.8,15.51,,,,,,,,0,
2026-09-02,683002,Gunnar Henderson,Tomoyuki Sugano,BAL@COL,BAL,3.0,SS,L,3.47,4.57,0.966,1.023,1.12,18.6,15.41,19.7,375.0,355.0,,-4.29,-5.64,0.93,0,-1.0
2026-09-02,668227,Randy Arozarena,Patrick Sandoval,SEA@BOS,SEA,1.0,LF,R,3.73,2.95,1.044,1.028,1.09,18.6,15.41,14.3,550.0,524.0,,1.11,0.03,0.65,0,-1.0
2026-09-02,665742,Juan Soto,Griffin Jax,NYM@TB,NYM,2.0,DH,L,5.21,3.5,1.0,1.0,1.025,18.4,15.3,19.7,400.0,358.0,,-4.4,-4.7,1.83,1,4.0
2026-09-02,691718,Pete Crow-Armstrong,Jacob Misiorowski,MIL@CHC,CHC,1.0,CF,L,5.61,2.43,1.0,1.04,0.9,18.4,15.3,22.5,325.0,289.0,,-7.2,-8.23,2.18,0,-1.0
2026-09-02,702616,Jackson Holliday,Tomoyuki Sugano,BAL@COL,BAL,1.0,DH,L,2.47,4.57,0.966,1.023,1.12,18.1,15.14,15.6,525.0,509.0,,-0.46,-0.86,0.42,0,-1.0
2026-09-02,808959,Munetaka Murakami,Hayden Wesneski,CWS@HOU,CWS,2.0,1B,L,5.7,2.31,1.0,1.0,0.976,18.1,15.14,22.0,330.0,305.0,,-6.86,-8.12,1.43,0,-1.0
2026-09-02,681715,Heriberto Hernandez,Noah Cameron,MIA@KC,MIA,1.0,LF,R,4.94,2.52,1.0,1.0,0.995,17.9,15.03,19.7,375.0,357.0,,-4.67,-6.02,0.83,0,-1.0
2026-09-02,701538,Jackson Merrill,Brandon Williamson,SD@CIN,SD,3.0,CF,L,3.69,3.07,1.011,1.029,1.12,17.9,15.03,,,,,,,,0,
2026-09-02,694673,Abimelec Ortiz,Grant Holmes,ATL@WSH,WSH,2.0,DH,L,3.99,3.35,1.0,1.013,1.06,17.8,14.98,,,,,,,,0,
2026-09-02,805808,Kevin Mcgonigle,Dean Kremer,DET@MIN,DET,1.0,3B,L,2.43,4.75,1.0,1.024,1.034,17.7,14.92,15.0,525.0,499.0,,-0.08,-1.08,0.69,0,-1.0
2026-09-02,690993,Colt Keith,Dean Kremer,DET@MIN,DET,3.0,1B,L,2.48,4.75,1.009,1.024,1.034,17.4,14.76,14.3,625.0,583.0,,0.46,0.97,0.85,0,-1.0
2026-09-02,665953,Andrés Chaparro,Grant Holmes,ATL@WSH,WSH,5.0,3B,R,4.31,3.35,0.992,1.013,1.06,17.2,14.65,,,,,,,,0,
2026-09-02,596019,Francisco Lindor,Griffin Jax,NYM@TB,NYM,1.0,SS,L,3.92,3.5,1.0,1.0,1.025,17.2,14.65,17.1,450.0,419.0,,-2.45,-3.53,1.09,0,-1.0
2026-09-02,665019,Kody Clemens,Drew Anderson,DET@MIN,MIN,3.0,2B,L,4.51,3.37,1.009,1.024,0.948,16.9,14.49,19.5,430.0,393.0,,-5.01,-4.38,1.41,0,-1.0
2026-09-02,682998,Corbin Carroll,Andrew Painter,PHI@AZ,AZ,2.0,RF,L,3.19,3.69,1.0,1.0,1.045,16.6,14.33,16.4,510.0,482.0,,-2.07,-2.06,0.79,0,-1.0
2026-09-02,686948,Drake Baldwin,Brad Lord,ATL@WSH,ATL,1.0,DH,L,4.05,2.8,1.001,1.013,0.993,16.6,14.33,,,,,,,,0,
2026-09-02,677594,Julio Rodríguez,Patrick Sandoval,SEA@BOS,SEA,3.0,CF,R,3.49,2.95,1.037,1.028,1.09,16.6,14.33,15.7,525.0,451.0,,-1.37,-1.67,2.15,0,-1.0
2026-09-02,701398,Sal Stewart,Casey Mize,SD@CIN,CIN,3.0,1B,R,4.78,2.59,1.011,1.029,0.92,16.5,14.28,,,,,,,,0,
2026-09-02,673357,Luis Robert,Tomoyuki Sugano,BAL@COL,BAL,4.0,LF,R,4.03,4.57,0.96,1.023,1.12,16.4,14.23,,,,,,,,0,
2026-09-02,547180,Bryce Harper,Taylor Clarke,PHI@AZ,PHI,3.0,DH,L,4.28,2.71,1.0,1.0,1.017,16.4,14.23,16.2,500.0,472.0,,-1.97,-2.44,0.81,0,-1.0
2026-09-02,672960,Kazuma Okamoto,Joey Cantillo,TOR@CLE,TOR,5.0,3B,R,4.75,2.63,1.006,0.981,0.979,16.1,14.06,18.8,440.0,393.0,,-4.74,-4.46,1.76,0,-1.0
2026-09-02,665487,Fernando Tatís,Brandon Williamson,SD@CIN,SD,1.0,2B,R,3.12,3.07,1.0,1.029,1.12,16.1,14.06,,,,,,,,0,
2026-09-02,686797,Brooks Lee,Drew Anderson,DET@MIN,MIN,2.0,3B,R,3.91,3.37,0.99,1.024,0.948,15.9,13.96,13.6,650.0,625.0,,0.36,0.63,0.46,0,-1.0
2026-09-02,665161,Jeremy Peña,Davis Martin,CWS@HOU,HOU,1.0,SS,R,4.08,2.43,1.034,1.0,1.057,15.9,13.96,14.3,575.0,526.0,,-0.34,-0.85,1.16,0,-1.0
2026-09-02,571448,Nolan Arenado,Andrew Painter,PHI@AZ,AZ,5.0,3B,R,3.92,3.69,1.0,1.0,1.045,15.9,13.96,12.1,750.0,635.0,,1.86,2.2,1.85,0,-1.0
2026-09-02,681508,Mickey Gasper,Bryce Miller,SEA@BOS,BOS,2.0,1B,L,3.73,4.09,1.044,1.028,0.9,15.8,13.9,14.3,625.0,583.0,,-0.4,0.11,0.85,0,-1.0
2026-09-02,641343,Jake Bauers,David Peterson,MIL@CHC,MIL,5.0,RF,L,4.31,2.48,1.0,1.04,1.072,15.8,13.9,16.4,475.0,443.0,,-2.5,-3.49,1.03,0,-1.0
2026-09-02,694192,Jackson Chourio,David Peterson,MIL@CHC,MIL,1.0,LF,R,4.0,2.48,0.978,1.04,1.072,15.8,13.9,19.7,380.0,346.0,,-5.8,-6.93,1.59,1,3.8
2026-09-02,671739,Michael Harris,Brad Lord,ATL@WSH,ATL,5.0,CF,L,4.2,2.8,0.998,1.013,0.993,15.7,13.85,,,,,,,,0,
2026-09-02,680777,Ryan Jeffers,Drew Anderson,DET@MIN,MIN,4.0,C,R,3.96,3.37,0.99,1.024,0.948,15.6,13.8,15.6,525.0,489.0,,-1.8,-2.2,0.98,0,-1.0
2026-09-02,678882,Ceddanne Rafaela,Bryce Miller,SEA@BOS,BOS,3.0,CF,R,2.86,4.09,1.037,1.028,0.9,15.6,13.8,10.4,800.0,796.0,,3.4,2.69,0.05,0,-1.0
2026-09-02,677800,Wilyer Abreu,Bryce Miller,SEA@BOS,BOS,4.0,RF,L,3.71,4.09,1.059,1.028,0.9,15.6,13.8,17.7,450.0,410.0,,-3.9,-4.38,1.43,0,-1.0
2026-09-02,646240,Rafael Devers,Bubba Chandler,SF@PIT,SF,2.0,1B,L,4.88,2.16,1.0,1.045,0.994,15.6,13.8,19.7,380.0,355.0,,-5.9,-7.03,1.15,1,3.8
2026-09-02,695506,Jac Caglianone,Eury Pérez,MIA@KC,KC,3.0,RF,L,4.32,2.72,1.0,1.0,0.951,15.5,13.74,19.3,400.0,356.0,,-5.56,-6.26,1.93,0,-1.0
2026-09-02,687637,Dylan Beavers,Tomoyuki Sugano,BAL@COL,BAL,7.0,RF,L,2.42,4.57,1.0,1.023,1.12,15.5,13.74,15.6,500.0,463.0,,-1.86,-2.93,1.09,0,-1.0
2026-09-02,694374,Tim Tawa,Andrew Painter,PHI@AZ,AZ,6.0,1B,R,3.21,3.69,1.0,1.0,1.045,15.1,13.53,11.8,750.0,695.0,,1.73,1.77,0.82,0,-1.0
2026-09-02,694212,Samuel Basallo,Tomoyuki Sugano,BAL@COL,BAL,5.0,C,L,4.37,4.57,0.975,1.023,1.12,15.0,13.48,19.7,375.0,348.0,,-6.22,-7.57,1.27,0,-1.0
2026-09-02,703601,Max Clark,Dean Kremer,DET@MIN,DET,7.0,CF,L,2.43,4.75,1.0,1.024,1.034,15.0,13.48,10.4,900.0,824.0,,3.08,3.48,0.82,0,-1.0
2026-09-02,669394,Jake Burger,Jacob Lopez,ATH@TEX,TEX,5.0,1B,R,4.13,3.3,1.006,1.0,0.913,14.8,13.37,18.8,420.0,396.0,,-5.43,-5.86,0.93,0,-1.0
2026-09-02,695734,Daylen Lile,Grant Holmes,ATL@WSH,WSH,6.0,LF,L,3.37,3.35,0.991,1.013,1.06,14.7,13.31,,,,,,,,0,
2026-09-02,678246,Miguel Vargas,Hayden Wesneski,CWS@HOU,CWS,3.0,3B,R,4.53,2.31,1.034,1.0,0.976,14.7,13.31,19.5,425.0,370.0,,-6.19,-5.74,2.23,0,-1.0
2026-09-02,608369,Corey Seager,Jacob Lopez,ATH@TEX,TEX,2.0,SS,L,3.65,3.3,1.004,1.0,0.913,14.7,13.31,18.2,450.0,404.0,,-4.89,-4.87,1.66,0,-1.0
2026-09-02,701807,Carson Benge,Griffin Jax,NYM@TB,NYM,4.0,RF,L,2.93,3.5,1.0,1.0,1.025,14.6,13.26,10.4,900.0,827.0,,2.86,3.26,0.79,0,-1.0
2026-09-02,668709,Jj Bleday,Casey Mize,SD@CIN,CIN,4.0,LF,L,4.22,2.59,1.011,1.029,0.92,14.6,13.26,,,,,,,,1,
2026-09-02,681297,Colton Cowser,Tomoyuki Sugano,BAL@COL,BAL,9.0,CF,L,3.63,4.57,0.966,1.023,1.12,14.6,13.26,17.1,450.0,435.0,,-3.84,-4.92,0.51,0,-1.0
2026-09-02,695657,Colson Montgomery,Hayden Wesneski,CWS@HOU,CWS,6.0,SS,L,4.86,2.31,1.025,1.0,0.976,14.5,13.21,19.2,400.0,377.0,,-5.99,-6.79,0.96,0,-1.0
2026-09-02,663457,Lars Nootbaar,Andrew Painter,PHI@AZ,AZ,1.0,LF,L,2.55,3.69,1.0,1.0,1.045,14.5,13.21,14.3,625.0,611.0,,-1.09,-0.58,0.27,0,-1.0
2026-09-02,694671,Wyatt Langford,Jacob Lopez,ATH@TEX,TEX,3.0,LF,R,3.76,3.3,1.0,1.0,0.913,14.5,13.21,16.7,475.0,455.0,,-3.49,-4.18,0.63,0,-1.0
2026-09-02,624413,Pete Alonso,Tomoyuki Sugano,BAL@COL,BAL,2.0,1B,R,4.93,4.57,0.966,1.023,1.12,14.4,13.15,26.4,250.0,242.0,,-13.25,-15.42,0.67,0,-1.0
2026-09-02,664040,Brandon Lowe,Landen Roupp,SF@PIT,PIT,2.0,2B,L,4.73,2.08,1.016,1.045,0.961,14.4,13.15,17.1,480.0,450.0,,-3.95,-4.09,0.94,0,-1.0
2026-09-02,679822,Justin Foscue,Jacob Lopez,ATH@TEX,TEX,6.0,2B,R,4.23,3.3,1.0,1.0,0.913,14.4,13.15,14.0,600.0,567.0,,-0.85,-1.14,0.7,1,6.0
2026-09-02,686611,Dylan Crews,Grant Holmes,ATL@WSH,WSH,3.0,CF,R,2.85,3.35,0.995,1.013,1.06,14.3,13.1,,,,,,,,0,
2026-09-02,680776,Jarren Duran,Bryce Miller,SEA@BOS,BOS,7.0,LF,L,3.4,4.09,1.044,1.028,0.9,14.1,12.99,14.0,625.0,568.0,,-1.01,-0.8,1.18,0,-1.0
2026-09-02,543510,James Mccann,Andrew Painter,PHI@AZ,AZ,7.0,C,R,2.96,3.69,1.0,1.0,1.045,14.1,12.99,11.1,900.0,755.0,,1.89,2.99,1.7,1,9.0
2026-09-02,543760,Marcus Semien,Griffin Jax,NYM@TB,NYM,6.0,2B,R,3.02,3.5,1.0,1.0,1.025,14.0,12.94,11.7,750.0,704.0,,1.24,1.18,0.68,0,-1.0
2026-09-02,699013,Esmerlyn Valdez,Landen Roupp,SF@PIT,PIT,6.0,RF,R,5.11,2.08,1.0,1.045,0.961,13.8,12.83,13.2,700.0,605.0,,-0.37,0.33,1.68,0,-1.0
2026-09-02,672515,Gabriel Moreno,Andrew Painter,PHI@AZ,AZ,3.0,DH,R,2.53,3.69,1.0,1.0,1.045,13.7,12.78,11.6,950.0,767.0,,1.18,3.26,2.01,0,-1.0
2026-09-02,673548,Seiya Suzuki,Jacob Misiorowski,MIL@CHC,CHC,2.0,DH,R,4.2,2.43,1.0,1.04,0.9,13.7,12.78,19.1,450.0,395.0,,-6.32,-5.4,2.02,0,-1.0
2026-09-02,691723,Coby Mayo,Tomoyuki Sugano,BAL@COL,BAL,6.0,3B,R,4.66,4.57,0.963,1.023,1.12,13.6,12.72,26.2,260.0,247.0,,-13.48,-15.06,1.04,0,-1.0
2026-09-02,645277,Ozzie Albies,Brad Lord,ATL@WSH,ATL,4.0,2B,R,3.46,2.8,0.995,1.013,0.993,13.6,12.72,,,,,,,,0,
2026-09-02,605137,Josh Bell,Drew Anderson,DET@MIN,MIN,5.0,DH,L,3.11,3.37,1.009,1.024,0.948,13.6,12.72,15.0,575.0,537.0,,-2.28,-2.09,0.89,0,-1.0
2026-09-02,660670,Ronald Acuña,Brad Lord,ATL@WSH,ATL,2.0,RF,R,3.34,2.8,1.0,1.013,0.993,13.5,12.67,,,,,,,,1,
2026-09-02,676724,Jared Young,Griffin Jax,NYM@TB,NYM,5.0,1B,L,2.8,3.5,1.0,1.0,1.025,13.5,12.67,11.7,800.0,747.0,,0.97,1.56,0.7,0,-1.0
2026-09-02,695600,Carter Jensen,Eury Pérez,MIA@KC,KC,1.0,C,L,3.55,2.72,1.0,1.0,0.951,13.5,12.67,17.1,450.0,425.0,,-4.43,-5.51,0.87,1,4.5
2026-09-02,677649,Ezequiel Duran,Jacob Lopez,ATH@TEX,TEX,1.0,CF,R,2.98,3.3,1.006,1.0,0.913,13.4,12.62,12.8,750.0,679.0,,-0.18,0.86,1.08,1,7.5
2026-09-02,691783,Jordan Lawlar,Andrew Painter,PHI@AZ,AZ,9.0,CF,R,3.78,3.69,1.0,1.0,1.045,13.4,12.62,9.4,950.0,990.0,,3.22,3.1,-0.35,0,-1.0
2026-09-02,682829,Elly De La Cruz,Casey Mize,SD@CIN,CIN,2.0,DH,R,3.74,2.59,1.011,1.029,0.92,13.4,12.62,,,,,,,,0,
2026-09-02,669065,Kyle Stowers,Noah Cameron,MIA@KC,MIA,3.0,1B,L,3.76,2.52,1.0,1.0,0.995,13.3,12.56,19.7,375.0,378.0,,-7.14,-8.49,-0.13,1,3.75
2026-09-02,596142,Gary Sánchez,David Peterson,MIL@CHC,MIL,7.0,DH,R,4.02,2.48,0.957,1.04,1.072,13.1,12.46,18.6,425.0,375.0,,-6.14,-6.59,2.0,0,-1.0
2026-09-02,665833,Oneil Cruz,Landen Roupp,SF@PIT,PIT,5.0,CF,L,4.54,2.08,1.016,1.045,0.961,13.0,12.4,15.6,500.0,476.0,,-3.2,-4.27,0.69,0,-1.0
2026-09-02,804668,Rafael Flores,Landen Roupp,SF@PIT,PIT,7.0,C,R,5.01,2.08,1.0,1.045,0.961,13.0,12.4,11.7,700.0,692.0,,0.7,-0.1,0.13,0,-1.0
2026-09-02,702332,Caleb Durbin,Bryce Miller,SEA@BOS,BOS,6.0,3B,R,2.5,4.09,1.037,1.028,0.9,12.8,12.3,9.1,950.0,936.0,,3.2,2.78,0.13,0,-1.0
2026-09-02,680869,Zack Gelof,Cody Bradford,ATH@TEX,ATH,2.0,LF,R,3.85,2.1,1.006,1.0,1.088,12.7,12.24,15.0,550.0,508.0,,-2.76,-3.14,1.07,1,5.5
2026-09-02,666182,Bo Bichette,Griffin Jax,NYM@TB,NYM,3.0,3B,R,2.49,3.5,1.0,1.0,1.025,12.6,12.19,11.5,800.0,725.0,,0.69,1.08,1.01,0,-1.0
2026-09-02,668904,Royce Lewis,Drew Anderson,DET@MIN,MIN,7.0,1B,R,3.24,3.37,0.99,1.024,0.948,12.6,12.19,16.7,475.0,435.0,,-4.51,-5.2,1.3,0,-1.0
2026-09-02,642215,Weston Wilson,Patrick Sandoval,SEA@BOS,SEA,7.0,3B,R,2.96,2.95,1.037,1.028,1.09,12.6,12.19,9.4,900.0,846.0,,2.79,2.19,0.57,0,-1.0
2026-09-02,677942,Blaze Alexander,Tomoyuki Sugano,BAL@COL,BAL,8.0,2B,R,2.01,4.57,1.0,1.023,1.12,12.5,12.13,14.3,550.0,550.0,,-2.17,-3.25,0.0,0,-1.0
2026-09-02,620443,Luis Torrens,Griffin Jax,NYM@TB,NYM,9.0,C,R,3.19,3.5,1.0,1.0,1.025,12.5,12.13,9.4,1000.0,953.0,,2.73,3.04,0.41,0,-1.0
2026-09-02,702284,Cole Young,Patrick Sandoval,SEA@BOS,SEA,6.0,2B,L,2.89,2.95,1.0,1.028,1.09,12.4,12.08,9.9,1000.0,868.0,,2.18,2.99,1.24,0,-1.0
2026-09-02,660688,Keibert Ruiz,Grant Holmes,ATL@WSH,WSH,8.0,C,L,2.9,3.35,1.0,1.013,1.06,12.4,12.08,,,,,,,,0,
2026-09-02,701785,Kaelen Culpepper,Drew Anderson,DET@MIN,MIN,8.0,SS,R,3.26,3.37,1.0,1.024,0.948,12.3,12.03,10.4,900.0,847.0,,1.63,2.03,0.56,0,-1.0
2026-09-02,669134,Luis Campusano,Brandon Williamson,SD@CIN,SD,8.0,DH,R,2.9,3.07,1.0,1.029,1.12,12.3,12.03,,,,,,,,0,
2026-09-02,621438,Tyrone Taylor,Jacob Misiorowski,MIL@CHC,CHC,8.0,RF,R,4.41,2.43,1.0,1.04,0.9,12.0,11.87,11.8,700.0,603.0,,0.07,-0.63,1.72,0,-1.0
2026-09-02,687263,Zach Neto,Cam Schlittler,NYY@LAA,LAA,1.0,SS,R,3.7,2.31,1.0,1.04,0.9,11.9,11.81,15.4,525.0,495.0,,-3.59,-4.19,0.81,0,-1.0
2026-09-02,669016,Brandon Marsh,Taylor Clarke,PHI@AZ,PHI,6.0,LF,L,3.26,2.71,1.0,1.0,1.017,11.8,11.76,11.2,900.0,756.0,,0.56,1.76,1.68,0,-1.0
2026-09-02,663616,Trevor Larnach,Drew Anderson,DET@MIN,MIN,6.0,LF,L,2.76,3.37,1.0,1.024,0.948,11.8,11.76,11.7,800.0,738.0,,0.06,0.65,0.82,0,-1.0
2026-09-02,805811,Bryce Eldridge,Bubba Chandler,SF@PIT,SF,3.0,DH,L,3.69,2.16,1.0,1.045,0.994,11.7,11.71,17.3,475.0,422.0,,-5.59,-5.68,1.77,0,-1.0
2026-09-02,543807,George Springer,Joey Cantillo,TOR@CLE,TOR,2.0,DH,R,3.13,2.63,1.015,0.981,0.979,11.6,11.65,14.2,550.0,531.0,,-2.55,-3.73,0.47,0,-1.0
2026-09-02,672386,Alejandro Kirk,Joey Cantillo,TOR@CLE,TOR,4.0,C,R,3.21,2.63,1.006,0.981,0.979,11.5,11.6,11.7,800.0,760.0,,-0.1,0.49,0.52,0,-1.0
2026-09-02,663886,Tyler Stephenson,Casey Mize,SD@CIN,CIN,5.0,C,R,3.42,2.59,1.011,1.029,0.92,11.5,11.6,,,,,,,,0,
2026-09-02,553869,Elías Díaz,Jacob Lopez,ATH@TEX,TEX,7.0,DH,R,3.08,3.3,1.0,1.0,0.913,11.5,11.6,14.2,550.0,533.0,,-2.6,-3.78,0.42,0,-1.0
2026-09-02,670623,Isaac Paredes,Davis Martin,CWS@HOU,HOU,3.0,3B,R,3.17,2.43,1.0,1.0,1.057,11.5,11.6,15.6,525.0,501.0,,-4.0,-4.4,0.64,0,-1.0
2026-09-02,607208,Trea Turner,Taylor Clarke,PHI@AZ,PHI,2.0,SS,R,2.87,2.71,1.0,1.0,1.017,11.5,11.6,11.8,850.0,682.0,,-0.2,1.07,2.26,0,-1.0
2026-09-02,521692,Salvador Pérez,Eury Pérez,MIA@KC,KC,4.0,DH,R,3.12,2.72,1.0,1.0,0.951,11.4,11.54,16.9,475.0,424.0,,-5.36,-5.85,1.69,1,4.75
2026-09-02,664983,Jake Mccarthy,Trevor Rogers,BAL@COL,COL,1.0,LF,L,2.87,2.81,0.966,1.023,0.965,11.4,11.54,10.4,800.0,823.0,,1.14,0.43,-0.28,0,-1.0
2026-09-02,664023,Ian Happ,Jacob Misiorowski,MIL@CHC,CHC,6.0,LF,R,3.9,2.43,0.978,1.04,0.9,11.4,11.54,15.5,525.0,466.0,,-3.96,-4.46,1.67,0,-1.0
2026-09-02,545361,Mike Trout,Cam Schlittler,NYY@LAA,LAA,2.0,CF,R,3.59,2.31,1.0,1.04,0.9,11.3,11.49,15.6,500.0,468.0,,-4.11,-5.18,0.94,0,-1.0
2026-09-02,641680,Jonah Heim,Cody Bradford,ATH@TEX,ATH,4.0,1B,L,3.5,2.1,1.004,1.0,1.088,11.3,11.49,15.0,575.0,532.0,,-3.51,-3.32,1.01,1,5.75
2026-09-02,691788,Joe Mack,Noah Cameron,MIA@KC,MIA,9.0,C,L,3.98,2.52,1.0,1.0,0.995,11.3,11.49,11.7,750.0,713.0,,-0.21,-0.27,0.54,0,-1.0
2026-09-02,677951,Bobby Witt,Eury Pérez,MIA@KC,KC,2.0,SS,R,3.01,2.72,1.0,1.0,0.951,11.3,11.49,,,,,,,,0,
2026-09-02,668930,Brice Turang,David Peterson,MIL@CHC,MIL,2.0,2B,L,2.92,2.48,0.958,1.04,1.072,11.2,11.44,10.4,800.0,755.0,,1.04,0.33,0.59,0,-1.0
2026-09-02,608324,Alex Bregman,Jacob Misiorowski,MIL@CHC,CHC,3.0,3B,R,3.57,2.43,0.976,1.04,0.9,11.2,11.44,14.3,625.0,588.0,,-2.86,-2.35,0.74,1,6.25
2026-09-02,701358,Cam Smith,Davis Martin,CWS@HOU,HOU,7.0,RF,R,3.39,2.43,1.034,1.0,1.057,11.2,11.44,14.2,700.0,607.0,,-2.76,-1.06,1.64,0,-1.0
2026-09-02,514888,José Altuve,Davis Martin,CWS@HOU,HOU,4.0,2B,R,2.96,2.43,1.034,1.0,1.057,11.1,11.38,11.7,750.0,718.0,,-0.32,-0.38,0.46,0,-1.0
2026-09-02,593428,Xander Bogaerts,Brandon Williamson,SD@CIN,SD,5.0,SS,R,2.27,3.07,1.011,1.029,1.12,11.0,11.33,,,,,,,,0,
2026-09-02,686765,Nick Sogard,Bryce Miller,SEA@BOS,BOS,5.0,2B,L,2.13,4.09,1.0,1.028,0.9,11.0,11.33,8.6,1100.0,1030.0,,2.73,3.0,0.52,0,-1.0
2026-09-02,607043,Brandon Nimmo,Jacob Lopez,ATH@TEX,TEX,4.0,RF,L,2.57,3.3,1.0,1.0,0.913,11.0,11.33,14.3,550.0,534.0,,-2.97,-4.05,0.39,0,-1.0
2026-09-02,643217,Andrew Benintendi,Hayden Wesneski,CWS@HOU,CWS,4.0,DH,L,3.3,2.31,1.016,1.0,0.976,10.7,11.17,15.3,575.0,527.0,,-4.13,-3.64,1.14,0,-1.0
2026-09-02,641487,J. P. Crawford,Patrick Sandoval,SEA@BOS,SEA,8.0,SS,L,2.67,2.95,1.0,1.028,1.09,10.6,11.12,,,,,,,,0,
2026-09-02,666211,Taylor Trammell,Davis Martin,CWS@HOU,HOU,6.0,LF,L,3.02,2.43,1.025,1.0,1.057,10.5,11.06,14.3,575.0,557.0,,-3.24,-3.75,0.41,0,-1.0
2026-09-02,545121,Ildemaro Vargas,Andrew Painter,PHI@AZ,AZ,8.0,2B,L,2.25,3.69,1.0,1.0,1.045,10.4,11.01,8.1,1300.0,1103.0,,2.91,3.87,1.17,0,-1.0
2026-09-02,681198,Tj Rumfield,Trevor Rogers,BAL@COL,COL,4.0,1B,L,2.64,2.81,1.0,1.023,0.965,10.4,11.01,12.1,800.0,683.0,,-1.09,-0.1,1.66,0,-1.0
2026-09-02,669392,Samad Taylor,Brandon Williamson,SD@CIN,SD,2.0,LF,R,2.02,3.07,1.0,1.029,1.12,10.4,11.01,,,,,,,,0,
2026-09-02,640902,Jhonny Pereda,Patrick Sandoval,SEA@BOS,SEA,9.0,C,R,2.77,2.95,1.0,1.028,1.09,10.4,11.01,8.6,1100.0,1106.0,,2.41,2.68,-0.04,0,-1.0
2026-09-02,596115,Trevor Story,Bryce Miller,SEA@BOS,BOS,8.0,SS,R,2.15,4.09,1.049,1.028,0.9,10.3,10.95,12.5,800.0,690.0,,-1.55,-0.16,1.55,0,-1.0
2026-09-02,643376,Danny Jansen,Jacob Lopez,ATH@TEX,TEX,9.0,C,R,3.01,3.3,1.0,1.0,0.913,10.3,10.95,13.3,650.0,634.0,,-2.35,-2.38,0.29,0,-1.0
2026-09-02,657136,Connor Wong,Bryce Miller,SEA@BOS,BOS,9.0,C,R,2.25,4.09,1.044,1.028,0.9,10.2,10.9,8.9,1100.0,987.0,,2.0,2.57,0.87,0,-1.0
2026-09-02,686681,Michael Massey,Eury Pérez,MIA@KC,KC,7.0,2B,L,3.01,2.72,1.0,1.0,0.951,9.8,10.69,14.0,650.0,641.0,,-3.31,-2.64,0.17,0,-1.0
2026-09-02,573262,Mike Yastrzemski,Brad Lord,ATL@WSH,ATL,7.0,LF,L,2.71,2.8,1.0,1.013,0.993,9.6,10.58,,,,,,,,0,
2026-09-02,670231,John Rave,Eury Pérez,MIA@KC,KC,8.0,LF,L,3.1,2.72,1.0,1.0,0.951,9.6,10.58,11.7,800.0,713.0,,-1.12,-0.53,1.19,0,-1.0
2026-09-02,661388,William Contreras,David Peterson,MIL@CHC,MIL,4.0,C,R,2.47,2.48,0.978,1.04,1.072,9.5,10.53,16.4,475.0,444.0,,-5.87,-6.86,0.99,0,-1.0
2026-09-02,647304,Josh Naylor,Patrick Sandoval,SEA@BOS,SEA,4.0,1B,L,2.02,2.95,1.0,1.028,1.09,9.5,10.53,8.6,1000.0,931.0,,1.93,1.44,0.61,0,-1.0
2026-09-02,663586,Austin Riley,Brad Lord,ATL@WSH,ATL,8.0,3B,R,2.8,2.8,0.99,1.013,0.993,9.4,10.47,,,,,,,,0,
2026-09-02,683146,Brett Baty,Griffin Jax,NYM@TB,NYM,8.0,LF,L,2.17,3.5,1.0,1.0,1.025,9.4,10.47,10.4,900.0,833.0,,0.07,0.47,0.72,0,-1.0
2026-09-02,664770,Nathan Lukes,Joey Cantillo,TOR@CLE,TOR,6.0,RF,L,2.79,2.63,1.011,0.981,0.979,9.4,10.47,8.6,1050.0,1001.0,,1.87,1.77,0.38,0,-1.0
2026-09-02,665923,Esteury Ruiz,Noah Cameron,MIA@KC,MIA,7.0,RF,R,2.97,2.52,1.0,1.0,0.995,9.4,10.47,11.7,800.0,749.0,,-1.23,-0.64,0.67,0,-1.0
2026-09-02,694249,Cole Carrigg,Trevor Rogers,BAL@COL,COL,5.0,CF,L,2.43,2.81,1.0,1.023,0.965,9.2,10.36,14.3,600.0,568.0,,-3.94,-3.93,0.68,0,-1.0
2026-09-02,805999,A. J. Ewing,Griffin Jax,NYM@TB,NYM,7.0,CF,L,2.03,3.5,1.0,1.0,1.025,9.1,10.31,,,,,,,,0,
2026-09-02,671732,Lawrence Butler,Cody Bradford,ATH@TEX,ATH,3.0,DH,L,2.78,2.1,1.0,1.0,1.088,9.1,10.31,14.3,550.0,529.0,,-3.99,-5.07,0.52,0,-1.0
2026-09-02,680574,Matt Mclain,Casey Mize,SD@CIN,CIN,8.0,SS,R,3.02,2.59,1.0,1.029,0.92,9.0,10.26,,,,,,,,0,
2026-09-02,683737,Michael Busch,Jacob Misiorowski,MIL@CHC,CHC,4.0,1B,L,2.79,2.43,1.0,1.04,0.9,9.0,10.26,15.4,525.0,480.0,,-5.14,-5.74,1.24,0,-1.0
2026-09-02,663993,Nathaniel Lowe,Dylan Cease,TOR@CLE,CLE,5.0,1B,L,3.83,1.93,1.011,0.981,0.9,9.0,10.26,11.7,750.0,697.0,,-1.44,-1.5,0.79,0,-1.0
2026-09-02,681393,Connor Norby,Trevor Rogers,BAL@COL,COL,2.0,3B,R,2.25,2.81,0.966,1.023,0.965,8.9,10.2,16.3,525.0,455.0,,-6.1,-5.8,2.02,0,-1.0
2026-09-02,592663,J. T. Realmuto,Taylor Clarke,PHI@AZ,PHI,8.0,C,R,2.65,2.71,1.0,1.0,1.017,8.9,10.2,,,,,,,,0,
2026-09-02,543877,Christian Vázquez,Davis Martin,CWS@HOU,HOU,9.0,C,R,2.88,2.43,1.034,1.0,1.057,8.8,10.15,8.2,1100.0,1014.0,,1.95,1.82,0.65,0,-1.0
2026-09-02,686469,Vinnie Pasquantino,Eury Pérez,MIA@KC,KC,5.0,1B,L,2.46,2.72,1.0,1.0,0.951,8.7,10.1,16.3,525.0,462.0,,-6.2,-5.9,1.79,0,-1.0
2026-09-02,666176,Jo Adell,Dylan Cease,TOR@CLE,CLE,4.0,RF,R,3.47,1.93,1.015,0.981,0.9,8.6,10.04,15.0,525.0,507.0,,-4.96,-5.96,0.47,0,-1.0
2026-09-02,664774,Lamonte Wade,Davis Martin,CWS@HOU,HOU,8.0,1B,L,2.76,2.43,1.0,1.0,1.057,8.6,10.04,,,,,,,,0,
2026-09-02,687462,Spencer Horwitz,Landen Roupp,SF@PIT,PIT,1.0,1B,L,2.69,2.08,1.016,1.045,0.961,8.6,10.04,11.7,800.0,753.0,,-1.66,-1.07,0.61,0,-1.0
2026-09-02,807713,Matt Shaw,Jacob Misiorowski,MIL@CHC,CHC,7.0,2B,R,3.08,2.43,0.978,1.04,0.9,8.6,10.04,11.8,800.0,692.0,,-1.76,-1.07,1.52,0,-1.0
2026-09-02,682657,Angel Martínez,Dylan Cease,TOR@CLE,CLE,6.0,LF,L,3.79,1.93,1.008,0.981,0.9,8.6,10.04,11.7,750.0,696.0,,-1.66,-1.72,0.8,0,-1.0
2026-09-02,691011,Drew Romo,Hayden Wesneski,CWS@HOU,CWS,9.0,C,L,3.32,2.31,1.0,1.0,0.976,8.6,10.04,10.4,850.0,811.0,,-0.36,-0.49,0.45,0,-1.0
2026-09-02,687551,Drew Gilbert,Bubba Chandler,SF@PIT,SF,1.0,CF,L,2.52,2.16,1.0,1.045,0.994,8.5,9.99,10.4,850.0,832.0,,-0.41,-0.54,0.2,0,-1.0
2026-09-02,662139,Daulton Varsho,Davis Martin,CWS@HOU,HOU,5.0,CF,L,2.32,2.43,1.025,1.0,1.057,8.4,9.94,14.9,575.0,547.0,,-4.96,-4.87,0.65,0,-1.0
2026-09-02,687401,Joey Ortiz,David Peterson,MIL@CHC,MIL,8.0,3B,R,2.48,2.48,0.978,1.04,1.072,8.1,9.77,10.4,900.0,807.0,,-0.63,-0.23,1.03,0,-1.0
2026-09-02,667472,Dane Myers,Casey Mize,SD@CIN,CIN,6.0,CF,R,2.42,2.59,1.011,1.029,0.92,8.0,9.72,,,,,,,,0,
2026-09-02,681082,Bryson Stott,Taylor Clarke,PHI@AZ,PHI,5.0,3B,L,2.12,2.71,1.0,1.0,1.017,8.0,9.72,9.4,950.0,866.0,,0.32,0.2,0.83,0,-1.0
2026-09-02,687093,Vaughn Grissom,Cam Schlittler,NYY@LAA,LAA,4.0,1B,R,2.55,2.31,1.0,1.04,0.9,7.9,9.67,9.4,950.0,911.0,,0.27,0.15,0.37,1,9.5
2026-09-02,671976,Tristan Peters,Hayden Wesneski,CWS@HOU,CWS,8.0,CF,L,2.9,2.31,1.0,1.0,0.976,7.9,9.67,10.4,850.0,783.0,,-0.73,-0.86,0.8,0,-1.0
2026-09-02,683734,Andrew Vaughn,David Peterson,MIL@CHC,MIL,3.0,1B,R,2.07,2.48,0.961,1.04,1.072,7.9,9.67,14.7,525.0,519.0,,-5.03,-6.33,0.16,0,-1.0
2026-09-02,668804,Bryan Reynolds,Landen Roupp,SF@PIT,PIT,3.0,DH,R,2.56,2.08,1.007,1.045,0.961,7.7,9.56,11.7,800.0,738.0,,-2.14,-1.55,0.82,0,-1.0
2026-09-02,679845,Nick Loftin,Eury Pérez,MIA@KC,KC,6.0,3B,R,2.21,2.72,1.0,1.0,0.951,7.6,9.51,10.4,900.0,789.0,,-0.89,-0.49,1.25,0,-1.0
2026-09-02,664728,Kyle Isbel,Eury Pérez,MIA@KC,KC,9.0,CF,L,2.52,2.72,1.0,1.0,0.951,7.5,9.45,8.6,1100.0,977.0,,0.85,1.12,0.96,0,-1.0
2026-09-02,678662,Ezequiel Tovar,Trevor Rogers,BAL@COL,COL,9.0,SS,R,2.39,2.81,0.963,1.023,0.965,7.4,9.4,13.3,625.0,611.0,,-3.9,-4.39,0.27,0,-1.0
2026-09-02,694208,Moisés Ballesteros,Cam Schlittler,NYY@LAA,LAA,5.0,DH,L,2.42,2.31,1.0,1.04,0.9,7.2,9.29,9.9,900.0,846.0,,-0.61,-0.71,0.57,1,9.0
2026-09-02,800050,Chase Delauter,Dylan Cease,TOR@CLE,CLE,2.0,DH,L,2.75,1.93,1.0,0.981,0.9,6.9,9.13,14.2,650.0,577.0,,-5.07,-4.2,1.44,0,-1.0
2026-09-02,806198,Cooper Pratt,David Peterson,MIL@CHC,MIL,9.0,SS,R,2.13,2.48,1.0,1.04,1.072,6.8,9.08,8.6,1000.0,930.0,,0.48,-0.01,0.62,0,-1.0
2026-09-02,695731,Braden Montgomery,Hayden Wesneski,CWS@HOU,CWS,5.0,RF,L,2.11,2.31,1.0,1.0,0.976,6.6,8.97,10.4,850.0,811.0,,-1.43,-1.56,0.45,0,-1.0
2026-09-02,805367,Chase Meidroth,Hayden Wesneski,CWS@HOU,CWS,7.0,2B,R,2.3,2.31,1.0,1.0,0.976,6.6,8.97,8.8,1300.0,1143.0,,0.17,1.83,0.91,0,-1.0
2026-09-02,665804,Miguel Amaya,Jacob Misiorowski,MIL@CHC,CHC,9.0,C,R,2.51,2.43,0.978,1.04,0.9,6.5,8.92,9.4,900.0,841.0,,-0.48,-1.08,0.63,0,-1.0
2026-09-02,665926,Andrés Giménez,Joey Cantillo,TOR@CLE,TOR,8.0,SS,L,2.08,2.63,1.006,0.981,0.979,6.4,8.86,9.4,1000.0,931.0,,-0.54,-0.23,0.61,0,-1.0
2026-09-02,608070,José Ramírez,Dylan Cease,TOR@CLE,CLE,3.0,3B,L,2.56,1.93,1.0,0.981,0.9,6.3,8.81,15.3,550.0,495.0,,-6.49,-6.57,1.43,0,-1.0
2026-09-02,672724,Oswald Peraza,Cam Schlittler,NYY@LAA,LAA,8.0,3B,R,2.3,2.31,1.004,1.04,0.9,6.1,8.7,8.2,1100.0,989.0,,0.5,0.37,0.85,0,-1.0
2026-09-02,672275,Patrick Bailey,Dylan Cease,TOR@CLE,CLE,8.0,C,L,2.86,1.93,1.008,0.981,0.9,6.0,8.65,9.4,950.0,876.0,,-0.75,-0.87,0.73,0,-1.0
2026-09-02,694197,Angel Genao,Dylan Cease,TOR@CLE,CLE,9.0,SS,L,2.77,1.93,1.0,0.981,0.9,5.5,8.38,8.6,1100.0,994.0,,-0.22,0.05,0.81,0,-1.0
2026-09-02,683953,Travis Bazzana,Dylan Cease,TOR@CLE,CLE,7.0,2B,L,2.28,1.93,1.0,0.981,0.9,5.0,8.11,10.4,900.0,822.0,,-2.29,-1.89,0.85,0,-1.0
2026-09-03,691406,Junior Caminero,Cal Quantrill,TB@TEX,TB,3.0,3B,R,5.57,3.0,1.004,1.0,0.983,22.2,17.34,24.0,340.0,304.0,,-6.66,-5.39,2.02,0,-1.0
2026-09-03,808959,Munetaka Murakami,Hunter Brown,CWS@HOU,CWS,2.0,1B,L,5.66,2.95,1.0,1.0,0.931,21.6,17.01,18.8,430.0,399.0,,-1.79,-1.86,1.17,0,-1.0
2026-09-03,681715,Heriberto Hernandez,Michael Wacha,MIA@KC,MIA,1.0,LF,R,4.89,3.17,1.0,1.0,0.979,19.6,15.94,23.8,325.0,286.0,,-7.86,-7.59,2.38,1,3.25
2026-09-03,664040,Brandon Lowe,Blade Tidwell,SF@PIT,PIT,2.0,DH,L,4.69,3.14,1.016,1.031,0.941,18.9,15.57,,,,,,,,0,
2026-09-03,665052,Griffin Conine,Michael Wacha,MIA@KC,MIA,4.0,RF,L,4.92,3.17,1.0,1.0,0.979,18.7,15.46,22.3,375.0,313.0,,-6.84,-5.59,3.16,0,-1.0
2026-09-03,665161,Jeremy Peña,Luis Castillo,CWS@HOU,HOU,1.0,SS,R,4.05,3.95,1.034,1.0,1.084,18.2,15.19,15.0,600.0,540.0,,0.19,0.9,1.33,0,-1.0
2026-09-03,514888,José Altuve,Luis Castillo,CWS@HOU,HOU,4.0,2B,R,2.94,3.95,1.034,1.0,1.084,17.8,14.98,11.7,700.0,711.0,,3.28,2.48,-0.17,1,7.0
2026-09-03,678246,Miguel Vargas,Hunter Brown,CWS@HOU,CWS,3.0,3B,R,4.5,2.95,1.034,1.0,0.931,17.7,14.92,16.4,475.0,450.0,,-1.48,-2.47,0.79,0,-1.0
2026-09-03,670623,Isaac Paredes,Luis Castillo,CWS@HOU,HOU,3.0,3B,R,3.15,3.95,1.0,1.0,1.084,17.7,14.92,16.2,525.0,463.0,,-1.28,-1.08,1.76,0,-1.0
2026-09-03,695657,Colson Montgomery,Hunter Brown,CWS@HOU,CWS,6.0,SS,L,4.83,2.95,1.025,1.0,0.931,17.4,14.76,17.1,480.0,443.0,,-2.34,-2.48,1.18,0,-1.0
2026-09-03,641343,Jake Bauers,Kevin Gausman,MIL@CHC,MIL,4.0,RF,L,4.27,3.04,1.0,1.013,0.969,17.4,14.76,18.8,450.0,391.0,,-4.04,-3.42,2.19,0,-1.0
2026-09-03,694192,Jackson Chourio,Kevin Gausman,MIL@CHC,MIL,1.0,LF,R,4.12,3.04,0.978,1.013,0.969,17.3,14.71,19.7,430.0,374.0,,-4.99,-4.16,2.23,0,-1.0
2026-09-03,665833,Oneil Cruz,Blade Tidwell,SF@PIT,PIT,5.0,CF,L,4.49,3.14,1.016,1.031,0.941,17.2,14.65,,,,,,,,0,
2026-09-03,691718,Pete Crow-Armstrong,Logan Henderson,MIL@CHC,CHC,1.0,CF,L,5.57,3.55,1.0,1.013,0.9,16.8,14.44,24.7,275.0,258.0,,-10.26,-12.23,1.26,1,2.75
2026-09-03,804668,Rafael Flores,Blade Tidwell,SF@PIT,PIT,7.0,C,R,4.9,3.14,1.0,1.031,0.941,16.7,14.39,,,,,,,,0,
2026-09-03,669065,Kyle Stowers,Michael Wacha,MIA@KC,MIA,2.0,1B,L,3.91,3.17,1.0,1.0,0.979,16.3,14.17,23.8,325.0,284.0,,-9.63,-9.36,2.51,0,-1.0
2026-09-03,681508,Mickey Gasper,Brandon Young,BOS@BAL,BOS,2.0,1B,L,3.66,3.04,1.015,1.001,1.02,16.3,14.17,15.6,575.0,498.0,,-1.43,-0.64,1.91,0,-1.0
2026-09-03,670541,Yordan Álvarez,Luis Castillo,CWS@HOU,HOU,2.0,DH,L,5.6,3.95,1.005,1.0,1.084,16.3,14.17,28.0,245.0,224.0,,-13.83,-14.82,1.87,0,-1.0
2026-09-03,572233,Christian Walker,Luis Castillo,CWS@HOU,HOU,6.0,1B,R,4.11,3.95,1.034,1.0,1.084,16.1,14.06,15.6,550.0,489.0,,-1.54,-1.32,1.6,0,-1.0
2026-09-03,677800,Wilyer Abreu,Brandon Young,BOS@BAL,BOS,4.0,RF,L,3.69,3.04,1.022,1.001,1.02,16.1,14.06,22.6,325.0,298.0,,-8.54,-9.47,1.6,0,-1.0
2026-09-03,666211,Taylor Trammell,Luis Castillo,CWS@HOU,HOU,7.0,RF,L,3.0,3.95,1.025,1.0,1.084,16.1,14.06,16.4,600.0,506.0,,-2.34,-0.23,2.21,0,-1.0
2026-09-03,805811,Bryce Eldridge,Lake Bachar,SF@PIT,SF,3.0,1B,L,3.65,3.83,1.0,1.031,0.924,15.2,13.58,,,,,,,,0,
2026-09-03,673548,Seiya Suzuki,Logan Henderson,MIL@CHC,CHC,2.0,RF,R,4.17,3.55,1.0,1.013,0.9,15.2,13.58,17.9,480.0,414.0,,-4.32,-3.66,2.22,0,-1.0
2026-09-03,646240,Rafael Devers,Lake Bachar,SF@PIT,SF,2.0,DH,L,4.99,3.83,1.0,1.031,0.924,15.2,13.58,,,,,,,,0,
2026-09-03,673237,Yainer Diaz,Luis Castillo,CWS@HOU,HOU,8.0,C,R,3.41,3.95,1.004,1.0,1.084,15.0,13.48,11.7,750.0,703.0,,1.78,1.72,0.69,0,-1.0
2026-09-03,664770,Nathan Lukes,Tanner Bibee,TOR@CLE,TOR,2.0,RF,L,2.76,3.75,1.011,0.99,1.012,15.0,13.48,,,,,,,,0,
2026-09-03,660821,Jesús Sánchez,Tanner Bibee,TOR@CLE,TOR,4.0,LF,L,2.84,3.75,1.008,0.99,1.012,14.9,13.42,,,,,,,,0,
2026-09-03,650490,Yandy Díaz,Cal Quantrill,TB@TEX,TB,1.0,DH,R,3.44,3.0,1.004,1.0,0.983,14.9,13.42,14.3,600.0,537.0,,-0.88,-0.87,1.41,0,-1.0
2026-09-03,608324,Alex Bregman,Logan Henderson,MIL@CHC,CHC,4.0,3B,R,3.69,3.55,0.976,1.013,0.9,14.1,12.99,15.6,600.0,504.0,,-2.61,-1.3,2.27,0,-1.0
2026-09-03,624413,Pete Alonso,Jake Bennett,BOS@BAL,BAL,4.0,1B,R,4.89,2.2,1.015,1.001,0.9,13.8,12.83,23.2,340.0,296.0,,-10.37,-9.9,2.52,1,3.4
2026-09-03,664023,Ian Happ,Logan Henderson,MIL@CHC,CHC,5.0,LF,R,3.88,3.55,0.978,1.013,0.9,13.8,12.83,17.9,460.0,416.0,,-5.07,-5.03,1.52,0,-1.0
2026-09-03,691788,Joe Mack,Michael Wacha,MIA@KC,MIA,8.0,C,L,3.94,3.17,1.0,1.0,0.979,13.7,12.78,15.6,600.0,532.0,,-2.82,-1.51,1.53,0,-1.0
2026-09-03,695506,Jac Caglianone,Sandy Alcántara,MIA@KC,KC,3.0,RF,L,4.29,2.41,1.0,1.0,0.937,13.6,12.72,21.0,375.0,335.0,,-8.28,-8.33,1.94,0,-1.0
2026-09-03,662139,Daulton Varsho,Luis Castillo,CWS@HOU,HOU,5.0,CF,L,2.31,3.95,1.025,1.0,1.084,13.6,12.72,17.1,550.0,477.0,,-4.38,-2.66,1.95,0,-1.0
2026-09-03,687551,Drew Gilbert,Lake Bachar,SF@PIT,SF,1.0,RF,L,2.49,3.83,1.0,1.031,0.924,13.4,12.62,,,,,,,,0,
2026-09-03,691723,Coby Mayo,Jake Bennett,BOS@BAL,BAL,2.0,DH,R,4.63,2.2,1.006,1.001,0.9,13.3,12.56,24.3,380.0,305.0,,-11.74,-8.27,3.86,0,-1.0
2026-09-03,679822,Justin Foscue,Shane Mcclanahan,TB@TEX,TEX,5.0,2B,R,4.49,2.2,1.0,1.0,1.0,13.3,12.56,12.1,700.0,705.0,,0.46,0.06,-0.08,0,-1.0
2026-09-03,664774,Lamonte Wade,Luis Castillo,CWS@HOU,HOU,9.0,LF,L,2.74,3.95,1.0,1.0,1.084,13.2,12.51,,,,,,,,0,
2026-09-03,680776,Jarren Duran,Brandon Young,BOS@BAL,BOS,7.0,LF,L,3.38,3.04,1.015,1.001,1.02,13.1,12.46,15.6,550.0,498.0,,-3.14,-2.92,1.34,0,-1.0
2026-09-03,643217,Andrew Benintendi,Hunter Brown,CWS@HOU,CWS,4.0,DH,L,3.28,2.95,1.016,1.0,0.931,12.9,12.35,13.3,700.0,674.0,,-0.95,-0.15,0.42,0,-1.0
2026-09-03,695600,Carter Jensen,Sandy Alcántara,MIA@KC,KC,1.0,C,L,3.84,2.41,1.0,1.0,0.937,12.8,12.3,19.7,420.0,371.0,,-7.4,-6.93,2.0,1,4.2
2026-09-03,678218,Brandon Valenzuela,Tanner Bibee,TOR@CLE,TOR,9.0,C,L,3.21,3.75,1.0,0.99,1.012,12.8,12.3,,,,,,,,0,
2026-09-03,624424,Michael Conforto,Logan Henderson,MIL@CHC,CHC,8.0,DH,L,4.52,3.55,0.978,1.013,0.9,12.7,12.24,16.4,550.0,483.0,,-4.16,-3.14,1.77,0,-1.0
2026-09-03,683737,Michael Busch,Logan Henderson,MIL@CHC,CHC,3.0,1B,L,2.78,3.55,1.0,1.013,0.9,12.7,12.24,17.1,450.0,412.0,,-4.86,-5.94,1.35,0,-1.0
2026-09-03,663993,Nathaniel Lowe,José Soriano,TOR@CLE,CLE,5.0,1B,L,3.8,2.37,1.011,0.99,1.032,12.6,12.19,,,,,,,,0,
2026-09-03,687462,Spencer Horwitz,Blade Tidwell,SF@PIT,PIT,1.0,1B,L,2.66,3.14,1.016,1.031,0.941,12.2,11.97,,,,,,,,0,
2026-09-03,669701,Josh Smith,Tanner Bibee,TOR@CLE,TOR,6.0,3B,L,2.46,3.75,1.0,0.99,1.012,12.1,11.92,,,,,,,,0,
2026-09-03,666018,Jonathan Aranda,Cal Quantrill,TB@TEX,TB,4.0,1B,L,2.91,3.0,1.0,1.0,0.983,12.1,11.92,15.5,525.0,473.0,,-3.58,-4.08,1.45,0,-1.0
2026-09-03,668930,Brice Turang,Kevin Gausman,MIL@CHC,MIL,2.0,2B,L,2.9,3.04,0.958,1.013,0.969,12.0,11.87,13.3,800.0,672.0,,-1.43,0.76,1.84,0,-1.0
2026-09-03,666176,Jo Adell,José Soriano,TOR@CLE,CLE,4.0,LF,R,3.46,2.37,1.015,0.99,1.032,12.0,11.87,,,,,,,,0,
2026-09-03,668939,Adley Rutschman,Brandon Young,BOS@BAL,BOS,3.0,C,R,2.73,3.04,1.006,1.001,1.02,12.0,11.87,15.6,550.0,501.0,,-3.73,-3.51,1.26,1,5.5
2026-09-03,669394,Jake Burger,Shane Mcclanahan,TB@TEX,TEX,6.0,1B,R,4.11,2.2,1.006,1.0,1.0,11.9,11.81,18.8,400.0,387.0,,-6.99,-8.19,0.53,0,-1.0
2026-09-03,676356,Jonny Deluca,Cal Quantrill,TB@TEX,TB,5.0,RF,R,2.98,3.0,1.0,1.0,0.983,11.9,11.81,13.1,700.0,714.0,,-1.29,-0.69,-0.21,0,-1.0
2026-09-03,656775,Cedric Mullins,Cal Quantrill,TB@TEX,TB,6.0,CF,L,3.07,3.0,1.004,1.0,0.983,11.8,11.76,14.8,550.0,515.0,,-3.04,-3.62,0.88,0,-1.0
2026-09-03,694671,Wyatt Langford,Shane Mcclanahan,TB@TEX,TEX,3.0,LF,R,3.73,2.2,1.0,1.0,1.0,11.6,11.65,15.6,575.0,511.0,,-3.95,-3.16,1.56,0,-1.0
2026-09-03,608369,Corey Seager,Shane Mcclanahan,TB@TEX,TEX,2.0,SS,L,3.61,2.2,1.004,1.0,1.0,11.6,11.65,19.3,425.0,364.0,,-7.65,-7.4,2.5,1,4.25
2026-09-03,673357,Luis Robert,Jake Bennett,BOS@BAL,BAL,3.0,CF,R,3.97,2.2,1.003,1.001,0.9,11.2,11.44,,,,,,,,1,
2026-09-03,668804,Bryan Reynolds,Blade Tidwell,SF@PIT,PIT,3.0,RF,R,2.54,3.14,1.007,1.031,0.941,11.1,11.38,,,,,,,,0,
2026-09-03,622761,Jorge Mateo,Cal Quantrill,TB@TEX,TB,7.0,SS,R,2.96,3.0,1.006,1.0,0.983,11.0,11.33,11.3,800.0,689.0,,0.03,0.22,1.56,0,-1.0
2026-09-03,694378,Jacob Gonzalez,Blade Tidwell,SF@PIT,PIT,8.0,3B,L,3.03,3.14,1.0,1.031,0.941,11.0,11.33,,,,,,,,0,
2026-09-03,687952,Christian Encarnacion-Strand,Jake Bennett,BOS@BAL,BAL,6.0,3B,R,4.13,2.2,1.006,1.001,0.9,10.8,11.22,19.7,480.0,403.0,,-8.48,-6.02,2.64,1,4.8
2026-09-03,642201,Eli White,Brandon Young,BOS@BAL,BOS,8.0,CF,R,2.87,3.04,1.006,1.001,1.02,10.8,11.22,11.7,750.0,741.0,,-0.48,-0.54,0.13,0,-1.0
2026-09-03,521692,Salvador Pérez,Sandy Alcántara,MIA@KC,KC,4.0,1B,R,3.24,2.41,1.0,1.0,0.937,10.4,11.01,16.4,510.0,465.0,,-5.39,-5.38,1.31,0,-1.0
2026-09-03,677649,Ezequiel Duran,Shane Mcclanahan,TB@TEX,TEX,1.0,CF,R,3.12,2.2,1.006,1.0,1.0,10.3,10.95,11.7,750.0,721.0,,-0.75,-0.81,0.42,0,-1.0
2026-09-03,702332,Caleb Durbin,Brandon Young,BOS@BAL,BOS,6.0,3B,R,2.48,3.04,1.006,1.001,1.02,10.2,10.9,10.4,900.0,854.0,,0.5,0.9,0.48,0,-1.0
2026-09-03,661388,William Contreras,Kevin Gausman,MIL@CHC,MIL,3.0,C,R,2.45,3.04,0.978,1.013,0.969,10.2,10.9,16.4,540.0,476.0,,-5.5,-4.72,1.74,0,-1.0
2026-09-03,699393,Pedro Ramírez,Logan Henderson,MIL@CHC,CHC,7.0,2B,L,2.45,3.55,1.0,1.013,0.9,10.0,10.79,11.4,800.0,733.0,,-0.61,-0.32,0.89,0,-1.0
2026-09-03,608348,Carson Kelly,Logan Henderson,MIL@CHC,CHC,9.0,C,R,2.79,3.55,0.961,1.013,0.9,9.9,10.74,11.7,700.0,703.0,,-0.96,-1.76,-0.05,0,-1.0
2026-09-03,677951,Bobby Witt,Sandy Alcántara,MIA@KC,KC,2.0,SS,R,2.99,2.41,1.0,1.0,0.937,9.9,10.74,,,,,,,,0,
2026-09-03,665926,Andrés Giménez,Tanner Bibee,TOR@CLE,TOR,7.0,SS,L,2.06,3.75,1.006,0.99,1.012,9.8,10.69,,,,,,,,0,
2026-09-03,800050,Chase Delauter,José Soriano,TOR@CLE,CLE,2.0,RF,L,2.73,2.37,1.0,0.99,1.032,9.7,10.63,,,,,,,,0,
2026-09-03,701350,Roman Anthony,Brandon Young,BOS@BAL,BOS,1.0,DH,L,2.08,3.04,1.0,1.001,1.02,9.7,10.63,17.1,500.0,442.0,,-6.47,-6.04,1.78,1,5.0
2026-09-03,671976,Tristan Peters,Hunter Brown,CWS@HOU,CWS,8.0,CF,L,2.89,2.95,1.0,1.0,0.931,9.6,10.58,9.4,900.0,845.0,,1.18,0.58,0.58,0,-1.0
2026-09-03,592885,Christian Yelich,Kevin Gausman,MIL@CHC,MIL,6.0,DH,L,2.48,3.04,0.976,1.013,0.969,9.5,10.53,13.3,800.0,685.0,,-2.77,-0.58,1.63,0,-1.0
2026-09-03,683002,Gunnar Henderson,Jake Bennett,BOS@BAL,BAL,5.0,SS,L,3.44,2.2,1.015,1.001,0.9,9.5,10.53,13.3,750.0,664.0,,-2.77,-1.23,1.33,0,-1.0
2026-09-03,668670,Jake Rogers,Hunter Brown,CWS@HOU,CWS,9.0,C,R,2.75,2.95,1.034,1.0,0.931,9.0,10.26,11.7,950.0,816.0,,-1.44,0.74,1.4,0,-1.0
2026-09-03,686765,Nick Sogard,Brandon Young,BOS@BAL,BOS,5.0,2B,L,2.1,3.04,1.0,1.001,1.02,8.9,10.2,10.4,900.0,839.0,,-0.2,0.2,0.65,1,9.0
2026-09-03,686681,Michael Massey,Sandy Alcántara,MIA@KC,KC,6.0,2B,L,2.98,2.41,1.0,1.0,0.937,8.9,10.2,13.3,750.0,620.0,,-3.1,-1.56,2.13,0,-1.0
2026-09-03,608070,José Ramírez,José Soriano,TOR@CLE,CLE,3.0,DH,L,2.55,2.37,1.0,0.99,1.032,8.8,10.15,,,,,,,,0,
2026-09-03,694197,Angel Genao,José Soriano,TOR@CLE,CLE,6.0,3B,L,2.73,2.37,1.0,0.99,1.032,8.8,10.15,,,,,,,,0,
2026-09-03,687401,Joey Ortiz,Kevin Gausman,MIL@CHC,MIL,8.0,SS,R,2.45,3.04,0.978,1.013,0.969,8.7,10.1,11.1,800.0,777.0,,-1.0,-1.01,0.29,0,-1.0
2026-09-03,691594,Javier Sanoja,Michael Wacha,MIA@KC,MIA,5.0,2B,R,2.05,3.17,1.0,1.0,0.979,8.7,10.1,10.4,900.0,859.0,,-0.3,0.1,0.43,0,-1.0
2026-09-03,688363,Graham Pauley,Michael Wacha,MIA@KC,MIA,9.0,3B,L,2.35,3.17,1.0,1.0,0.979,8.4,9.94,12.3,750.0,709.0,,-2.36,-1.82,0.6,0,-1.0
2026-09-03,669003,Garrett Mitchell,Kevin Gausman,MIL@CHC,MIL,7.0,CF,L,2.2,3.04,1.0,1.013,0.969,8.3,9.88,13.3,650.0,622.0,,-3.42,-3.45,0.52,0,-1.0
2026-09-03,607043,Brandon Nimmo,Shane Mcclanahan,TB@TEX,TEX,4.0,RF,L,2.56,2.2,1.0,1.0,1.0,8.1,9.77,14.2,600.0,529.0,,-4.43,-4.52,1.61,0,-1.0
2026-09-03,683734,Andrew Vaughn,Kevin Gausman,MIL@CHC,MIL,5.0,1B,R,2.05,3.04,0.961,1.013,0.969,8.1,9.77,14.2,550.0,533.0,,-4.43,-5.61,0.42,1,5.5
2026-09-03,805367,Chase Meidroth,Hunter Brown,CWS@HOU,CWS,7.0,2B,R,2.29,2.95,1.0,1.0,0.931,8.0,9.72,7.5,1300.0,1178.0,,2.22,2.58,0.68,0,-1.0
2026-09-03,643396,Isiah Kiner-Falefa,Brandon Young,BOS@BAL,BOS,9.0,SS,R,2.21,3.04,1.006,1.001,1.02,7.9,9.67,7.6,1300.0,1250.0,,2.07,2.53,0.27,0,-1.0
2026-09-03,695731,Braden Montgomery,Hunter Brown,CWS@HOU,CWS,5.0,RF,L,2.1,2.95,1.0,1.0,0.931,7.9,9.67,9.9,950.0,890.0,,-0.23,0.15,0.58,0,-1.0
2026-09-03,595978,Austin Hedges,José Soriano,TOR@CLE,CLE,8.0,C,R,2.61,2.37,1.015,0.99,1.032,7.8,9.61,,,,,,,,0,
2026-09-03,553869,Elías Díaz,Shane Mcclanahan,TB@TEX,TEX,9.0,C,R,3.04,2.2,1.0,1.0,1.0,7.7,9.56,11.6,800.0,716.0,,-2.04,-1.55,1.14,0,-1.0
2026-09-03,686469,Vinnie Pasquantino,Sandy Alcántara,MIA@KC,KC,5.0,DH,L,2.43,2.41,1.0,1.0,0.937,7.6,9.51,15.6,600.0,513.0,,-6.09,-4.78,2.02,0,-1.0
2026-09-03,668942,Josh Rojas,Sandy Alcántara,MIA@KC,KC,7.0,3B,L,2.62,2.41,1.0,1.0,0.937,7.5,9.45,10.5,900.0,828.0,,-1.05,-0.55,0.78,0,-1.0
2026-09-03,680700,Richie Palacios,Cal Quantrill,TB@TEX,TB,8.0,2B,L,2.08,3.0,1.005,1.0,0.983,7.5,9.45,8.6,1200.0,1023.0,,0.85,1.76,1.21,0,-1.0
2026-09-03,683953,Travis Bazzana,José Soriano,TOR@CLE,CLE,7.0,2B,L,2.27,2.37,1.0,0.99,1.032,7.0,9.19,,,,,,,,0,
2026-09-03,664728,Kyle Isbel,Sandy Alcántara,MIA@KC,KC,9.0,CF,L,2.49,2.41,1.0,1.0,0.937,6.5,8.92,8.6,1150.0,1032.0,,0.32,0.92,0.83,0,-1.0
2026-09-03,677587,Brayan Rocchio,José Soriano,TOR@CLE,CLE,9.0,SS,L,2.15,2.37,1.006,0.99,1.032,6.1,8.7,,,,,,,,0,
2026-09-03,687637,Dylan Beavers,Jake Bennett,BOS@BAL,BAL,8.0,LF,L,2.39,2.2,1.0,1.001,0.9,5.8,8.54,9.9,900.0,839.0,,-1.36,-1.46,0.65,0,-1.0
2026-09-03,665750,Leody Taveras,Jake Bennett,BOS@BAL,BAL,7.0,RF,L,2.09,2.2,1.0,1.001,0.9,5.3,8.27,9.4,1000.0,903.0,,-1.13,-0.82,0.88,0,-1.0
2026-09-04,677951,Bobby Witt,Jameson Taillon,TOR@KC,KC,2.0,SS,R,2.97,5.95,1.0,1.0,1.12,26.8,19.8,,,,,,,,1,
2026-09-04,521692,Salvador Pérez,Jameson Taillon,TOR@KC,KC,4.0,DH,R,3.22,5.95,1.0,1.0,1.12,23.5,18.03,19.1,400.0,381.0,,-1.07,-1.97,0.79,0,-1.0
2026-09-04,686681,Michael Massey,Jameson Taillon,TOR@KC,KC,7.0,2B,L,2.96,5.95,1.0,1.0,1.12,23.4,17.98,13.4,625.0,601.0,,4.58,4.19,0.48,0,-1.0
2026-09-04,691718,Pete Crow-Armstrong,Janson Junk,CHC@MIA,CHC,1.0,CF,L,5.68,2.82,1.0,1.0,1.008,22.8,17.66,23.4,300.0,278.0,,-5.74,-7.34,1.46,0,-1.0
2026-09-04,592626,Joc Pederson,Nick Martínez,TB@TEX,TEX,1.0,DH,L,5.2,2.93,1.0,1.0,1.015,22.0,17.23,22.3,350.0,299.0,,-5.07,-4.99,2.84,0,-1.0
2026-09-04,686469,Vinnie Pasquantino,Jameson Taillon,TOR@KC,KC,5.0,1B,L,2.41,5.95,1.0,1.0,1.12,20.9,16.64,17.9,425.0,421.0,,-1.26,-2.41,0.14,1,4.25
2026-09-04,641343,Jake Bauers,Rhett Lowder,MIL@CIN,MIL,2.0,1B,L,4.25,3.16,1.0,1.011,1.098,19.5,15.89,23.7,325.0,277.0,,-7.81,-7.64,3.0,0,-1.0
2026-09-04,687462,Spencer Horwitz,Ryan Johnson,LAA@PIT,PIT,1.0,1B,L,2.63,4.4,1.016,1.011,1.12,19.2,15.73,13.3,800.0,681.0,,2.43,4.62,1.69,0,-1.0
2026-09-04,514888,José Altuve,Merrill Kelly,AZ@HOU,HOU,4.0,2B,R,3.08,3.97,1.034,1.0,1.12,18.9,15.57,13.3,750.0,650.0,,2.27,3.81,1.57,0,-1.0
2026-09-04,663494,Bryan Torres,Ryan Feltner,STL@COL,STL,1.0,2B,L,2.9,3.88,1.0,1.036,1.114,18.7,15.46,11.6,750.0,769.0,,3.86,3.7,-0.25,0,-1.0
2026-09-04,665161,Jeremy Peña,Merrill Kelly,AZ@HOU,HOU,1.0,SS,R,4.02,3.97,1.034,1.0,1.12,18.7,15.46,15.6,510.0,503.0,,-0.14,-0.93,0.19,0,-1.0
2026-09-04,694192,Jackson Chourio,Rhett Lowder,MIL@CIN,MIL,3.0,LF,R,4.1,3.16,1.011,1.011,1.098,18.7,15.46,20.8,370.0,340.0,,-5.34,-5.82,1.45,0,-1.0
2026-09-04,679845,Nick Loftin,Jameson Taillon,TOR@KC,KC,6.0,3B,R,2.18,5.95,1.0,1.0,1.12,18.5,15.35,11.7,800.0,730.0,,3.65,4.24,0.94,0,-1.0
2026-09-04,676475,Alec Burleson,Ryan Feltner,STL@COL,STL,3.0,1B,L,3.46,3.88,1.0,1.036,1.114,18.3,15.24,19.7,400.0,363.0,,-4.46,-4.76,1.6,0,-1.0
2026-09-04,670623,Isaac Paredes,Merrill Kelly,AZ@HOU,HOU,3.0,3B,R,3.13,3.97,1.0,1.0,1.12,18.3,15.24,16.2,525.0,472.0,,-0.96,-0.76,1.48,0,-1.0
2026-09-04,664728,Kyle Isbel,Jameson Taillon,TOR@KC,KC,9.0,CF,L,2.47,5.95,1.0,1.0,1.12,18.2,15.19,10.4,800.0,802.0,,4.79,4.08,-0.02,0,-1.0
2026-09-04,606466,Ketel Marte,Cristian Javier,AZ@HOU,AZ,4.0,2B,R,3.81,3.54,1.043,1.0,1.1,18.0,15.08,19.1,400.0,371.0,,-4.02,-4.92,1.23,0,-1.0
2026-09-04,665923,Esteury Ruiz,Shota Imanaga,CHC@MIA,MIA,6.0,CF,R,2.95,4.9,1.0,1.0,0.957,17.7,14.92,11.8,800.0,685.0,,3.12,3.81,1.63,0,-1.0
2026-09-04,696100,Hunter Goodman,Andre Pallante,STL@COL,COL,3.0,C,R,6.41,2.03,0.963,1.036,0.97,17.5,14.82,23.7,300.0,278.0,,-8.88,-10.18,1.46,0,-1.0
2026-09-04,668804,Bryan Reynolds,Ryan Johnson,LAA@PIT,PIT,3.0,RF,R,2.53,4.4,1.007,1.011,1.12,17.5,14.82,16.4,525.0,485.0,,-1.58,-1.18,1.09,0,-1.0
2026-09-04,694378,Jacob Gonzalez,Ryan Johnson,LAA@PIT,PIT,8.0,3B,L,3.01,4.4,1.0,1.011,1.12,17.5,14.82,12.8,700.0,678.0,,2.02,2.32,0.35,0,-1.0
2026-09-04,682998,Corbin Carroll,Cristian Javier,AZ@HOU,AZ,2.0,RF,L,3.17,3.54,1.025,1.0,1.1,17.3,14.71,20.5,375.0,344.0,,-5.79,-6.34,1.47,0,-1.0
2026-09-04,686797,Brooks Lee,Erick Fedde,MIN@CWS,MIN,2.0,3B,R,3.87,3.88,1.004,1.012,1.052,17.2,14.65,16.4,550.0,485.0,,-1.75,-0.73,1.71,0,-1.0
2026-09-04,691023,Jordan Walker,Ryan Feltner,STL@COL,STL,4.0,RF,R,4.48,3.88,0.963,1.036,1.114,17.0,14.55,23.2,310.0,290.0,,-8.65,-9.84,1.25,0,-1.0
2026-09-04,678246,Miguel Vargas,Zebby Matthews,MIN@CWS,CWS,2.0,3B,R,4.47,3.81,1.004,1.012,1.037,16.9,14.49,22.0,330.0,309.0,,-7.51,-8.77,1.19,1,3.3
2026-09-04,673548,Seiya Suzuki,Janson Junk,CHC@MIA,CHC,2.0,RF,R,4.15,2.82,1.0,1.0,1.008,16.8,14.44,16.4,480.0,442.0,,-1.96,-2.8,1.21,0,-1.0
2026-09-04,680779,Henry Davis,Ryan Johnson,LAA@PIT,PIT,9.0,C,R,2.99,4.4,1.012,1.011,1.12,16.7,14.39,14.5,550.0,513.0,,-0.11,-0.99,0.93,0,-1.0
2026-09-04,695600,Carter Jensen,Jameson Taillon,TOR@KC,KC,1.0,C,L,3.97,5.95,1.0,1.0,1.12,16.7,14.39,20.8,370.0,341.0,,-6.41,-6.89,1.4,0,-1.0
2026-09-04,680777,Ryan Jeffers,Erick Fedde,MIN@CWS,MIN,4.0,C,R,3.9,3.88,1.004,1.012,1.052,16.7,14.39,17.1,525.0,464.0,,-2.71,-1.61,1.73,0,-1.0
2026-09-04,670541,Yordan Álvarez,Merrill Kelly,AZ@HOU,HOU,2.0,DH,L,5.57,3.97,1.005,1.0,1.12,16.6,14.33,28.0,240.0,221.0,,-13.67,-15.08,1.74,0,-1.0
2026-09-04,643217,Andrew Benintendi,Zebby Matthews,MIN@CWS,CWS,4.0,DH,L,3.26,3.81,0.999,1.012,1.037,16.6,14.33,17.9,480.0,427.0,,-3.57,-2.91,1.74,0,-1.0
2026-09-04,572233,Christian Walker,Merrill Kelly,AZ@HOU,HOU,6.0,1B,R,4.09,3.97,1.034,1.0,1.12,16.6,14.33,17.1,450.0,421.0,,-2.77,-3.85,1.01,0,-1.0
2026-09-04,669357,Nolan Gorman,Ryan Feltner,STL@COL,STL,7.0,3B,L,3.11,3.88,1.0,1.036,1.114,16.5,14.28,18.8,400.0,381.0,,-4.52,-5.72,0.79,0,-1.0
2026-09-04,666211,Taylor Trammell,Merrill Kelly,AZ@HOU,HOU,7.0,RF,L,2.97,3.97,1.025,1.0,1.12,16.5,14.28,15.6,550.0,525.0,,-1.32,-1.1,0.62,0,-1.0
2026-09-04,605137,Josh Bell,Erick Fedde,MIN@CWS,MIN,5.0,DH,L,3.09,3.88,0.997,1.012,1.052,16.5,14.28,17.4,450.0,407.0,,-3.12,-3.9,1.54,1,4.5
2026-09-04,665019,Kody Clemens,Erick Fedde,MIN@CWS,MIN,3.0,2B,L,4.47,3.88,0.997,1.012,1.052,16.4,14.23,22.0,340.0,314.0,,-7.77,-8.5,1.42,0,-1.0
2026-09-04,808959,Munetaka Murakami,Zebby Matthews,MIN@CWS,CWS,3.0,1B,L,5.62,3.81,1.0,1.012,1.037,16.3,14.17,25.8,280.0,258.0,,-11.63,-12.15,1.61,0,-1.0
2026-09-04,608369,Corey Seager,Nick Martínez,TB@TEX,TEX,2.0,SS,L,3.8,2.93,1.004,1.0,1.015,16.2,14.12,22.6,350.0,303.0,,-8.48,-8.1,2.59,0,-1.0
2026-09-04,571448,Nolan Arenado,Cristian Javier,AZ@HOU,AZ,6.0,3B,R,3.9,3.54,1.0,1.0,1.1,16.2,14.12,15.6,500.0,469.0,,-1.48,-2.55,0.9,0,-1.0
2026-09-04,664040,Brandon Lowe,Ryan Johnson,LAA@PIT,PIT,2.0,2B,L,4.67,4.4,1.016,1.011,1.12,16.1,14.06,19.7,390.0,364.0,,-5.64,-6.35,1.14,0,-1.0
2026-09-04,687263,Zach Neto,Jared Jones,LAA@PIT,LAA,1.0,SS,R,3.68,3.57,1.0,1.011,0.961,16.1,14.06,16.4,500.0,458.0,,-2.34,-2.61,1.25,0,-1.0
2026-09-04,646240,Rafael Devers,Nolan Mclean,SF@NYM,SF,2.0,1B,L,4.96,2.46,1.0,0.997,0.93,16.1,14.06,22.0,400.0,339.0,,-7.94,-5.94,2.78,1,4.0
2026-09-04,695657,Colson Montgomery,Zebby Matthews,MIN@CWS,CWS,5.0,SS,L,4.8,3.81,1.009,1.012,1.037,15.9,13.96,24.6,320.0,286.0,,-10.64,-9.85,2.1,1,3.2
2026-09-04,669394,Jake Burger,Nick Martínez,TB@TEX,TEX,6.0,1B,R,4.08,2.93,1.006,1.0,1.015,15.7,13.85,17.9,425.0,389.0,,-4.05,-5.2,1.4,0,-1.0
2026-09-04,665833,Oneil Cruz,Ryan Johnson,LAA@PIT,PIT,5.0,CF,L,4.45,4.4,1.016,1.011,1.12,15.6,13.8,22.0,350.0,323.0,,-8.2,-8.42,1.42,0,-1.0
2026-09-04,545361,Mike Trout,Jared Jones,LAA@PIT,LAA,2.0,CF,R,3.57,3.57,1.0,1.011,0.961,15.6,13.8,17.1,460.0,435.0,,-3.3,-4.06,0.83,0,-1.0
2026-09-04,673237,Yainer Diaz,Merrill Kelly,AZ@HOU,HOU,8.0,C,R,3.38,3.97,1.004,1.0,1.12,15.5,13.74,11.8,700.0,652.0,,1.94,1.24,0.8,1,7.0
2026-09-04,694671,Wyatt Langford,Nick Martínez,TB@TEX,TEX,3.0,LF,R,3.7,2.93,1.0,1.0,1.015,15.4,13.69,18.9,450.0,382.0,,-5.21,-4.49,2.57,0,-1.0
2026-09-04,668904,Royce Lewis,Erick Fedde,MIN@CWS,MIN,7.0,1B,R,3.2,3.88,1.004,1.012,1.052,15.2,13.58,20.8,370.0,347.0,,-7.22,-7.7,1.09,0,-1.0
2026-09-04,695336,Thomas Saggese,Ryan Feltner,STL@COL,STL,8.0,SS,R,3.46,3.88,0.966,1.036,1.114,15.1,13.53,14.3,625.0,593.0,,-0.77,-0.26,0.64,0,-1.0
2026-09-04,701398,Sal Stewart,Shane Drohan,MIL@CIN,CIN,3.0,1B,R,4.76,2.36,1.011,1.011,0.934,15.0,13.48,21.0,350.0,319.0,,-7.52,-8.74,1.65,0,-1.0
2026-09-04,804606,Konnor Griffin,Ryan Johnson,LAA@PIT,PIT,6.0,SS,R,2.34,4.4,1.0,1.011,1.12,15.0,13.48,10.4,850.0,798.0,,3.08,2.95,0.61,0,-1.0
2026-09-04,621566,Matt Olson,Cristopher Sánchez,ATL@PHI,ATL,4.0,1B,L,5.57,2.11,1.006,1.001,0.9,14.9,13.42,15.6,575.0,502.0,,-2.18,-1.39,1.8,0,-1.0
2026-09-04,672960,Kazuma Okamoto,Daniel Lynch,TOR@KC,TOR,5.0,3B,R,4.72,2.38,1.0,1.0,0.983,14.8,13.37,23.2,350.0,315.0,,-9.83,-8.85,1.88,0,-1.0
2026-09-04,624424,Michael Conforto,Janson Junk,CHC@MIA,CHC,8.0,DH,L,4.49,2.82,0.97,1.0,1.008,14.7,13.31,15.6,575.0,510.0,,-2.29,-1.5,1.58,0,-1.0
2026-09-04,694374,Tim Tawa,Cristian Javier,AZ@HOU,AZ,8.0,1B,R,3.19,3.54,1.043,1.0,1.1,14.7,13.31,15.1,525.0,492.0,,-1.79,-2.69,0.89,0,-1.0
2026-09-04,671056,Iván Herrera,Ryan Feltner,STL@COL,STL,2.0,DH,R,2.36,3.88,0.963,1.036,1.114,14.6,13.26,15.0,525.0,509.0,,-1.74,-2.74,0.42,1,5.25
2026-09-04,663616,Trevor Larnach,Erick Fedde,MIN@CWS,MIN,6.0,LF,L,2.74,3.88,1.0,1.012,1.052,14.6,13.26,15.0,550.0,505.0,,-1.74,-2.12,1.15,0,-1.0
2026-09-04,701785,Kaelen Culpepper,Erick Fedde,MIN@CWS,MIN,8.0,SS,R,3.18,3.88,1.0,1.012,1.052,14.6,13.26,13.3,650.0,616.0,,-0.04,-0.07,0.64,0,-1.0
2026-09-04,664023,Ian Happ,Janson Junk,CHC@MIA,CHC,5.0,LF,R,3.86,2.82,0.974,1.0,1.008,14.3,13.1,16.9,500.0,446.0,,-3.8,-3.57,1.65,0,-1.0
2026-09-04,608324,Alex Bregman,Janson Junk,CHC@MIA,CHC,4.0,3B,R,3.67,2.82,0.977,1.0,1.008,14.2,13.05,14.3,650.0,602.0,,-1.25,-0.28,0.92,0,-1.0
2026-09-04,671976,Tristan Peters,Zebby Matthews,MIN@CWS,CWS,7.0,CF,L,2.88,3.81,1.0,1.012,1.037,14.2,13.05,14.8,650.0,560.0,,-1.75,-0.28,1.82,0,-1.0
2026-09-04,662139,Daulton Varsho,Merrill Kelly,AZ@HOU,HOU,5.0,CF,L,2.29,3.97,1.025,1.0,1.12,14.0,12.94,16.3,525.0,459.0,,-3.36,-3.06,1.89,0,-1.0
2026-09-04,656941,Kyle Schwarber,Chris Sale,ATL@PHI,PHI,1.0,DH,L,6.04,1.72,1.006,1.001,0.9,13.9,12.89,19.8,375.0,336.0,,-6.91,-8.16,1.89,0,-1.0
2026-09-04,695506,Jac Caglianone,Jameson Taillon,TOR@KC,KC,3.0,RF,L,4.26,5.95,1.0,1.0,1.12,13.9,12.89,20.8,350.0,338.0,,-7.91,-9.33,0.61,0,-1.0
2026-09-04,666160,Mickey Moniak,Andre Pallante,STL@COL,COL,2.0,RF,L,4.92,2.03,0.956,1.036,0.97,13.8,12.83,20.5,375.0,336.0,,-7.67,-8.22,1.89,0,-1.0
2026-09-04,672515,Gabriel Moreno,Cristian Javier,AZ@HOU,AZ,3.0,C,R,2.52,3.54,1.0,1.0,1.1,13.8,12.83,14.3,550.0,527.0,,-1.47,-2.55,0.57,1,5.5
2026-09-04,664774,Lamonte Wade,Merrill Kelly,AZ@HOU,HOU,9.0,LF,L,2.71,3.97,1.0,1.0,1.12,13.6,12.72,,,,,,,,0,
2026-09-04,701675,Nathan Church,Ryan Feltner,STL@COL,STL,9.0,CF,L,2.64,3.88,1.0,1.036,1.114,13.3,12.56,10.4,800.0,799.0,,2.16,1.45,0.01,0,-1.0
2026-09-04,642350,José Siri,Jared Jones,LAA@PIT,LAA,7.0,LF,R,3.38,3.57,1.0,1.011,0.961,13.3,12.56,14.3,600.0,547.0,,-1.74,-1.73,1.17,0,-1.0
2026-09-04,668930,Brice Turang,Rhett Lowder,MIL@CIN,MIL,6.0,2B,L,2.88,3.16,1.011,1.011,1.098,13.3,12.56,15.0,600.0,532.0,,-2.44,-1.73,1.53,0,-1.0
2026-09-04,663457,Lars Nootbaar,Cristian Javier,AZ@HOU,AZ,5.0,DH,L,2.53,3.54,1.005,1.0,1.1,13.3,12.56,17.8,475.0,418.0,,-5.24,-4.83,1.92,0,-1.0
2026-09-04,687093,Vaughn Grissom,Jared Jones,LAA@PIT,LAA,4.0,1B,R,2.72,3.57,1.0,1.011,0.961,13.2,12.51,10.4,850.0,793.0,,2.11,1.98,0.67,0,-1.0
2026-09-04,553993,Eugenio Suárez,Shane Drohan,MIL@CIN,CIN,5.0,DH,R,4.33,2.36,1.011,1.011,0.934,13.1,12.46,18.8,420.0,386.0,,-6.34,-6.77,1.35,1,4.2
2026-09-04,691594,Javier Sanoja,Shota Imanaga,CHC@MIA,MIA,4.0,3B,R,2.03,4.9,0.974,1.0,0.957,13.0,12.4,9.4,950.0,926.0,,3.0,2.88,0.23,0,-1.0
2026-09-04,624413,Pete Alonso,Ranger Suarez,BOS@BAL,BAL,4.0,1B,R,5.0,1.88,1.015,1.011,0.952,12.9,12.35,20.8,410.0,359.0,,-8.45,-7.26,2.18,0,-1.0
2026-09-04,668709,Jj Bleday,Shane Drohan,MIL@CIN,CIN,6.0,LF,L,4.36,2.36,1.011,1.011,0.934,12.8,12.3,16.9,475.0,427.0,,-4.6,-5.09,1.59,0,-1.0
2026-09-04,682663,Agustín Ramírez,Shota Imanaga,CHC@MIA,MIA,5.0,DH,R,2.07,4.9,0.97,1.0,0.957,12.7,12.24,14.3,625.0,574.0,,-2.06,-1.55,1.05,0,-1.0
2026-09-04,677649,Ezequiel Duran,Nick Martínez,TB@TEX,TEX,5.0,2B,R,3.1,2.93,1.006,1.0,1.015,12.6,12.19,12.6,700.0,645.0,,-0.41,-0.31,0.92,1,7.0
2026-09-04,694208,Moisés Ballesteros,Jared Jones,LAA@PIT,LAA,5.0,C,L,2.64,3.57,1.0,1.011,0.961,12.4,12.08,12.4,700.0,648.0,,-0.32,-0.42,0.87,0,-1.0
2026-09-04,592885,Christian Yelich,Rhett Lowder,MIL@CIN,MIL,4.0,DH,L,2.46,3.16,1.011,1.011,1.098,12.3,12.03,16.4,525.0,470.0,,-4.37,-3.97,1.54,0,-1.0
2026-09-04,663993,Nathaniel Lowe,Keider Montero,DET@CLE,CLE,5.0,1B,L,3.76,2.62,1.011,0.985,0.914,12.2,11.97,15.9,500.0,470.0,,-3.93,-4.7,0.87,0,-1.0
2026-09-04,682829,Elly De La Cruz,Shane Drohan,MIL@CIN,CIN,2.0,SS,R,3.72,2.36,1.011,1.011,0.934,12.1,11.92,20.8,350.0,333.0,,-8.88,-10.3,0.87,0,-1.0
2026-09-04,691723,Coby Mayo,Ranger Suarez,BOS@BAL,BAL,2.0,DH,R,4.6,1.88,1.006,1.011,0.952,12.1,11.92,18.8,410.0,381.0,,-6.88,-7.69,1.18,0,-1.0
2026-09-04,805811,Bryce Eldridge,Nolan Mclean,SF@NYM,SF,3.0,DH,L,3.62,2.46,1.0,0.997,0.93,11.7,11.71,15.6,575.0,502.0,,-3.89,-3.1,1.8,0,-1.0
2026-09-04,661388,William Contreras,Rhett Lowder,MIL@CIN,MIL,5.0,C,R,2.43,3.16,1.011,1.011,1.098,11.7,11.71,17.1,450.0,424.0,,-5.39,-6.47,0.9,0,-1.0
2026-09-04,666176,Jo Adell,Keider Montero,DET@CLE,CLE,4.0,LF,R,3.43,2.62,1.015,0.985,0.914,11.6,11.65,17.5,480.0,433.0,,-5.85,-5.59,1.52,0,-1.0
2026-09-04,681715,Heriberto Hernandez,Shota Imanaga,CHC@MIA,MIA,1.0,LF,R,5.04,4.9,1.0,1.0,0.957,11.5,11.6,19.7,390.0,366.0,,-8.1,-8.81,1.05,0,-1.0
2026-09-04,699302,Héctor Rodríguez,Shane Drohan,MIL@CIN,CIN,8.0,RF,L,4.27,2.36,1.0,1.011,0.934,11.4,11.54,13.3,650.0,598.0,,-1.76,-1.79,1.0,0,-1.0
2026-09-04,686948,Drake Baldwin,Cristopher Sánchez,ATL@PHI,ATL,2.0,DH,L,4.02,2.11,1.013,1.001,0.9,11.3,11.49,10.4,900.0,818.0,,1.09,1.49,0.89,0,-1.0
2026-09-04,665052,Griffin Conine,Shota Imanaga,CHC@MIA,MIA,3.0,RF,L,4.87,4.9,0.977,1.0,0.957,11.2,11.44,16.9,475.0,428.0,,-5.46,-5.95,1.55,0,-1.0
2026-09-04,683737,Michael Busch,Janson Junk,CHC@MIA,CHC,3.0,1B,L,2.76,2.82,1.0,1.0,1.008,11.2,11.44,15.6,550.0,485.0,,-4.16,-3.94,1.71,1,5.5
2026-09-04,673357,Luis Robert,Ranger Suarez,BOS@BAL,BAL,3.0,CF,R,4.23,1.88,1.003,1.011,0.952,10.9,11.28,,,,,,,,0,
2026-09-04,805367,Chase Meidroth,Zebby Matthews,MIN@CWS,CWS,8.0,2B,R,2.28,3.81,1.0,1.012,1.037,10.9,11.28,8.6,1100.0,989.0,,2.68,2.95,0.85,0,-1.0
2026-09-04,695731,Braden Montgomery,Zebby Matthews,MIN@CWS,CWS,6.0,RF,L,2.08,3.81,1.0,1.012,1.037,10.9,11.28,11.7,900.0,764.0,,-0.42,1.28,1.57,1,9.0
2026-09-04,663886,Tyler Stephenson,Shane Drohan,MIL@CIN,CIN,4.0,C,R,3.4,2.36,1.011,1.011,0.934,10.8,11.22,16.4,510.0,468.0,,-5.18,-5.17,1.22,0,-1.0
2026-09-04,607043,Brandon Nimmo,Nick Martínez,TB@TEX,TEX,4.0,RF,L,2.55,2.93,1.0,1.0,1.015,10.7,11.17,18.5,425.0,390.0,,-7.33,-7.88,1.36,0,-1.0
2026-09-04,596146,Max Kepler,Cristian Javier,AZ@HOU,AZ,7.0,LF,L,2.17,3.54,1.0,1.0,1.1,10.6,11.12,15.0,525.0,498.0,,-3.88,-4.88,0.72,0,-1.0
2026-09-04,543807,George Springer,Daniel Lynch,TOR@KC,TOR,2.0,DH,R,3.1,2.38,1.0,1.0,0.983,10.6,11.12,16.4,475.0,453.0,,-5.28,-6.27,0.69,0,-1.0
2026-09-04,687952,Christian Encarnacion-Strand,Ranger Suarez,BOS@BAL,BAL,6.0,3B,R,4.45,1.88,1.006,1.011,0.952,10.6,11.12,17.9,480.0,420.0,,-6.78,-6.12,1.99,0,-1.0
2026-09-04,672386,Alejandro Kirk,Daniel Lynch,TOR@KC,TOR,4.0,C,R,3.17,2.38,1.0,1.0,0.983,10.5,11.06,14.3,625.0,565.0,,-3.24,-2.73,1.25,0,-1.0
2026-09-04,681508,Mickey Gasper,Shane Baz,BOS@BAL,BOS,2.0,1B,L,3.63,1.89,1.015,1.011,0.987,10.2,10.9,15.0,575.0,507.0,,-4.1,-3.91,1.66,1,5.75
2026-09-04,553869,Elías Díaz,Nick Martínez,TB@TEX,TEX,9.0,C,R,3.01,2.93,1.0,1.0,1.015,10.2,10.9,13.3,750.0,661.0,,-2.4,-0.86,1.38,1,7.5
2026-09-04,677800,Wilyer Abreu,Shane Baz,BOS@BAL,BOS,4.0,RF,L,3.67,1.89,1.022,1.011,0.987,10.1,10.85,20.8,360.0,338.0,,-9.95,-10.89,1.09,0,-1.0
2026-09-04,660670,Ronald Acuña,Cristopher Sánchez,ATL@PHI,ATL,1.0,RF,R,3.5,2.11,1.0,1.001,0.9,10.0,10.79,,,,,,,,0,
2026-09-04,678545,Osleivis Basabe,Nolan Mclean,SF@NYM,SF,7.0,3B,R,3.4,2.46,1.0,0.997,0.93,9.7,10.63,8.6,1100.0,1020.0,,2.03,2.3,0.6,0,-1.0
2026-09-04,669003,Garrett Mitchell,Rhett Lowder,MIL@CIN,MIL,7.0,CF,L,2.18,3.16,1.0,1.011,1.098,9.6,10.58,11.7,700.0,661.0,,-1.12,-1.92,0.64,0,-1.0
2026-09-04,547180,Bryce Harper,Chris Sale,ATL@PHI,PHI,3.0,RF,L,4.26,1.72,1.006,1.001,0.9,9.5,10.53,14.3,700.0,587.0,,-3.77,-1.97,2.06,0,-1.0
2026-09-04,800050,Chase Delauter,Keider Montero,DET@CLE,CLE,2.0,RF,L,2.71,2.62,1.0,0.985,0.914,9.4,10.47,14.3,600.0,539.0,,-3.83,-3.82,1.36,0,-1.0
2026-09-04,645277,Ozzie Albies,Cristopher Sánchez,ATL@PHI,ATL,3.0,2B,R,3.43,2.11,1.008,1.001,0.9,9.4,10.47,13.3,650.0,624.0,,-2.83,-2.86,0.48,0,-1.0
2026-09-04,672724,Oswald Peraza,Jared Jones,LAA@PIT,LAA,9.0,3B,R,2.29,3.57,1.012,1.011,0.961,9.2,10.36,9.0,1000.0,939.0,,1.36,1.27,0.53,0,-1.0
2026-09-04,664034,Ty France,Max Fried,NYY@SD,SD,4.0,1B,R,4.37,1.59,0.999,1.008,0.9,9.0,10.26,11.1,800.0,729.0,,-0.84,-0.85,0.95,0,-1.0
2026-09-04,806198,Cooper Pratt,Rhett Lowder,MIL@CIN,MIL,8.0,SS,R,2.1,3.16,1.0,1.011,1.098,8.9,10.2,10.4,900.0,843.0,,-0.2,0.2,0.6,0,-1.0
2026-09-04,608348,Carson Kelly,Janson Junk,CHC@MIA,CHC,9.0,C,R,2.77,2.82,0.97,1.0,1.008,8.8,10.15,11.6,800.0,719.0,,-1.45,-0.96,1.1,0,-1.0
2026-09-04,807727,Charles Mcadoo,Daniel Lynch,TOR@KC,TOR,6.0,2B,R,2.81,2.38,1.0,1.0,0.983,8.7,10.1,12.6,700.0,648.0,,-2.5,-2.4,0.87,0,-1.0
2026-09-04,699393,Pedro Ramírez,Janson Junk,CHC@MIA,CHC,7.0,2B,L,2.43,2.82,1.0,1.0,1.008,8.7,10.1,11.0,900.0,789.0,,-0.9,0.1,1.25,0,-1.0
2026-09-04,608070,José Ramírez,Keider Montero,DET@CLE,CLE,3.0,DH,L,2.53,2.62,1.0,0.985,0.914,8.6,10.04,15.2,575.0,508.0,,-5.16,-4.77,1.64,0,-1.0
2026-09-04,683002,Gunnar Henderson,Ranger Suarez,BOS@BAL,BAL,5.0,SS,L,3.43,1.88,1.015,1.011,0.952,8.6,10.04,13.3,750.0,662.0,,-3.26,-1.72,1.36,0,-1.0
2026-09-04,687551,Drew Gilbert,Nolan Mclean,SF@NYM,SF,1.0,CF,L,2.47,2.46,1.0,0.997,0.93,8.5,9.99,11.0,850.0,759.0,,-1.01,-0.54,1.11,0,-1.0
2026-09-04,668939,Adley Rutschman,Shane Baz,BOS@BAL,BOS,3.0,C,R,3.13,1.89,1.006,1.011,0.987,8.5,9.99,14.3,650.0,570.0,,-4.31,-3.34,1.6,0,-1.0
2026-09-04,664983,Jake Mccarthy,Andre Pallante,STL@COL,COL,1.0,CF,L,2.84,2.03,0.966,1.036,0.97,8.5,9.99,9.4,900.0,885.0,,0.59,-0.01,0.15,0,-1.0
2026-09-04,694497,Evan Carter,Nick Martínez,TB@TEX,TEX,7.0,CF,L,2.25,2.93,1.004,1.0,1.015,8.5,9.99,14.1,625.0,614.0,,-4.11,-3.8,0.22,0,-1.0
2026-09-04,680574,Matt Mclain,Shane Drohan,MIL@CIN,CIN,7.0,2B,R,2.99,2.36,1.0,1.011,0.934,8.4,9.94,14.3,650.0,571.0,,-4.36,-3.39,1.57,1,6.5
2026-09-04,694197,Angel Genao,Keider Montero,DET@CLE,CLE,6.0,3B,L,2.66,2.62,1.0,0.985,0.914,8.4,9.94,10.6,950.0,861.0,,-0.66,0.42,0.89,0,-1.0
2026-09-04,683227,Cody Freeman,Nick Martínez,TB@TEX,TEX,8.0,3B,R,2.3,2.93,1.0,1.0,1.015,8.3,9.88,8.6,1000.0,977.0,,1.28,0.79,0.2,0,-1.0
2026-09-04,672275,Patrick Bailey,Keider Montero,DET@CLE,CLE,8.0,C,L,2.84,2.62,1.008,0.985,0.914,8.2,9.83,10.4,800.0,745.0,,-0.57,-1.28,0.72,0,-1.0
2026-09-04,667472,Dane Myers,Shane Drohan,MIL@CIN,CIN,1.0,CF,R,2.4,2.36,1.011,1.011,0.934,8.2,9.83,14.3,575.0,534.0,,-4.47,-4.98,0.96,0,-1.0
2026-09-04,592518,Manny Machado,Max Fried,NYY@SD,SD,3.0,3B,R,3.93,1.59,1.007,1.008,0.9,8.2,9.83,15.0,525.0,521.0,,-5.17,-6.17,0.1,0,-1.0
2026-09-04,680776,Jarren Duran,Shane Baz,BOS@BAL,BOS,7.0,LF,L,3.36,1.89,1.015,1.011,0.987,8.1,9.77,15.9,525.0,467.0,,-6.13,-6.23,1.64,0,-1.0
2026-09-04,657041,Lane Thomas,Cristopher Sánchez,ATL@PHI,ATL,5.0,LF,R,3.0,2.11,1.006,1.001,0.9,7.9,9.67,10.4,800.0,765.0,,-0.73,-1.44,0.45,0,-1.0
2026-09-04,664770,Nathan Lukes,Daniel Lynch,TOR@KC,TOR,8.0,RF,L,2.74,2.38,1.0,1.0,0.983,7.8,9.61,7.9,1100.0,1053.0,,1.71,1.28,0.34,0,-1.0
2026-09-04,681198,Tj Rumfield,Andre Pallante,STL@COL,COL,4.0,1B,L,2.62,2.03,1.0,1.036,0.97,7.7,9.56,10.4,850.0,782.0,,-0.84,-0.97,0.81,1,8.5
2026-09-04,701538,Jackson Merrill,Max Fried,NYY@SD,SD,5.0,CF,L,3.67,1.59,1.002,1.008,0.9,7.3,9.35,14.3,550.0,538.0,,-4.95,-6.03,0.29,0,-1.0
2026-09-04,656537,Derek Hill,Chris Sale,ATL@PHI,PHI,9.0,CF,R,4.03,1.72,1.008,1.001,0.9,7.3,9.35,9.4,1000.0,905.0,,-0.05,0.26,0.86,0,-1.0
2026-09-04,701350,Roman Anthony,Shane Baz,BOS@BAL,BOS,1.0,DH,L,2.41,1.89,1.0,1.011,0.987,6.9,9.13,16.4,480.0,446.0,,-7.27,-8.11,1.08,0,-1.0
2026-09-04,694249,Cole Carrigg,Andre Pallante,STL@COL,COL,5.0,SS,L,2.4,2.03,1.0,1.036,0.97,6.8,9.08,12.1,800.0,659.0,,-3.02,-2.03,2.07,1,8.0
2026-09-04,665487,Fernando Tatís,Max Fried,NYY@SD,SD,1.0,RF,R,3.1,1.59,1.0,1.008,0.9,6.8,9.08,,,,,,,,0,
2026-09-04,683953,Travis Bazzana,Keider Montero,DET@CLE,CLE,7.0,2B,L,2.26,2.62,1.0,0.985,0.914,6.8,9.08,11.7,800.0,707.0,,-2.62,-2.03,1.28,1,8.0
2026-09-04,607208,Trea Turner,Chris Sale,ATL@PHI,PHI,2.0,SS,R,2.86,1.72,1.008,1.001,0.9,6.6,8.97,13.3,650.0,623.0,,-4.33,-4.36,0.5,0,-1.0
2026-09-04,663586,Austin Riley,Cristopher Sánchez,ATL@PHI,ATL,8.0,3B,R,2.78,2.11,1.002,1.001,0.9,6.5,8.92,14.3,650.0,566.0,,-5.38,-4.41,1.69,0,-1.0
2026-09-04,624641,Edmundo Sosa,Chris Sale,ATL@PHI,PHI,6.0,3B,R,3.12,1.72,1.008,1.001,0.9,6.5,8.92,11.7,850.0,765.0,,-2.78,-1.61,1.03,0,-1.0
2026-09-04,702332,Caleb Durbin,Shane Baz,BOS@BAL,BOS,6.0,3B,R,2.46,1.89,1.006,1.011,0.987,6.3,8.81,8.6,1000.0,942.0,,0.21,-0.28,0.51,0,-1.0
2026-09-04,686765,Nick Sogard,Shane Baz,BOS@BAL,BOS,5.0,2B,L,2.39,1.89,1.0,1.011,0.987,6.3,8.81,9.0,1000.0,919.0,,-0.19,-0.28,0.72,0,-1.0
2026-09-04,642201,Eli White,Shane Baz,BOS@BAL,BOS,9.0,CF,R,2.84,1.89,1.006,1.011,0.987,6.2,8.76,9.4,1000.0,904.0,,-0.64,-0.33,0.87,0,-1.0
2026-09-04,677587,Brayan Rocchio,Keider Montero,DET@CLE,CLE,9.0,SS,L,2.14,2.62,1.006,0.985,0.914,5.9,8.6,10.3,1050.0,901.0,,-1.7,-0.1,1.29,1,10.5
2026-09-04,681393,Connor Norby,Andre Pallante,STL@COL,COL,6.0,3B,R,2.22,2.03,0.966,1.036,0.97,5.9,8.6,12.5,750.0,662.0,,-3.9,-3.16,1.36,0,-1.0
2026-09-04,664761,Alec Bohm,Chris Sale,ATL@PHI,PHI,5.0,1B,R,2.65,1.72,1.006,1.001,0.9,5.7,8.49,11.7,800.0,742.0,,-3.21,-2.62,0.77,1,8.0
2026-09-04,702616,Jackson Holliday,Ranger Suarez,BOS@BAL,BAL,7.0,2B,L,2.43,1.88,1.015,1.011,0.952,5.7,8.49,10.5,1300.0,999.0,,-2.01,1.35,1.96,0,-1.0
2026-09-04,643289,Mauricio Dubón,Cristopher Sánchez,ATL@PHI,ATL,6.0,CF,R,2.09,2.11,1.006,1.001,0.9,5.4,8.33,7.3,1200.0,1135.0,,1.03,0.64,0.41,1,12.0
2026-09-04,669134,Luis Campusano,Max Fried,NYY@SD,SD,8.0,C,R,2.86,1.59,1.0,1.008,0.9,5.1,8.17,10.4,950.0,838.0,,-2.23,-1.35,1.14,1,9.5
2026-09-04,592663,J. T. Realmuto,Chris Sale,ATL@PHI,PHI,8.0,C,R,2.63,1.72,1.0,1.001,0.9,5.0,8.11,,,,,,,,0,
2026-09-04,596115,Trevor Story,Shane Baz,BOS@BAL,BOS,8.0,SS,R,2.12,1.89,1.003,1.011,0.987,4.9,8.06,13.3,650.0,621.0,,-5.24,-5.27,0.54,0,-1.0
2026-09-04,665750,Leody Taveras,Ranger Suarez,BOS@BAL,BAL,9.0,LF,L,2.08,1.88,1.0,1.011,0.952,4.4,7.79,7.9,1100.0,1032.0,,-0.11,-0.54,0.5,0,-1.0
2026-09-04,593428,Xander Bogaerts,Max Fried,NYY@SD,SD,7.0,SS,R,2.26,1.59,1.007,1.008,0.9,4.2,7.68,8.6,1100.0,973.0,,-0.92,-0.65,0.99,0,-1.0
2026-09-05,691718,Pete Crow-Armstrong,Ryan Gusto,CHC@MIA,CHC,1.0,CF,L,5.64,2.79,1.0,1.0,1.032,23.0,17.77,23.4,325.0,290.0,,-5.63,-5.76,2.11,0,-1.0
2026-09-05,656941,Kyle Schwarber,Martín Pérez,ATL@PHI,PHI,1.0,DH,L,6.01,2.55,1.006,0.994,1.041,22.6,17.55,26.4,280.0,252.0,,-8.85,-8.77,2.09,1,2.8
2026-09-05,700250,Ben Rice,Robbie Ray,NYY@SD,NYY,4.0,DH,L,5.68,3.17,1.002,1.012,1.05,22.5,17.5,17.1,450.0,414.0,,0.4,-0.68,1.28,0,-1.0
2026-09-05,670541,Yordan Álvarez,Brandon Pfaadt,AZ@HOU,HOU,2.0,DH,L,5.54,2.9,1.005,1.0,0.955,21.4,16.91,26.4,265.0,251.0,,-9.49,-10.49,1.09,0,-1.0
2026-09-05,646240,Rafael Devers,Zac Thornton,SF@NYM,SF,2.0,1B,L,5.07,2.92,1.0,0.984,1.044,21.1,16.75,,,,,,,,1,
2026-09-05,691406,Junior Caminero,Jacob Degrom,TB@TEX,TB,3.0,3B,R,5.5,3.02,1.004,1.0,0.924,20.9,16.64,22.0,360.0,332.0,,-5.36,-5.1,1.41,1,3.6
2026-09-05,699013,Esmerlyn Valdez,Yusei Kikuchi,LAA@PIT,PIT,2.0,RF,R,5.04,3.37,1.0,0.995,1.117,20.5,16.42,17.2,500.0,438.0,,-0.78,-0.25,1.92,0,-1.0
2026-09-05,502671,Paul Goldschmidt,Robbie Ray,NYY@SD,NYY,1.0,1B,R,4.57,3.17,1.0,1.012,1.05,20.2,16.26,16.9,475.0,418.0,,-0.64,-1.13,1.92,0,-1.0
2026-09-05,808959,Munetaka Murakami,Taj Bradley,MIN@CWS,CWS,3.0,1B,L,5.59,3.18,1.0,0.98,0.973,20.1,16.21,21.1,350.0,315.0,,-4.89,-6.01,1.88,1,3.5
2026-09-05,694192,Jackson Chourio,Andrew Abbott,MIL@CIN,MIL,1.0,LF,R,4.06,3.2,1.011,1.006,1.083,19.1,15.67,22.0,350.0,314.0,,-6.33,-6.55,1.93,0,-1.0
2026-09-05,695578,James Wood,Tyler Glasnow,WSH@LAD,WSH,1.0,RF,L,5.05,2.79,0.996,1.043,0.9,19.0,15.62,20.0,400.0,348.0,,-4.38,-4.38,2.32,0,-1.0
2026-09-05,665833,Oneil Cruz,Yusei Kikuchi,LAA@PIT,PIT,4.0,DH,L,4.42,3.37,1.016,0.995,1.117,19.0,15.62,18.4,450.0,386.0,,-2.78,-2.56,2.4,0,-1.0
2026-09-05,672960,Kazuma Okamoto,Seth Lugo,TOR@KC,TOR,6.0,3B,R,4.69,2.77,1.0,1.0,1.1,18.2,15.19,18.8,400.0,371.0,,-3.61,-4.81,1.23,0,-1.0
2026-09-05,804668,Rafael Flores,Yusei Kikuchi,LAA@PIT,PIT,6.0,C,R,4.81,3.37,1.0,0.995,1.117,18.2,15.19,13.2,800.0,711.0,,1.99,4.08,1.22,0,-1.0
2026-09-05,678246,Miguel Vargas,Taj Bradley,MIN@CWS,CWS,2.0,3B,R,4.59,3.18,1.004,0.98,0.973,17.9,15.03,18.8,400.0,381.0,,-3.77,-4.97,0.79,0,-1.0
2026-09-05,695657,Colson Montgomery,Taj Bradley,MIN@CWS,CWS,5.0,SS,L,4.92,3.18,1.009,0.98,0.973,17.8,14.98,18.8,410.0,370.0,,-3.82,-4.63,1.67,1,4.1
2026-09-05,624413,Pete Alonso,Sonny Gray,BOS@BAL,BAL,4.0,1B,R,4.98,2.65,1.015,1.014,0.948,17.7,14.92,19.7,410.0,359.0,,-4.78,-4.69,2.18,0,-1.0
2026-09-05,665019,Kody Clemens,Anthony Kay,MIN@CWS,MIN,6.0,2B,L,4.44,3.08,0.997,0.98,1.076,17.7,14.92,18.1,450.0,394.0,,-3.18,-3.26,2.06,0,-1.0
2026-09-05,677951,Bobby Witt,Max Scherzer,TOR@KC,KC,2.0,SS,R,3.11,4.15,1.0,1.0,1.004,17.6,14.87,,,,,,,,0,
2026-09-05,642708,Amed Rosario,Robbie Ray,NYY@SD,NYY,3.0,2B,R,3.97,3.17,1.0,1.012,1.05,17.4,14.76,13.5,700.0,595.0,,1.26,2.26,1.89,0,-1.0
2026-09-05,680777,Ryan Jeffers,Anthony Kay,MIN@CWS,MIN,3.0,C,R,3.87,3.08,1.004,0.98,1.076,17.1,14.6,16.4,550.0,487.0,,-1.8,-0.78,1.66,1,5.5
2026-09-05,664983,Jake Mccarthy,Matthew Liberatore,STL@COL,COL,1.0,LF,L,2.82,3.98,0.966,1.008,1.078,17.1,14.6,11.6,750.0,772.0,,3.0,2.84,-0.29,0,-1.0
2026-09-05,521692,Salvador Pérez,Max Scherzer,TOR@KC,KC,4.0,DH,R,3.21,4.15,1.0,1.0,1.004,16.9,14.49,17.1,475.0,424.0,,-2.61,-2.9,1.69,0,-1.0
2026-09-05,673548,Seiya Suzuki,Ryan Gusto,CHC@MIA,CHC,2.0,RF,R,4.12,2.79,1.0,1.0,1.032,16.8,14.44,15.6,540.0,504.0,,-1.16,-1.18,0.94,0,-1.0
2026-09-05,682928,Cj Abrams,Tyler Glasnow,WSH@LAD,WSH,4.0,SS,L,4.66,2.79,1.0,1.043,0.9,16.8,14.44,15.6,510.0,480.0,,-1.16,-1.95,0.85,0,-1.0
2026-09-05,665161,Jeremy Peña,Brandon Pfaadt,AZ@HOU,HOU,1.0,SS,R,3.99,2.9,1.034,1.0,0.955,16.6,14.33,14.3,550.0,512.0,,0.03,-1.05,0.96,0,-1.0
2026-09-05,669065,Kyle Stowers,Javier Assad,CHC@MIA,MIA,1.0,DH,L,3.88,4.05,0.977,1.0,1.036,16.6,14.33,19.7,375.0,338.0,,-5.37,-6.72,1.78,1,3.75
2026-09-05,813841,Jonah Cox,Zac Thornton,SF@NYM,SF,1.0,CF,R,3.77,2.92,1.0,0.984,1.044,16.5,14.28,,,,,,,,0,
2026-09-05,681508,Mickey Gasper,Chris Bassitt,BOS@BAL,BOS,2.0,1B,L,3.9,2.63,1.015,1.014,1.097,16.5,14.28,15.0,575.0,521.0,,-0.72,-0.53,1.29,0,-1.0
2026-09-05,681198,Tj Rumfield,Matthew Liberatore,STL@COL,COL,4.0,1B,L,2.75,3.98,1.0,1.008,1.078,16.4,14.23,11.9,700.0,665.0,,2.33,1.73,0.57,0,-1.0
2026-09-05,592626,Joc Pederson,Drew Rasmussen,TB@TEX,TEX,1.0,DH,L,5.17,2.42,1.0,1.0,0.9,16.4,14.23,17.1,475.0,446.0,,-2.87,-3.16,0.93,1,4.75
2026-09-05,695600,Carter Jensen,Max Scherzer,TOR@KC,KC,1.0,C,L,3.94,4.15,1.0,1.0,1.004,16.4,14.23,19.7,400.0,355.0,,-5.47,-5.77,1.98,0,-1.0
2026-09-05,621566,Matt Olson,Zack Wheeler,ATL@PHI,ATL,3.0,1B,L,5.54,3.49,1.006,0.994,0.9,16.3,14.17,22.0,350.0,317.0,,-7.83,-8.05,1.76,0,-1.0
2026-09-05,686681,Michael Massey,Max Scherzer,TOR@KC,KC,6.0,2B,L,2.94,4.15,1.0,1.0,1.004,15.8,13.9,15.0,650.0,563.0,,-1.1,0.57,1.75,0,-1.0
2026-09-05,683748,Victor Mesa,Jacob Degrom,TB@TEX,TB,6.0,RF,L,4.35,3.02,1.0,1.0,0.924,15.6,13.8,,,,,,,,0,
2026-09-05,547180,Bryce Harper,Martín Pérez,ATL@PHI,PHI,3.0,RF,L,4.24,2.55,1.006,0.994,1.041,15.6,13.8,17.6,450.0,412.0,,-3.8,-4.38,1.35,0,-1.0
2026-09-05,686948,Drake Baldwin,Zack Wheeler,ATL@PHI,ATL,1.0,C,L,3.99,3.49,1.013,0.994,0.9,15.4,13.69,17.9,450.0,416.0,,-4.21,-4.49,1.2,0,-1.0
2026-09-05,596142,Gary Sánchez,Andrew Abbott,MIL@CIN,MIL,8.0,C,R,4.0,3.2,1.006,1.006,1.083,15.4,13.69,18.8,500.0,399.0,,-5.11,-2.98,3.37,0,-1.0
2026-09-05,681715,Heriberto Hernandez,Javier Assad,CHC@MIA,MIA,2.0,LF,R,5.0,4.05,1.0,1.0,1.036,15.4,13.69,18.3,450.0,409.0,,-4.61,-4.49,1.47,0,-1.0
2026-09-05,670231,John Rave,Max Scherzer,TOR@KC,KC,7.0,CF,L,3.04,4.15,1.0,1.0,1.004,15.4,13.69,13.3,700.0,644.0,,0.39,1.19,0.94,1,7.0
2026-09-05,695506,Jac Caglianone,Max Scherzer,TOR@KC,KC,3.0,RF,L,4.23,4.15,1.0,1.0,1.004,15.2,13.58,19.7,380.0,341.0,,-6.12,-7.25,1.85,0,-1.0
2026-09-05,677800,Wilyer Abreu,Chris Bassitt,BOS@BAL,BOS,3.0,RF,L,3.65,2.63,1.022,1.014,1.097,15.2,13.58,20.1,375.0,343.0,,-6.52,-7.47,1.52,0,-1.0
2026-09-05,686797,Brooks Lee,Anthony Kay,MIN@CWS,MIN,7.0,3B,R,3.85,3.08,1.004,0.98,1.076,15.1,13.53,14.3,600.0,539.0,,-0.77,-0.76,1.36,0,-1.0
2026-09-05,694249,Cole Carrigg,Matthew Liberatore,STL@COL,COL,5.0,CF,L,2.62,3.98,1.0,1.008,1.078,15.1,13.53,13.3,700.0,602.0,,0.23,1.03,1.75,0,-1.0
2026-09-05,805811,Bryce Eldridge,Zac Thornton,SF@NYM,SF,3.0,DH,L,3.59,2.92,1.0,0.984,1.044,15.0,13.48,,,,,,,,0,
2026-09-05,572233,Christian Walker,Brandon Pfaadt,AZ@HOU,HOU,6.0,1B,R,4.07,2.9,1.034,1.0,0.955,15.0,13.48,16.4,480.0,460.0,,-2.92,-3.76,0.62,0,-1.0
2026-09-05,687263,Zach Neto,Braxton Ashcraft,LAA@PIT,LAA,1.0,SS,R,3.66,3.21,1.0,0.995,0.912,14.9,13.42,15.2,525.0,494.0,,-1.78,-2.58,0.84,0,-1.0
2026-09-05,665052,Griffin Conine,Javier Assad,CHC@MIA,MIA,3.0,1B,L,4.82,4.05,0.977,1.0,1.036,14.9,13.42,17.1,450.0,431.0,,-3.68,-4.76,0.65,1,4.5
2026-09-05,682987,Spencer Jones,Robbie Ray,NYY@SD,NYY,7.0,CF,L,3.77,3.17,1.0,1.012,1.05,14.9,13.42,15.6,525.0,475.0,,-2.18,-2.58,1.39,0,-1.0
2026-09-05,671739,Michael Harris,Zack Wheeler,ATL@PHI,ATL,4.0,CF,L,4.17,3.49,1.006,0.994,0.9,14.8,13.37,,,,,,,,0,
2026-09-05,683357,Owen Caissie,Javier Assad,CHC@MIA,MIA,6.0,RF,L,3.85,4.05,0.977,1.0,1.036,14.8,13.37,13.9,700.0,633.0,,-0.53,0.87,1.14,0,-1.0
2026-09-05,694212,Samuel Basallo,Sonny Gray,BOS@BAL,BAL,5.0,C,L,4.31,2.65,0.999,1.014,0.948,14.7,13.31,15.0,650.0,554.0,,-1.69,-0.02,1.96,0,-1.0
2026-09-05,624424,Michael Conforto,Ryan Gusto,CHC@MIA,CHC,8.0,DH,L,4.45,2.79,0.97,1.0,1.032,14.7,13.31,14.3,650.0,603.0,,-0.99,-0.02,0.89,1,6.5
2026-09-05,696100,Hunter Goodman,Matthew Liberatore,STL@COL,COL,3.0,C,R,6.36,3.98,0.963,1.008,1.078,14.7,13.31,25.3,275.0,247.0,,-11.99,-13.36,2.15,0,-1.0
2026-09-05,701785,Kaelen Culpepper,Anthony Kay,MIN@CWS,MIN,2.0,SS,R,3.12,3.08,1.0,0.98,1.076,14.5,13.21,14.2,575.0,544.0,,-0.99,-1.6,0.72,0,-1.0
2026-09-05,605137,Josh Bell,Anthony Kay,MIN@CWS,MIN,4.0,DH,L,3.22,3.08,0.997,0.98,1.076,14.4,13.15,15.6,500.0,470.0,,-2.45,-3.52,0.87,0,-1.0
2026-09-05,664034,Ty France,Carlos Rodón,NYY@SD,SD,4.0,1B,R,4.33,2.39,0.999,1.012,0.988,14.4,13.15,14.8,550.0,507.0,,-1.65,-2.23,1.09,0,-1.0
2026-09-05,691788,Joe Mack,Javier Assad,CHC@MIA,MIA,7.0,C,L,3.89,4.05,1.0,1.0,1.036,14.4,13.15,12.3,950.0,797.0,,0.85,3.63,1.63,0,-1.0
2026-09-05,686469,Vinnie Pasquantino,Max Scherzer,TOR@KC,KC,5.0,1B,L,2.59,4.15,1.0,1.0,1.004,14.4,13.15,17.9,525.0,455.0,,-4.75,-2.85,2.02,0,-1.0
2026-09-05,664023,Ian Happ,Ryan Gusto,CHC@MIA,CHC,5.0,LF,R,3.84,2.79,0.974,1.0,1.032,14.4,13.15,15.0,525.0,505.0,,-1.85,-2.85,0.53,0,-1.0
2026-09-05,608324,Alex Bregman,Ryan Gusto,CHC@MIA,CHC,4.0,3B,R,3.65,2.79,0.977,1.0,1.032,14.3,13.1,13.3,750.0,655.0,,-0.2,1.34,1.49,0,-1.0
2026-09-05,660670,Ronald Acuña,Zack Wheeler,ATL@PHI,ATL,2.0,RF,R,3.46,3.49,1.0,0.994,0.9,14.2,13.05,,,,,,,,1,
2026-09-05,545361,Mike Trout,Braxton Ashcraft,LAA@PIT,LAA,2.0,CF,R,3.55,3.21,1.0,0.995,0.912,14.2,13.05,16.5,500.0,454.0,,-3.45,-3.62,1.38,0,-1.0
2026-09-05,694673,Abimelec Ortiz,Tyler Glasnow,WSH@LAD,WSH,3.0,1B,L,3.89,2.79,1.0,1.043,0.9,14.2,13.05,11.8,700.0,639.0,,1.25,0.55,1.03,0,-1.0
2026-09-05,678545,Osleivis Basabe,Zac Thornton,SF@NYM,SF,4.0,2B,R,3.36,2.92,1.0,0.984,1.044,14.1,12.99,,,,,,,,1,
2026-09-05,701398,Sal Stewart,Dustin May,MIL@CIN,CIN,3.0,1B,R,4.73,2.08,1.011,1.006,1.005,14.1,12.99,19.6,425.0,361.0,,-6.61,-6.06,2.64,0,-1.0
2026-09-05,605141,Mookie Betts,Cade Cavalli,WSH@LAD,LAD,3.0,SS,R,3.66,2.73,1.001,1.043,0.962,14.1,12.99,15.0,525.0,516.0,,-2.01,-3.01,0.23,0,-1.0
2026-09-05,650490,Yandy Díaz,Jacob Degrom,TB@TEX,TB,1.0,DH,R,3.4,3.02,1.004,1.0,0.924,14.0,12.94,13.3,650.0,634.0,,-0.36,-0.39,0.29,0,-1.0
2026-09-05,668904,Royce Lewis,Anthony Kay,MIN@CWS,MIN,5.0,1B,R,3.18,3.08,1.004,0.98,1.076,13.9,12.89,20.8,350.0,330.0,,-7.91,-9.33,1.04,0,-1.0
2026-09-05,687952,Christian Encarnacion-Strand,Sonny Gray,BOS@BAL,BAL,7.0,3B,R,4.39,2.65,1.006,1.014,0.948,13.9,12.89,17.1,475.0,425.0,,-4.21,-4.5,1.66,0,-1.0
2026-09-05,543807,George Springer,Seth Lugo,TOR@KC,TOR,2.0,DH,R,3.08,2.77,1.0,1.0,1.1,13.5,12.67,15.9,500.0,459.0,,-3.23,-4.0,1.22,0,-1.0
2026-09-05,682657,Angel Martínez,Framber Valdez,DET@CLE,CLE,2.0,RF,L,3.73,2.4,1.008,0.997,1.04,13.5,12.67,11.5,850.0,727.0,,1.17,2.14,1.56,0,-1.0
2026-09-05,643217,Andrew Benintendi,Taj Bradley,MIN@CWS,CWS,4.0,DH,L,3.25,3.18,0.999,0.98,0.973,13.5,12.67,15.6,525.0,489.0,,-2.93,-3.33,0.98,0,-1.0
2026-09-05,668804,Bryan Reynolds,Yusei Kikuchi,LAA@PIT,PIT,3.0,LF,R,2.51,3.37,1.007,0.995,1.117,13.3,12.56,14.3,575.0,541.0,,-1.74,-2.25,0.79,1,5.75
2026-09-05,693307,Dillon Dingler,Parker Messick,DET@CLE,DET,4.0,C,R,4.45,2.35,1.015,0.997,0.9,13.3,12.56,13.3,800.0,696.0,,-0.74,1.45,1.45,0,-1.0
2026-09-05,681393,Connor Norby,Matthew Liberatore,STL@COL,COL,2.0,3B,R,2.2,3.98,0.966,1.008,1.078,13.3,12.56,15.0,525.0,496.0,,-2.44,-3.44,0.78,0,-1.0
2026-09-05,592518,Manny Machado,Carlos Rodón,NYY@SD,SD,3.0,3B,R,3.91,2.39,1.007,1.012,0.988,13.3,12.56,17.9,450.0,390.0,,-5.34,-5.62,2.23,1,4.5
2026-09-05,672386,Alejandro Kirk,Seth Lugo,TOR@KC,TOR,4.0,C,R,3.12,2.77,1.0,1.0,1.1,13.3,12.56,13.3,625.0,597.0,,-0.74,-1.23,0.56,0,-1.0
2026-09-05,689414,Liam Hicks,Jacob Degrom,TB@TEX,TB,4.0,C,L,3.34,3.02,1.0,1.0,0.924,13.0,12.4,9.4,1100.0,905.0,,3.0,4.07,1.62,0,-1.0
2026-09-05,699302,Héctor Rodríguez,Dustin May,MIL@CIN,CIN,1.0,RF,L,4.19,2.08,1.0,1.006,1.005,13.0,12.4,17.1,480.0,438.0,,-4.7,-4.84,1.35,0,-1.0
2026-09-05,668942,Josh Rojas,Max Scherzer,TOR@KC,KC,8.0,3B,L,2.59,4.15,1.0,1.0,1.004,12.9,12.35,10.2,900.0,841.0,,2.15,2.35,0.63,0,-1.0
2026-09-05,668709,Jj Bleday,Dustin May,MIL@CIN,CIN,4.0,LF,L,4.34,2.08,1.011,1.006,1.005,12.9,12.35,17.9,450.0,411.0,,-5.55,-5.83,1.39,0,-1.0
2026-09-05,804606,Konnor Griffin,Yusei Kikuchi,LAA@PIT,PIT,1.0,SS,R,2.32,3.37,1.0,0.995,1.117,12.9,12.35,13.3,800.0,705.0,,-0.95,1.24,1.31,0,-1.0
2026-09-05,645277,Ozzie Albies,Zack Wheeler,ATL@PHI,ATL,6.0,2B,R,3.41,3.49,1.008,0.994,0.9,12.9,12.35,14.3,650.0,572.0,,-1.95,-0.98,1.55,0,-1.0
2026-09-05,641355,Cody Bellinger,Robbie Ray,NYY@SD,NYY,2.0,LF,L,2.6,3.17,1.002,1.012,1.05,12.7,12.24,15.1,550.0,510.0,,-2.86,-3.14,1.01,0,-1.0
2026-09-05,676609,José Caballero,Robbie Ray,NYY@SD,NYY,8.0,3B,R,3.14,3.17,1.007,1.012,1.05,12.6,12.19,11.1,900.0,791.0,,1.09,2.19,1.22,0,-1.0
2026-09-05,695734,Daylen Lile,Tyler Glasnow,WSH@LAD,WSH,2.0,LF,L,3.35,2.79,0.995,1.043,0.9,12.6,12.19,14.3,550.0,549.0,,-2.11,-3.19,0.03,0,-1.0
2026-09-05,683002,Gunnar Henderson,Sonny Gray,BOS@BAL,BAL,3.0,SS,L,3.41,2.65,1.015,1.014,0.948,12.4,12.08,15.0,600.0,537.0,,-2.92,-2.21,1.41,0,-1.0
2026-09-05,673237,Yainer Diaz,Brandon Pfaadt,AZ@HOU,HOU,7.0,C,R,3.6,2.9,1.004,1.0,0.955,12.4,12.08,13.1,700.0,630.0,,-1.02,-0.42,1.2,0,-1.0
2026-09-05,553993,Eugenio Suárez,Dustin May,MIL@CIN,CIN,6.0,3B,R,4.48,2.08,1.011,1.006,1.005,12.4,12.08,17.9,425.0,390.0,,-5.82,-6.97,1.36,0,-1.0
2026-09-05,514888,José Altuve,Brandon Pfaadt,AZ@HOU,HOU,4.0,2B,R,3.06,2.9,1.034,1.0,0.955,12.3,12.03,13.0,700.0,631.0,,-0.97,-0.47,1.18,0,-1.0
2026-09-05,680776,Jarren Duran,Chris Bassitt,BOS@BAL,BOS,7.0,LF,L,3.34,2.63,1.015,1.014,1.097,12.3,12.03,15.0,550.0,503.0,,-2.97,-3.35,1.2,0,-1.0
2026-09-05,671218,Heliot Ramos,Robbie Ray,NYY@SD,NYY,5.0,RF,R,2.71,3.17,0.999,1.012,1.05,12.3,12.03,19.0,475.0,370.0,,-6.97,-5.36,3.89,0,-1.0
2026-09-05,670623,Isaac Paredes,Brandon Pfaadt,AZ@HOU,HOU,3.0,3B,R,3.11,2.9,1.0,1.0,0.955,12.2,11.97,15.5,525.0,471.0,,-3.53,-4.03,1.51,0,-1.0
2026-09-05,666018,Jonathan Aranda,Jacob Degrom,TB@TEX,TB,2.0,1B,L,3.02,3.02,1.0,1.0,0.924,12.2,11.97,16.9,500.0,435.0,,-4.93,-4.7,2.02,1,5.0
2026-09-05,656537,Derek Hill,Martín Pérez,ATL@PHI,PHI,9.0,CF,R,4.01,2.55,1.008,0.994,1.041,12.1,11.92,10.4,800.0,781.0,,1.52,0.81,0.24,0,-1.0
2026-09-05,666176,Jo Adell,Framber Valdez,DET@CLE,CLE,4.0,DH,R,3.39,2.4,1.015,0.997,1.04,12.1,11.92,15.0,650.0,545.0,,-3.08,-1.41,2.17,0,-1.0
2026-09-05,661388,William Contreras,Andrew Abbott,MIL@CIN,MIL,3.0,DH,R,2.42,3.2,1.011,1.006,1.083,12.0,11.87,16.4,480.0,462.0,,-4.53,-5.37,0.55,1,4.8
2026-09-05,666139,Josh Lowe,Braxton Ashcraft,LAA@PIT,LAA,7.0,RF,L,3.32,3.21,1.016,0.995,0.912,11.9,11.81,12.2,750.0,703.0,,-0.39,0.05,0.69,1,7.5
2026-09-05,608369,Corey Seager,Drew Rasmussen,TB@TEX,TEX,2.0,SS,L,3.77,2.42,1.004,1.0,0.9,11.9,11.81,19.8,425.0,363.0,,-7.99,-7.24,2.55,0,-1.0
2026-09-05,701538,Jackson Merrill,Carlos Rodón,NYY@SD,SD,5.0,CF,L,3.65,2.39,1.002,1.012,0.988,11.9,11.81,15.5,525.0,481.0,,-3.69,-4.19,1.21,0,-1.0
2026-09-05,806146,George Lombard,Robbie Ray,NYY@SD,NYY,6.0,SS,R,2.68,3.17,1.0,1.012,1.05,11.8,11.76,,,,,,,,0,
2026-09-05,683737,Michael Busch,Ryan Gusto,CHC@MIA,CHC,3.0,1B,L,2.88,2.79,1.0,1.0,1.032,11.7,11.71,16.5,525.0,462.0,,-4.79,-4.29,1.79,0,-1.0
2026-09-05,691781,Brady House,Tyler Glasnow,WSH@LAD,WSH,5.0,3B,R,3.28,2.79,1.001,1.043,0.9,11.6,11.65,12.4,800.0,639.0,,-0.75,0.54,2.42,0,-1.0
2026-09-05,669394,Jake Burger,Drew Rasmussen,TB@TEX,TEX,6.0,1B,R,4.06,2.42,1.006,1.0,0.9,11.6,11.65,15.9,500.0,459.0,,-4.25,-5.02,1.22,0,-1.0
2026-09-05,669224,Austin Wells,Robbie Ray,NYY@SD,NYY,9.0,C,L,3.02,3.17,0.987,1.012,1.05,11.4,11.54,11.7,750.0,742.0,,-0.16,-0.22,0.12,0,-1.0
2026-09-05,682829,Elly De La Cruz,Dustin May,MIL@CIN,CIN,2.0,SS,R,3.69,2.08,1.011,1.006,1.005,11.4,11.54,17.9,480.0,437.0,,-6.36,-5.7,1.38,1,4.8
2026-09-05,688363,Graham Pauley,Javier Assad,CHC@MIA,MIA,8.0,3B,L,2.31,4.05,0.97,1.0,1.036,11.3,11.49,9.4,1100.0,952.0,,2.09,3.16,1.18,0,-1.0
2026-09-05,683734,Andrew Vaughn,Andrew Abbott,MIL@CIN,MIL,4.0,1B,R,2.27,3.2,1.012,1.006,1.083,11.3,11.49,14.3,600.0,535.0,,-2.81,-2.8,1.46,0,-1.0
2026-09-05,694671,Wyatt Langford,Drew Rasmussen,TB@TEX,TEX,3.0,LF,R,3.67,2.42,1.0,1.0,0.9,11.3,11.49,15.0,575.0,524.0,,-3.51,-3.32,1.22,0,-1.0
2026-09-05,678662,Ezequiel Tovar,Matthew Liberatore,STL@COL,COL,9.0,SS,R,2.37,3.98,0.963,1.008,1.078,11.2,11.44,12.5,700.0,627.0,,-1.06,-1.06,1.26,0,-1.0
2026-09-05,664770,Nathan Lukes,Seth Lugo,TOR@KC,TOR,5.0,RF,L,2.71,2.77,1.0,1.0,1.1,11.2,11.44,9.9,900.0,822.0,,1.54,1.44,0.85,0,-1.0
2026-09-05,642086,Dominic Smith,Zack Wheeler,ATL@PHI,ATL,7.0,DH,L,2.86,3.49,1.004,0.994,0.9,11.2,11.44,10.4,900.0,831.0,,1.04,1.44,0.74,0,-1.0
2026-09-05,687401,Joey Ortiz,Andrew Abbott,MIL@CIN,MIL,6.0,3B,R,2.44,3.2,1.011,1.006,1.083,11.2,11.44,11.2,900.0,827.0,,0.24,1.44,0.79,0,-1.0
2026-09-05,687093,Vaughn Grissom,Braxton Ashcraft,LAA@PIT,LAA,4.0,1B,R,2.7,3.21,1.0,0.995,0.912,11.1,11.38,9.9,950.0,854.0,,1.48,1.86,0.96,0,-1.0
2026-09-05,681807,David Fry,Framber Valdez,DET@CLE,CLE,5.0,1B,R,3.24,2.4,1.015,0.997,1.04,11.1,11.38,11.5,850.0,752.0,,-0.12,0.85,1.21,0,-1.0
2026-09-05,665487,Fernando Tatís,Carlos Rodón,NYY@SD,SD,1.0,RF,R,3.09,2.39,1.0,1.012,0.988,11.0,11.33,,,,,,,,0,
2026-09-05,518692,Freddie Freeman,Cade Cavalli,WSH@LAD,LAD,2.0,1B,L,2.79,2.73,0.996,1.043,0.962,11.0,11.33,13.5,625.0,589.0,,-2.17,-2.46,0.72,0,-1.0
2026-09-05,607208,Trea Turner,Martín Pérez,ATL@PHI,PHI,2.0,SS,R,2.84,2.55,1.008,0.994,1.041,11.0,11.33,15.0,650.0,543.0,,-3.67,-2.0,2.22,0,-1.0
2026-09-05,701358,Cam Smith,Brandon Pfaadt,AZ@HOU,HOU,9.0,RF,R,3.35,2.9,1.034,1.0,0.955,10.9,11.28,13.3,700.0,668.0,,-2.02,-1.22,0.52,0,-1.0
2026-09-05,679529,Spencer Torkelson,Parker Messick,DET@CLE,DET,6.0,1B,R,3.88,2.35,1.015,0.997,0.9,10.9,11.28,14.2,700.0,596.0,,-2.92,-1.22,1.87,0,-1.0
2026-09-05,624641,Edmundo Sosa,Martín Pérez,ATL@PHI,PHI,6.0,LF,R,3.09,2.55,1.008,0.994,1.041,10.8,11.22,14.3,750.0,612.0,,-3.08,-0.54,2.28,0,-1.0
2026-09-05,606192,Teoscar Hernández,Cade Cavalli,WSH@LAD,LAD,6.0,LF,R,2.95,2.73,1.001,1.043,0.962,10.6,11.12,15.4,510.0,492.0,,-4.28,-5.27,0.5,0,-1.0
2026-09-05,656775,Cedric Mullins,Jacob Degrom,TB@TEX,TB,7.0,CF,L,3.02,3.02,1.004,1.0,0.924,10.6,11.12,14.3,600.0,539.0,,-3.18,-3.17,1.36,0,-1.0
2026-09-05,681297,Colton Cowser,Sonny Gray,BOS@BAL,BAL,9.0,CF,L,3.59,2.65,1.015,1.014,0.948,10.6,11.12,13.3,850.0,714.0,,-2.18,0.59,1.76,0,-1.0
2026-09-05,701350,Roman Anthony,Chris Bassitt,BOS@BAL,BOS,1.0,DH,L,2.37,2.63,1.0,1.014,1.097,10.4,11.01,16.4,525.0,463.0,,-5.39,-4.99,1.76,0,-1.0
2026-09-05,663586,Austin Riley,Zack Wheeler,ATL@PHI,ATL,8.0,3B,R,2.76,3.49,1.002,0.994,0.9,10.4,11.01,15.0,600.0,537.0,,-3.99,-3.28,1.41,1,6.0
2026-09-05,671976,Tristan Peters,Taj Bradley,MIN@CWS,CWS,8.0,CF,L,2.86,3.18,1.0,0.98,0.973,10.4,11.01,10.4,800.0,759.0,,0.61,-0.1,0.53,0,-1.0
2026-09-05,694208,Moisés Ballesteros,Braxton Ashcraft,LAA@PIT,LAA,5.0,C,L,2.62,3.21,1.0,0.995,0.912,10.4,11.01,11.8,800.0,672.0,,-0.79,-0.1,1.84,0,-1.0
2026-09-05,669003,Garrett Mitchell,Andrew Abbott,MIL@CIN,MIL,5.0,CF,L,2.18,3.2,1.0,1.006,1.083,10.3,10.95,14.9,525.0,511.0,,-3.95,-5.05,0.37,0,-1.0
2026-09-05,668952,Ryan Kreidler,Anthony Kay,MIN@CWS,MIN,9.0,CF,R,2.75,3.08,1.0,0.98,1.076,10.2,10.9,10.4,850.0,789.0,,0.5,0.37,0.72,0,-1.0
2026-09-05,666211,Taylor Trammell,Brandon Pfaadt,AZ@HOU,HOU,8.0,LF,L,2.94,2.9,1.025,1.0,0.955,10.1,10.85,15.0,600.0,535.0,,-4.15,-3.44,1.46,0,-1.0
2026-09-05,664761,Alec Bohm,Martín Pérez,ATL@PHI,PHI,5.0,1B,R,2.78,2.55,1.006,0.994,1.041,10.1,10.85,13.3,600.0,570.0,,-2.45,-3.44,0.64,0,-1.0
2026-09-05,669134,Luis Campusano,Carlos Rodón,NYY@SD,SD,6.0,DH,R,3.16,2.39,1.0,1.012,0.988,9.9,10.74,13.7,625.0,584.0,,-2.96,-3.05,0.83,0,-1.0
2026-09-05,642201,Eli White,Chris Bassitt,BOS@BAL,BOS,8.0,CF,R,2.8,2.63,1.006,1.014,1.097,9.9,10.74,9.4,950.0,907.0,,1.34,1.22,0.41,0,-1.0
2026-09-05,663886,Tyler Stephenson,Dustin May,MIL@CIN,CIN,5.0,DH,R,3.37,2.08,1.011,1.006,1.005,9.8,10.69,15.0,600.0,533.0,,-4.31,-3.6,1.51,1,6.0
2026-09-05,694203,Denzer Guzman,Braxton Ashcraft,LAA@PIT,LAA,8.0,3B,R,2.77,3.21,1.0,0.995,0.912,9.7,10.63,9.6,950.0,916.0,,1.03,1.11,0.32,0,-1.0
2026-09-05,677649,Ezequiel Duran,Drew Rasmussen,TB@TEX,TEX,5.0,2B,R,3.24,2.42,1.006,1.0,0.9,9.7,10.63,9.4,950.0,883.0,,1.23,1.11,0.65,0,-1.0
2026-09-05,669242,Tommy Edman,Cade Cavalli,WSH@LAD,LAD,1.0,CF,L,2.32,2.73,1.0,1.043,0.962,9.6,10.58,11.8,750.0,663.0,,-1.22,-1.18,1.35,1,7.5
2026-09-05,682985,Riley Greene,Parker Messick,DET@CLE,DET,3.0,LF,L,3.13,2.35,1.011,0.997,0.9,9.6,10.58,13.3,700.0,586.0,,-2.72,-1.92,2.08,1,7.0
2026-09-05,643289,Mauricio Dubón,Zack Wheeler,ATL@PHI,ATL,5.0,LF,R,2.23,3.49,1.006,0.994,0.9,9.6,10.58,8.9,1100.0,1013.0,,1.68,2.25,0.65,0,-1.0
2026-09-05,686765,Nick Sogard,Chris Bassitt,BOS@BAL,BOS,5.0,3B,L,2.36,2.63,1.0,1.014,1.097,9.5,10.53,8.6,1050.0,963.0,,1.93,1.83,0.71,0,-1.0
2026-09-05,668670,Jake Rogers,Taj Bradley,MIN@CWS,CWS,9.0,C,R,2.72,3.18,1.004,0.98,0.973,9.5,10.53,13.3,600.0,544.0,,-2.77,-3.76,1.24,0,-1.0
2026-09-05,691594,Javier Sanoja,Javier Assad,CHC@MIA,MIA,9.0,2B,R,2.02,4.05,0.974,1.0,1.036,9.5,10.53,7.9,1200.0,1132.0,,2.63,2.84,0.43,0,-1.0
2026-09-05,702616,Jackson Holliday,Sonny Gray,BOS@BAL,BAL,1.0,DH,L,2.41,2.65,1.015,1.014,0.948,9.4,10.47,10.4,950.0,847.0,,0.07,0.95,1.04,0,-1.0
2026-09-05,624431,Jose Trevino,Dustin May,MIL@CIN,CIN,7.0,C,R,3.45,2.08,1.011,1.006,1.005,9.2,10.36,9.8,900.0,901.0,,0.56,0.36,-0.01,0,-1.0
2026-09-05,695731,Braden Montgomery,Taj Bradley,MIN@CWS,CWS,6.0,RF,L,2.3,3.18,1.0,0.98,0.973,9.2,10.36,10.4,900.0,830.0,,-0.04,0.36,0.75,0,-1.0
2026-09-05,660688,Keibert Ruiz,Tyler Glasnow,WSH@LAD,WSH,8.0,C,L,2.89,2.79,1.0,1.043,0.9,9.1,10.31,9.9,900.0,856.0,,0.41,0.31,0.46,0,-1.0
2026-09-05,806198,Cooper Pratt,Andrew Abbott,MIL@CIN,MIL,7.0,SS,R,2.06,3.2,1.0,1.006,1.083,9.0,10.26,11.7,850.0,776.0,,-1.44,-0.27,0.89,0,-1.0
2026-09-05,701678,Hao-Yu Lee,Parker Messick,DET@CLE,DET,2.0,3B,R,2.91,2.35,1.0,0.997,0.9,9.0,10.26,11.7,800.0,758.0,,-1.44,-0.85,0.55,0,-1.0
2026-09-05,677588,José Tena,Tyler Glasnow,WSH@LAD,WSH,7.0,DH,L,2.71,2.79,0.996,1.043,0.9,8.9,10.2,9.7,950.0,889.0,,0.5,0.68,0.59,0,-1.0
2026-09-05,662139,Daulton Varsho,Brandon Pfaadt,AZ@HOU,HOU,5.0,CF,L,2.28,2.9,1.025,1.0,0.955,8.9,10.2,15.6,540.0,513.0,,-5.4,-5.42,0.69,0,-1.0
2026-09-05,608070,José Ramírez,Framber Valdez,DET@CLE,CLE,3.0,3B,L,2.49,2.4,1.0,0.997,1.04,8.9,10.2,13.3,700.0,634.0,,-3.1,-2.3,1.12,0,-1.0
2026-09-05,701162,Ben Malgeri,Parker Messick,DET@CLE,DET,5.0,RF,R,3.03,2.35,1.0,0.997,0.9,8.8,10.15,9.8,1100.0,860.0,,0.35,1.82,2.09,0,-1.0
2026-09-05,596115,Trevor Story,Chris Bassitt,BOS@BAL,BOS,4.0,SS,R,2.1,2.63,1.003,1.014,1.097,8.8,10.15,13.9,600.0,539.0,,-3.75,-4.14,1.36,0,-1.0
2026-09-05,663656,Kyle Tucker,Cade Cavalli,WSH@LAD,LAD,5.0,RF,L,2.35,2.73,0.996,1.043,0.962,8.8,10.15,15.0,575.0,549.0,,-4.85,-4.66,0.6,0,-1.0
2026-09-05,592663,J. T. Realmuto,Martín Pérez,ATL@PHI,PHI,7.0,C,R,2.62,2.55,1.0,0.994,1.041,8.7,10.1,,,,,,,,0,
2026-09-05,699393,Pedro Ramírez,Ryan Gusto,CHC@MIA,CHC,7.0,2B,L,2.4,2.79,1.0,1.0,1.032,8.7,10.1,9.4,1000.0,933.0,,0.7,1.01,0.59,0,-1.0
2026-09-05,805367,Chase Meidroth,Taj Bradley,MIN@CWS,CWS,7.0,2B,R,2.27,3.18,1.0,0.98,0.973,8.7,10.1,8.6,1050.0,1000.0,,1.5,1.4,0.39,0,-1.0
2026-09-05,694197,Angel Genao,Framber Valdez,DET@CLE,CLE,6.0,2B,L,2.57,2.4,1.0,0.997,1.04,8.5,9.99,8.2,1200.0,1052.0,,1.79,2.3,0.99,0,-1.0
2026-09-05,643396,Isiah Kiner-Falefa,Chris Bassitt,BOS@BAL,BOS,6.0,2B,R,2.17,2.63,1.006,1.014,1.097,8.5,9.99,7.3,1300.0,1323.0,,2.69,2.85,-0.11,0,-1.0
2026-09-05,686611,Dylan Crews,Tyler Glasnow,WSH@LAD,WSH,9.0,CF,R,2.8,2.79,1.001,1.043,0.9,8.4,9.94,13.3,625.0,593.0,,-3.36,-3.85,0.64,0,-1.0
2026-09-05,665804,Miguel Amaya,Ryan Gusto,CHC@MIA,CHC,9.0,C,R,2.49,2.79,0.974,1.0,1.032,8.0,9.72,9.4,1050.0,949.0,,0.32,1.02,0.83,0,-1.0
2026-09-05,593428,Xander Bogaerts,Carlos Rodón,NYY@SD,SD,2.0,SS,R,2.24,2.39,1.007,1.012,0.988,8.0,9.72,12.1,750.0,643.0,,-2.38,-2.04,1.7,0,-1.0
2026-09-05,595978,Austin Hedges,Framber Valdez,DET@CLE,CLE,8.0,C,R,2.57,2.4,1.015,0.997,1.04,7.9,9.67,7.9,1150.0,1082.0,,1.77,1.67,0.46,0,-1.0
2026-09-05,607043,Brandon Nimmo,Drew Rasmussen,TB@TEX,TEX,4.0,RF,L,2.53,2.42,1.0,1.0,0.9,7.9,9.67,14.3,550.0,510.0,,-4.63,-5.71,1.01,0,-1.0
2026-09-05,665926,Andrés Giménez,Seth Lugo,TOR@KC,TOR,7.0,SS,L,2.05,2.77,1.0,1.0,1.1,7.9,9.67,10.4,1000.0,892.0,,-0.73,0.58,0.99,0,-1.0
2026-09-05,650402,Gleyber Torres,Parker Messick,DET@CLE,DET,1.0,DH,R,2.4,2.35,1.015,0.997,0.9,7.8,9.61,10.4,850.0,828.0,,-0.79,-0.92,0.25,0,-1.0
2026-09-05,680700,Richie Palacios,Jacob Degrom,TB@TEX,TB,8.0,2B,L,2.27,3.02,1.005,1.0,0.924,7.7,9.56,8.6,1150.0,1033.0,,0.96,1.56,0.83,1,11.5
2026-09-05,657136,Connor Wong,Chris Bassitt,BOS@BAL,BOS,9.0,C,R,2.22,2.63,1.015,1.014,1.097,7.6,9.51,9.2,1000.0,979.0,,0.31,0.42,0.18,0,-1.0
2026-09-05,680574,Matt Mclain,Dustin May,MIL@CIN,CIN,9.0,2B,R,3.15,2.08,1.0,1.006,1.005,7.6,9.51,13.3,700.0,626.0,,-3.79,-2.99,1.27,1,7.0
2026-09-05,690984,Petey Halpin,Framber Valdez,DET@CLE,CLE,7.0,CF,L,2.37,2.4,1.0,0.997,1.04,7.5,9.45,8.4,1100.0,1011.0,,1.05,1.12,0.67,0,-1.0
2026-09-05,643376,Danny Jansen,Drew Rasmussen,TB@TEX,TEX,9.0,C,R,2.97,2.42,1.0,1.0,0.9,7.5,9.45,11.3,800.0,777.0,,-1.85,-1.66,0.29,0,-1.0
2026-09-05,687637,Dylan Beavers,Sonny Gray,BOS@BAL,BAL,8.0,LF,L,2.37,2.65,1.0,1.014,0.948,7.4,9.4,10.4,850.0,805.0,,-1.0,-1.13,0.52,0,-1.0
2026-09-05,677587,Brayan Rocchio,Framber Valdez,DET@CLE,CLE,9.0,SS,L,2.42,2.4,1.006,0.997,1.04,7.0,9.19,8.2,1100.0,1080.0,,0.99,0.86,0.14,0,-1.0
2026-09-05,681082,Bryson Stott,Martín Pérez,ATL@PHI,PHI,8.0,3B,L,2.11,2.55,1.0,0.994,1.041,6.8,9.08,9.4,1000.0,901.0,,-0.32,-0.01,0.9,0,-1.0
2026-09-05,666023,Freddy Fermin,Carlos Rodón,NYY@SD,SD,7.0,C,R,2.12,2.39,0.999,1.012,0.988,6.4,8.86,9.9,1100.0,807.0,,-1.04,0.53,2.7,0,-1.0
2026-09-05,694497,Evan Carter,Drew Rasmussen,TB@TEX,TEX,7.0,CF,L,2.24,2.42,1.004,1.0,0.9,6.2,8.76,10.4,900.0,801.0,,-1.64,-1.24,1.1,1,9.0
2026-09-05,683227,Cody Freeman,Drew Rasmussen,TB@TEX,TEX,8.0,3B,R,2.27,2.42,1.0,1.0,0.9,6.0,8.65,7.9,1400.0,1338.0,,0.75,1.98,0.28,0,-1.0
2026-09-06,691718,Pete Crow-Armstrong,Tyler Phillips,CHC@MIA,CHC,1.0,CF,L,5.6,2.97,1.0,1.0,1.047,24.5,18.57,22.6,325.0,294.0,,-4.03,-4.96,1.85,1,3.25
2026-09-06,656941,Kyle Schwarber,Tyler Mahle,ATL@PHI,PHI,1.0,DH,L,6.1,3.2,1.006,0.991,0.999,22.9,17.71,28.0,270.0,238.0,,-10.29,-9.32,2.56,1,2.7
2026-09-06,700250,Ben Rice,Mike King,NYY@SD,NYY,1.0,DH,L,5.64,2.77,1.002,0.984,1.022,22.3,17.39,21.3,360.0,342.0,,-3.91,-4.35,0.88,0,-1.0
2026-09-06,691406,Junior Caminero,Mackenzie Gore,TB@TEX,TB,3.0,3B,R,5.59,2.77,1.004,1.0,0.963,20.4,16.37,22.0,325.0,304.0,,-5.63,-7.16,1.22,0,-1.0
2026-09-06,671277,Luis García,Mike King,NYY@SD,NYY,3.0,1B,L,5.24,2.77,1.007,0.984,1.022,20.1,16.21,,,,,,,,0,
2026-09-06,646240,Rafael Devers,Christian Scott,SF@NYM,SF,2.0,DH,L,5.31,2.59,1.0,1.005,0.986,19.1,15.67,23.2,330.0,298.0,,-7.53,-7.59,1.87,0,-1.0
2026-09-06,624413,Pete Alonso,Payton Tolle,BOS@BAL,BAL,2.0,1B,R,4.95,2.87,1.015,1.03,0.9,18.8,15.51,19.8,375.0,354.0,,-4.29,-5.54,0.98,0,-1.0
2026-09-06,624424,Michael Conforto,Tyler Phillips,CHC@MIA,CHC,5.0,DH,L,4.66,2.97,0.97,1.0,1.047,18.5,15.35,13.3,625.0,596.0,,2.05,1.56,0.58,0,-1.0
2026-09-06,673548,Seiya Suzuki,Tyler Phillips,CHC@MIA,CHC,2.0,RF,R,4.09,2.97,1.0,1.0,1.047,18.0,15.08,15.6,600.0,517.0,,-0.52,0.79,1.92,0,-1.0
2026-09-06,808959,Munetaka Murakami,Bailey Ober,MIN@CWS,CWS,3.0,1B,L,5.72,3.59,1.0,0.992,1.047,17.9,15.03,26.8,255.0,243.0,,-11.77,-13.14,0.98,0,-1.0
2026-09-06,670541,Yordan Álvarez,Eduardo Rodríguez,AZ@HOU,HOU,2.0,DH,L,5.5,2.21,1.005,1.0,1.028,17.8,14.98,22.1,350.0,316.0,,-7.12,-7.24,1.82,1,3.5
2026-09-06,678246,Miguel Vargas,Bailey Ober,MIN@CWS,CWS,2.0,3B,R,4.56,3.59,1.004,0.992,1.047,17.5,14.82,20.8,360.0,326.0,,-5.98,-6.92,1.73,0,-1.0
2026-09-06,663993,Nathaniel Lowe,Jackson Jobe,DET@CLE,CLE,4.0,1B,L,3.72,3.36,1.011,0.989,1.12,17.4,14.76,12.6,700.0,690.0,,2.16,2.26,0.16,0,-1.0
2026-09-06,670231,John Rave,Spencer Arrighetti,TOR@KC,KC,1.0,RF,L,3.44,3.33,1.0,1.0,1.099,17.3,14.71,13.2,700.0,674.0,,1.51,2.21,0.42,0,-1.0
2026-09-06,663494,Bryan Torres,Tanner Gordon,STL@COL,STL,1.0,2B,L,2.84,4.04,1.0,1.018,1.025,17.3,14.71,12.6,700.0,626.0,,2.11,2.21,1.27,0,-1.0
2026-09-06,547180,Bryce Harper,Tyler Mahle,ATL@PHI,PHI,3.0,RF,L,4.21,3.2,1.006,0.991,0.999,17.0,14.55,17.9,430.0,404.0,,-3.35,-4.32,0.97,0,-1.0
2026-09-06,694192,Jackson Chourio,Brady Singer,MIL@CIN,MIL,3.0,LF,R,4.03,3.89,1.011,0.988,1.09,17.0,14.55,,,,,,,,0,
2026-09-06,676475,Alec Burleson,Tanner Gordon,STL@COL,STL,3.0,1B,L,3.42,4.04,1.0,1.018,1.025,17.0,14.55,26.1,260.0,232.0,,-11.55,-13.23,2.34,0,-1.0
2026-09-06,691723,Coby Mayo,Payton Tolle,BOS@BAL,BAL,3.0,DH,R,4.56,2.87,1.006,1.03,0.9,16.9,14.49,17.9,450.0,426.0,,-3.41,-3.69,0.83,0,-1.0
2026-09-06,666160,Mickey Moniak,Kyle Leahy,STL@COL,COL,5.0,DH,L,4.88,2.52,0.956,1.018,1.066,16.9,14.49,20.0,400.0,357.0,,-5.51,-5.51,1.88,1,4.0
2026-09-06,695657,Colson Montgomery,Bailey Ober,MIN@CWS,CWS,5.0,SS,L,5.04,3.59,1.009,0.992,1.047,16.9,14.49,24.5,300.0,272.0,,-10.01,-10.51,1.88,0,-1.0
2026-09-06,680869,Zack Gelof,Bryan Woo,ATH@SEA,ATH,3.0,3B,R,4.32,2.98,1.002,1.0,0.942,16.8,14.44,14.3,575.0,557.0,,0.14,-0.37,0.41,0,-1.0
2026-09-06,666176,Jo Adell,Jackson Jobe,DET@CLE,CLE,3.0,RF,R,3.38,3.36,1.015,0.989,1.12,16.8,14.44,14.7,600.0,547.0,,-0.26,0.15,1.17,0,-1.0
2026-09-06,641343,Jake Bauers,Brady Singer,MIL@CIN,MIL,4.0,1B,L,4.21,3.89,1.0,0.988,1.09,16.7,14.39,,,,,,,,1,
2026-09-06,682657,Angel Martínez,Jackson Jobe,DET@CLE,CLE,5.0,LF,L,3.7,3.36,1.008,0.989,1.12,16.7,14.39,13.3,625.0,606.0,,1.09,0.6,0.37,0,-1.0
2026-09-06,660670,Ronald Acuña,Aaron Nola,ATL@PHI,ATL,2.0,RF,R,3.63,4.63,1.0,0.991,0.992,16.5,14.28,,,,,,,,1,
2026-09-06,686527,Dominic Canzone,Gage Jump,ATH@SEA,SEA,2.0,RF,L,4.33,2.6,1.0,1.0,1.035,16.5,14.28,,,,,,,,0,
2026-09-06,663728,Cal Raleigh,Gage Jump,ATH@SEA,SEA,4.0,DH,R,4.31,2.6,1.002,1.0,1.035,16.1,14.06,,,,,,,,0,
2026-09-06,687952,Christian Encarnacion-Strand,Payton Tolle,BOS@BAL,BAL,4.0,3B,R,4.32,2.87,1.006,1.03,0.9,16.0,14.01,16.5,500.0,450.0,,-2.49,-2.66,1.51,0,-1.0
2026-09-06,645277,Ozzie Albies,Aaron Nola,ATL@PHI,ATL,6.0,2B,R,3.39,4.63,1.008,0.991,0.992,16.0,14.01,15.0,650.0,558.0,,-0.99,0.68,1.87,0,-1.0
2026-09-06,686948,Drake Baldwin,Aaron Nola,ATL@PHI,ATL,1.0,DH,L,3.96,4.63,1.013,0.991,0.992,15.9,13.96,19.0,400.0,375.0,,-5.04,-6.04,1.05,0,-1.0
2026-09-06,681508,Mickey Gasper,Kyle Bradish,BOS@BAL,BOS,2.0,1B,L,3.84,2.75,1.015,1.03,1.013,15.9,13.96,13.3,700.0,608.0,,0.66,1.46,1.62,0,-1.0
2026-09-06,677951,Bobby Witt,Spencer Arrighetti,TOR@KC,KC,2.0,SS,R,3.09,3.33,1.0,1.0,1.099,15.9,13.96,,,,,,,,0,
2026-09-06,664034,Ty France,Gerrit Cole,NYY@SD,SD,4.0,1B,R,4.3,3.04,0.999,0.984,0.903,15.9,13.96,14.3,550.0,526.0,,-0.34,-1.42,0.59,0,-1.0
2026-09-06,521692,Salvador Pérez,Spencer Arrighetti,TOR@KC,KC,4.0,DH,R,3.19,3.33,1.0,1.0,1.099,15.8,13.9,17.1,450.0,429.0,,-3.2,-4.28,0.72,1,4.5
2026-09-06,643217,Andrew Benintendi,Bailey Ober,MIN@CWS,CWS,4.0,DH,L,3.23,3.59,0.999,0.992,1.047,15.8,13.9,20.5,425.0,355.0,,-6.6,-5.15,2.93,0,-1.0
2026-09-06,677649,Ezequiel Duran,Ian Seymour,TB@TEX,TEX,1.0,CF,R,3.22,3.95,1.006,1.0,0.915,15.8,13.9,11.7,800.0,728.0,,2.2,2.79,0.97,0,-1.0
2026-09-06,672960,Kazuma Okamoto,Randy Dobnak,TOR@KC,TOR,5.0,3B,R,4.65,2.39,1.0,1.0,1.065,15.7,13.85,18.1,425.0,395.0,,-4.25,-5.2,1.15,0,-1.0
2026-09-06,669357,Nolan Gorman,Tanner Gordon,STL@COL,STL,7.0,3B,L,3.05,4.04,1.0,1.018,1.025,15.6,13.8,23.1,300.0,283.0,,-9.3,-11.2,1.11,1,3.0
2026-09-06,663586,Austin Riley,Aaron Nola,ATL@PHI,ATL,8.0,3B,R,2.9,4.63,1.002,0.991,0.992,15.6,13.8,15.6,525.0,486.0,,-1.8,-2.2,1.06,0,-1.0
2026-09-06,668930,Brice Turang,Brady Singer,MIL@CIN,MIL,6.0,2B,L,2.85,3.89,1.011,0.988,1.09,15.5,13.74,,,,,,,,0,
2026-09-06,668723,Ryan Vilade,Mackenzie Gore,TB@TEX,TB,4.0,2B,R,4.16,2.77,1.0,1.0,0.963,15.4,13.69,11.7,800.0,734.0,,1.99,2.58,0.88,0,-1.0
2026-09-06,682985,Riley Greene,Gavin Williams,DET@CLE,DET,4.0,DH,L,3.42,3.9,1.011,0.989,0.956,15.3,13.64,16.1,500.0,466.0,,-2.46,-3.03,1.0,0,-1.0
2026-09-06,608324,Alex Bregman,Tyler Phillips,CHC@MIA,CHC,4.0,3B,R,3.63,2.97,0.977,1.0,1.047,15.3,13.64,13.0,750.0,701.0,,0.64,1.88,0.72,0,-1.0
2026-09-06,691023,Jordan Walker,Tanner Gordon,STL@COL,STL,4.0,RF,R,4.42,4.04,0.963,1.018,1.025,15.2,13.58,25.7,275.0,236.0,,-12.12,-13.09,3.09,0,-1.0
2026-09-06,592518,Manny Machado,Gerrit Cole,NYY@SD,SD,3.0,3B,R,4.03,3.04,1.007,0.984,0.903,15.2,13.58,16.9,475.0,423.0,,-3.32,-3.81,1.73,1,4.75
2026-09-06,621438,Tyrone Taylor,Tyler Phillips,CHC@MIA,CHC,9.0,LF,R,4.37,2.97,1.0,1.0,1.047,15.2,13.58,,,,,,,,0,
2026-09-06,701678,Hao-Yu Lee,Gavin Williams,DET@CLE,DET,2.0,2B,R,2.87,3.9,1.0,0.989,0.956,15.1,13.53,11.7,850.0,775.0,,1.83,3.0,0.9,0,-1.0
2026-09-06,682829,Elly De La Cruz,Kyle Harrison,MIL@CIN,CIN,2.0,DH,R,3.82,3.94,1.011,0.988,0.926,15.0,13.48,,,,,,,,1,
2026-09-06,608369,Corey Seager,Ian Seymour,TB@TEX,TEX,2.0,SS,L,3.73,3.95,1.004,1.0,0.915,15.0,13.48,20.1,375.0,342.0,,-6.62,-7.57,1.57,1,3.75
2026-09-06,671056,Iván Herrera,Tanner Gordon,STL@COL,STL,2.0,DH,R,2.59,4.04,0.963,1.018,1.025,15.0,13.48,18.4,450.0,386.0,,-4.92,-4.7,2.4,0,-1.0
2026-09-06,663886,Tyler Stephenson,Kyle Harrison,MIL@CIN,CIN,4.0,C,R,3.53,3.94,1.011,0.988,0.926,14.8,13.37,,,,,,,,0,
2026-09-06,592885,Christian Yelich,Brady Singer,MIL@CIN,MIL,2.0,DH,L,2.44,3.89,1.011,0.988,1.09,14.8,13.37,,,,,,,,0,
2026-09-06,671739,Michael Harris,Aaron Nola,ATL@PHI,ATL,4.0,CF,L,4.14,4.63,1.006,0.991,0.992,14.4,13.15,,,,,,,,0,
2026-09-06,682987,Spencer Jones,Mike King,NYY@SD,NYY,4.0,CF,L,3.71,2.77,1.0,0.984,1.022,14.4,13.15,16.9,475.0,432.0,,-3.75,-4.24,1.41,0,-1.0
2026-09-06,668227,Randy Arozarena,Gage Jump,ATH@SEA,SEA,1.0,LF,R,3.63,2.6,1.0,1.0,1.035,14.4,13.15,,,,,,,,0,
2026-09-06,693307,Dillon Dingler,Gavin Williams,DET@CLE,DET,5.0,C,R,4.42,3.9,1.015,0.989,0.956,14.3,13.1,11.7,750.0,738.0,,1.4,1.34,0.17,0,-1.0
2026-09-06,701398,Sal Stewart,Kyle Harrison,MIL@CIN,CIN,3.0,1B,R,4.7,3.94,1.011,0.988,0.926,14.2,13.05,,,,,,,,0,
2026-09-06,679822,Justin Foscue,Ian Seymour,TB@TEX,TEX,3.0,2B,R,4.41,3.95,1.0,1.0,0.915,14.2,13.05,15.0,575.0,533.0,,-1.95,-1.76,0.99,0,-1.0
2026-09-06,695336,Thomas Saggese,Tanner Gordon,STL@COL,STL,8.0,SS,R,3.34,4.04,0.966,1.018,1.025,14.1,12.99,15.0,550.0,519.0,,-2.01,-2.39,0.78,0,-1.0
2026-09-06,694671,Wyatt Langford,Ian Seymour,TB@TEX,TEX,5.0,LF,R,3.65,3.95,1.0,1.0,0.915,14.1,12.99,16.4,550.0,486.0,,-3.41,-2.39,1.68,0,-1.0
2026-09-06,553993,Eugenio Suárez,Kyle Harrison,MIL@CIN,CIN,5.0,3B,R,4.45,3.94,1.011,0.988,0.926,13.7,12.78,,,,,,,,0,
2026-09-06,573262,Mike Yastrzemski,Aaron Nola,ATL@PHI,ATL,9.0,LF,L,2.68,4.63,1.0,0.991,0.992,13.7,12.78,14.3,650.0,582.0,,-1.52,-0.55,1.33,0,-1.0
2026-09-06,665161,Jeremy Peña,Eduardo Rodríguez,AZ@HOU,HOU,1.0,SS,R,3.95,2.21,1.034,1.0,1.028,13.7,12.78,15.5,525.0,501.0,,-2.72,-3.22,0.64,0,-1.0
2026-09-06,683748,Victor Mesa,Mackenzie Gore,TB@TEX,TB,8.0,RF,L,4.3,2.77,1.0,1.0,0.963,13.6,12.72,,,,,,,,0,
2026-09-06,643289,Mauricio Dubón,Aaron Nola,ATL@PHI,ATL,5.0,SS,R,2.22,4.63,1.006,0.991,0.992,13.6,12.72,8.6,1000.0,982.0,,4.12,3.63,0.15,0,-1.0
2026-09-06,701162,Ben Malgeri,Gavin Williams,DET@CLE,DET,7.0,RF,R,2.96,3.9,1.0,0.989,0.956,13.5,12.67,8.6,1000.0,955.0,,4.07,3.58,0.39,0,-1.0
2026-09-06,669394,Jake Burger,Ian Seymour,TB@TEX,TEX,6.0,1B,R,4.03,3.95,1.006,1.0,0.915,13.4,12.62,17.9,480.0,432.0,,-5.28,-4.62,1.56,1,4.8
2026-09-06,665862,Jazz Chisholm,Mike King,NYY@SD,NYY,5.0,2B,L,3.59,2.77,1.002,0.984,1.022,13.4,12.62,,,,,,,,0,
2026-09-06,606466,Ketel Marte,Peter Lambert,AZ@HOU,AZ,2.0,2B,R,3.91,2.44,1.043,1.0,0.936,13.4,12.62,17.9,460.0,419.0,,-5.28,-5.24,1.41,0,-1.0
2026-09-06,668709,Jj Bleday,Kyle Harrison,MIL@CIN,CIN,6.0,LF,L,4.31,3.94,1.011,0.988,0.926,13.4,12.62,,,,,,,,0,
2026-09-06,666310,Bo Naylor,Brady Singer,MIL@CIN,MIL,8.0,C,L,2.68,3.89,1.0,0.988,1.09,13.3,12.56,,,,,,,,0,
2026-09-06,650490,Yandy Díaz,Mackenzie Gore,TB@TEX,TB,1.0,DH,R,3.37,2.77,1.004,1.0,0.963,13.3,12.56,14.3,600.0,542.0,,-1.74,-1.73,1.29,0,-1.0
2026-09-06,701538,Jackson Merrill,Gerrit Cole,NYY@SD,SD,5.0,CF,L,3.63,3.04,1.002,0.984,0.903,13.2,12.51,15.7,500.0,461.0,,-3.19,-4.16,1.16,0,-1.0
2026-09-06,680574,Matt Mclain,Kyle Harrison,MIL@CIN,CIN,7.0,SS,R,3.31,3.94,1.0,0.988,0.926,13.2,12.51,,,,,,,,0,
2026-09-06,813841,Jonah Cox,Christian Scott,SF@NYM,SF,4.0,2B,R,3.68,2.59,1.0,1.005,0.986,13.2,12.51,10.4,850.0,794.0,,2.11,1.98,0.66,0,-1.0
2026-09-06,686469,Vinnie Pasquantino,Spencer Arrighetti,TOR@KC,KC,3.0,1B,L,2.57,3.33,1.0,1.0,1.099,13.2,12.51,15.9,500.0,471.0,,-3.39,-4.16,0.84,1,5.0
2026-09-06,671976,Tristan Peters,Bailey Ober,MIN@CWS,CWS,7.0,CF,L,2.84,3.59,1.0,0.992,1.047,13.1,12.46,15.7,550.0,489.0,,-3.24,-2.92,1.6,0,-1.0
2026-09-06,805808,Kevin Mcgonigle,Gavin Williams,DET@CLE,DET,1.0,3B,L,2.38,3.9,1.0,0.989,0.956,13.0,12.4,12.4,700.0,661.0,,0.0,-0.1,0.64,0,-1.0
2026-09-06,672275,Patrick Bailey,Jackson Jobe,DET@CLE,CLE,7.0,C,L,2.81,3.36,1.008,0.989,1.12,13.0,12.4,10.4,900.0,857.0,,2.0,2.4,0.45,0,-1.0
2026-09-06,607208,Trea Turner,Tyler Mahle,ATL@PHI,PHI,2.0,SS,R,2.82,3.2,1.008,0.991,0.999,13.0,12.4,13.6,700.0,638.0,,-1.2,-0.1,1.05,0,-1.0
2026-09-06,683953,Travis Bazzana,Jackson Jobe,DET@CLE,CLE,2.0,2B,L,2.41,3.36,1.0,0.989,1.12,12.9,12.35,10.4,850.0,812.0,,1.95,1.82,0.43,0,-1.0
2026-09-06,690993,Colt Keith,Gavin Williams,DET@CLE,DET,3.0,1B,L,2.46,3.9,1.006,0.989,0.956,12.9,12.35,10.4,850.0,804.0,,1.95,1.82,0.53,0,-1.0
2026-09-06,677594,Julio Rodríguez,Gage Jump,ATH@SEA,SEA,3.0,CF,R,3.39,2.6,1.002,1.0,1.035,12.9,12.35,,,,,,,,0,
2026-09-06,805811,Bryce Eldridge,Christian Scott,SF@NYM,SF,3.0,1B,L,3.56,2.59,1.0,1.005,0.986,12.9,12.35,17.2,450.0,419.0,,-4.85,-5.83,1.09,0,-1.0
2026-09-06,572233,Christian Walker,Eduardo Rodríguez,AZ@HOU,HOU,5.0,1B,R,4.04,2.21,1.034,1.0,1.028,12.8,12.3,15.6,550.0,498.0,,-3.3,-3.08,1.34,0,-1.0
2026-09-06,607043,Brandon Nimmo,Ian Seymour,TB@TEX,TEX,4.0,RF,L,2.52,3.95,1.0,1.0,0.915,12.8,12.3,15.7,550.0,507.0,,-3.4,-3.08,1.09,0,-1.0
2026-09-06,667472,Dane Myers,Kyle Harrison,MIL@CIN,CIN,1.0,CF,R,2.37,3.94,1.011,0.988,0.926,12.8,12.3,,,,,,,,0,
2026-09-06,553869,Elías Díaz,Ian Seymour,TB@TEX,TEX,8.0,C,R,3.27,3.95,1.0,1.0,0.915,12.8,12.3,11.7,800.0,750.0,,0.6,1.19,0.65,0,-1.0
2026-09-06,668942,Josh Rojas,Spencer Arrighetti,TOR@KC,KC,5.0,3B,L,2.57,3.33,1.0,1.0,1.099,12.7,12.24,10.4,900.0,821.0,,1.84,2.24,0.86,0,-1.0
2026-09-06,683737,Michael Busch,Tyler Phillips,CHC@MIA,CHC,3.0,1B,L,2.86,2.97,1.0,1.0,1.047,12.6,12.19,15.0,575.0,514.0,,-2.81,-2.62,1.48,0,-1.0
2026-09-06,668939,Adley Rutschman,Kyle Bradish,BOS@BAL,BOS,3.0,C,R,3.11,2.75,1.006,1.03,1.013,12.6,12.19,13.3,700.0,634.0,,-1.11,-0.31,1.12,0,-1.0
2026-09-06,669016,Brandon Marsh,Tyler Mahle,ATL@PHI,PHI,7.0,LF,L,3.24,3.2,1.0,0.991,0.999,12.5,12.13,12.6,800.0,653.0,,-0.47,1.02,2.17,0,-1.0
2026-09-06,701675,Nathan Church,Tanner Gordon,STL@COL,STL,9.0,CF,L,2.61,4.04,1.0,1.018,1.025,12.5,12.13,14.3,550.0,533.0,,-2.17,-3.25,0.42,0,-1.0
2026-09-06,678545,Osleivis Basabe,Christian Scott,SF@NYM,SF,6.0,3B,R,3.73,2.59,1.0,1.005,0.986,12.5,12.13,11.7,750.0,700.0,,0.43,0.37,0.74,0,-1.0
2026-09-06,571448,Nolan Arenado,Peter Lambert,AZ@HOU,AZ,4.0,3B,R,3.85,2.44,1.0,1.0,0.936,12.4,12.08,15.0,575.0,532.0,,-2.92,-2.73,1.01,1,5.75
2026-09-06,683002,Gunnar Henderson,Payton Tolle,BOS@BAL,BAL,5.0,SS,L,3.39,2.87,1.015,1.03,0.9,12.4,12.08,13.8,600.0,562.0,,-1.72,-2.21,0.82,0,-1.0
2026-09-06,694197,Angel Genao,Jackson Jobe,DET@CLE,CLE,6.0,3B,L,2.53,3.36,1.0,0.989,1.12,12.3,12.03,8.6,1100.0,1010.0,,3.43,3.7,0.68,0,-1.0
2026-09-06,665052,Griffin Conine,Clay Holmes,CHC@MIA,MIA,2.0,1B,L,5.02,1.79,0.977,1.0,0.971,12.3,12.03,14.3,600.0,550.0,,-2.27,-2.26,1.09,0,-1.0
2026-09-06,665487,Fernando Tatís,Gerrit Cole,NYY@SD,SD,1.0,RF,R,3.07,3.04,1.0,0.984,0.903,12.3,12.03,,,,,,,,1,
2026-09-06,669003,Garrett Mitchell,Brady Singer,MIL@CIN,MIL,5.0,CF,L,2.16,3.89,1.0,0.988,1.09,12.2,11.97,,,,,,,,0,
2026-09-06,687263,Zach Neto,Paul Skenes,LAA@PIT,LAA,1.0,SS,R,3.64,2.53,1.0,0.987,0.9,12.2,11.97,15.8,550.0,491.0,,-3.83,-3.41,1.54,0,-1.0
2026-09-06,666018,Jonathan Aranda,Mackenzie Gore,TB@TEX,TB,2.0,1B,L,3.13,2.77,1.0,1.0,0.963,12.1,11.92,13.3,700.0,654.0,,-1.38,-0.58,0.76,0,-1.0
2026-09-06,680776,Jarren Duran,Kyle Bradish,BOS@BAL,BOS,7.0,LF,L,3.32,2.75,1.015,1.03,1.013,12.0,11.87,15.2,525.0,494.0,,-3.33,-4.13,0.84,0,-1.0
2026-09-06,691777,Max Muncy,Bryan Woo,ATH@SEA,ATH,6.0,DH,R,3.29,2.98,1.0,1.0,0.942,12.0,11.87,,,,,,,,0,
2026-09-06,664761,Alec Bohm,Tyler Mahle,ATL@PHI,PHI,5.0,1B,R,2.76,3.2,1.006,0.991,0.999,11.9,11.81,11.0,800.0,765.0,,0.81,0.7,0.45,0,-1.0
2026-09-06,681715,Heriberto Hernandez,Clay Holmes,CHC@MIA,MIA,5.0,LF,R,4.96,1.79,1.0,1.0,0.971,11.7,11.71,16.5,550.0,475.0,,-4.79,-3.67,2.01,1,5.5
2026-09-06,699302,Héctor Rodríguez,Kyle Harrison,MIL@CIN,CIN,9.0,RF,L,4.11,3.94,1.0,0.988,0.926,11.7,11.71,,,,,,,,0,
2026-09-06,676369,Nelson Velázquez,Eduardo Rodríguez,AZ@HOU,HOU,6.0,LF,R,3.89,2.21,1.0,1.0,1.028,11.6,11.65,16.4,475.0,450.0,,-4.75,-5.74,0.79,0,-1.0
2026-09-06,545361,Mike Trout,Paul Skenes,LAA@PIT,LAA,2.0,DH,R,3.52,2.53,1.0,0.987,0.9,11.5,11.6,15.2,525.0,497.0,,-3.6,-4.4,0.75,0,-1.0
2026-09-06,665019,Kody Clemens,Bryan Hudson,MIN@CWS,MIN,5.0,2B,L,4.41,2.14,0.997,0.992,0.9,11.4,11.54,17.9,425.0,387.0,,-6.36,-7.51,1.48,0,-1.0
2026-09-06,664040,Brandon Lowe,Walbert Ureña,LAA@PIT,PIT,2.0,2B,L,4.63,1.85,1.016,0.987,0.91,11.4,11.54,16.5,500.0,465.0,,-4.96,-5.13,1.03,0,-1.0
2026-09-06,621566,Matt Olson,Aaron Nola,ATL@PHI,ATL,3.0,1B,L,5.51,4.63,1.006,0.991,0.992,11.3,11.49,24.3,285.0,271.0,,-12.81,-14.48,0.98,0,-1.0
2026-09-06,671732,Lawrence Butler,Bryan Woo,ATH@SEA,ATH,4.0,RF,L,2.87,2.98,1.0,1.0,0.942,11.3,11.49,14.5,625.0,554.0,,-3.01,-2.3,1.5,0,-1.0
2026-09-06,680777,Ryan Jeffers,Bryan Hudson,MIN@CWS,MIN,3.0,C,R,4.06,2.14,1.004,0.992,0.9,11.1,11.38,18.1,450.0,407.0,,-6.72,-6.8,1.54,0,-1.0
2026-09-06,664954,Brett Sullivan,Kyle Leahy,STL@COL,COL,7.0,C,L,3.24,2.52,1.0,1.018,1.066,11.1,11.38,13.5,600.0,560.0,,-2.12,-2.91,0.86,0,-1.0
2026-09-06,695731,Braden Montgomery,Bailey Ober,MIN@CWS,CWS,6.0,RF,L,2.28,3.59,1.0,0.992,1.047,11.1,11.38,13.9,700.0,592.0,,-2.52,-1.12,1.95,0,-1.0
2026-09-06,681297,Colton Cowser,Payton Tolle,BOS@BAL,BAL,9.0,CF,L,3.58,2.87,1.015,1.03,0.9,11.0,11.33,10.4,900.0,827.0,,0.93,1.33,0.79,0,-1.0
2026-09-06,664983,Jake Mccarthy,Kyle Leahy,STL@COL,COL,1.0,LF,L,2.8,2.52,0.966,1.018,1.066,11.0,11.33,11.7,750.0,753.0,,-0.37,-0.43,-0.04,1,7.5
2026-09-06,669134,Luis Campusano,Gerrit Cole,NYY@SD,SD,6.0,C,R,3.12,3.04,1.0,0.984,0.903,11.0,11.33,12.6,700.0,630.0,,-1.27,-1.17,1.2,1,7.0
2026-09-06,699013,Esmerlyn Valdez,Walbert Ureña,LAA@PIT,PIT,6.0,RF,R,4.99,1.85,1.0,0.987,0.91,10.9,11.28,13.4,700.0,644.0,,-2.12,-1.22,0.94,0,-1.0
2026-09-06,686797,Brooks Lee,Bryan Hudson,MIN@CWS,MIN,2.0,3B,R,3.82,2.14,1.004,0.992,0.9,10.7,11.17,14.3,575.0,560.0,,-3.13,-3.64,0.34,1,5.75
2026-09-06,806198,Cooper Pratt,Brady Singer,MIL@CIN,MIL,7.0,SS,R,2.05,3.89,1.0,0.988,1.09,10.7,11.17,,,,,,,,0,
2026-09-06,641857,Ryan Mcmahon,Mike King,NYY@SD,NYY,8.0,3B,L,3.15,2.77,1.0,0.984,1.022,10.6,11.12,13.4,700.0,608.0,,-2.28,-1.38,1.62,0,-1.0
2026-09-06,681198,Tj Rumfield,Kyle Leahy,STL@COL,COL,4.0,1B,L,2.73,2.52,1.0,1.018,1.066,10.6,11.12,11.7,850.0,725.0,,-0.58,0.59,1.59,0,-1.0
2026-09-06,690984,Petey Halpin,Jackson Jobe,DET@CLE,CLE,8.0,CF,L,2.34,3.36,1.0,0.989,1.12,10.5,11.06,9.4,900.0,869.0,,1.66,1.06,0.32,0,-1.0
2026-09-06,691176,Jasson Domínguez,Mike King,NYY@SD,NYY,6.0,RF,L,2.87,2.77,1.002,0.984,1.022,10.5,11.06,14.1,650.0,637.0,,-3.04,-2.27,0.24,0,-1.0
2026-09-06,641355,Cody Bellinger,Mike King,NYY@SD,NYY,2.0,LF,L,2.58,2.77,1.002,0.984,1.022,10.5,11.06,15.4,525.0,501.0,,-4.34,-4.94,0.64,0,-1.0
2026-09-06,676356,Jonny Deluca,Mackenzie Gore,TB@TEX,TB,6.0,CF,R,2.96,2.77,1.0,1.0,0.963,10.4,11.01,10.4,1000.0,865.0,,0.61,1.92,1.27,0,-1.0
2026-09-06,679845,Nick Loftin,Spencer Arrighetti,TOR@KC,KC,6.0,2B,R,2.15,3.33,1.0,1.0,1.099,10.4,11.01,9.4,1000.0,913.0,,1.61,1.92,0.78,0,-1.0
2026-09-06,677587,Brayan Rocchio,Jackson Jobe,DET@CLE,CLE,9.0,SS,L,2.41,3.36,1.006,0.989,1.12,10.3,10.95,9.6,1100.0,963.0,,1.35,2.62,1.08,1,11.0
2026-09-06,669065,Kyle Stowers,Clay Holmes,CHC@MIA,MIA,1.0,DH,L,4.03,1.79,0.977,1.0,0.971,10.3,10.95,19.8,450.0,371.0,,-8.85,-7.23,3.05,0,-1.0
2026-09-06,660821,Jesús Sánchez,Randy Dobnak,TOR@KC,TOR,4.0,LF,L,2.82,2.39,1.0,1.0,1.065,10.2,10.9,14.8,600.0,551.0,,-3.9,-3.39,1.07,0,-1.0
2026-09-06,664728,Kyle Isbel,Spencer Arrighetti,TOR@KC,KC,9.0,CF,L,2.45,3.33,1.0,1.0,1.099,10.2,10.9,8.6,1000.0,969.0,,2.3,1.81,0.26,0,-1.0
2026-09-06,703601,Max Clark,Gavin Williams,DET@CLE,DET,8.0,CF,L,2.29,3.9,1.0,0.989,0.956,10.2,10.9,8.6,1100.0,1003.0,,2.3,2.57,0.74,0,-1.0
2026-09-06,665833,Oneil Cruz,Walbert Ureña,LAA@PIT,PIT,5.0,CF,L,4.38,1.85,1.016,0.987,0.91,10.1,10.85,16.1,525.0,472.0,,-5.25,-5.15,1.48,0,-1.0
2026-09-06,666139,Josh Lowe,Paul Skenes,LAA@PIT,LAA,7.0,CF,L,3.52,2.53,1.016,0.987,0.9,10.1,10.85,11.0,950.0,799.0,,-0.15,1.33,1.6,0,-1.0
2026-09-06,694249,Cole Carrigg,Kyle Leahy,STL@COL,COL,3.0,CF,L,2.59,2.52,1.0,1.018,1.066,10.1,10.85,13.2,575.0,582.0,,-2.35,-3.96,-0.15,0,-1.0
2026-09-06,514888,José Altuve,Eduardo Rodríguez,AZ@HOU,HOU,4.0,2B,R,3.04,2.21,1.034,1.0,1.028,10.1,10.85,12.7,700.0,673.0,,-1.85,-1.65,0.44,0,-1.0
2026-09-06,805367,Chase Meidroth,Bailey Ober,MIN@CWS,CWS,8.0,2B,R,2.26,3.59,1.0,0.992,1.047,10.1,10.85,8.6,1000.0,914.0,,2.25,1.76,0.77,0,-1.0
2026-09-06,701350,Roman Anthony,Kyle Bradish,BOS@BAL,BOS,1.0,RF,L,2.33,2.75,1.0,1.03,1.013,10.0,10.79,17.1,500.0,433.0,,-6.31,-5.88,2.09,0,-1.0
2026-09-06,664770,Nathan Lukes,Randy Dobnak,TOR@KC,TOR,2.0,RF,L,2.69,2.39,1.0,1.0,1.065,10.0,10.79,10.4,900.0,857.0,,0.39,0.79,0.45,0,-1.0
2026-09-06,608348,Carson Kelly,Tyler Phillips,CHC@MIA,CHC,8.0,C,R,2.75,2.97,0.97,1.0,1.047,10.0,10.79,9.4,1200.0,1002.0,,1.39,3.1,1.38,0,-1.0
2026-09-06,682998,Corbin Carroll,Peter Lambert,AZ@HOU,AZ,5.0,RF,L,3.13,2.44,1.025,1.0,0.936,10.0,10.79,17.1,525.0,451.0,,-6.31,-5.21,2.15,0,-1.0
2026-09-06,670623,Isaac Paredes,Eduardo Rodríguez,AZ@HOU,HOU,3.0,3B,R,3.09,2.21,1.0,1.0,1.028,10.0,10.79,14.3,575.0,542.0,,-3.51,-4.02,0.77,0,-1.0
2026-09-06,666126,Carlos Cortes,Bryan Woo,ATH@SEA,ATH,5.0,LF,L,2.57,2.98,1.0,1.0,0.942,9.8,10.69,10.4,850.0,800.0,,0.29,0.16,0.58,0,-1.0
2026-09-06,622761,Jorge Mateo,Mackenzie Gore,TB@TEX,TB,7.0,SS,R,2.91,2.77,1.006,1.0,0.963,9.8,10.69,9.9,900.0,820.0,,0.79,0.69,0.87,0,-1.0
2026-09-06,642215,Weston Wilson,Gage Jump,ATH@SEA,SEA,7.0,3B,R,2.86,2.6,1.002,1.0,1.035,9.7,10.63,,,,,,,,0,
2026-09-06,691783,Jordan Lawlar,Peter Lambert,AZ@HOU,AZ,9.0,CF,R,3.68,2.44,1.0,1.0,0.936,9.6,10.58,11.7,800.0,744.0,,-1.12,-0.53,0.74,0,-1.0
2026-09-06,703607,Henry Bolte,Bryan Woo,ATH@SEA,ATH,1.0,CF,R,2.28,2.98,1.0,1.0,0.942,9.6,10.58,10.4,850.0,784.0,,0.18,0.05,0.78,0,-1.0
2026-09-06,641487,J. P. Crawford,Gage Jump,ATH@SEA,SEA,5.0,SS,L,2.59,2.6,1.0,1.0,1.035,9.5,10.53,,,,,,,,0,
2026-09-06,701358,Cam Smith,Eduardo Rodríguez,AZ@HOU,HOU,8.0,RF,R,3.33,2.21,1.034,1.0,1.028,9.5,10.53,14.3,625.0,579.0,,-3.77,-3.26,0.94,0,-1.0
2026-09-06,543510,James Mccann,Peter Lambert,AZ@HOU,AZ,7.0,C,R,3.31,2.44,1.004,1.0,0.936,9.5,10.53,13.3,700.0,617.0,,-2.77,-1.97,1.45,0,-1.0
2026-09-06,687551,Drew Gilbert,Christian Scott,SF@NYM,SF,1.0,CF,L,2.46,2.59,1.0,1.005,0.986,9.5,10.53,11.7,750.0,725.0,,-1.17,-1.23,0.36,0,-1.0
2026-09-06,669224,Austin Wells,Mike King,NYY@SD,NYY,9.0,C,L,2.99,2.77,0.987,0.984,1.022,9.4,10.47,13.3,700.0,652.0,,-2.83,-2.03,0.8,0,-1.0
2026-09-06,622268,Donovan Walton,Bryan Woo,ATH@SEA,ATH,7.0,2B,L,2.63,2.98,1.0,1.0,0.942,9.3,10.42,9.4,950.0,878.0,,1.02,0.9,0.7,0,-1.0
2026-09-06,683357,Owen Caissie,Clay Holmes,CHC@MIA,MIA,3.0,RF,L,3.82,1.79,0.977,1.0,0.971,9.3,10.42,13.3,700.0,616.0,,-2.88,-2.08,1.47,0,-1.0
2026-09-06,702332,Caleb Durbin,Kyle Bradish,BOS@BAL,BOS,6.0,3B,R,2.45,2.75,1.006,1.03,1.013,9.3,10.42,8.6,1000.0,997.0,,1.82,1.33,0.03,0,-1.0
2026-09-06,678218,Brandon Valenzuela,Randy Dobnak,TOR@KC,TOR,9.0,C,L,3.17,2.39,1.0,1.0,1.065,9.2,10.36,11.7,900.0,796.0,,-1.34,0.36,1.16,0,-1.0
2026-09-06,683227,Cody Freeman,Ian Seymour,TB@TEX,TEX,9.0,3B,R,2.22,3.95,1.0,1.0,0.915,9.2,10.36,8.6,1050.0,973.0,,1.76,1.66,0.62,0,-1.0
2026-09-06,806146,George Lombard,Mike King,NYY@SD,NYY,7.0,SS,R,2.62,2.77,1.0,0.984,1.022,9.2,10.36,,,,,,,,0,
2026-09-06,699393,Pedro Ramírez,Tyler Phillips,CHC@MIA,CHC,7.0,2B,L,2.36,2.97,1.0,1.0,1.047,9.2,10.36,9.4,1200.0,1027.0,,0.96,2.67,1.18,0,-1.0
2026-09-06,642201,Eli White,Kyle Bradish,BOS@BAL,BOS,9.0,CF,R,2.76,2.75,1.006,1.03,1.013,9.1,10.31,8.6,1100.0,1018.0,,1.71,1.98,0.61,1,11.0
2026-09-06,686765,Nick Sogard,Kyle Bradish,BOS@BAL,BOS,5.0,2B,L,2.33,2.75,1.0,1.03,1.013,9.1,10.31,9.0,1000.0,941.0,,1.31,1.22,0.52,0,-1.0
2026-09-06,694371,Tommy Troy,Peter Lambert,AZ@HOU,AZ,6.0,LF,R,2.99,2.44,1.0,1.0,0.936,9.0,10.26,10.3,950.0,846.0,,-0.04,0.74,1.05,0,-1.0
2026-09-06,691788,Joe Mack,Clay Holmes,CHC@MIA,MIA,6.0,C,L,3.86,1.79,1.0,1.0,0.971,8.9,10.2,10.4,1000.0,890.0,,-0.2,1.11,1.01,0,-1.0
2026-09-06,681082,Bryson Stott,Tyler Mahle,ATL@PHI,PHI,6.0,3B,L,2.1,3.2,1.0,0.991,0.999,8.8,10.15,13.5,750.0,674.0,,-3.35,-1.61,1.16,0,-1.0
2026-09-06,672515,Gabriel Moreno,Peter Lambert,AZ@HOU,AZ,3.0,DH,R,2.65,2.44,1.0,1.0,0.936,8.7,10.1,14.3,575.0,537.0,,-4.2,-4.71,0.89,0,-1.0
2026-09-06,605137,Josh Bell,Bryan Hudson,MIN@CWS,MIN,4.0,DH,L,3.2,2.14,0.997,0.992,0.9,8.7,10.1,16.4,500.0,450.0,,-6.3,-6.57,1.51,0,-1.0
2026-09-06,687093,Vaughn Grissom,Paul Skenes,LAA@PIT,LAA,4.0,3B,R,2.68,2.53,1.0,0.987,0.9,8.6,10.04,8.6,1100.0,1012.0,,1.44,1.71,0.66,0,-1.0
2026-09-06,596115,Trevor Story,Kyle Bradish,BOS@BAL,BOS,4.0,SS,R,2.06,2.75,1.003,1.03,1.013,8.5,9.99,12.6,800.0,620.0,,-2.61,-1.12,2.78,0,-1.0
2026-09-06,675961,Alika Williams,Bryan Woo,ATH@SEA,ATH,8.0,SS,R,2.48,2.98,1.0,1.0,0.942,8.4,9.94,7.9,1300.0,1199.0,,2.04,2.8,0.56,0,-1.0
2026-09-06,640902,Jhonny Pereda,Gage Jump,ATH@SEA,SEA,9.0,C,R,2.72,2.6,1.0,1.0,1.035,8.4,9.94,,,,,,,,0,
2026-09-06,643446,Jeff Mcneil,Bryan Woo,ATH@SEA,ATH,2.0,1B,L,2.04,2.98,1.0,1.0,0.942,8.4,9.94,10.4,850.0,827.0,,-0.46,-0.59,0.26,0,-1.0
2026-09-06,694208,Moisés Ballesteros,Paul Skenes,LAA@PIT,LAA,5.0,1B,L,2.6,2.53,1.0,0.987,0.9,8.0,9.72,11.5,900.0,768.0,,-1.78,-0.28,1.52,0,-1.0
2026-09-06,668904,Royce Lewis,Bryan Hudson,MIN@CWS,MIN,6.0,1B,R,3.16,2.14,1.004,0.992,0.9,8.0,9.72,20.2,425.0,353.0,,-10.48,-9.33,3.03,0,-1.0
2026-09-06,543877,Christian Vázquez,Eduardo Rodríguez,AZ@HOU,HOU,9.0,C,R,2.86,2.21,1.034,1.0,1.028,7.7,9.56,8.6,1050.0,987.0,,0.96,0.86,0.5,0,-1.0
2026-09-06,669701,Josh Smith,Randy Dobnak,TOR@KC,TOR,7.0,2B,L,2.41,2.39,1.0,1.0,1.065,7.7,9.56,10.6,900.0,724.0,,-1.04,-0.44,2.14,1,9.0
2026-09-06,655316,Andruw Monasterio,Kyle Bradish,BOS@BAL,BOS,8.0,DH,R,2.19,2.75,1.006,1.03,1.013,7.7,9.56,9.4,950.0,895.0,,0.16,0.04,0.53,0,-1.0
2026-09-06,593428,Xander Bogaerts,Gerrit Cole,NYY@SD,SD,8.0,SS,R,2.23,3.04,1.007,0.984,0.903,7.4,9.4,10.0,950.0,814.0,,-0.6,-0.12,1.42,0,-1.0
2026-09-06,678662,Ezequiel Tovar,Kyle Leahy,STL@COL,COL,9.0,SS,R,2.36,2.52,0.963,1.018,1.066,7.2,9.29,13.4,625.0,602.0,,-4.11,-4.5,0.46,0,-1.0
2026-09-06,683766,Christian Koss,Christian Scott,SF@NYM,SF,9.0,SS,R,2.42,2.59,0.991,1.005,0.986,7.1,9.24,8.2,1100.0,1042.0,,1.04,0.91,0.43,0,-1.0
2026-09-06,701785,Kaelen Culpepper,Bryan Hudson,MIN@CWS,MIN,8.0,SS,R,3.05,2.14,1.0,0.992,0.9,7.1,9.24,12.6,800.0,661.0,,-3.36,-1.87,2.03,0,-1.0
2026-09-06,665750,Leody Taveras,Payton Tolle,BOS@BAL,BAL,7.0,RF,L,2.07,2.87,1.0,1.03,0.9,7.0,9.19,9.0,1000.0,958.0,,0.19,0.1,0.36,0,-1.0
2026-09-06,662139,Daulton Varsho,Eduardo Rodríguez,AZ@HOU,HOU,7.0,CF,L,2.26,2.21,1.025,1.0,1.028,6.7,9.02,10.4,1000.0,883.0,,-1.38,-0.07,1.08,0,-1.0
2026-09-06,663616,Trevor Larnach,Bryan Hudson,MIN@CWS,MIN,7.0,LF,L,2.72,2.14,1.0,0.992,0.9,6.6,8.97,12.8,700.0,600.0,,-3.83,-3.53,1.79,0,-1.0
2026-09-06,668804,Bryan Reynolds,Walbert Ureña,LAA@PIT,PIT,3.0,LF,R,2.63,1.85,1.007,0.987,0.91,6.4,8.86,11.6,850.0,747.0,,-2.74,-1.67,1.28,0,-1.0
2026-09-06,665926,Andrés Giménez,Randy Dobnak,TOR@KC,TOR,8.0,SS,L,2.03,2.39,1.0,1.0,1.065,6.3,8.81,9.4,1000.0,911.0,,-0.59,-0.28,0.8,0,-1.0
2026-09-06,545121,Ildemaro Vargas,Peter Lambert,AZ@HOU,AZ,8.0,1B,L,2.23,2.44,1.0,1.0,0.936,6.2,8.76,8.6,1200.0,1074.0,,0.16,1.07,0.83,0,-1.0
2026-09-06,694378,Jacob Gonzalez,Walbert Ureña,LAA@PIT,PIT,8.0,3B,L,2.98,1.85,1.0,0.987,0.91,6.1,8.7,9.4,1100.0,998.0,,-0.7,0.37,0.78,0,-1.0
2026-09-06,804606,Konnor Griffin,Walbert Ureña,LAA@PIT,PIT,1.0,SS,R,2.3,1.85,1.0,0.987,0.91,5.8,8.54,10.5,950.0,832.0,,-1.96,-0.98,1.21,0,-1.0
2026-09-06,680779,Henry Davis,Walbert Ureña,LAA@PIT,PIT,9.0,C,R,2.97,1.85,1.012,0.987,0.91,5.8,8.54,8.6,1050.0,973.0,,-0.06,-0.16,0.62,1,10.5
2026-09-06,687462,Spencer Horwitz,Walbert Ureña,LAA@PIT,PIT,7.0,1B,L,2.61,1.85,1.016,0.987,0.91,5.6,8.43,8.6,1150.0,1035.0,,-0.17,0.43,0.81,0,-1.0
2026-09-06,688363,Graham Pauley,Clay Holmes,CHC@MIA,MIA,8.0,3B,L,2.29,1.79,0.97,1.0,0.971,4.7,7.95,9.0,1000.0,926.0,,-1.05,-1.14,0.66,0,-1.0
2026-09-06,691594,Javier Sanoja,Clay Holmes,CHC@MIA,MIA,9.0,2B,R,2.0,1.79,0.974,1.0,0.971,4.0,7.58,8.1,1400.0,1225.0,,-0.52,0.91,0.88,1,14.0
2026-09-07,656941,Kyle Schwarber,Grant Holmes,ATL@PHI,PHI,1.0,DH,L,6.21,3.31,1.006,0.998,1.06,23.0,17.77,,,,,,,,1,
2026-09-07,646240,Rafael Devers,Michael Mcgreevy,STL@SF,SF,2.0,DH,L,5.28,3.24,1.0,1.003,1.117,22.3,17.39,20.8,370.0,340.0,,-3.41,-3.89,1.45,0,-1.0
2026-09-07,665742,Juan Soto,Eury Pérez,NYM@MIA,NYM,2.0,DH,L,5.22,3.04,0.977,1.0,0.988,21.0,16.69,,,,,,,,0,
2026-09-07,691718,Pete Crow-Armstrong,Robert Gasser,CHC@MIL,CHC,1.0,CF,L,5.7,3.33,1.0,1.0,0.998,20.5,16.42,,,,,,,,1,
2026-09-07,624413,Pete Alonso,Joey Cantillo,CLE@BAL,BAL,2.0,1B,R,4.92,2.67,1.015,1.015,0.982,18.7,15.46,,,,,,,,0,
2026-09-07,681508,Mickey Gasper,Grayson Rodriguez,LAA@BOS,BOS,2.0,1B,L,3.79,3.31,1.044,0.981,1.12,18.4,15.3,,,,,,,,0,
2026-09-07,694192,Jackson Chourio,Matt Boyd,CHC@MIL,MIL,1.0,LF,R,4.0,3.41,0.99,1.0,1.069,17.9,15.03,,,,,,,,0,
2026-09-07,665487,Fernando Tatís,Jake Irvin,WSH@SD,SD,1.0,RF,R,3.19,3.69,1.0,0.994,1.112,17.9,15.03,,,,,,,,0,
2026-09-07,677800,Wilyer Abreu,Grayson Rodriguez,LAA@BOS,BOS,4.0,RF,L,3.63,3.31,1.059,0.981,1.12,17.8,14.98,,,,,,,,0,
2026-09-07,547180,Bryce Harper,Grant Holmes,ATL@PHI,PHI,3.0,RF,L,4.19,3.31,1.006,0.998,1.06,17.8,14.98,,,,,,,,0,
2026-09-07,592518,Manny Machado,Jake Irvin,WSH@SD,SD,3.0,3B,R,4.14,3.69,1.007,0.994,1.112,17.7,14.92,18.6,425.0,369.0,,-3.68,-4.13,2.27,0,-1.0
2026-09-07,664034,Ty France,Jake Irvin,WSH@SD,SD,4.0,1B,R,4.28,3.69,0.999,0.994,1.112,17.5,14.82,16.2,500.0,462.0,,-1.38,-1.85,1.12,0,-1.0
2026-09-07,596019,Francisco Lindor,Eury Pérez,NYM@MIA,NYM,1.0,SS,L,3.96,3.04,1.0,1.0,0.988,17.2,14.65,,,,,,,,0,
2026-09-07,813841,Jonah Cox,Michael Mcgreevy,STL@SF,SF,4.0,CF,R,3.61,3.24,1.0,1.003,1.117,17.1,14.6,10.5,850.0,839.0,,4.1,4.07,0.12,0,-1.0
2026-09-07,805811,Bryce Eldridge,Michael Mcgreevy,STL@SF,SF,3.0,1B,L,3.53,3.24,1.0,1.003,1.117,16.9,14.49,15.0,525.0,515.0,,-0.51,-1.51,0.26,0,-1.0
2026-09-07,621438,Tyrone Taylor,Robert Gasser,CHC@MIL,CHC,4.0,LF,R,4.33,3.33,1.0,1.0,0.998,16.9,14.49,,,,,,,,0,
2026-09-07,665019,Kody Clemens,Troy Melton,MIN@DET,MIN,3.0,2B,L,4.39,2.97,0.999,1.006,0.932,16.9,14.49,17.9,460.0,412.0,,-3.41,-3.37,1.67,0,-1.0
2026-09-07,673548,Seiya Suzuki,Robert Gasser,CHC@MIL,CHC,2.0,DH,R,4.07,3.33,1.0,1.0,0.998,16.8,14.44,,,,,,,,0,
2026-09-07,691723,Coby Mayo,Joey Cantillo,CLE@BAL,BAL,4.0,3B,R,4.53,2.67,1.006,1.015,0.982,16.7,14.39,,,,,,,,1,
2026-09-07,701538,Jackson Merrill,Jake Irvin,WSH@SD,SD,5.0,CF,L,3.61,3.69,1.002,0.994,1.112,16.7,14.39,18.8,430.0,386.0,,-4.41,-4.48,1.71,0,-1.0
2026-09-07,660271,Shohei Ohtani,Chase Burns,CIN@LAD,LAD,1.0,DH,L,4.72,2.63,0.996,1.024,0.9,16.6,14.33,25.8,270.0,255.0,,-11.47,-12.7,1.14,0,-1.0
2026-09-07,571970,Max Muncy,Chase Burns,CIN@LAD,LAD,4.0,3B,L,4.86,2.63,1.001,1.024,0.9,16.3,14.17,18.9,400.0,376.0,,-4.73,-5.83,1.01,0,-1.0
2026-09-07,678545,Osleivis Basabe,Michael Mcgreevy,STL@SF,SF,6.0,2B,R,3.67,3.24,1.0,1.003,1.117,16.1,14.06,10.1,950.0,892.0,,3.96,4.54,0.56,0,-1.0
2026-09-07,699302,Héctor Rodríguez,Emmet Sheehan,CIN@LAD,CIN,1.0,RF,L,4.01,4.37,1.0,1.024,0.979,16.0,14.01,16.2,600.0,529.0,,-2.19,-0.28,1.61,0,-1.0
2026-09-07,669134,Luis Campusano,Jake Irvin,WSH@SD,SD,6.0,DH,R,3.41,3.69,1.0,0.994,1.112,16.0,14.01,15.0,650.0,553.0,,-0.99,0.68,1.98,0,-1.0
2026-09-07,663886,Tyler Stephenson,Emmet Sheehan,CIN@LAD,CIN,5.0,C,R,3.49,4.37,1.001,1.024,0.979,16.0,14.01,15.0,550.0,526.0,,-0.99,-1.37,0.59,0,-1.0
2026-09-07,668939,Adley Rutschman,Grayson Rodriguez,LAA@BOS,BOS,3.0,C,R,3.08,3.31,1.037,0.981,1.12,16.0,14.01,,,,,,,,1,
2026-09-07,682829,Elly De La Cruz,Emmet Sheehan,CIN@LAD,CIN,2.0,SS,R,3.93,4.37,1.001,1.024,0.979,15.9,13.96,15.9,500.0,442.0,,-1.94,-2.71,1.78,1,5.0
2026-09-07,621566,Matt Olson,Jesús Luzardo,ATL@PHI,ATL,4.0,1B,L,5.48,2.3,1.006,0.998,0.9,15.8,13.9,,,,,,,,0,
2026-09-07,693307,Dillon Dingler,Joe Ryan,MIN@DET,DET,5.0,C,R,4.39,3.19,0.979,1.006,0.921,15.5,13.74,14.3,575.0,534.0,,-0.56,-1.07,0.96,0,-1.0
2026-09-07,687263,Zach Neto,Brayan Bello,LAA@BOS,LAA,1.0,SS,R,3.62,2.67,1.0,0.981,1.12,15.5,13.74,,,,,,,,0,
2026-09-07,686797,Brooks Lee,Troy Melton,MIN@DET,MIN,2.0,3B,R,3.96,2.97,0.979,1.006,0.932,15.4,13.69,13.3,625.0,597.0,,0.39,-0.1,0.56,0,-1.0
2026-09-07,680574,Matt Mclain,Emmet Sheehan,CIN@LAD,CIN,7.0,2B,R,3.29,4.37,1.0,1.024,0.979,15.3,13.64,13.3,650.0,618.0,,0.34,0.31,0.6,0,-1.0
2026-09-07,608324,Alex Bregman,Robert Gasser,CHC@MIL,CHC,3.0,3B,R,3.61,3.33,0.982,1.0,0.998,15.2,13.58,,,,,,,,0,
2026-09-07,680777,Ryan Jeffers,Troy Melton,MIN@DET,MIN,4.0,C,R,4.03,2.97,0.979,1.006,0.932,15.2,13.58,15.0,575.0,530.0,,-1.42,-1.23,1.06,0,-1.0
2026-09-07,680776,Jarren Duran,Grayson Rodriguez,LAA@BOS,BOS,7.0,LF,L,3.3,3.31,1.044,0.981,1.12,14.8,13.37,,,,,,,,1,
2026-09-07,545361,Mike Trout,Brayan Bello,LAA@BOS,LAA,2.0,DH,R,3.5,2.67,1.0,0.981,1.12,14.7,13.31,,,,,,,,0,
2026-09-07,687952,Christian Encarnacion-Strand,Joey Cantillo,CLE@BAL,BAL,6.0,DH,R,4.26,2.67,1.006,1.015,0.982,14.7,13.31,,,,,,,,0,
2026-09-07,668709,Jj Bleday,Emmet Sheehan,CIN@LAD,CIN,4.0,LF,L,4.27,4.37,0.996,1.024,0.979,14.6,13.26,17.9,475.0,439.0,,-4.64,-4.13,1.16,0,-1.0
2026-09-07,668930,Brice Turang,Matt Boyd,CHC@MIL,MIL,2.0,2B,L,2.83,3.41,0.97,1.0,1.069,14.4,13.15,,,,,,,,0,
2026-09-07,607208,Trea Turner,Grant Holmes,ATL@PHI,PHI,2.0,SS,R,2.81,3.31,1.008,0.998,1.06,14.2,13.05,,,,,,,,0,
2026-09-07,606466,Ketel Marte,Noah Cameron,AZ@KC,AZ,2.0,2B,R,3.88,2.58,1.0,1.0,0.989,14.2,13.05,,,,,,,,0,
2026-09-07,571448,Nolan Arenado,Noah Cameron,AZ@KC,AZ,4.0,3B,R,3.99,2.58,1.0,1.0,0.989,14.1,12.99,,,,,,,,0,
2026-09-07,701398,Sal Stewart,Emmet Sheehan,CIN@LAD,CIN,3.0,1B,R,4.67,4.37,1.001,1.024,0.979,14.0,12.94,17.9,430.0,398.0,,-4.96,-5.93,1.21,0,-1.0
2026-09-07,694212,Samuel Basallo,Joey Cantillo,CLE@BAL,BAL,7.0,C,L,4.27,2.67,0.999,1.015,0.982,14.0,12.94,,,,,,,,0,
2026-09-07,682626,Francisco Álvarez,Eury Pérez,NYM@MIA,NYM,7.0,C,R,3.82,3.04,0.977,1.0,0.988,13.8,12.83,,,,,,,,0,
2026-09-07,682657,Angel Martínez,Trevor Rogers,CLE@BAL,CLE,4.0,RF,L,3.67,2.72,1.022,1.015,0.953,13.8,12.83,,,,,,,,0,
2026-09-07,669016,Brandon Marsh,Grant Holmes,ATL@PHI,PHI,7.0,LF,L,3.23,3.31,1.0,0.998,1.06,13.6,12.72,,,,,,,,0,
2026-09-07,682985,Riley Greene,Joe Ryan,MIN@DET,DET,4.0,LF,L,3.4,3.19,0.983,1.006,0.921,13.4,12.62,17.9,450.0,417.0,,-5.28,-5.56,1.16,1,4.5
2026-09-07,695491,Joshua Báez,Logan Webb,STL@SF,STL,7.0,LF,R,5.29,2.08,1.0,1.003,0.98,13.4,12.62,12.7,750.0,698.0,,-0.08,0.86,0.77,0,-1.0
2026-09-07,553993,Eugenio Suárez,Emmet Sheehan,CIN@LAD,CIN,6.0,DH,R,4.41,4.37,1.001,1.024,0.979,13.4,12.62,18.8,450.0,428.0,,-6.18,-5.56,0.76,1,4.5
2026-09-07,666139,Josh Lowe,Brayan Bello,LAA@BOS,LAA,7.0,RF,L,3.5,2.67,1.044,0.981,1.12,13.2,12.51,,,,,,,,0,
2026-09-07,664761,Alec Bohm,Grant Holmes,ATL@PHI,PHI,5.0,1B,R,2.75,3.31,1.006,0.998,1.06,13.0,12.4,,,,,,,,0,
2026-09-07,679529,Spencer Torkelson,Joe Ryan,MIN@DET,DET,7.0,1B,R,3.86,3.19,0.979,1.006,0.921,13.0,12.4,15.0,600.0,535.0,,-2.6,-1.89,1.46,0,-1.0
2026-09-07,642201,Eli White,Grayson Rodriguez,LAA@BOS,BOS,9.0,CF,R,3.05,3.31,1.037,0.981,1.12,12.9,12.35,,,,,,,,0,
2026-09-07,663647,Ke'Bryan Hayes,Emmet Sheehan,CIN@LAD,CIN,9.0,3B,R,2.61,4.37,1.001,1.024,0.979,12.9,12.35,10.7,950.0,822.0,,1.65,2.83,1.33,0,-1.0
2026-09-07,661388,William Contreras,Matt Boyd,CHC@MIL,MIL,3.0,C,R,2.54,3.41,0.99,1.0,1.069,12.9,12.35,,,,,,,,0,
2026-09-07,807713,Matt Shaw,Robert Gasser,CHC@MIL,CHC,6.0,RF,R,3.0,3.33,0.99,1.0,0.998,12.8,12.3,,,,,,,,0,
2026-09-07,666176,Jo Adell,Trevor Rogers,CLE@BAL,CLE,2.0,DH,R,3.36,2.72,1.006,1.015,0.953,12.8,12.3,,,,,,,,0,
2026-09-07,691023,Jordan Walker,Logan Webb,STL@SF,STL,4.0,RF,R,4.39,2.08,0.988,1.003,0.98,12.5,12.13,13.3,625.0,588.0,,-1.17,-1.66,0.74,0,-1.0
2026-09-07,683002,Gunnar Henderson,Joey Cantillo,CLE@BAL,BAL,5.0,SS,L,3.38,2.67,1.015,1.015,0.982,12.3,12.03,,,,,,,,0,
2026-09-07,701350,Roman Anthony,Grayson Rodriguez,LAA@BOS,BOS,1.0,DH,L,2.28,3.31,1.0,0.981,1.12,12.3,12.03,,,,,,,,0,
2026-09-07,701807,Carson Benge,Eury Pérez,NYM@MIA,NYM,4.0,RF,L,2.86,3.04,1.0,1.0,0.988,12.1,11.92,,,,,,,,0,
2026-09-07,605137,Josh Bell,Troy Melton,MIN@DET,MIN,5.0,DH,L,3.18,2.97,0.999,1.006,0.932,12.0,11.87,14.3,650.0,560.0,,-2.43,-1.46,1.82,0,-1.0
2026-09-07,702332,Caleb Durbin,Grayson Rodriguez,LAA@BOS,BOS,6.0,3B,R,2.43,3.31,1.037,0.981,1.12,12.0,11.87,,,,,,,,0,
2026-09-07,686948,Drake Baldwin,Jesús Luzardo,ATL@PHI,ATL,2.0,C,L,3.93,2.3,1.013,0.998,0.9,11.9,11.81,,,,,,,,0,
2026-09-07,660670,Ronald Acuña,Jesús Luzardo,ATL@PHI,ATL,1.0,DH,R,3.8,2.3,1.0,0.998,0.9,11.7,11.71,,,,,,,,0,
2026-09-07,592885,Christian Yelich,Matt Boyd,CHC@MIL,MIL,5.0,DH,L,2.42,3.41,0.982,1.0,1.069,11.7,11.71,,,,,,,,0,
2026-09-07,543760,Marcus Semien,Eury Pérez,NYM@MIA,NYM,5.0,2B,R,2.94,3.04,0.974,1.0,0.988,11.6,11.65,,,,,,,,0,
2026-09-07,681807,David Fry,Trevor Rogers,CLE@BAL,CLE,5.0,1B,R,3.2,2.72,1.006,1.015,0.953,11.5,11.6,,,,,,,,0,
2026-09-07,683734,Andrew Vaughn,Matt Boyd,CHC@MIL,MIL,4.0,1B,R,2.24,3.41,0.98,1.0,1.069,11.3,11.49,,,,,,,,0,
2026-09-07,671739,Michael Harris,Jesús Luzardo,ATL@PHI,ATL,6.0,CF,L,4.12,2.3,1.006,0.998,0.9,11.2,11.44,,,,,,,,0,
2026-09-07,666182,Bo Bichette,Eury Pérez,NYM@MIA,NYM,3.0,3B,R,2.71,3.04,0.974,1.0,0.988,11.2,11.44,,,,,,,,0,
2026-09-07,668904,Royce Lewis,Troy Melton,MIN@DET,MIN,6.0,1B,R,3.14,2.97,0.979,1.006,0.932,11.2,11.44,15.6,575.0,510.0,,-4.16,-3.37,1.58,0,-1.0
2026-09-07,608348,Carson Kelly,Robert Gasser,CHC@MIL,CHC,7.0,C,R,2.73,3.33,0.98,1.0,0.998,11.1,11.38,,,,,,,,0,
2026-09-07,687093,Vaughn Grissom,Brayan Bello,LAA@BOS,LAA,4.0,3B,R,2.66,2.67,1.0,0.981,1.12,11.0,11.33,,,,,,,,0,
2026-09-07,691783,Jordan Lawlar,Noah Cameron,AZ@KC,AZ,8.0,CF,R,3.61,2.58,1.0,1.0,0.989,11.0,11.33,,,,,,,,0,
2026-09-07,593428,Xander Bogaerts,Jake Irvin,WSH@SD,SD,8.0,SS,R,2.22,3.69,1.007,0.994,1.112,10.9,11.28,11.7,800.0,741.0,,-0.42,0.17,0.78,0,-1.0
2026-09-07,592663,J. T. Realmuto,Grant Holmes,ATL@PHI,PHI,8.0,C,R,2.6,3.31,1.0,0.998,1.06,10.9,11.28,,,,,,,,0,
2026-09-07,690993,Colt Keith,Joe Ryan,MIN@DET,DET,1.0,DH,L,2.44,3.19,0.999,1.006,0.921,10.8,11.22,13.3,700.0,643.0,,-2.08,-1.28,0.96,0,-1.0
2026-09-07,596115,Trevor Story,Grayson Rodriguez,LAA@BOS,BOS,5.0,SS,R,2.04,3.31,1.049,0.981,1.12,10.6,11.12,,,,,,,,0,
2026-09-07,680869,Zack Gelof,Dylan Cease,TOR@ATH,ATH,3.0,3B,R,4.29,1.88,1.006,1.011,0.9,10.5,11.06,14.3,700.0,583.0,,-3.24,-1.44,2.14,0,-1.0
2026-09-07,694208,Moisés Ballesteros,Brayan Bello,LAA@BOS,LAA,5.0,1B,L,2.58,2.67,1.0,0.981,1.12,10.3,10.95,,,,,,,,1,
2026-09-07,805808,Kevin Mcgonigle,Joe Ryan,MIN@DET,DET,2.0,3B,L,2.37,3.19,1.0,1.006,0.921,10.2,10.9,14.3,600.0,550.0,,-3.4,-3.39,1.09,1,6.0
2026-09-07,701785,Kaelen Culpepper,Troy Melton,MIN@DET,MIN,8.0,SS,R,3.01,2.97,1.0,1.006,0.932,10.1,10.85,9.4,1000.0,877.0,,1.45,1.76,1.15,0,-1.0
2026-09-07,645277,Ozzie Albies,Jesús Luzardo,ATL@PHI,ATL,3.0,2B,R,3.37,2.3,1.008,0.998,0.9,10.0,10.79,,,,,,,,0,
2026-09-07,687401,Joey Ortiz,Matt Boyd,CHC@MIL,MIL,9.0,3B,R,2.43,3.41,0.99,1.0,1.069,10.0,10.79,,,,,,,,0,
2026-09-07,694374,Tim Tawa,Noah Cameron,AZ@KC,AZ,7.0,RF,R,3.1,2.58,1.0,1.0,0.989,9.9,10.74,,,,,,,,0,
2026-09-07,676475,Alec Burleson,Logan Webb,STL@SF,STL,3.0,1B,L,3.39,2.08,1.0,1.003,0.98,9.9,10.74,14.3,625.0,588.0,,-3.56,-3.05,0.74,1,6.25
2026-09-07,650402,Gleyber Torres,Joe Ryan,MIN@DET,DET,3.0,2B,R,2.38,3.19,0.979,1.006,0.921,9.8,10.69,10.4,1000.0,900.0,,0.29,1.6,0.91,0,-1.0
2026-09-07,683766,Christian Koss,Michael Mcgreevy,STL@SF,SF,9.0,SS,R,2.39,3.24,0.988,1.003,1.117,9.8,10.69,7.9,1300.0,1191.0,,2.79,3.55,0.61,0,-1.0
2026-09-07,518692,Freddie Freeman,Chase Burns,CIN@LAD,LAD,2.0,1B,L,2.76,2.63,0.996,1.024,0.9,9.7,10.63,15.6,510.0,490.0,,-4.97,-5.76,0.56,0,-1.0
2026-09-07,643396,Isiah Kiner-Falefa,Grayson Rodriguez,LAA@BOS,BOS,8.0,2B,R,2.14,3.31,1.037,0.981,1.12,9.7,10.63,,,,,,,,0,
2026-09-07,681082,Bryson Stott,Grant Holmes,ATL@PHI,PHI,6.0,3B,L,2.08,3.31,1.0,0.998,1.06,9.6,10.58,,,,,,,,0,
2026-09-07,606192,Teoscar Hernández,Chase Burns,CIN@LAD,LAD,5.0,LF,R,2.9,2.63,1.001,1.024,0.9,9.6,10.58,17.1,440.0,434.0,,-6.52,-7.94,0.21,1,4.4
2026-09-07,672515,Gabriel Moreno,Noah Cameron,AZ@KC,AZ,3.0,C,R,2.63,2.58,1.0,1.0,0.989,9.6,10.58,,,,,,,,0,
2026-09-07,663616,Trevor Larnach,Troy Melton,MIN@DET,MIN,7.0,LF,L,2.71,2.97,1.0,1.006,0.932,9.5,10.53,11.7,700.0,681.0,,-1.17,-1.97,0.3,1,7.0
2026-09-07,669003,Garrett Mitchell,Matt Boyd,CHC@MIL,MIL,8.0,CF,L,2.15,3.41,1.0,1.0,1.069,9.5,10.53,,,,,,,,0,
2026-09-07,608070,José Ramírez,Trevor Rogers,CLE@BAL,CLE,3.0,3B,L,2.47,2.72,1.0,1.015,0.953,9.3,10.42,,,,,,,,0,
2026-09-07,806198,Cooper Pratt,Matt Boyd,CHC@MIL,MIL,7.0,SS,R,2.01,3.41,1.0,1.0,1.069,9.2,10.36,,,,,,,,0,
2026-09-07,702616,Jackson Holliday,Joey Cantillo,CLE@BAL,BAL,3.0,2B,L,2.39,2.67,1.015,1.015,0.982,9.2,10.36,,,,,,,,0,
2026-09-07,699393,Pedro Ramírez,Robert Gasser,CHC@MIL,CHC,9.0,2B,L,2.33,3.33,1.0,1.0,0.998,8.9,10.2,,,,,,,,1,
2026-09-07,669357,Nolan Gorman,Logan Webb,STL@SF,STL,6.0,3B,L,3.27,2.08,1.0,1.003,0.98,8.9,10.2,14.3,750.0,638.0,,-4.1,-1.56,1.79,0,-1.0
2026-09-07,669242,Tommy Edman,Chase Burns,CIN@LAD,LAD,3.0,2B,L,2.53,2.63,1.0,1.024,0.9,8.8,10.15,14.2,750.0,645.0,,-4.05,-1.61,1.66,0,-1.0
2026-09-07,694197,Angel Genao,Trevor Rogers,CLE@BAL,CLE,6.0,2B,L,2.49,2.72,1.0,1.015,0.953,8.7,10.1,,,,,,,,0,
2026-09-07,663494,Bryan Torres,Logan Webb,STL@SF,STL,1.0,2B,L,2.8,2.08,1.0,1.003,0.98,8.7,10.1,8.6,1200.0,1038.0,,1.5,2.41,1.1,0,-1.0
2026-09-07,805999,A. J. Ewing,Eury Pérez,NYM@MIA,NYM,6.0,CF,L,2.17,3.04,1.0,1.0,0.988,8.6,10.04,,,,,,,,0,
2026-09-07,657041,Lane Thomas,Jesús Luzardo,ATL@PHI,ATL,5.0,RF,R,2.98,2.3,1.006,0.998,0.9,8.5,9.99,,,,,,,,0,
2026-09-07,595978,Austin Hedges,Trevor Rogers,CLE@BAL,CLE,7.0,C,R,2.54,2.72,1.006,1.015,0.953,8.5,9.99,,,,,,,,0,
2026-09-07,683146,Brett Baty,Eury Pérez,NYM@MIA,NYM,8.0,1B,L,2.33,3.04,0.977,1.0,0.988,8.3,9.88,,,,,,,,0,
2026-09-07,703601,Max Clark,Joe Ryan,MIN@DET,DET,8.0,CF,L,2.25,3.19,1.0,1.006,0.921,8.1,9.77,11.0,900.0,800.0,,-1.23,-0.23,1.11,0,-1.0
2026-09-07,695336,Thomas Saggese,Logan Webb,STL@SF,STL,8.0,SS,R,3.29,2.08,0.993,1.003,0.98,8.1,9.77,8.2,1100.0,1047.0,,1.57,1.44,0.39,0,-1.0
2026-09-07,677587,Brayan Rocchio,Trevor Rogers,CLE@BAL,CLE,9.0,SS,L,2.55,2.72,1.015,1.015,0.953,7.9,9.67,,,,,,,,0,
2026-09-07,671056,Iván Herrera,Logan Webb,STL@SF,STL,2.0,C,R,2.58,2.08,0.988,1.003,0.98,7.7,9.56,9.4,950.0,904.0,,0.16,0.04,0.44,0,-1.0
2026-09-07,663656,Kyle Tucker,Chase Burns,CIN@LAD,LAD,6.0,RF,L,2.32,2.63,0.996,1.024,0.9,7.5,9.45,15.0,540.0,537.0,,-5.55,-6.17,0.08,0,-1.0
2026-09-07,691777,Max Muncy,Dylan Cease,TOR@ATH,ATH,6.0,DH,R,3.26,1.88,1.009,1.011,0.9,7.5,9.45,18.9,400.0,376.0,,-9.45,-10.55,1.01,0,-1.0
2026-09-07,545121,Ildemaro Vargas,Noah Cameron,AZ@KC,AZ,6.0,1B,L,2.22,2.58,1.0,1.0,0.989,7.5,9.45,,,,,,,,0,
2026-09-07,690984,Petey Halpin,Trevor Rogers,CLE@BAL,CLE,8.0,CF,L,2.32,2.72,1.0,1.015,0.953,7.4,9.4,,,,,,,,0,
2026-09-07,663586,Austin Riley,Jesús Luzardo,ATL@PHI,ATL,8.0,3B,R,2.88,2.3,1.002,0.998,0.9,7.3,9.35,,,,,,,,0,
2026-09-07,687637,Dylan Beavers,Joey Cantillo,CLE@BAL,BAL,9.0,LF,L,2.34,2.67,1.0,1.015,0.982,7.2,9.29,,,,,,,,0,
2026-09-07,641680,Jonah Heim,Dylan Cease,TOR@ATH,ATH,9.0,C,L,3.58,1.88,1.009,1.011,0.9,7.1,9.24,12.4,800.0,678.0,,-3.16,-1.87,1.74,0,-1.0
2026-09-07,671732,Lawrence Butler,Dylan Cease,TOR@ATH,ATH,4.0,RF,L,2.85,1.88,1.0,1.011,0.9,7.0,9.19,13.3,650.0,579.0,,-4.11,-4.14,1.4,0,-1.0
2026-09-07,701675,Nathan Church,Logan Webb,STL@SF,STL,9.0,CF,L,2.59,2.08,1.0,1.003,0.98,6.1,8.7,7.9,1100.0,1085.0,,0.8,0.37,0.11,0,-1.0
2026-09-07,666126,Carlos Cortes,Dylan Cease,TOR@ATH,ATH,5.0,LF,L,2.55,1.88,1.009,1.011,0.9,6.1,8.7,12.5,800.0,629.0,,-3.8,-2.41,2.61,0,-1.0
2026-09-07,703607,Henry Bolte,Dylan Cease,TOR@ATH,ATH,1.0,CF,R,2.26,1.88,1.0,1.011,0.9,5.9,8.6,9.4,900.0,865.0,,-0.8,-1.4,0.36,1,9.0
2026-09-07,643289,Mauricio Dubón,Jesús Luzardo,ATL@PHI,ATL,7.0,LF,R,2.2,2.3,1.006,0.998,0.9,5.8,8.54,,,,,,,,0,
2026-09-07,622268,Donovan Walton,Dylan Cease,TOR@ATH,ATH,7.0,2B,L,2.61,1.88,1.0,1.011,0.9,5.7,8.49,11.0,1000.0,794.0,,-2.51,-0.6,2.1,0,-1.0
2026-09-07,675961,Alika Williams,Dylan Cease,TOR@ATH,ATH,8.0,SS,R,2.46,1.88,1.0,1.011,0.9,5.2,8.22,8.3,1200.0,1065.0,,-0.08,0.53,0.89,0,-1.0
2026-09-07,643446,Jeff Mcneil,Dylan Cease,TOR@ATH,ATH,2.0,1B,L,2.02,1.88,1.0,1.011,0.9,5.1,8.17,9.4,1000.0,882.0,,-1.23,-0.92,1.09,0,-1.0
2026-09-08,700250,Ben Rice,Gabriel Hughes,COL@NYY,NYY,1.0,DH,L,5.6,2.5,1.011,1.016,0.942,19.5,15.89,23.2,300.0,287.0,,-7.31,-9.11,0.84,0,-1.0
2026-09-08,656941,Kyle Schwarber,Hayden Wesneski,HOU@PHI,PHI,1.0,DH,L,6.31,2.12,1.006,1.032,0.968,19.3,15.78,27.2,245.0,231.0,,-11.42,-13.21,1.22,0,-1.0
2026-09-08,670541,Yordan Álvarez,Andrew Painter,HOU@PHI,HOU,2.0,DH,L,5.6,3.55,1.002,1.032,1.018,18.8,15.51,27.2,250.0,240.0,,-11.69,-13.06,0.84,0,-1.0
2026-09-08,681715,Heriberto Hernandez,Sean Manaea,NYM@MIA,MIA,1.0,LF,R,5.06,3.58,0.974,1.0,1.083,18.6,15.41,21.7,350.0,328.0,,-6.29,-6.81,1.14,0,-1.0
2026-09-08,696100,Hunter Goodman,Cam Schlittler,COL@NYY,COL,4.0,C,R,6.29,2.36,0.998,1.016,0.9,18.5,15.35,17.1,450.0,420.0,,-1.75,-2.83,1.05,1,4.5
2026-09-08,691718,Pete Crow-Armstrong,Jacob Misiorowski,CHC@MIL,CHC,1.0,CF,L,5.8,2.49,0.982,1.0,0.9,18.5,15.35,17.9,460.0,418.0,,-2.55,-2.51,1.45,0,-1.0
2026-09-08,695578,James Wood,Casey Mize,WSH@SD,WSH,1.0,RF,L,4.94,2.84,1.002,0.995,0.915,18.5,15.35,23.2,305.0,294.0,,-7.85,-9.34,0.69,0,-1.0
2026-09-08,699013,Esmerlyn Valdez,Sean Burke,PIT@CWS,PIT,5.0,RF,R,4.96,2.85,1.004,1.038,0.941,18.2,15.19,17.9,410.0,412.0,,-2.71,-4.42,-0.08,0,-1.0
2026-09-08,592450,Aaron Judge,Gabriel Hughes,COL@NYY,NYY,3.0,RF,R,5.49,2.5,0.998,1.016,0.942,18.1,15.14,25.8,260.0,237.0,,-10.66,-12.64,1.89,0,-1.0
2026-09-08,664040,Brandon Lowe,Sean Burke,PIT@CWS,PIT,2.0,2B,L,4.61,2.85,0.997,1.038,0.941,18.0,15.08,20.5,375.0,347.0,,-5.42,-5.97,1.32,0,-1.0
2026-09-08,605141,Mookie Betts,Nick Lodolo,CIN@LAD,LAD,2.0,SS,R,3.78,3.84,1.001,1.0,1.12,18.0,15.08,18.8,420.0,397.0,,-3.72,-4.15,0.89,0,-1.0
2026-09-08,621566,Matt Olson,Freddy Peralta,TB@ATL,ATL,3.0,1B,L,5.46,3.47,1.009,1.017,0.968,17.9,15.03,21.9,350.0,324.0,,-6.87,-7.19,1.36,0,-1.0
2026-09-08,808959,Munetaka Murakami,Bubba Chandler,PIT@CWS,CWS,3.0,1B,L,5.66,2.23,0.997,1.038,0.994,17.9,15.03,23.2,310.0,297.0,,-8.17,-9.36,0.8,0,-1.0
2026-09-08,665161,Jeremy Peña,Andrew Painter,HOU@PHI,HOU,1.0,SS,R,3.91,3.55,1.008,1.032,1.018,17.7,14.92,14.8,625.0,558.0,,0.12,1.13,1.41,0,-1.0
2026-09-08,671277,Luis García,Gabriel Hughes,COL@NYY,NYY,4.0,1B,L,5.22,2.5,1.024,1.016,0.942,17.6,14.87,,,,,,,,0,
2026-09-08,805808,Kevin Mcgonigle,Dean Kremer,MIN@DET,DET,1.0,SS,L,2.49,4.53,0.999,1.027,1.047,17.6,14.87,15.0,650.0,571.0,,-0.13,1.54,1.57,1,6.5
2026-09-08,624413,Pete Alonso,Tanner Bibee,CLE@BAL,BAL,2.0,1B,R,4.89,3.66,1.015,1.028,1.013,17.6,14.87,23.2,310.0,296.0,,-8.33,-9.52,0.86,1,3.1
2026-09-08,682985,Riley Greene,Dean Kremer,MIN@DET,DET,4.0,DH,L,3.53,4.53,0.983,1.027,1.047,17.5,14.82,19.7,550.0,430.0,,-4.88,-0.56,3.49,0,-1.0
2026-09-08,606192,Teoscar Hernández,Nick Lodolo,CIN@LAD,LAD,5.0,RF,R,3.07,3.84,1.001,1.0,1.12,17.2,14.65,22.2,340.0,317.0,,-7.55,-8.08,1.25,0,-1.0
2026-09-08,665019,Kody Clemens,Drew Anderson,MIN@DET,MIN,3.0,2B,L,4.36,3.22,0.999,1.027,0.958,17.2,14.65,17.1,510.0,483.0,,-2.45,-1.74,0.76,1,5.1
2026-09-08,687263,Zach Neto,Patrick Sandoval,LAA@BOS,LAA,1.0,SS,R,3.59,2.79,1.037,1.02,1.107,17.1,14.6,17.4,500.0,434.0,,-2.8,-2.07,2.06,1,5.0
2026-09-08,691723,Coby Mayo,Tanner Bibee,CLE@BAL,BAL,4.0,DH,R,4.88,3.66,1.006,1.028,1.013,17.0,14.55,19.7,390.0,370.0,,-5.15,-5.86,0.87,0,-1.0
2026-09-08,671739,Michael Harris,Freddy Peralta,TB@ATL,ATL,1.0,CF,L,4.1,3.47,1.009,1.017,0.968,17.0,14.55,,,,,,,,0,
2026-09-08,669257,Will Smith,Nick Lodolo,CIN@LAD,LAD,3.0,C,R,2.81,3.84,1.001,1.0,1.12,16.8,14.44,19.7,380.0,361.0,,-5.26,-6.39,0.86,1,3.8
2026-09-08,682928,Cj Abrams,Casey Mize,WSH@SD,WSH,4.0,SS,L,4.71,2.84,1.002,0.995,0.915,16.8,14.44,16.4,510.0,472.0,,-1.96,-1.95,1.09,0,-1.0
2026-09-08,665833,Oneil Cruz,Sean Burke,PIT@CWS,PIT,4.0,CF,L,4.35,2.85,0.997,1.038,0.941,16.7,14.39,20.8,380.0,353.0,,-6.41,-6.44,1.25,0,-1.0
2026-09-08,686527,Dominic Canzone,Cal Quantrill,TEX@SEA,SEA,2.0,RF,L,4.3,2.86,1.0,1.0,0.957,16.7,14.39,15.3,525.0,496.0,,-0.91,-1.61,0.78,0,-1.0
2026-09-08,683002,Gunnar Henderson,Tanner Bibee,CLE@BAL,BAL,3.0,SS,L,3.35,3.66,1.015,1.028,1.013,16.5,14.28,17.9,480.0,428.0,,-3.62,-2.96,1.7,0,-1.0
2026-09-08,665742,Juan Soto,Sandy Alcántara,NYM@MIA,NYM,2.0,LF,L,5.16,2.45,0.977,1.0,0.941,16.5,14.28,21.9,350.0,323.0,,-7.62,-7.94,1.42,1,3.5
2026-09-08,690993,Colt Keith,Dean Kremer,MIN@DET,DET,3.0,1B,L,2.43,4.53,0.999,1.027,1.047,16.4,14.23,15.4,625.0,519.0,,-1.17,0.44,2.37,0,-1.0
2026-09-08,545361,Mike Trout,Patrick Sandoval,LAA@BOS,LAA,2.0,CF,R,3.48,2.79,1.037,1.02,1.107,16.2,14.12,15.6,525.0,497.0,,-1.48,-1.88,0.75,0,-1.0
2026-09-08,518692,Freddie Freeman,Nick Lodolo,CIN@LAD,LAD,4.0,DH,L,2.74,3.84,0.996,1.0,1.12,16.2,14.12,13.3,625.0,590.0,,0.82,0.33,0.7,0,-1.0
2026-09-08,663728,Cal Raleigh,Cal Quantrill,TEX@SEA,SEA,4.0,C,R,4.28,2.86,1.002,1.0,0.957,16.2,14.12,25.5,280.0,268.0,,-11.38,-12.2,0.85,0,-1.0
2026-09-08,804668,Rafael Flores,Sean Burke,PIT@CWS,PIT,7.0,C,R,4.72,2.85,1.004,1.038,0.941,16.1,14.06,16.2,525.0,490.0,,-2.14,-1.94,0.95,1,5.25
2026-09-08,686797,Brooks Lee,Drew Anderson,MIN@DET,MIN,2.0,3B,R,3.93,3.22,0.979,1.027,0.958,16.1,14.06,11.7,900.0,770.0,,2.36,4.06,1.49,0,-1.0
2026-09-08,663993,Nathaniel Lowe,Brandon Young,CLE@BAL,CLE,5.0,1B,L,3.88,3.2,0.999,1.028,1.017,16.1,14.06,15.6,575.0,531.0,,-1.54,-0.75,1.04,0,-1.0
2026-09-08,650402,Gleyber Torres,Dean Kremer,MIN@DET,DET,2.0,2B,R,2.36,4.53,0.979,1.027,1.047,16.0,14.01,10.4,950.0,851.0,,3.61,4.49,1.0,0,-1.0
2026-09-08,694212,Samuel Basallo,Tanner Bibee,CLE@BAL,BAL,5.0,C,L,4.23,3.66,0.999,1.028,1.013,16.0,14.01,19.7,420.0,384.0,,-5.69,-5.22,1.43,0,-1.0
2026-09-08,701678,Hao-Yu Lee,Dean Kremer,MIN@DET,DET,8.0,3B,R,2.84,4.53,0.979,1.027,1.047,15.9,13.96,11.7,950.0,786.0,,2.26,4.44,1.77,0,-1.0
2026-09-08,670623,Isaac Paredes,Andrew Painter,HOU@PHI,HOU,3.0,3B,R,3.07,3.55,1.008,1.032,1.018,15.9,13.96,15.0,575.0,552.0,,-1.04,-0.85,0.53,0,-1.0
2026-09-08,606466,Ketel Marte,Michael Wacha,AZ@KC,AZ,2.0,2B,R,3.85,3.31,1.0,1.0,0.97,15.9,13.96,19.9,375.0,356.0,,-5.94,-7.09,0.88,0,-1.0
2026-09-08,660670,Ronald Acuña,Freddy Peralta,TB@ATL,ATL,2.0,RF,R,3.77,3.47,0.991,1.017,0.968,15.8,13.9,,,,,,,,0,
2026-09-08,680777,Ryan Jeffers,Drew Anderson,MIN@DET,MIN,4.0,C,R,3.99,3.22,0.979,1.027,0.958,15.8,13.9,15.0,650.0,581.0,,-1.1,0.57,1.35,0,-1.0
2026-09-08,514888,José Altuve,Andrew Painter,HOU@PHI,HOU,4.0,2B,R,3.02,3.55,1.008,1.032,1.018,15.7,13.85,13.0,700.0,669.0,,0.85,1.35,0.5,0,-1.0
2026-09-08,694192,Jackson Chourio,David Peterson,CHC@MIL,MIL,1.0,LF,R,3.97,2.53,0.99,1.0,1.079,15.7,13.85,16.4,510.0,476.0,,-2.55,-2.54,0.97,1,5.1
2026-09-08,669242,Tommy Edman,Nick Lodolo,CIN@LAD,LAD,1.0,CF,L,2.51,3.84,0.996,1.0,1.12,15.7,13.85,16.4,550.0,500.0,,-2.55,-1.53,1.29,0,-1.0
2026-09-08,686948,Drake Baldwin,Freddy Peralta,TB@ATL,ATL,4.0,DH,L,3.91,3.47,1.0,1.017,0.968,15.7,13.85,17.1,500.0,455.0,,-3.25,-2.82,1.35,0,-1.0
2026-09-08,695657,Colson Montgomery,Bubba Chandler,PIT@CWS,CWS,5.0,SS,L,5.0,2.23,1.009,1.038,0.994,15.5,13.74,21.1,350.0,329.0,,-7.36,-8.48,1.09,0,-1.0
2026-09-08,673237,Yainer Diaz,Andrew Painter,HOU@PHI,HOU,6.0,C,R,3.56,3.55,1.006,1.032,1.018,15.3,13.64,13.3,750.0,635.0,,0.34,1.88,1.85,0,-1.0
2026-09-08,682657,Angel Martínez,Brandon Young,CLE@BAL,CLE,6.0,RF,L,3.64,3.2,1.022,1.028,1.017,15.3,13.64,14.3,700.0,631.0,,-0.66,1.14,1.18,0,-1.0
2026-09-08,642350,José Siri,Patrick Sandoval,LAA@BOS,LAA,3.0,RF,R,3.35,2.79,1.037,1.02,1.107,15.3,13.64,14.3,575.0,564.0,,-0.66,-1.17,0.25,0,-1.0
2026-09-08,666176,Jo Adell,Brandon Young,CLE@BAL,CLE,4.0,DH,R,3.34,3.2,1.006,1.028,1.017,15.2,13.58,17.9,475.0,425.0,,-4.32,-3.81,1.66,0,-1.0
2026-09-08,572233,Christian Walker,Andrew Painter,HOU@PHI,HOU,7.0,1B,R,4.02,3.55,1.008,1.032,1.018,15.1,13.53,16.2,540.0,497.0,,-2.67,-2.09,1.13,1,5.4
2026-09-08,666160,Mickey Moniak,Cam Schlittler,COL@NYY,COL,5.0,DH,L,5.03,2.36,1.024,1.016,0.9,14.9,13.42,17.9,460.0,450.0,,-4.48,-4.44,0.32,0,-1.0
2026-09-08,678246,Miguel Vargas,Bubba Chandler,PIT@CWS,CWS,2.0,3B,R,4.53,2.23,1.004,1.038,0.994,14.9,13.42,17.9,425.0,405.0,,-4.48,-5.63,0.75,0,-1.0
2026-09-08,664034,Ty France,Riley Cornelio,WSH@SD,SD,4.0,1B,R,4.25,2.53,0.999,0.995,0.998,14.8,13.37,14.5,550.0,533.0,,-1.13,-2.01,0.42,0,-1.0
2026-09-08,571970,Max Muncy,Nick Lodolo,CIN@LAD,LAD,8.0,3B,L,4.82,3.84,1.001,1.0,1.12,14.8,13.37,15.6,500.0,445.0,,-2.23,-3.3,1.68,0,-1.0
2026-09-08,571448,Nolan Arenado,Michael Wacha,AZ@KC,AZ,6.0,3B,R,3.95,3.31,1.0,1.0,0.97,14.7,13.31,15.6,500.0,505.0,,-2.29,-3.36,-0.14,0,-1.0
2026-09-08,665923,Esteury Ruiz,Sean Manaea,NYM@MIA,MIA,5.0,RF,R,2.91,3.58,0.974,1.0,1.083,14.7,13.31,10.4,850.0,824.0,,2.91,2.78,0.29,0,-1.0
2026-09-08,592518,Manny Machado,Riley Cornelio,WSH@SD,SD,3.0,3B,R,4.12,2.53,1.007,0.995,0.998,14.6,13.26,17.2,475.0,445.0,,-3.94,-4.13,0.96,0,-1.0
2026-09-08,668227,Randy Arozarena,Cal Quantrill,TEX@SEA,SEA,1.0,LF,R,3.61,2.86,1.0,1.0,0.957,14.5,13.21,17.6,500.0,416.0,,-4.39,-3.46,2.71,0,-1.0
2026-09-08,680869,Zack Gelof,José Soriano,TOR@ATH,ATH,3.0,3B,R,4.25,2.3,1.006,1.009,1.033,14.4,13.15,15.0,525.0,510.0,,-1.85,-2.85,0.39,0,-1.0
2026-09-08,681297,Colton Cowser,Tanner Bibee,CLE@BAL,BAL,8.0,CF,L,3.55,3.66,1.015,1.028,1.013,14.2,13.05,15.6,525.0,496.0,,-2.55,-2.95,0.78,0,-1.0
2026-09-08,646240,Rafael Devers,Quinn Mathews,STL@SF,SF,2.0,1B,L,5.25,2.11,0.993,1.0,0.9,14.2,13.05,17.2,500.0,443.0,,-4.15,-3.62,1.75,0,-1.0
2026-09-08,596142,Gary Sánchez,David Peterson,CHC@MIL,MIL,5.0,DH,R,3.94,2.53,0.974,1.0,1.079,14.1,12.99,16.0,500.0,495.0,,-3.01,-3.68,0.14,0,-1.0
2026-09-08,694673,Abimelec Ortiz,Casey Mize,WSH@SD,WSH,2.0,DH,L,3.75,2.84,1.002,0.995,0.915,14.0,12.94,13.3,625.0,595.0,,-0.36,-0.85,0.6,0,-1.0
2026-09-08,680664,Eduardo Valencia,Dean Kremer,MIN@DET,DET,5.0,C,R,4.56,4.53,0.979,1.027,1.047,13.8,12.83,14.2,550.0,543.0,,-1.37,-2.55,0.17,0,-1.0
2026-09-08,645277,Ozzie Albies,Freddy Peralta,TB@ATL,ATL,6.0,2B,R,3.35,3.47,0.991,1.017,0.968,13.8,12.83,14.0,700.0,635.0,,-1.17,0.33,1.11,0,-1.0
2026-09-08,702616,Jackson Holliday,Tanner Bibee,CLE@BAL,BAL,1.0,2B,L,2.37,3.66,1.015,1.028,1.013,13.5,12.67,14.3,650.0,599.0,,-1.63,-0.66,0.98,0,-1.0
2026-09-08,605137,Josh Bell,Drew Anderson,MIN@DET,MIN,5.0,DH,L,3.16,3.22,0.999,1.027,0.958,13.3,12.56,15.0,650.0,580.0,,-2.44,-0.77,1.38,0,-1.0
2026-09-08,677800,Wilyer Abreu,Reid Detmers,LAA@BOS,BOS,3.0,RF,L,3.61,2.69,1.059,1.02,0.9,13.3,12.56,16.4,500.0,471.0,,-3.84,-4.11,0.84,0,-1.0
2026-09-08,703601,Max Clark,Dean Kremer,MIN@DET,DET,7.0,CF,L,2.21,4.53,0.999,1.027,1.047,13.3,12.56,10.3,1150.0,962.0,,2.26,4.56,1.42,0,-1.0
2026-09-08,701358,Cam Smith,Andrew Painter,HOU@PHI,HOU,9.0,RF,R,3.32,3.55,1.008,1.032,1.018,13.1,12.46,14.3,600.0,591.0,,-1.84,-1.83,0.18,1,6.0
2026-09-08,596019,Francisco Lindor,Sandy Alcántara,NYM@MIA,NYM,1.0,SS,L,3.92,2.45,0.977,1.0,0.941,13.1,12.46,18.0,475.0,417.0,,-5.54,-4.93,1.95,1,4.75
2026-09-08,666211,Taylor Trammell,Andrew Painter,HOU@PHI,HOU,8.0,LF,L,2.9,3.55,1.013,1.032,1.018,13.0,12.4,12.6,700.0,620.0,,-0.2,-0.1,1.39,0,-1.0
2026-09-08,673548,Seiya Suzuki,Jacob Misiorowski,CHC@MIL,CHC,2.0,RF,R,4.04,2.49,0.99,1.0,0.9,13.0,12.4,14.3,600.0,573.0,,-1.9,-1.89,0.57,0,-1.0
2026-09-08,677594,Julio Rodríguez,Cal Quantrill,TEX@SEA,SEA,3.0,CF,R,3.37,2.86,1.002,1.0,0.957,13.0,12.4,16.9,475.0,442.0,,-4.5,-4.99,1.06,0,-1.0
2026-09-08,668904,Royce Lewis,Drew Anderson,MIN@DET,MIN,6.0,1B,R,3.12,3.22,0.979,1.027,0.958,12.5,12.13,16.4,525.0,476.0,,-4.27,-3.87,1.36,0,-1.0
2026-09-08,547180,Bryce Harper,Hayden Wesneski,HOU@PHI,PHI,3.0,RF,L,4.17,2.12,1.006,1.032,0.968,12.5,12.13,19.7,425.0,382.0,,-7.57,-6.92,1.7,0,-1.0
2026-09-08,694208,Moisés Ballesteros,Patrick Sandoval,LAA@BOS,LAA,5.0,DH,L,2.79,2.79,1.044,1.02,1.107,12.4,12.08,9.9,1000.0,893.0,,2.18,2.99,0.98,0,-1.0
2026-09-08,701538,Jackson Merrill,Riley Cornelio,WSH@SD,SD,5.0,CF,L,3.59,2.53,1.002,0.995,0.998,12.2,11.97,17.6,500.0,443.0,,-5.63,-4.7,1.75,0,-1.0
2026-09-08,663586,Austin Riley,Freddy Peralta,TB@ATL,ATL,7.0,3B,R,2.87,3.47,1.004,1.017,0.968,12.2,11.97,16.4,500.0,484.0,,-4.43,-4.7,0.45,0,-1.0
2026-09-08,687093,Vaughn Grissom,Patrick Sandoval,LAA@BOS,LAA,4.0,1B,R,2.64,2.79,1.037,1.02,1.107,12.1,11.92,9.4,950.0,916.0,,2.52,2.4,0.32,0,-1.0
2026-09-08,682987,Spencer Jones,Gabriel Hughes,COL@NYY,NYY,5.0,CF,L,3.67,2.5,1.011,1.016,0.942,12.0,11.87,19.8,375.0,367.0,,-7.93,-9.18,0.36,0,-1.0
2026-09-08,665487,Fernando Tatís,Riley Cornelio,WSH@SD,SD,1.0,RF,R,3.17,2.53,1.007,0.995,0.998,11.9,11.81,,,,,,,,0,
2026-09-08,663330,Jahmai Jones,Reid Detmers,LAA@BOS,BOS,2.0,DH,R,3.22,2.69,1.037,1.02,0.9,11.9,11.81,16.9,475.0,439.0,,-5.09,-5.58,1.16,0,-1.0
2026-09-08,672515,Gabriel Moreno,Michael Wacha,AZ@KC,AZ,3.0,C,R,2.61,3.31,1.0,1.0,0.97,11.9,11.81,14.7,575.0,560.0,,-2.89,-3.0,0.34,0,-1.0
2026-09-08,683953,Travis Bazzana,Brandon Young,CLE@BAL,CLE,2.0,2B,L,2.39,3.2,1.015,1.028,1.017,11.8,11.76,13.3,700.0,654.0,,-1.54,-0.74,0.76,1,7.0
2026-09-08,663457,Lars Nootbaar,Michael Wacha,AZ@KC,AZ,1.0,DH,L,2.46,3.31,1.0,1.0,0.97,11.8,11.76,16.8,500.0,465.0,,-5.04,-4.91,1.03,0,-1.0
2026-09-08,694371,Tommy Troy,Michael Wacha,AZ@KC,AZ,7.0,CF,R,2.95,3.31,1.0,1.0,0.97,11.8,11.76,10.8,700.0,736.0,,0.96,-0.74,-0.54,0,-1.0
2026-09-08,672275,Patrick Bailey,Brandon Young,CLE@BAL,CLE,7.0,C,L,2.77,3.2,1.022,1.028,1.017,11.8,11.76,13.3,850.0,707.0,,-1.54,1.23,1.86,0,-1.0
2026-09-08,608070,José Ramírez,Brandon Young,CLE@BAL,CLE,3.0,3B,L,2.46,3.2,1.015,1.028,1.017,11.8,11.76,16.4,500.0,477.0,,-4.64,-4.91,0.66,0,-1.0
2026-09-08,687637,Dylan Beavers,Tanner Bibee,CLE@BAL,BAL,6.0,LF,L,2.32,3.66,1.015,1.028,1.013,11.7,11.71,14.3,575.0,549.0,,-2.59,-3.1,0.6,0,-1.0
2026-09-08,694374,Tim Tawa,Michael Wacha,AZ@KC,AZ,8.0,1B,R,3.08,3.31,1.0,1.0,0.97,11.7,11.71,15.6,500.0,501.0,,-3.89,-4.96,-0.03,1,5.0
2026-09-08,691594,Javier Sanoja,Sean Manaea,NYM@MIA,MIA,4.0,3B,R,2.16,3.58,0.974,1.0,1.083,11.5,11.6,10.4,900.0,799.0,,1.2,1.6,1.12,0,-1.0
2026-09-08,662139,Daulton Varsho,Andrew Painter,HOU@PHI,HOU,5.0,CF,L,2.25,3.55,1.013,1.032,1.018,11.5,11.6,15.6,550.0,528.0,,-4.0,-3.78,0.54,1,5.5
2026-09-08,663616,Trevor Larnach,Drew Anderson,MIN@DET,MIN,7.0,LF,L,2.88,3.22,0.999,1.027,0.958,11.4,11.54,9.4,1000.0,905.0,,2.14,2.45,0.86,0,-1.0
2026-09-08,621438,Tyrone Taylor,Jacob Misiorowski,CHC@MIL,CHC,8.0,DH,R,4.3,2.49,0.99,1.0,0.9,11.4,11.54,10.2,900.0,813.0,,1.34,1.54,0.95,0,-1.0
2026-09-08,665862,Jazz Chisholm,Gabriel Hughes,COL@NYY,NYY,6.0,2B,L,3.57,2.5,1.011,1.016,0.942,11.3,11.49,,,,,,,,0,
2026-09-08,691781,Brady House,Casey Mize,WSH@SD,WSH,5.0,3B,R,3.18,2.84,1.007,0.995,0.915,11.3,11.49,13.3,650.0,621.0,,-1.81,-1.84,0.54,0,-1.0
2026-09-08,608324,Alex Bregman,Jacob Misiorowski,CHC@MIL,CHC,3.0,3B,R,3.59,2.49,0.982,1.0,0.9,11.2,11.44,11.7,850.0,798.0,,-0.26,0.91,0.61,0,-1.0
2026-09-08,669134,Luis Campusano,Riley Cornelio,WSH@SD,SD,6.0,DH,R,3.36,2.53,1.007,0.995,0.998,11.2,11.44,14.3,575.0,554.0,,-2.86,-3.37,0.48,0,-1.0
2026-09-08,695734,Daylen Lile,Casey Mize,WSH@SD,WSH,6.0,LF,L,3.29,2.84,1.007,0.995,0.915,11.2,11.44,15.6,525.0,494.0,,-4.16,-4.56,0.84,0,-1.0
2026-09-08,664023,Ian Happ,Jacob Misiorowski,CHC@MIL,CHC,6.0,LF,R,3.8,2.49,0.99,1.0,0.9,11.1,11.38,11.7,800.0,721.0,,-0.32,0.27,1.07,0,-1.0
2026-09-08,701785,Kaelen Culpepper,Drew Anderson,MIN@DET,MIN,8.0,SS,R,2.96,3.22,0.979,1.027,0.958,11.0,11.33,9.4,1100.0,968.0,,1.93,3.0,1.03,0,-1.0
2026-09-08,573262,Mike Yastrzemski,Freddy Peralta,TB@ATL,ATL,8.0,LF,L,2.65,3.47,1.009,1.017,0.968,11.0,11.33,11.0,800.0,694.0,,0.33,0.22,1.48,0,-1.0
2026-09-08,686611,Dylan Crews,Casey Mize,WSH@SD,WSH,3.0,CF,R,2.93,2.84,1.007,0.995,0.915,10.9,11.28,15.0,525.0,521.0,,-3.72,-4.72,0.1,0,-1.0
2026-09-08,668930,Brice Turang,David Peterson,CHC@MIL,MIL,2.0,2B,L,2.82,2.53,0.97,1.0,1.079,10.9,11.28,8.6,1100.0,1017.0,,2.68,2.95,0.62,0,-1.0
2026-09-08,682663,Agustín Ramírez,Sean Manaea,NYM@MIA,MIA,3.0,DH,R,2.04,3.58,0.97,1.0,1.083,10.9,11.28,15.0,575.0,537.0,,-3.72,-3.53,0.89,0,-1.0
2026-09-08,694203,Denzer Guzman,Patrick Sandoval,LAA@BOS,LAA,8.0,3B,R,2.72,2.79,1.037,1.02,1.107,10.7,11.17,8.6,1000.0,908.0,,2.57,2.08,0.83,0,-1.0
2026-09-08,643217,Andrew Benintendi,Bubba Chandler,PIT@CWS,CWS,4.0,DH,L,3.22,2.23,0.999,1.038,0.994,10.5,11.06,16.4,500.0,476.0,,-5.34,-5.61,0.69,0,-1.0
2026-09-08,668804,Bryan Reynolds,Sean Burke,PIT@CWS,PIT,3.0,DH,R,2.62,2.85,1.004,1.038,0.941,10.4,11.01,17.1,500.0,479.0,,-6.09,-5.66,0.6,0,-1.0
2026-09-08,643289,Mauricio Dubón,Freddy Peralta,TB@ATL,ATL,5.0,SS,R,2.19,3.47,1.009,1.017,0.968,10.3,10.95,9.4,1200.0,1030.0,,1.55,3.26,1.16,0,-1.0
2026-09-08,677587,Brayan Rocchio,Brandon Young,CLE@BAL,CLE,9.0,SS,L,2.54,3.2,1.015,1.028,1.017,9.9,10.74,10.4,950.0,857.0,,0.34,1.22,0.93,0,-1.0
2026-09-08,813841,Jonah Cox,Quinn Mathews,STL@SF,SF,1.0,CF,R,3.53,2.11,0.988,1.0,0.9,9.9,10.74,8.9,1000.0,934.0,,1.84,1.65,0.58,0,-1.0
2026-09-08,694378,Jacob Gonzalez,Sean Burke,PIT@CWS,PIT,8.0,3B,L,2.95,2.85,0.997,1.038,0.941,9.9,10.74,11.7,800.0,718.0,,-0.96,-0.37,1.11,0,-1.0
2026-09-08,695681,Christian Moore,Patrick Sandoval,LAA@BOS,LAA,6.0,2B,R,2.28,2.79,1.037,1.02,1.107,9.8,10.69,10.4,800.0,777.0,,0.29,-0.42,0.29,0,-1.0
2026-09-08,641680,Jonah Heim,José Soriano,TOR@ATH,ATH,9.0,C,L,3.54,2.3,1.009,1.009,1.033,9.8,10.69,11.7,800.0,697.0,,-1.01,-0.42,1.44,0,-1.0
2026-09-08,682626,Francisco Álvarez,Sandy Alcántara,NYM@MIA,NYM,9.0,C,R,3.79,2.45,0.977,1.0,0.941,9.8,10.69,14.4,575.0,552.0,,-3.71,-4.12,0.53,0,-1.0
2026-09-08,702284,Cole Young,Cal Quantrill,TEX@SEA,SEA,7.0,2B,L,2.82,2.86,1.0,1.0,0.957,9.7,10.63,11.7,800.0,724.0,,-1.07,-0.48,1.03,0,-1.0
2026-09-08,678545,Osleivis Basabe,Quinn Mathews,STL@SF,SF,4.0,2B,R,3.62,2.11,0.988,1.0,0.9,9.7,10.63,9.4,1050.0,945.0,,1.23,1.93,0.87,0,-1.0
2026-09-08,671732,Lawrence Butler,José Soriano,TOR@ATH,ATH,4.0,RF,L,2.83,2.3,1.009,1.009,1.033,9.7,10.63,12.4,700.0,636.0,,-1.77,-1.87,1.09,0,-1.0
2026-09-08,661388,William Contreras,David Peterson,CHC@MIL,MIL,4.0,C,R,2.53,2.53,0.99,1.0,1.079,9.7,10.63,13.3,800.0,690.0,,-2.67,-0.48,1.55,0,-1.0
2026-09-08,804606,Konnor Griffin,Sean Burke,PIT@CWS,PIT,1.0,SS,R,2.28,2.85,1.004,1.038,0.941,9.6,10.58,14.3,600.0,567.0,,-3.72,-3.71,0.7,0,-1.0
2026-09-08,641487,J. P. Crawford,Cal Quantrill,TEX@SEA,SEA,5.0,SS,L,2.57,2.86,1.0,1.0,0.957,9.6,10.58,,,,,,,,0,
2026-09-08,664983,Jake Mccarthy,Cam Schlittler,COL@NYY,COL,1.0,LF,L,2.93,2.36,1.011,1.016,0.9,9.6,10.58,9.9,900.0,856.0,,0.68,0.58,0.46,0,-1.0
2026-09-08,687462,Spencer Horwitz,Sean Burke,PIT@CWS,PIT,6.0,1B,L,2.59,2.85,0.997,1.038,0.941,9.5,10.53,13.5,600.0,570.0,,-2.97,-3.76,0.64,0,-1.0
2026-09-08,690984,Petey Halpin,Brandon Young,CLE@BAL,CLE,8.0,CF,L,2.3,3.2,1.015,1.028,1.017,9.4,10.47,10.4,850.0,815.0,,0.07,-0.06,0.4,0,-1.0
2026-09-08,805811,Bryce Eldridge,Quinn Mathews,STL@SF,SF,3.0,DH,L,3.5,2.11,0.993,1.0,0.9,9.4,10.47,13.8,600.0,561.0,,-3.33,-3.82,0.84,1,6.0
2026-09-08,642201,Eli White,Reid Detmers,LAA@BOS,BOS,8.0,CF,R,3.01,2.69,1.037,1.02,0.9,9.3,10.42,10.4,800.0,775.0,,0.02,-0.69,0.32,0,-1.0
2026-09-08,695670,Harry Ford,Casey Mize,WSH@SD,WSH,9.0,C,R,3.08,2.84,1.007,0.995,0.915,9.2,10.36,10.4,800.0,800.0,,-0.04,-0.75,0.0,0,-1.0
2026-09-08,641857,Ryan Mcmahon,Gabriel Hughes,COL@NYY,NYY,8.0,3B,L,3.12,2.5,1.011,1.016,0.942,9.1,10.31,15.0,525.0,512.0,,-4.69,-5.69,0.34,0,-1.0
2026-09-08,641355,Cody Bellinger,Gabriel Hughes,COL@NYY,NYY,2.0,LF,L,2.56,2.5,1.011,1.016,0.942,9.1,10.31,16.4,475.0,448.0,,-6.09,-7.08,0.86,0,-1.0
2026-09-08,665750,Leody Taveras,Tanner Bibee,CLE@BAL,BAL,9.0,RF,L,2.06,3.66,1.015,1.028,1.013,9.1,10.31,11.0,800.0,732.0,,-0.69,-0.8,0.91,0,-1.0
2026-09-08,701807,Carson Benge,Sandy Alcántara,NYM@MIA,NYM,4.0,RF,L,2.84,2.45,0.977,1.0,0.941,9.1,10.31,11.7,800.0,732.0,,-1.39,-0.8,0.91,0,-1.0
2026-09-08,683737,Michael Busch,Jacob Misiorowski,CHC@MIL,CHC,4.0,1B,L,2.85,2.49,0.982,1.0,0.9,8.9,10.2,13.3,700.0,655.0,,-3.1,-2.3,0.75,0,-1.0
2026-09-08,607208,Trea Turner,Hayden Wesneski,HOU@PHI,PHI,2.0,SS,R,2.79,2.12,1.008,1.032,0.968,8.8,10.15,15.0,540.0,539.0,,-4.85,-5.47,0.03,1,5.4
2026-09-08,703607,Henry Bolte,José Soriano,TOR@ATH,ATH,1.0,CF,R,2.43,2.3,1.006,1.009,1.033,8.8,10.15,9.4,1000.0,908.0,,0.75,1.06,0.83,0,-1.0
2026-09-08,701350,Roman Anthony,Reid Detmers,LAA@BOS,BOS,1.0,LF,L,2.25,2.69,1.044,1.02,0.9,8.7,10.1,11.7,700.0,700.0,,-1.6,-2.4,0.0,0,-1.0
2026-09-08,666182,Bo Bichette,Sandy Alcántara,NYM@MIA,NYM,3.0,DH,R,2.68,2.45,0.974,1.0,0.941,8.7,10.1,9.4,900.0,859.0,,0.7,0.1,0.43,0,-1.0
2026-09-08,543760,Marcus Semien,Sandy Alcántara,NYM@MIA,NYM,6.0,2B,R,2.91,2.45,0.974,1.0,0.941,8.7,10.1,9.4,900.0,845.0,,0.7,0.1,0.58,0,-1.0
2026-09-08,669016,Brandon Marsh,Hayden Wesneski,HOU@PHI,PHI,7.0,LF,L,3.21,2.12,1.006,1.032,0.968,8.6,10.04,13.3,700.0,614.0,,-3.26,-2.46,1.51,0,-1.0
2026-09-08,683734,Andrew Vaughn,David Peterson,CHC@MIL,MIL,3.0,1B,R,2.22,2.53,0.98,1.0,1.079,8.6,10.04,11.0,850.0,772.0,,-0.96,-0.49,0.94,0,-1.0
2026-09-08,681198,Tj Rumfield,Cam Schlittler,COL@NYY,COL,3.0,1B,L,2.71,2.36,1.011,1.016,0.9,8.5,9.99,10.4,800.0,759.0,,-0.41,-1.12,0.53,0,-1.0
2026-09-08,676724,Jared Young,Sandy Alcántara,NYM@MIA,NYM,5.0,1B,L,2.72,2.45,0.977,1.0,0.941,8.4,9.94,12.6,700.0,627.0,,-2.66,-2.56,1.26,0,-1.0
2026-09-08,666126,Carlos Cortes,José Soriano,TOR@ATH,ATH,5.0,LF,L,2.54,2.3,1.009,1.009,1.033,8.4,9.94,11.7,850.0,730.0,,-1.76,-0.59,1.52,1,8.5
2026-09-08,669224,Austin Wells,Gabriel Hughes,COL@NYY,NYY,9.0,C,L,2.97,2.5,1.011,1.016,0.942,8.3,9.88,15.6,525.0,505.0,,-5.72,-6.12,0.53,0,-1.0
2026-09-08,807713,Matt Shaw,Jacob Misiorowski,CHC@MIL,CHC,7.0,2B,R,2.95,2.49,0.99,1.0,0.9,8.3,9.88,9.5,1000.0,900.0,,0.38,0.79,0.91,0,-1.0
2026-09-08,702332,Caleb Durbin,Reid Detmers,LAA@BOS,BOS,6.0,3B,R,2.42,2.69,1.037,1.02,0.9,8.2,9.83,9.4,950.0,899.0,,0.43,0.31,0.49,0,-1.0
2026-09-08,694249,Cole Carrigg,Cam Schlittler,COL@NYY,COL,2.0,CF,L,2.57,2.36,1.011,1.016,0.9,8.2,9.83,12.1,800.0,671.0,,-2.27,-1.28,1.86,0,-1.0
2026-09-08,687401,Joey Ortiz,David Peterson,CHC@MIL,MIL,7.0,3B,R,2.41,2.53,0.99,1.0,1.079,8.2,9.83,9.4,1200.0,985.0,,0.43,2.14,1.53,0,-1.0
2026-09-08,671976,Tristan Peters,Bubba Chandler,PIT@CWS,CWS,7.0,CF,L,2.82,2.23,0.997,1.038,0.994,8.2,9.83,13.4,700.0,609.0,,-3.57,-2.67,1.6,0,-1.0
2026-09-08,686765,Nick Sogard,Reid Detmers,LAA@BOS,BOS,5.0,1B,L,2.3,2.69,1.044,1.02,0.9,8.1,9.77,10.0,900.0,811.0,,-0.23,-0.23,0.98,0,-1.0
2026-09-08,664761,Alec Bohm,Hayden Wesneski,HOU@PHI,PHI,5.0,1B,R,2.73,2.12,1.006,1.032,0.968,8.0,9.72,12.5,700.0,661.0,,-2.78,-2.78,0.64,0,-1.0
2026-09-08,622268,Donovan Walton,José Soriano,TOR@ATH,ATH,7.0,2B,L,2.57,2.3,1.009,1.009,1.033,7.9,9.67,8.6,1100.0,998.0,,1.07,1.34,0.78,1,11.0
2026-09-08,806146,George Lombard,Gabriel Hughes,COL@NYY,NYY,7.0,SS,R,2.57,2.5,0.998,1.016,0.942,7.8,9.61,,,,,,,,0,
2026-09-08,596115,Trevor Story,Reid Detmers,LAA@BOS,BOS,4.0,SS,R,2.01,2.69,1.049,1.02,0.9,7.5,9.45,15.3,575.0,516.0,,-5.85,-5.36,1.42,0,-1.0
2026-09-08,691720,Kyle Karros,Cam Schlittler,COL@NYY,COL,6.0,3B,R,2.6,2.36,0.998,1.016,0.9,7.4,9.4,9.4,950.0,897.0,,0.0,-0.12,0.51,0,-1.0
2026-09-08,643446,Jeff Mcneil,José Soriano,TOR@ATH,ATH,2.0,1B,L,2.0,2.3,1.009,1.009,1.033,7.2,9.29,9.0,1000.0,928.0,,0.29,0.2,0.64,0,-1.0
2026-09-08,655316,Andruw Monasterio,Reid Detmers,LAA@BOS,BOS,7.0,2B,R,2.17,2.69,1.037,1.02,0.9,7.1,9.24,11.1,800.0,722.0,,-1.86,-1.87,1.06,0,-1.0
2026-09-08,675961,Alika Williams,José Soriano,TOR@ATH,ATH,8.0,SS,R,2.43,2.3,1.006,1.009,1.033,7.1,9.24,7.5,1200.0,1126.0,,1.74,1.55,0.47,0,-1.0
2026-09-08,669003,Garrett Mitchell,David Peterson,CHC@MIL,MIL,8.0,CF,L,2.14,2.53,0.982,1.0,1.079,7.0,9.19,11.6,850.0,775.0,,-2.41,-1.34,0.9,0,-1.0
2026-09-08,695731,Braden Montgomery,Bubba Chandler,PIT@CWS,CWS,6.0,RF,L,2.25,2.23,0.997,1.038,0.994,6.9,9.13,11.6,800.0,708.0,,-2.47,-1.98,1.27,0,-1.0
2026-09-08,593428,Xander Bogaerts,Riley Cornelio,WSH@SD,SD,8.0,SS,R,2.21,2.53,1.007,0.995,0.998,6.8,9.08,12.1,800.0,697.0,,-3.02,-2.03,1.44,0,-1.0
2026-09-08,592663,J. T. Realmuto,Hayden Wesneski,HOU@PHI,PHI,8.0,C,R,2.59,2.12,1.008,1.032,0.968,6.7,9.02,,,,,,,,0,
2026-09-08,657136,Connor Wong,Reid Detmers,LAA@BOS,BOS,9.0,C,R,2.2,2.69,1.044,1.02,0.9,6.6,8.97,9.9,900.0,857.0,,-0.93,-1.03,0.45,0,-1.0
2026-09-08,695720,Tommy White,José Soriano,TOR@ATH,ATH,6.0,DH,R,2.05,2.3,1.006,1.009,1.033,6.6,8.97,8.6,1000.0,920.0,,0.37,-0.12,0.71,0,-1.0
2026-09-08,683146,Brett Baty,Sandy Alcántara,NYM@MIA,NYM,8.0,3B,L,2.31,2.45,0.977,1.0,0.941,6.4,8.86,11.7,700.0,669.0,,-2.84,-3.64,0.5,1,7.0
2026-09-08,805367,Chase Meidroth,Bubba Chandler,PIT@CWS,CWS,8.0,2B,R,2.24,2.23,1.004,1.038,0.994,6.3,8.81,7.3,1300.0,1195.0,,1.51,1.67,0.58,0,-1.0
2026-09-08,665804,Miguel Amaya,Jacob Misiorowski,CHC@MIL,CHC,9.0,C,R,2.46,2.49,0.99,1.0,0.9,6.3,8.81,9.4,1100.0,1006.0,,-0.59,0.48,0.71,0,-1.0
2026-09-08,805999,A. J. Ewing,Sandy Alcántara,NYM@MIA,NYM,7.0,CF,L,2.14,2.45,0.977,1.0,0.941,6.2,8.76,,,,,,,,0,
2026-09-08,666023,Freddy Fermin,Riley Cornelio,WSH@SD,SD,9.0,C,R,2.11,2.53,0.999,0.995,0.998,6.1,8.7,9.5,1000.0,924.0,,-0.8,-0.39,0.68,0,-1.0
2026-09-08,678662,Ezequiel Tovar,Cam Schlittler,COL@NYY,COL,9.0,SS,R,2.34,2.36,0.998,1.016,0.9,5.9,8.6,9.4,900.0,860.0,,-0.8,-1.4,0.42,0,-1.0
2026-09-08,681082,Bryson Stott,Hayden Wesneski,HOU@PHI,PHI,6.0,3B,L,2.07,2.12,1.006,1.032,0.968,5.9,8.6,13.3,625.0,615.0,,-4.7,-5.19,0.2,0,-1.0
2026-09-08,683766,Christian Koss,Quinn Mathews,STL@SF,SF,9.0,SS,R,2.36,2.11,0.988,1.0,0.9,5.2,8.22,7.9,1300.0,1095.0,,0.32,1.08,1.23,1,13.0
2026-09-09,656941,Kyle Schwarber,Hunter Brown,HOU@PHI,PHI,1.0,1B,L,6.27,2.81,1.006,1.045,0.925,24.1,18.36,27.2,255.0,247.0,,-8.84,-9.81,0.65,1,2.55
2026-09-09,691406,Junior Caminero,Reynaldo López,TB@ATL,TB,3.0,3B,R,5.65,3.19,1.009,1.029,1.051,22.8,17.66,24.6,300.0,281.0,,-6.94,-7.34,1.25,0,-1.0
2026-09-09,696100,Hunter Goodman,Will Warren,COL@NYY,COL,4.0,DH,R,6.41,3.3,0.998,1.034,1.04,22.6,17.55,23.2,305.0,291.0,,-5.65,-7.14,0.89,0,-1.0
2026-09-09,571970,Max Muncy,Rhett Lowder,CIN@LAD,LAD,4.0,3B,L,4.79,3.06,1.001,1.044,1.105,22.2,17.34,19.7,450.0,393.0,,-2.36,-0.84,2.1,1,4.5
2026-09-09,695578,James Wood,Walker Buehler,WSH@SD,WSH,1.0,DH,L,4.92,3.1,1.002,1.041,0.997,21.4,16.91,21.1,350.0,343.0,,-4.19,-5.31,0.35,0,-1.0
2026-09-09,621566,Matt Olson,Griffin Jax,TB@ATL,ATL,3.0,1B,L,5.43,3.39,1.009,1.029,1.043,20.1,16.21,19.7,390.0,364.0,,-3.49,-4.2,1.14,0,-1.0
2026-09-09,665742,Juan Soto,Janson Junk,NYM@MIA,NYM,2.0,LF,L,5.3,2.74,0.977,1.0,1.005,19.9,16.1,22.0,325.0,315.0,,-5.9,-7.43,0.57,0,-1.0
2026-09-09,686527,Dominic Canzone,Cody Bradford,TEX@SEA,SEA,3.0,DH,L,4.26,3.0,1.0,1.0,1.12,19.6,15.94,15.7,500.0,481.0,,0.24,-0.73,0.54,0,-1.0
2026-09-09,682928,Cj Abrams,Walker Buehler,WSH@SD,WSH,4.0,2B,L,4.68,3.1,1.002,1.041,0.997,19.5,15.89,17.9,450.0,432.0,,-2.01,-2.29,0.62,0,-1.0
2026-09-09,666160,Mickey Moniak,Will Warren,COL@NYY,COL,5.0,RF,L,5.0,3.3,1.024,1.034,1.04,19.5,15.89,18.8,400.0,384.0,,-2.91,-4.11,0.66,0,-1.0
2026-09-09,663728,Cal Raleigh,Cody Bradford,TEX@SEA,SEA,4.0,C,R,4.25,3.0,1.002,1.0,1.12,19.5,15.89,26.0,290.0,260.0,,-10.11,-9.75,2.14,0,-1.0
2026-09-09,695491,Joshua Báez,Blade Tidwell,STL@SF,STL,5.0,RF,R,5.11,2.92,0.988,1.003,0.993,19.3,15.78,16.4,525.0,499.0,,-0.62,-0.22,0.69,0,-1.0
2026-09-09,677800,Wilyer Abreu,Ryan Johnson,LAA@BOS,BOS,3.0,RF,L,3.59,4.19,1.059,1.006,1.113,19.0,15.62,20.0,400.0,334.0,,-4.38,-4.38,3.04,1,4.0
2026-09-09,681508,Mickey Gasper,Ryan Johnson,LAA@BOS,BOS,2.0,C,L,3.74,4.19,1.044,1.006,1.113,18.8,15.51,16.1,525.0,429.0,,-0.59,-0.49,2.9,0,-1.0
2026-09-09,665953,Andrés Chaparro,Walker Buehler,WSH@SD,WSH,3.0,3B,R,4.42,3.1,0.999,1.041,0.997,18.7,15.46,,,,,,,,0,
2026-09-09,641857,Ryan Mcmahon,Tomoyuki Sugano,COL@NYY,NYY,7.0,3B,L,3.1,4.4,1.011,1.034,1.12,18.5,15.35,17.1,460.0,443.0,,-1.75,-2.51,0.56,0,-1.0
2026-09-09,641355,Cody Bellinger,Tomoyuki Sugano,COL@NYY,NYY,2.0,LF,L,2.55,4.4,1.011,1.034,1.12,18.5,15.35,18.0,425.0,410.0,,-2.65,-3.7,0.56,1,4.25
2026-09-09,624413,Pete Alonso,Foster Griffin,CLE@BAL,BAL,2.0,1B,R,5.0,3.41,1.015,0.991,1.009,18.5,15.35,22.1,350.0,326.0,,-6.75,-6.87,1.25,0,-1.0
2026-09-09,695600,Carter Jensen,Zac Gallen,AZ@KC,KC,1.0,C,L,3.86,3.82,1.0,1.0,1.12,18.4,15.3,17.2,500.0,439.0,,-1.9,-1.37,1.88,1,5.0
2026-09-09,677951,Bobby Witt,Zac Gallen,AZ@KC,KC,2.0,SS,R,3.02,3.82,1.0,1.0,1.12,18.2,15.19,,,,,,,,1,
2026-09-09,682987,Spencer Jones,Tomoyuki Sugano,COL@NYY,NYY,5.0,CF,L,3.63,4.4,1.011,1.034,1.12,18.1,15.14,26.4,270.0,253.0,,-11.26,-11.89,1.3,0,-1.0
2026-09-09,605141,Mookie Betts,Rhett Lowder,CIN@LAD,LAD,3.0,SS,R,3.75,3.06,1.001,1.044,1.105,18.0,15.08,15.6,525.0,507.0,,-0.52,-0.92,0.47,1,5.25
2026-09-09,686948,Drake Baldwin,Griffin Jax,TB@ATL,ATL,1.0,DH,L,3.88,3.39,1.0,1.029,1.043,18.0,15.08,17.1,450.0,441.0,,-2.02,-3.1,0.3,1,4.5
2026-09-09,683748,Victor Mesa,Reynaldo López,TB@ATL,TB,5.0,RF,L,4.18,3.19,1.009,1.029,1.051,17.7,14.92,,,,,,,,1,
2026-09-09,691723,Coby Mayo,Foster Griffin,CLE@BAL,BAL,3.0,DH,R,4.84,3.41,1.006,0.991,1.009,17.7,14.92,19.7,375.0,358.0,,-4.78,-6.13,0.78,1,3.75
2026-09-09,521692,Salvador Pérez,Zac Gallen,AZ@KC,KC,4.0,DH,R,3.27,3.82,1.0,1.0,1.12,17.7,14.92,15.6,500.0,503.0,,-0.68,-1.75,-0.09,0,-1.0
2026-09-09,669224,Austin Wells,Tomoyuki Sugano,COL@NYY,NYY,8.0,C,L,2.95,4.4,1.011,1.034,1.12,17.7,14.92,17.9,425.0,412.0,,-2.98,-4.13,0.48,0,-1.0
2026-09-09,671739,Michael Harris,Griffin Jax,TB@ATL,ATL,4.0,CF,L,4.07,3.39,1.009,1.029,1.043,17.6,14.87,,,,,,,,0,
2026-09-09,701678,Hao-Yu Lee,Zebby Matthews,MIN@DET,DET,2.0,2B,R,2.82,4.16,0.979,1.017,1.044,17.3,14.71,13.8,600.0,587.0,,0.91,0.42,0.27,0,-1.0
2026-09-09,694192,Jackson Chourio,Kevin Gausman,CHC@MIL,MIL,1.0,LF,R,4.1,3.06,0.99,1.0,0.969,17.2,14.65,19.1,425.0,393.0,,-4.45,-4.4,1.23,1,4.25
2026-09-09,668227,Randy Arozarena,Cody Bradford,TEX@SEA,SEA,2.0,LF,R,3.58,3.0,1.0,1.0,1.12,17.1,14.6,18.5,450.0,399.0,,-3.9,-3.58,1.86,0,-1.0
2026-09-09,660670,Ronald Acuña,Griffin Jax,TB@ATL,ATL,2.0,RF,R,3.74,3.39,0.991,1.029,1.043,17.1,14.6,,,,,,,,0,
2026-09-09,680776,Jarren Duran,Ryan Johnson,LAA@BOS,BOS,7.0,LF,L,3.42,4.19,1.044,1.006,1.113,17.0,14.55,16.8,500.0,411.0,,-2.25,-2.12,2.9,0,-1.0
2026-09-09,682985,Riley Greene,Zebby Matthews,MIN@DET,DET,4.0,DH,L,3.51,4.16,0.983,1.017,1.044,16.9,14.49,19.7,375.0,364.0,,-5.21,-6.56,0.5,0,-1.0
2026-09-09,650490,Yandy Díaz,Reynaldo López,TB@ATL,TB,1.0,DH,R,3.46,3.19,1.009,1.029,1.051,16.9,14.49,14.3,600.0,572.0,,0.19,0.2,0.59,0,-1.0
2026-09-09,681715,Heriberto Hernandez,Robert Stock,NYM@MIA,MIA,2.0,LF,R,5.02,2.35,0.974,1.0,1.031,16.8,14.44,18.8,400.0,370.0,,-4.36,-5.56,1.28,0,-1.0
2026-09-09,676609,José Caballero,Tomoyuki Sugano,COL@NYY,NYY,9.0,2B,R,3.11,4.4,0.998,1.034,1.12,16.8,14.44,11.7,700.0,704.0,,2.74,1.94,-0.06,0,-1.0
2026-09-09,805808,Kevin Mcgonigle,Zebby Matthews,MIN@DET,DET,1.0,3B,L,2.61,4.16,0.999,1.017,1.044,16.7,14.39,15.6,500.0,496.0,,-1.21,-2.28,0.11,0,-1.0
2026-09-09,687952,Christian Encarnacion-Strand,Foster Griffin,CLE@BAL,BAL,4.0,3B,R,4.17,3.41,1.006,0.991,1.009,16.6,14.33,18.8,400.0,388.0,,-4.47,-5.67,0.49,0,-1.0
2026-09-09,806146,George Lombard,Tomoyuki Sugano,COL@NYY,NYY,6.0,SS,R,2.52,4.4,0.998,1.034,1.12,16.4,14.23,,,,,,,,1,
2026-09-09,686681,Michael Massey,Zac Gallen,AZ@KC,KC,5.0,2B,L,2.86,3.82,1.0,1.0,1.12,16.3,14.17,11.7,750.0,696.0,,2.47,2.41,0.8,0,-1.0
2026-09-09,691718,Pete Crow-Armstrong,Logan Henderson,CHC@MIL,CHC,1.0,CF,L,5.76,3.59,0.982,1.0,0.9,16.2,14.12,23.4,300.0,284.0,,-9.28,-10.88,1.04,0,-1.0
2026-09-09,672960,Kazuma Okamoto,Brady Basso,TOR@ATH,TOR,5.0,3B,R,4.86,2.55,1.009,1.009,0.962,16.1,14.06,22.6,350.0,314.0,,-8.54,-8.16,1.93,0,-1.0
2026-09-09,665052,Griffin Conine,Robert Stock,NYM@MIA,MIA,3.0,1B,L,4.88,2.35,0.977,1.0,1.031,16.0,14.01,19.5,425.0,367.0,,-5.49,-5.04,2.36,0,-1.0
2026-09-09,689414,Liam Hicks,Reynaldo López,TB@ATL,TB,4.0,C,L,3.44,3.19,1.009,1.029,1.051,16.0,14.01,10.4,850.0,798.0,,3.61,3.48,0.61,0,-1.0
2026-09-09,664040,Brandon Lowe,Davis Martin,PIT@CWS,PIT,2.0,2B,L,4.58,2.35,0.997,0.996,1.052,16.0,14.01,20.5,375.0,353.0,,-6.49,-7.04,1.03,0,-1.0
2026-09-09,596019,Francisco Lindor,Janson Junk,NYM@MIA,NYM,1.0,SS,L,4.08,2.74,0.977,1.0,1.005,16.0,14.01,17.1,450.0,430.0,,-3.09,-4.17,0.69,1,4.5
2026-09-09,686469,Vinnie Pasquantino,Zac Gallen,AZ@KC,KC,3.0,1B,L,2.68,3.82,1.0,1.0,1.12,15.9,13.96,15.0,525.0,520.0,,-1.04,-2.04,0.13,0,-1.0
2026-09-09,701350,Roman Anthony,Ryan Johnson,LAA@BOS,BOS,1.0,DH,L,2.22,4.19,1.044,1.006,1.113,15.9,13.96,16.4,475.0,475.0,,-2.44,-3.43,0.0,1,4.75
2026-09-09,547180,Bryce Harper,Hunter Brown,HOU@PHI,PHI,3.0,DH,L,4.15,2.81,1.006,1.045,0.925,15.8,13.9,18.1,475.0,426.0,,-4.2,-3.49,1.62,0,-1.0
2026-09-09,670231,John Rave,Zac Gallen,AZ@KC,KC,7.0,RF,L,3.69,3.82,1.0,1.0,1.12,15.7,13.85,10.4,850.0,821.0,,3.45,3.32,0.33,0,-1.0
2026-09-09,699013,Esmerlyn Valdez,Davis Martin,PIT@CWS,PIT,6.0,RF,R,4.89,2.35,1.004,0.996,1.052,15.6,13.8,18.3,390.0,404.0,,-4.5,-6.61,-0.57,1,3.9
2026-09-09,665019,Kody Clemens,Keider Montero,MIN@DET,MIN,3.0,2B,L,4.49,2.69,0.999,1.017,0.914,15.6,13.8,18.8,420.0,392.0,,-5.0,-5.43,1.1,1,4.2
2026-09-09,670541,Yordan Álvarez,Cristopher Sánchez,HOU@PHI,HOU,2.0,DH,L,5.57,2.05,1.002,1.045,0.9,15.4,13.69,22.3,375.0,314.0,,-8.61,-7.36,3.1,0,-1.0
2026-09-09,669257,Will Smith,Rhett Lowder,CIN@LAD,LAD,2.0,DH,R,3.07,3.06,1.001,1.044,1.105,15.4,13.69,15.6,575.0,548.0,,-1.91,-1.12,0.62,0,-1.0
2026-09-09,666018,Jonathan Aranda,Reynaldo López,TB@ATL,TB,2.0,1B,L,3.09,3.19,1.009,1.029,1.051,15.3,13.64,15.6,550.0,521.0,,-1.96,-1.74,0.72,0,-1.0
2026-09-09,680869,Zack Gelof,Braydon Fisher,TOR@ATH,ATH,3.0,3B,R,4.22,2.64,1.006,1.009,0.971,15.3,13.64,16.4,525.0,477.0,,-2.76,-2.36,1.33,0,-1.0
2026-09-09,664983,Jake Mccarthy,Will Warren,COL@NYY,COL,1.0,CF,L,2.91,3.3,1.011,1.034,1.04,15.3,13.64,11.7,700.0,692.0,,1.94,1.14,0.13,0,-1.0
2026-09-09,677594,Julio Rodríguez,Cody Bradford,TEX@SEA,SEA,5.0,CF,R,3.36,3.0,1.002,1.0,1.12,15.1,13.53,18.5,425.0,394.0,,-4.97,-5.52,1.19,0,-1.0
2026-09-09,702332,Caleb Durbin,Ryan Johnson,LAA@BOS,BOS,6.0,3B,R,2.4,4.19,1.037,1.006,1.113,15.1,13.53,10.5,850.0,708.0,,3.03,3.0,1.85,0,-1.0
2026-09-09,671277,Luis García,Tomoyuki Sugano,COL@NYY,NYY,4.0,1B,L,5.18,4.4,1.024,1.034,1.12,15.1,13.53,,,,,,,,1,
2026-09-09,643217,Andrew Benintendi,Lake Bachar,PIT@CWS,CWS,2.0,DH,L,3.2,3.75,0.999,0.996,0.927,15.0,13.48,16.9,500.0,462.0,,-3.42,-3.19,1.12,0,-1.0
2026-09-09,700250,Ben Rice,Tomoyuki Sugano,COL@NYY,NYY,1.0,DH,L,5.57,4.4,1.011,1.034,1.12,15.0,13.48,29.0,230.0,221.0,,-15.52,-16.82,0.85,0,-1.0
2026-09-09,690993,Colt Keith,Zebby Matthews,MIN@DET,DET,3.0,1B,L,2.42,4.16,0.999,1.017,1.044,14.9,13.42,14.4,625.0,578.0,,-0.98,-0.37,0.96,1,6.25
2026-09-09,693307,Dillon Dingler,Zebby Matthews,MIN@DET,DET,5.0,C,R,4.36,4.16,0.979,1.017,1.044,14.9,13.42,14.7,575.0,530.0,,-1.28,-1.39,1.06,0,-1.0
2026-09-09,686765,Nick Sogard,Ryan Johnson,LAA@BOS,BOS,5.0,1B,L,2.27,4.19,1.044,1.006,1.113,14.9,13.42,11.6,900.0,735.0,,1.82,3.42,1.98,0,-1.0
2026-09-09,804668,Rafael Flores,Davis Martin,PIT@CWS,PIT,8.0,C,R,5.06,2.35,1.004,0.996,1.052,14.8,13.37,11.8,700.0,637.0,,1.57,0.87,1.07,0,-1.0
2026-09-09,545341,Randal Grichuk,Lake Bachar,PIT@CWS,CWS,4.0,LF,R,4.53,3.75,1.004,0.996,0.927,14.8,13.37,16.9,475.0,446.0,,-3.53,-4.02,0.93,0,-1.0
2026-09-09,808959,Munetaka Murakami,Lake Bachar,PIT@CWS,CWS,3.0,1B,L,5.62,3.75,0.997,0.996,0.927,14.8,13.37,24.0,325.0,281.0,,-10.63,-10.16,2.72,1,3.25
2026-09-09,673548,Seiya Suzuki,Logan Henderson,CHC@MIL,CHC,2.0,RF,R,4.01,3.59,0.99,1.0,0.9,14.7,13.31,17.1,460.0,439.0,,-3.79,-4.55,0.69,0,-1.0
2026-09-09,701162,Ben Malgeri,Zebby Matthews,MIN@DET,DET,8.0,RF,R,2.87,4.16,0.979,1.017,1.044,14.6,13.26,11.7,700.0,700.0,,1.56,0.76,0.0,0,-1.0
2026-09-09,606192,Teoscar Hernández,Rhett Lowder,CIN@LAD,LAD,5.0,LF,R,3.05,3.06,1.001,1.044,1.105,14.4,13.15,18.8,410.0,401.0,,-5.65,-6.46,0.35,0,-1.0
2026-09-09,695657,Colson Montgomery,Lake Bachar,PIT@CWS,CWS,5.0,3B,L,4.98,3.75,1.009,0.996,0.927,14.3,13.1,22.1,350.0,299.0,,-9.0,-9.12,2.84,0,-1.0
2026-09-09,592450,Aaron Judge,Tomoyuki Sugano,COL@NYY,NYY,3.0,RF,R,5.44,4.4,0.998,1.034,1.12,14.3,13.1,31.0,205.0,198.0,,-17.9,-19.69,0.77,0,-1.0
2026-09-09,665833,Oneil Cruz,Davis Martin,PIT@CWS,PIT,5.0,CF,L,4.31,2.35,0.997,0.996,1.052,14.2,13.05,20.8,400.0,337.0,,-7.75,-6.95,2.88,0,-1.0
2026-09-09,664034,Ty France,Jackson Kent,WSH@SD,SD,4.0,1B,R,4.22,2.11,0.999,1.041,1.102,14.2,13.05,13.2,700.0,668.0,,-0.15,0.55,0.52,0,-1.0
2026-09-09,645277,Ozzie Albies,Griffin Jax,TB@ATL,ATL,7.0,2B,R,3.34,3.39,0.991,1.029,1.043,14.1,12.99,12.4,750.0,675.0,,0.59,1.23,1.14,0,-1.0
2026-09-09,676475,Alec Burleson,Blade Tidwell,STL@SF,STL,3.0,1B,L,3.49,2.92,0.993,1.003,0.993,14.1,12.99,16.4,480.0,460.0,,-3.41,-4.25,0.62,0,-1.0
2026-09-09,592518,Manny Machado,Jackson Kent,WSH@SD,SD,3.0,3B,R,4.1,2.11,1.007,1.041,1.102,14.0,12.94,16.4,500.0,486.0,,-3.46,-3.73,0.39,0,-1.0
2026-09-09,664954,Brett Sullivan,Will Warren,COL@NYY,COL,7.0,C,L,3.22,3.3,1.011,1.034,1.04,13.9,12.89,14.3,575.0,557.0,,-1.41,-1.92,0.41,0,-1.0
2026-09-09,608324,Alex Bregman,Logan Henderson,CHC@MIL,CHC,4.0,3B,R,3.57,3.59,0.982,1.0,0.9,13.9,12.89,14.9,650.0,587.0,,-2.01,-0.44,1.23,0,-1.0
2026-09-09,669065,Kyle Stowers,Robert Stock,NYM@MIA,MIA,1.0,DH,L,3.95,2.35,0.977,1.0,1.031,13.8,12.83,24.0,300.0,267.0,,-11.17,-12.17,2.25,0,-1.0
2026-09-09,686797,Brooks Lee,Keider Montero,MIN@DET,MIN,2.0,3B,R,3.9,2.69,0.979,1.017,0.914,13.7,12.78,15.2,525.0,525.0,,-2.42,-3.22,0.0,0,-1.0
2026-09-09,664023,Ian Happ,Logan Henderson,CHC@MIL,CHC,5.0,DH,R,3.79,3.59,0.99,1.0,0.9,13.7,12.78,15.6,575.0,515.0,,-2.82,-2.03,1.45,0,-1.0
2026-09-09,686611,Dylan Crews,Walker Buehler,WSH@SD,WSH,2.0,RF,R,2.91,3.1,1.007,1.041,0.997,13.6,12.72,14.7,600.0,533.0,,-1.98,-1.57,1.51,0,-1.0
2026-09-09,695734,Daylen Lile,Walker Buehler,WSH@SD,WSH,6.0,LF,L,3.27,3.1,1.007,1.041,0.997,13.6,12.72,14.3,650.0,602.0,,-1.58,-0.61,0.92,0,-1.0
2026-09-09,681198,Tj Rumfield,Will Warren,COL@NYY,COL,3.0,1B,L,2.7,3.3,1.011,1.034,1.04,13.6,12.72,11.7,700.0,700.0,,1.02,0.22,0.0,0,-1.0
2026-09-09,694249,Cole Carrigg,Will Warren,COL@NYY,COL,2.0,SS,L,2.54,3.3,1.011,1.034,1.04,13.1,12.46,14.8,575.0,526.0,,-2.34,-2.35,1.16,0,-1.0
2026-09-09,669242,Tommy Edman,Rhett Lowder,CIN@LAD,LAD,1.0,CF,L,2.48,3.06,0.996,1.044,1.105,12.9,12.35,14.8,625.0,579.0,,-2.45,-1.44,0.94,0,-1.0
2026-09-09,656775,Cedric Mullins,Reynaldo López,TB@ATL,TB,7.0,CF,L,3.0,3.19,1.009,1.029,1.051,12.9,12.35,13.3,700.0,653.0,,-0.95,-0.15,0.78,0,-1.0
2026-09-09,687263,Zach Neto,Jake Bennett,LAA@BOS,LAA,1.0,SS,R,3.7,2.48,1.037,1.006,0.9,12.8,12.3,20.0,425.0,364.0,,-7.7,-6.75,2.5,1,4.25
2026-09-09,641487,J. P. Crawford,Cody Bradford,TEX@SEA,SEA,1.0,SS,L,2.55,3.0,1.0,1.0,1.12,12.7,12.24,,,,,,,,0,
2026-09-09,624424,Michael Conforto,Logan Henderson,CHC@MIL,CHC,8.0,LF,L,4.59,3.59,0.988,1.0,0.9,12.6,12.19,15.0,600.0,550.0,,-2.81,-2.1,1.09,0,-1.0
2026-09-09,683737,Michael Busch,Logan Henderson,CHC@MIL,CHC,3.0,1B,L,2.83,3.59,0.982,1.0,0.9,12.6,12.19,16.4,525.0,485.0,,-4.21,-3.81,1.09,0,-1.0
2026-09-09,573262,Mike Yastrzemski,Griffin Jax,TB@ATL,ATL,6.0,LF,L,2.64,3.39,1.009,1.029,1.043,12.6,12.19,13.8,650.0,624.0,,-1.61,-1.14,0.48,0,-1.0
2026-09-09,663586,Austin Riley,Griffin Jax,TB@ATL,ATL,8.0,3B,R,2.86,3.39,1.004,1.029,1.043,12.4,12.08,15.2,525.0,515.0,,-3.12,-3.92,0.26,0,-1.0
2026-09-09,669236,Jeremiah Jackson,Foster Griffin,CLE@BAL,BAL,7.0,2B,R,2.88,3.41,1.006,0.991,1.009,12.3,12.03,12.1,750.0,717.0,,-0.07,0.27,0.48,0,-1.0
2026-09-09,571448,Nolan Arenado,Daniel Lynch,AZ@KC,AZ,4.0,3B,R,3.92,2.25,1.0,1.0,0.985,12.2,11.97,14.2,625.0,555.0,,-2.23,-1.82,1.48,1,6.25
2026-09-09,643396,Isiah Kiner-Falefa,Ryan Johnson,LAA@BOS,BOS,8.0,2B,R,2.11,4.19,1.037,1.006,1.113,12.2,11.97,7.9,1100.0,1064.0,,4.07,3.64,0.26,0,-1.0
2026-09-09,606466,Ketel Marte,Daniel Lynch,AZ@KC,AZ,2.0,DH,R,3.82,2.25,1.0,1.0,0.985,12.2,11.97,18.8,400.0,390.0,,-6.83,-8.03,0.41,0,-1.0
2026-09-09,664728,Kyle Isbel,Zac Gallen,AZ@KC,KC,8.0,CF,L,2.38,3.82,1.0,1.0,1.12,12.1,11.92,8.5,1000.0,1027.0,,3.42,2.83,-0.22,0,-1.0
2026-09-09,669357,Nolan Gorman,Blade Tidwell,STL@SF,STL,6.0,3B,L,3.21,2.92,0.993,1.003,0.993,12.1,11.92,15.9,550.0,501.0,,-3.98,-3.46,1.26,0,-1.0
2026-09-09,703601,Max Clark,Zebby Matthews,MIN@DET,DET,7.0,CF,L,2.19,4.16,0.999,1.017,1.044,12.0,11.87,10.4,800.0,834.0,,1.47,0.76,-0.4,0,-1.0
2026-09-09,691019,Kyle Teel,Lake Bachar,PIT@CWS,CWS,9.0,C,L,3.78,3.75,1.009,0.996,0.927,12.0,11.87,15.5,550.0,480.0,,-3.63,-3.51,1.86,0,-1.0
2026-09-09,671976,Tristan Peters,Lake Bachar,PIT@CWS,CWS,7.0,CF,L,2.8,3.75,0.997,0.996,0.927,12.0,11.87,14.4,700.0,586.0,,-2.53,-0.63,2.08,0,-1.0
2026-09-09,691720,Kyle Karros,Will Warren,COL@NYY,COL,6.0,3B,R,2.58,3.3,0.998,1.034,1.04,11.9,11.81,11.6,800.0,730.0,,0.21,0.7,0.94,0,-1.0
2026-09-09,687637,Dylan Beavers,Foster Griffin,CLE@BAL,BAL,1.0,LF,L,2.3,3.41,1.015,0.991,1.009,11.8,11.76,14.8,625.0,525.0,,-3.04,-2.03,2.21,0,-1.0
2026-09-09,679845,Nick Loftin,Zac Gallen,AZ@KC,KC,6.0,3B,R,2.09,3.82,1.0,1.0,1.12,11.7,11.71,8.6,1000.0,985.0,,3.11,2.62,0.13,0,-1.0
2026-09-09,545361,Mike Trout,Jake Bennett,LAA@BOS,LAA,2.0,CF,R,3.45,2.48,1.037,1.006,0.9,11.7,11.71,17.1,450.0,433.0,,-5.39,-6.47,0.58,0,-1.0
2026-09-09,668930,Brice Turang,Kevin Gausman,CHC@MIL,MIL,2.0,2B,L,2.8,3.06,0.97,1.0,0.969,11.7,11.71,11.0,800.0,756.0,,0.71,0.6,0.57,0,-1.0
2026-09-09,701538,Jackson Merrill,Jackson Kent,WSH@SD,SD,5.0,CF,L,3.57,2.11,1.002,1.041,1.102,11.7,11.71,15.0,650.0,590.0,,-3.29,-1.62,1.16,1,6.5
2026-09-09,663494,Bryan Torres,Blade Tidwell,STL@SF,STL,1.0,LF,L,2.7,2.92,0.993,1.003,0.993,11.6,11.65,9.9,950.0,937.0,,1.75,2.13,0.12,0,-1.0
2026-09-09,607208,Trea Turner,Hunter Brown,HOU@PHI,PHI,2.0,SS,R,2.91,2.81,1.008,1.045,0.925,11.6,11.65,11.7,800.0,757.0,,-0.05,0.54,0.56,1,8.0
2026-09-09,672386,Alejandro Kirk,Brady Basso,TOR@ATH,TOR,4.0,DH,R,3.28,2.55,1.009,1.009,0.962,11.6,11.65,15.3,525.0,531.0,,-3.65,-4.35,-0.15,0,-1.0
2026-09-09,665487,Fernando Tatís,Jackson Kent,WSH@SD,SD,1.0,2B,R,3.15,2.11,1.007,1.041,1.102,11.5,11.6,,,,,,,,0,
2026-09-09,660688,Keibert Ruiz,Walker Buehler,WSH@SD,WSH,7.0,C,L,2.85,3.1,1.002,1.041,0.997,11.4,11.54,9.4,950.0,878.0,,2.14,2.02,0.7,1,9.5
2026-09-09,695336,Thomas Saggese,Blade Tidwell,STL@SF,STL,7.0,SS,R,3.16,2.92,0.993,1.003,0.993,11.4,11.54,10.3,900.0,798.0,,1.24,1.54,1.14,0,-1.0
2026-09-09,669016,Brandon Marsh,Hunter Brown,HOU@PHI,PHI,6.0,LF,L,3.2,2.81,1.006,1.045,0.925,11.4,11.54,12.6,750.0,649.0,,-1.06,-0.22,1.59,0,-1.0
2026-09-09,665161,Jeremy Peña,Cristopher Sánchez,HOU@PHI,HOU,1.0,SS,R,3.88,2.05,1.008,1.045,0.9,11.3,11.49,11.7,850.0,742.0,,-0.21,0.96,1.35,0,-1.0
2026-09-09,702284,Cole Young,Cody Bradford,TEX@SEA,SEA,8.0,2B,L,2.8,3.0,1.0,1.0,1.12,11.3,11.49,10.4,900.0,808.0,,1.09,1.49,1.01,0,-1.0
2026-09-09,605137,Josh Bell,Keider Montero,MIN@DET,MIN,4.0,DH,L,3.14,2.69,0.999,1.017,0.914,11.1,11.38,16.7,500.0,457.0,,-5.32,-5.29,1.28,1,5.0
2026-09-09,680700,Richie Palacios,Reynaldo López,TB@ATL,TB,8.0,2B,L,2.65,3.19,1.0,1.029,1.051,11.0,11.33,9.4,950.0,886.0,,1.93,1.81,0.62,0,-1.0
2026-09-09,683357,Owen Caissie,Robert Stock,NYM@MIA,MIA,7.0,RF,L,3.74,2.35,0.977,1.0,1.031,11.0,11.33,16.5,525.0,464.0,,-5.17,-4.67,1.73,1,5.25
2026-09-09,702616,Jackson Holliday,Foster Griffin,CLE@BAL,BAL,5.0,SS,L,2.34,3.41,1.015,0.991,1.009,11.0,11.33,10.4,850.0,777.0,,0.93,0.8,0.87,0,-1.0
2026-09-09,691777,Max Muncy,Braydon Fisher,TOR@ATH,ATH,6.0,DH,R,3.23,2.64,1.009,1.009,0.971,11.0,11.33,19.7,450.0,393.0,,-8.37,-6.85,2.1,0,-1.0
2026-09-09,622761,Jorge Mateo,Reynaldo López,TB@ATL,TB,9.0,SS,R,2.83,3.19,0.991,1.029,1.051,11.0,11.33,10.4,1050.0,898.0,,0.93,2.63,1.32,0,-1.0
2026-09-09,642350,José Siri,Jake Bennett,LAA@BOS,LAA,3.0,RF,R,3.3,2.48,1.037,1.006,0.9,10.9,11.28,18.0,475.0,417.0,,-6.72,-6.11,1.95,1,4.75
2026-09-09,643289,Mauricio Dubón,Griffin Jax,TB@ATL,ATL,5.0,SS,R,2.18,3.39,1.009,1.029,1.043,10.9,11.28,8.6,1000.0,977.0,,2.68,2.19,0.2,0,-1.0
2026-09-09,642215,Weston Wilson,Cody Bradford,TEX@SEA,SEA,9.0,3B,R,2.82,3.0,1.002,1.0,1.12,10.8,11.22,13.3,700.0,625.0,,-2.08,-1.28,1.29,0,-1.0
2026-09-09,671732,Lawrence Butler,Braydon Fisher,TOR@ATH,ATH,2.0,RF,L,2.81,2.64,1.009,1.009,0.971,10.7,11.17,14.5,600.0,554.0,,-3.33,-3.12,1.0,0,-1.0
2026-09-09,671056,Iván Herrera,Blade Tidwell,STL@SF,STL,2.0,DH,R,2.55,2.92,0.988,1.003,0.993,10.7,11.17,12.4,700.0,660.0,,-1.23,-1.33,0.66,0,-1.0
2026-09-09,701807,Carson Benge,Janson Junk,NYM@MIA,NYM,4.0,RF,L,2.82,2.74,0.977,1.0,1.005,10.7,11.17,10.4,850.0,774.0,,0.77,0.64,0.91,0,-1.0
2026-09-09,663656,Kyle Tucker,Rhett Lowder,CIN@LAD,LAD,6.0,RF,L,2.3,3.06,0.996,1.044,1.105,10.6,11.12,15.6,550.0,519.0,,-4.48,-4.26,0.78,1,5.5
2026-09-09,669134,Luis Campusano,Jackson Kent,WSH@SD,SD,6.0,C,R,3.32,2.11,1.007,1.041,1.102,10.6,11.12,11.7,850.0,767.0,,-0.58,0.59,1.0,0,-1.0
2026-09-09,572233,Christian Walker,Cristopher Sánchez,HOU@PHI,HOU,6.0,1B,R,4.14,2.05,1.008,1.045,0.9,10.6,11.12,14.7,575.0,524.0,,-3.58,-3.69,1.22,0,-1.0
2026-09-09,661388,William Contreras,Kevin Gausman,CHC@MIL,MIL,3.0,C,R,2.51,3.06,0.99,1.0,0.969,10.5,11.06,15.0,525.0,524.0,,-3.94,-4.94,0.03,1,5.25
2026-09-09,699393,Pedro Ramírez,Logan Henderson,CHC@MIL,CHC,7.0,2B,L,2.59,3.59,0.982,1.0,0.9,10.3,10.95,10.4,850.0,798.0,,0.55,0.42,0.61,0,-1.0
2026-09-09,666182,Bo Bichette,Janson Junk,NYM@MIA,NYM,3.0,3B,R,2.67,2.74,0.974,1.0,1.005,10.2,10.9,9.4,950.0,852.0,,1.5,1.38,0.98,0,-1.0
2026-09-09,543760,Marcus Semien,Janson Junk,NYM@MIA,NYM,6.0,2B,R,2.89,2.74,0.974,1.0,1.005,10.2,10.9,10.4,950.0,802.0,,0.5,1.38,1.57,0,-1.0
2026-09-09,691788,Joe Mack,Robert Stock,NYM@MIA,MIA,9.0,C,L,3.78,2.35,0.977,1.0,1.031,10.2,10.9,12.1,750.0,691.0,,-1.2,-0.86,0.88,1,7.5
2026-09-09,695731,Braden Montgomery,Lake Bachar,PIT@CWS,CWS,6.0,RF,L,2.24,3.75,0.997,0.996,0.927,10.2,10.9,11.5,800.0,715.0,,-0.6,-0.21,1.16,0,-1.0
2026-09-09,666126,Carlos Cortes,Braydon Fisher,TOR@ATH,ATH,4.0,LF,L,2.73,2.64,1.009,1.009,0.971,10.1,10.85,11.7,800.0,728.0,,-0.85,-0.26,0.97,0,-1.0
2026-09-09,807727,Charles Mcadoo,Brady Basso,TOR@ATH,TOR,2.0,LF,R,2.74,2.55,1.006,1.009,0.962,10.0,10.79,12.8,700.0,678.0,,-2.01,-1.71,0.35,0,-1.0
2026-09-09,805811,Bryce Eldridge,Andre Pallante,STL@SF,SF,3.0,1B,L,3.66,1.98,0.993,1.003,0.969,10.0,10.79,13.6,700.0,622.0,,-2.81,-1.71,1.35,0,-1.0
2026-09-09,694374,Tim Tawa,Daniel Lynch,AZ@KC,AZ,5.0,1B,R,3.28,2.25,1.0,1.0,0.985,9.9,10.74,13.3,625.0,596.0,,-2.56,-3.05,0.58,0,-1.0
2026-09-09,676724,Jared Young,Janson Junk,NYM@MIA,NYM,5.0,DH,L,2.69,2.74,0.977,1.0,1.005,9.9,10.74,13.3,650.0,642.0,,-2.56,-2.59,0.15,0,-1.0
2026-09-09,608348,Carson Kelly,Logan Henderson,CHC@MIL,CHC,9.0,C,R,2.7,3.59,0.98,1.0,0.9,9.8,10.69,11.0,850.0,785.0,,-0.31,0.16,0.77,0,-1.0
2026-09-09,663993,Nathaniel Lowe,Shane Baz,CLE@BAL,CLE,6.0,1B,L,3.84,1.95,0.999,0.991,0.988,9.7,10.63,15.6,550.0,503.0,,-4.97,-4.75,1.2,1,5.5
2026-09-09,701785,Kaelen Culpepper,Keider Montero,MIN@DET,MIN,5.0,SS,R,2.92,2.69,0.979,1.017,0.914,9.7,10.63,12.1,700.0,693.0,,-1.47,-1.87,0.11,0,-1.0
2026-09-09,620443,Luis Torrens,Janson Junk,NYM@MIA,NYM,9.0,C,R,3.13,2.74,0.974,1.0,1.005,9.6,10.58,9.3,1100.0,1013.0,,1.28,2.25,0.65,0,-1.0
2026-09-09,678218,Brandon Valenzuela,Brady Basso,TOR@ATH,TOR,8.0,C,L,3.14,2.55,1.009,1.009,0.962,9.5,10.53,14.5,575.0,561.0,,-3.97,-4.28,0.32,0,-1.0
2026-09-09,691783,Jordan Lawlar,Daniel Lynch,AZ@KC,AZ,8.0,CF,R,3.55,2.25,1.0,1.0,0.985,9.5,10.53,11.7,850.0,746.0,,-1.17,0.0,1.29,0,-1.0
2026-09-09,592885,Christian Yelich,Kevin Gausman,CHC@MIL,MIL,5.0,DH,L,2.39,3.06,0.982,1.0,0.969,9.5,10.53,11.7,850.0,764.0,,-1.17,0.0,1.04,1,8.5
2026-09-09,668904,Royce Lewis,Keider Montero,MIN@DET,MIN,7.0,1B,R,3.1,2.69,0.979,1.017,0.914,9.5,10.53,19.6,425.0,363.0,,-9.07,-8.52,2.55,0,-1.0
2026-09-09,805367,Chase Meidroth,Lake Bachar,PIT@CWS,CWS,8.0,SS,R,2.23,3.75,1.004,0.996,0.927,9.4,10.47,8.6,1000.0,966.0,,1.87,1.38,0.29,0,-1.0
2026-09-09,681393,Connor Norby,Will Warren,COL@NYY,COL,8.0,2B,R,2.16,3.3,1.011,1.034,1.04,9.4,10.47,12.6,700.0,633.0,,-2.13,-2.03,1.14,1,7.0
2026-09-09,703607,Henry Bolte,Braydon Fisher,TOR@ATH,ATH,1.0,CF,R,2.41,2.64,1.006,1.009,0.971,9.4,10.47,11.7,700.0,692.0,,-1.23,-2.03,0.13,1,7.0
2026-09-09,813841,Jonah Cox,Andre Pallante,STL@SF,SF,4.0,2B,R,3.47,1.98,0.988,1.003,0.969,9.4,10.47,9.7,900.0,715.0,,0.77,0.47,2.27,0,-1.0
2026-09-09,663616,Trevor Larnach,Keider Montero,MIN@DET,MIN,6.0,LF,L,2.86,2.69,0.999,1.017,0.914,9.4,10.47,12.8,750.0,671.0,,-2.33,-1.29,1.21,0,-1.0
2026-09-09,622268,Donovan Walton,Braydon Fisher,TOR@ATH,ATH,7.0,2B,L,2.85,2.64,1.009,1.009,0.971,9.3,10.42,9.9,900.0,826.0,,0.52,0.42,0.8,0,-1.0
2026-09-09,673237,Yainer Diaz,Cristopher Sánchez,HOU@PHI,HOU,5.0,C,R,3.52,2.05,1.006,1.045,0.9,9.3,10.42,10.4,950.0,809.0,,0.02,0.9,1.48,0,-1.0
2026-09-09,696285,Jacob Young,Walker Buehler,WSH@SD,WSH,9.0,CF,R,2.46,3.1,1.007,1.041,0.997,9.2,10.36,7.9,1100.0,1073.0,,2.46,2.03,0.2,0,-1.0
2026-09-09,683734,Andrew Vaughn,Kevin Gausman,CHC@MIL,MIL,4.0,1B,R,2.21,3.06,0.98,1.0,0.969,9.2,10.36,14.7,525.0,531.0,,-4.34,-5.64,-0.15,0,-1.0
2026-09-09,668804,Bryan Reynolds,Davis Martin,PIT@CWS,PIT,3.0,LF,R,2.61,2.35,1.004,0.996,1.052,9.2,10.36,15.8,525.0,476.0,,-5.44,-5.64,1.36,0,-1.0
2026-09-09,666176,Jo Adell,Shane Baz,CLE@BAL,CLE,4.0,LF,R,3.32,1.95,1.006,0.991,0.988,9.1,10.31,18.4,500.0,419.0,,-8.09,-6.36,2.6,0,-1.0
2026-09-09,543510,James Mccann,Daniel Lynch,AZ@KC,AZ,7.0,C,R,3.26,2.25,1.0,1.0,0.985,9.1,10.31,11.1,800.0,717.0,,-0.79,-0.8,1.13,0,-1.0
2026-09-09,701675,Nathan Church,Blade Tidwell,STL@SF,STL,8.0,CF,L,2.55,2.92,0.993,1.003,0.993,8.9,10.2,9.0,1000.0,948.0,,1.2,1.11,0.45,0,-1.0
2026-09-09,687401,Joey Ortiz,Kevin Gausman,CHC@MIL,MIL,7.0,3B,R,2.39,3.06,0.99,1.0,0.969,8.8,10.15,11.4,800.0,809.0,,-1.25,-0.96,-0.11,0,-1.0
2026-09-09,687093,Vaughn Grissom,Jake Bennett,LAA@BOS,LAA,4.0,1B,R,2.62,2.48,1.037,1.006,0.9,8.7,10.1,10.4,800.0,760.0,,-0.3,-1.01,0.52,0,-1.0
2026-09-09,665750,Leody Taveras,Foster Griffin,CLE@BAL,BAL,8.0,RF,L,2.05,3.41,1.015,0.991,1.009,8.6,10.04,9.4,1050.0,925.0,,0.64,1.34,1.06,0,-1.0
2026-09-09,592663,J. T. Realmuto,Hunter Brown,HOU@PHI,PHI,8.0,C,R,2.57,2.81,1.008,1.045,0.925,8.5,9.99,,,,,,,,0,
2026-09-09,670623,Isaac Paredes,Cristopher Sánchez,HOU@PHI,HOU,3.0,3B,R,3.05,2.05,1.008,1.045,0.9,8.5,9.99,14.8,575.0,530.0,,-4.81,-4.82,1.06,1,5.75
2026-09-09,669720,Austin Hays,Jackson Kent,WSH@SD,SD,7.0,DH,R,2.74,2.11,1.007,1.041,1.102,8.4,9.94,11.7,750.0,705.0,,-1.76,-1.82,0.66,0,-1.0
2026-09-09,804606,Konnor Griffin,Davis Martin,PIT@CWS,PIT,1.0,SS,R,2.25,2.35,1.004,0.996,1.052,8.4,9.94,14.3,650.0,614.0,,-4.36,-3.39,0.68,0,-1.0
2026-09-09,514888,José Altuve,Cristopher Sánchez,HOU@PHI,HOU,4.0,2B,R,2.99,2.05,1.008,1.045,0.9,8.3,9.88,10.4,950.0,784.0,,-0.52,0.36,1.79,0,-1.0
2026-09-09,694378,Jacob Gonzalez,Davis Martin,PIT@CWS,PIT,9.0,3B,L,2.91,2.35,0.997,0.996,1.052,8.2,9.83,12.2,700.0,661.0,,-2.37,-2.67,0.64,0,-1.0
2026-09-09,701358,Cam Smith,Cristopher Sánchez,HOU@PHI,HOU,8.0,RF,R,3.45,2.05,1.008,1.045,0.9,8.2,9.83,13.3,700.0,667.0,,-3.47,-2.67,0.54,1,7.0
2026-09-09,683146,Brett Baty,Janson Junk,NYM@MIA,NYM,8.0,1B,L,2.47,2.74,0.977,1.0,1.005,8.1,9.77,13.3,700.0,622.0,,-3.53,-2.73,1.35,0,-1.0
2026-09-09,687462,Spencer Horwitz,Davis Martin,PIT@CWS,PIT,7.0,1B,L,2.57,2.35,0.997,0.996,1.052,8.0,9.72,13.5,625.0,584.0,,-3.78,-4.07,0.83,0,-1.0
2026-09-09,593428,Xander Bogaerts,Jackson Kent,WSH@SD,SD,2.0,SS,R,2.2,2.11,1.007,1.041,1.102,7.9,9.67,10.4,850.0,821.0,,-0.73,-0.86,0.33,0,-1.0
2026-09-09,681082,Bryson Stott,Hunter Brown,HOU@PHI,PHI,5.0,3B,L,2.06,2.81,1.006,1.045,0.925,7.8,9.61,11.8,800.0,690.0,,-2.19,-1.5,1.55,0,-1.0
2026-09-09,800050,Chase Delauter,Shane Baz,CLE@BAL,CLE,2.0,RF,L,2.69,1.95,1.015,0.991,0.988,7.7,9.56,16.8,450.0,450.0,,-7.24,-8.62,0.0,1,4.5
2026-09-09,687749,Jase Bowen,Jackson Kent,WSH@SD,SD,9.0,RF,R,2.69,2.11,1.007,1.041,1.102,7.6,9.51,11.1,800.0,832.0,,-1.59,-1.6,-0.38,0,-1.0
2026-09-09,694203,Denzer Guzman,Jake Bennett,LAA@BOS,LAA,8.0,3B,R,2.69,2.48,1.037,1.006,0.9,7.6,9.51,10.4,800.0,806.0,,-0.89,-1.6,-0.07,1,8.0
2026-09-09,688363,Graham Pauley,Robert Stock,NYM@MIA,MIA,8.0,3B,L,2.61,2.35,0.97,1.0,1.031,7.5,9.45,11.8,850.0,724.0,,-2.35,-1.08,1.61,0,-1.0
2026-09-09,669003,Garrett Mitchell,Kevin Gausman,CHC@MIL,MIL,8.0,CF,L,2.13,3.06,0.982,1.0,0.969,7.5,9.45,11.7,750.0,725.0,,-2.25,-2.31,0.36,0,-1.0
2026-09-09,545121,Ildemaro Vargas,Daniel Lynch,AZ@KC,AZ,1.0,2B,L,2.18,2.25,1.0,1.0,0.985,7.3,9.35,11.7,850.0,749.0,,-2.35,-1.18,1.25,0,-1.0
2026-09-09,695720,Tommy White,Braydon Fisher,TOR@ATH,ATH,5.0,1B,R,2.02,2.64,1.006,1.009,0.971,7.3,9.35,9.5,1000.0,879.0,,-0.15,0.26,1.12,0,-1.0
2026-09-09,665926,Andrés Giménez,Brady Basso,TOR@ATH,TOR,6.0,SS,L,2.17,2.55,1.009,1.009,0.962,7.2,9.29,11.1,800.0,749.0,,-1.81,-1.82,0.67,0,-1.0
2026-09-09,675961,Alika Williams,Braydon Fisher,TOR@ATH,ATH,9.0,SS,R,2.41,2.64,1.006,1.009,0.971,7.2,9.29,8.9,1100.0,942.0,,0.39,0.96,1.27,0,-1.0
2026-09-09,695681,Christian Moore,Jake Bennett,LAA@BOS,LAA,5.0,DH,R,2.24,2.48,1.037,1.006,0.9,7.2,9.29,11.8,700.0,641.0,,-2.51,-3.21,1.0,0,-1.0
2026-09-09,805999,A. J. Ewing,Janson Junk,NYM@MIA,NYM,7.0,CF,L,2.13,2.74,0.977,1.0,1.005,7.2,9.29,,,,,,,,0,
2026-09-09,665877,José Fermín,Blade Tidwell,STL@SF,STL,9.0,2B,R,2.13,2.92,0.988,1.003,0.993,7.1,9.24,,,,,,,,0,
2026-09-09,687551,Drew Gilbert,Andre Pallante,STL@SF,SF,1.0,CF,L,2.43,1.98,0.993,1.003,0.969,7.0,9.19,9.9,950.0,939.0,,-0.71,-0.33,0.1,0,-1.0
2026-09-09,605170,Víctor Caratini,Keider Montero,MIN@DET,MIN,8.0,C,L,2.28,2.69,0.999,1.017,0.914,6.9,9.13,12.8,650.0,678.0,,-3.67,-4.2,-0.48,0,-1.0
2026-09-09,672724,Oswald Peraza,Jake Bennett,LAA@BOS,LAA,7.0,2B,R,2.28,2.48,1.049,1.006,0.9,6.8,9.08,10.4,850.0,797.0,,-1.32,-1.45,0.62,0,-1.0
2026-09-09,608070,José Ramírez,Shane Baz,CLE@BAL,CLE,3.0,3B,L,2.44,1.95,1.015,0.991,0.988,6.8,9.08,16.9,500.0,460.0,,-7.82,-7.59,1.19,0,-1.0
2026-09-09,683953,Travis Bazzana,Shane Baz,CLE@BAL,CLE,5.0,DH,L,2.55,1.95,1.015,0.991,0.988,6.8,9.08,14.3,575.0,544.0,,-5.22,-5.73,0.72,0,-1.0
2026-09-09,691594,Javier Sanoja,Robert Stock,NYM@MIA,MIA,6.0,2B,R,2.15,2.35,0.974,1.0,1.031,6.8,9.08,8.6,1100.0,1002.0,,0.48,0.75,0.74,0,-1.0
2026-09-09,672275,Patrick Bailey,Shane Baz,CLE@BAL,CLE,8.0,C,L,2.74,1.95,1.022,0.991,0.988,6.5,8.92,11.7,800.0,738.0,,-2.78,-2.19,0.82,0,-1.0
2026-09-09,663457,Lars Nootbaar,Daniel Lynch,AZ@KC,AZ,9.0,RF,L,2.44,2.25,1.0,1.0,0.985,6.3,8.81,11.7,750.0,708.0,,-2.89,-2.95,0.62,0,-1.0
2026-09-09,662139,Daulton Varsho,Cristopher Sánchez,HOU@PHI,HOU,7.0,CF,L,2.39,2.05,1.013,1.045,0.9,6.0,8.65,11.7,850.0,732.0,,-3.05,-1.88,1.49,0,-1.0
2026-09-09,694197,Angel Genao,Shane Baz,CLE@BAL,CLE,7.0,2B,L,2.45,1.95,1.015,0.991,0.988,6.0,8.65,9.9,900.0,832.0,,-1.25,-1.35,0.73,0,-1.0
2026-09-09,683766,Christian Koss,Andre Pallante,STL@SF,SF,9.0,SS,R,2.69,1.98,0.988,1.003,0.969,5.9,8.6,8.9,1100.0,1028.0,,-0.3,0.27,0.54,0,-1.0
2026-09-09,677587,Brayan Rocchio,Shane Baz,CLE@BAL,CLE,9.0,SS,L,2.52,1.95,1.015,0.991,0.988,5.7,8.49,10.4,900.0,860.0,,-1.91,-1.51,0.42,0,-1.0
2026-09-09,678489,Jorge Barrosa,Cristopher Sánchez,HOU@PHI,HOU,9.0,LF,R,2.01,2.05,1.008,1.045,0.9,4.6,7.9,,,,,,,,0,
2026-09-10,621566,Matt Olson,Nick Martínez,TB@ATL,ATL,3.0,1B,L,5.4,2.97,1.009,1.037,1.003,22.6,17.55,,,,,,,,0,
2026-09-10,691406,Junior Caminero,Martín Pérez,TB@ATL,TB,3.0,3B,R,5.62,2.61,1.009,1.037,1.061,22.0,17.23,,,,,,,,0,
2026-09-10,656941,Kyle Schwarber,Cristian Javier,HOU@PHI,PHI,1.0,DH,L,6.36,3.63,1.006,1.015,1.082,19.9,16.1,,,,,,,,0,
2026-09-10,700250,Ben Rice,Ryan Feltner,COL@NYY,NYY,1.0,DH,L,5.54,3.74,1.011,1.029,1.097,19.2,15.73,26.4,255.0,250.0,,-10.67,-12.44,0.4,0,-1.0
2026-09-10,671277,Luis García,Ryan Feltner,COL@NYY,NYY,4.0,1B,L,5.32,3.74,1.024,1.029,1.097,18.4,15.3,,,,,,,,1,
2026-09-10,686948,Drake Baldwin,Nick Martínez,TB@ATL,ATL,1.0,C,L,4.01,2.97,1.0,1.037,1.003,17.9,15.03,,,,,,,,0,
2026-09-10,808959,Munetaka Murakami,Jared Jones,PIT@CWS,CWS,3.0,1B,L,5.75,3.42,0.997,0.998,0.937,17.8,14.98,22.1,350.0,307.0,,-7.12,-7.24,2.35,0,-1.0
2026-09-10,547180,Bryce Harper,Cristian Javier,HOU@PHI,PHI,3.0,RF,L,4.12,3.63,1.006,1.015,1.082,17.7,14.92,,,,,,,,0,
2026-09-10,671739,Michael Harris,Nick Martínez,TB@ATL,ATL,4.0,CF,L,4.05,2.97,1.009,1.037,1.003,17.3,14.71,,,,,,,,0,
2026-09-10,682987,Spencer Jones,Ryan Feltner,COL@NYY,NYY,5.0,CF,L,3.59,3.74,1.011,1.029,1.097,17.2,14.65,22.5,325.0,312.0,,-7.85,-8.88,0.74,0,-1.0
2026-09-10,607208,Trea Turner,Cristian Javier,HOU@PHI,PHI,2.0,SS,R,3.03,3.63,1.008,1.015,1.082,17.2,14.65,,,,,,,,0,
2026-09-10,691176,Jasson Domínguez,Ryan Feltner,COL@NYY,NYY,3.0,RF,L,2.84,3.74,1.011,1.029,1.097,16.8,14.44,16.4,480.0,465.0,,-1.96,-2.8,0.46,0,-1.0
2026-09-10,670541,Yordan Álvarez,Zack Wheeler,HOU@PHI,HOU,2.0,DH,L,5.53,3.52,1.002,1.015,0.9,16.8,14.44,,,,,,,,0,
2026-09-10,668723,Ryan Vilade,Martín Pérez,TB@ATL,TB,2.0,1B,R,4.11,2.61,0.991,1.037,1.061,16.6,14.33,,,,,,,,0,
2026-09-10,678246,Miguel Vargas,Jared Jones,PIT@CWS,CWS,2.0,3B,R,4.48,3.42,1.004,0.998,0.937,16.5,14.28,15.6,575.0,514.0,,-1.32,-0.53,1.48,0,-1.0
2026-09-10,641355,Cody Bellinger,Ryan Feltner,COL@NYY,NYY,2.0,LF,L,2.69,3.74,1.011,1.029,1.097,16.3,14.17,17.1,475.0,443.0,,-2.93,-3.22,1.03,0,-1.0
2026-09-10,695657,Colson Montgomery,Jared Jones,PIT@CWS,CWS,5.0,SS,L,4.95,3.42,1.009,0.998,0.937,16.2,14.12,19.7,380.0,360.0,,-5.58,-6.71,0.91,0,-1.0
2026-09-10,660670,Ronald Acuña,Nick Martínez,TB@ATL,ATL,2.0,RF,R,3.71,2.97,0.991,1.037,1.003,16.1,14.06,,,,,,,,0,
2026-09-10,686527,Dominic Canzone,Jacob Degrom,TEX@SEA,SEA,3.0,DH,L,4.23,3.2,1.0,1.0,0.928,16.0,14.01,16.5,475.0,451.0,,-2.49,-3.38,0.76,0,-1.0
2026-09-10,592626,Joc Pederson,Logan Gilbert,TEX@SEA,TEX,1.0,DH,L,5.28,3.76,1.0,1.0,0.95,16.0,14.01,15.5,525.0,487.0,,-1.49,-1.99,1.04,1,5.25
2026-09-10,663728,Cal Raleigh,Jacob Degrom,TEX@SEA,SEA,4.0,C,R,4.23,3.2,1.002,1.0,0.928,16.0,14.01,21.5,350.0,323.0,,-7.49,-8.21,1.42,0,-1.0
2026-09-10,806146,George Lombard,Ryan Feltner,COL@NYY,NYY,6.0,SS,R,2.92,3.74,0.998,1.029,1.097,15.8,13.9,,,,,,,,0,
2026-09-10,641857,Ryan Mcmahon,Ryan Feltner,COL@NYY,NYY,7.0,3B,L,3.08,3.74,1.011,1.029,1.097,15.8,13.9,15.6,510.0,479.0,,-1.7,-2.49,0.88,0,-1.0
2026-09-10,665161,Jeremy Peña,Zack Wheeler,HOU@PHI,HOU,1.0,SS,R,3.84,3.52,1.008,1.015,0.9,15.5,13.74,,,,,,,,0,
2026-09-10,608369,Corey Seager,Logan Gilbert,TEX@SEA,TEX,2.0,SS,L,4.25,3.76,1.0,1.0,0.95,15.5,13.74,19.8,425.0,364.0,,-6.06,-5.31,2.5,0,-1.0
2026-09-10,677649,Ezequiel Duran,Logan Gilbert,TEX@SEA,TEX,3.0,3B,R,3.16,3.76,1.002,1.0,0.95,15.1,13.53,12.3,750.0,664.0,,1.23,1.77,1.33,0,-1.0
2026-09-10,669016,Brandon Marsh,Cristian Javier,HOU@PHI,PHI,7.0,LF,L,3.19,3.63,1.006,1.015,1.082,15.0,13.48,,,,,,,,0,
2026-09-10,669224,Austin Wells,Ryan Feltner,COL@NYY,NYY,8.0,C,L,2.93,3.74,1.011,1.029,1.097,14.7,13.31,15.9,500.0,476.0,,-2.59,-3.36,0.69,0,-1.0
2026-09-10,650490,Yandy Díaz,Martín Pérez,TB@ATL,TB,1.0,DH,R,3.44,2.61,1.009,1.037,1.061,14.6,13.26,,,,,,,,0,
2026-09-10,664761,Alec Bohm,Cristian Javier,HOU@PHI,PHI,5.0,1B,R,2.72,3.63,1.006,1.015,1.082,14.6,13.26,,,,,,,,0,
2026-09-10,694671,Wyatt Langford,Logan Gilbert,TEX@SEA,TEX,5.0,LF,R,3.74,3.76,1.002,1.0,0.95,14.6,13.26,16.5,475.0,446.0,,-3.24,-4.13,0.93,0,-1.0
2026-09-10,668227,Randy Arozarena,Jacob Degrom,TEX@SEA,SEA,2.0,LF,R,3.57,3.2,1.0,1.0,0.928,14.5,13.21,14.3,575.0,553.0,,-1.09,-1.6,0.5,0,-1.0
2026-09-10,572233,Christian Walker,Zack Wheeler,HOU@PHI,HOU,6.0,1B,R,4.12,3.52,1.008,1.015,0.9,14.0,12.94,,,,,,,,0,
2026-09-10,670623,Isaac Paredes,Zack Wheeler,HOU@PHI,HOU,3.0,3B,R,3.17,3.52,1.008,1.015,0.9,13.9,12.89,,,,,,,,0,
2026-09-10,643217,Andrew Benintendi,Jared Jones,PIT@CWS,CWS,4.0,DH,L,3.19,3.42,0.999,0.998,0.937,13.8,12.83,14.3,700.0,618.0,,-1.47,0.33,1.43,0,-1.0
2026-09-10,514888,José Altuve,Zack Wheeler,HOU@PHI,HOU,4.0,2B,R,2.98,3.52,1.008,1.015,0.9,13.5,12.67,,,,,,,,0,
2026-09-10,669394,Jake Burger,Logan Gilbert,TEX@SEA,TEX,7.0,1B,R,4.4,3.76,1.002,1.0,0.95,13.5,12.67,17.8,450.0,413.0,,-5.13,-5.51,1.31,0,-1.0
2026-09-10,677594,Julio Rodríguez,Jacob Degrom,TEX@SEA,SEA,5.0,CF,R,3.34,3.2,1.002,1.0,0.928,13.0,12.4,16.3,525.0,461.0,,-3.9,-3.6,1.83,1,5.25
2026-09-10,701358,Cam Smith,Zack Wheeler,HOU@PHI,HOU,7.0,RF,R,3.59,3.52,1.008,1.015,0.9,12.8,12.3,,,,,,,,1,
2026-09-10,696100,Hunter Goodman,Max Fried,COL@NYY,COL,3.0,C,R,6.37,1.52,0.998,1.029,0.9,12.6,12.19,20.6,375.0,355.0,,-8.41,-8.86,0.93,0,-1.0
2026-09-10,607043,Brandon Nimmo,Logan Gilbert,TEX@SEA,TEX,4.0,RF,L,2.47,3.76,1.0,1.0,0.95,12.4,12.08,15.3,525.0,514.0,,-3.22,-3.92,0.29,0,-1.0
2026-09-10,643376,Danny Jansen,Logan Gilbert,TEX@SEA,TEX,9.0,C,R,3.23,3.76,1.002,1.0,0.95,12.3,12.03,13.3,750.0,653.0,,-1.27,0.27,1.52,0,-1.0
2026-09-10,665561,Rafael Marchán,Cristian Javier,HOU@PHI,PHI,9.0,C,L,2.66,3.63,1.006,1.015,1.082,12.1,11.92,,,,,,,,0,
2026-09-10,676356,Jonny Deluca,Martín Pérez,TB@ATL,TB,4.0,RF,R,2.89,2.61,0.991,1.037,1.061,11.6,11.65,,,,,,,,0,
2026-09-10,642086,Dominic Smith,Nick Martínez,TB@ATL,ATL,6.0,DH,L,2.84,2.97,1.002,1.037,1.003,11.5,11.6,,,,,,,,0,
2026-09-10,641487,J. P. Crawford,Jacob Degrom,TEX@SEA,SEA,1.0,SS,L,2.53,3.2,1.0,1.0,0.928,11.2,11.44,,,,,,,,0,
2026-09-10,666211,Taylor Trammell,Zack Wheeler,HOU@PHI,HOU,8.0,LF,L,2.87,3.52,1.013,1.015,0.9,11.2,11.44,,,,,,,,0,
2026-09-10,694497,Evan Carter,Logan Gilbert,TEX@SEA,TEX,6.0,CF,L,2.37,3.76,1.0,1.0,0.95,11.0,11.33,11.0,900.0,796.0,,0.33,1.33,1.16,0,-1.0
2026-09-10,663586,Austin Riley,Nick Martínez,TB@ATL,ATL,7.0,3B,R,2.85,2.97,1.004,1.037,1.003,11.0,11.33,,,,,,,,0,
2026-09-10,681082,Bryson Stott,Cristian Javier,HOU@PHI,PHI,6.0,3B,L,2.05,3.63,1.006,1.015,1.082,10.8,11.22,,,,,,,,0,
2026-09-10,671976,Tristan Peters,Jared Jones,PIT@CWS,CWS,8.0,CF,L,2.78,3.42,0.997,0.998,0.937,10.6,11.12,11.0,850.0,738.0,,0.12,0.59,1.4,0,-1.0
2026-09-10,662139,Daulton Varsho,Zack Wheeler,HOU@PHI,HOU,5.0,CF,L,2.38,3.52,1.013,1.015,0.9,10.5,11.06,,,,,,,,0,
2026-09-10,543877,Christian Vázquez,Zack Wheeler,HOU@PHI,HOU,9.0,C,R,2.84,3.52,1.008,1.015,0.9,10.5,11.06,,,,,,,,0,
2026-09-10,702284,Cole Young,Jacob Degrom,TEX@SEA,SEA,7.0,2B,L,2.79,3.2,1.0,1.0,0.928,10.4,11.01,11.6,850.0,744.0,,-0.59,0.48,1.32,0,-1.0
2026-09-10,622761,Jorge Mateo,Martín Pérez,TB@ATL,TB,7.0,SS,R,2.79,2.61,0.991,1.037,1.061,10.0,10.79,,,,,,,,0,
2026-09-10,656775,Cedric Mullins,Martín Pérez,TB@ATL,TB,9.0,CF,L,2.98,2.61,1.009,1.037,1.061,9.9,10.74,,,,,,,,0,
2026-09-10,668670,Jake Rogers,Jared Jones,PIT@CWS,CWS,9.0,C,R,2.71,3.42,1.004,0.998,0.937,9.9,10.74,11.3,800.0,769.0,,-0.56,-0.37,0.4,0,-1.0
2026-09-10,695731,Braden Montgomery,Jared Jones,PIT@CWS,CWS,6.0,RF,L,2.22,3.42,0.997,0.998,0.937,9.3,10.42,10.4,950.0,878.0,,0.02,0.9,0.7,0,-1.0
2026-09-10,643289,Mauricio Dubón,Nick Martínez,TB@ATL,ATL,5.0,2B,R,2.17,2.97,1.009,1.037,1.003,9.2,10.36,,,,,,,,0,
2026-09-10,805367,Chase Meidroth,Jared Jones,PIT@CWS,CWS,7.0,2B,R,2.22,3.42,1.004,0.998,0.937,9.0,10.26,8.9,1400.0,1204.0,,1.36,3.59,1.0,0,-1.0
2026-09-10,664983,Jake Mccarthy,Max Fried,COL@NYY,COL,1.0,LF,L,2.9,1.52,1.011,1.029,0.9,6.3,8.81,9.4,1050.0,940.0,,-0.59,0.11,0.92,0,-1.0
2026-09-10,681198,Tj Rumfield,Max Fried,COL@NYY,COL,4.0,1B,L,2.69,1.52,1.011,1.029,0.9,5.5,8.38,10.4,900.0,825.0,,-2.02,-1.62,0.81,0,-1.0
2026-09-10,694249,Cole Carrigg,Max Fried,COL@NYY,COL,5.0,CF,L,2.52,1.52,1.011,1.029,0.9,5.0,8.11,11.5,850.0,798.0,,-3.39,-2.42,0.61,0,-1.0
2026-09-10,681393,Connor Norby,Max Fried,COL@NYY,COL,2.0,2B,R,2.37,1.52,1.011,1.029,0.9,5.0,8.11,12.7,700.0,654.0,,-4.59,-4.39,0.76,0,-1.0
2026-09-10,691720,Kyle Karros,Max Fried,COL@NYY,COL,6.0,3B,R,2.56,1.52,0.998,1.029,0.9,4.8,8.01,10.4,950.0,865.0,,-2.39,-1.51,0.84,1,9.5
2026-09-10,678662,Ezequiel Tovar,Max Fried,COL@NYY,COL,9.0,SS,R,2.33,1.52,0.998,1.029,0.9,3.8,7.47,9.4,1000.0,913.0,,-1.93,-1.62,0.78,0,-1.0
