date,batter,pitcher,game,arch,hit_hr,pit_hr,park,wx,supp,pa_hr,hr_prob,fair,Batter,Pitcher,slot,pos,gtime,gstart_ms,upcoming,proj,mkt_over,mkt_book,mkt_prob,mkt_n_books,team,bat_hand,pit_hand
2026-07-16,665742,605400,NYM@PHI,Middle Fastball Crusher (LH),5.437,4.272,1.006,0.991,1.001,7.552,27.5,263,juan soto,aaron nola,,,,,,,,,,,,,
2026-07-16,656941,681035,NYM@PHI,Middle Slider Crusher (LH),6.67,3.03,1.006,0.991,1.034,6.788,25.0,299,kyle schwarber,christian scott,,,,,,,,,,,,,
2026-07-16,682626,605400,NYM@PHI,Oppo Fastball Hunter,3.603,4.272,1.006,0.991,1.001,5.005,19.0,427,francisco álvarez,aaron nola,,,,,,,,,,,,,
2026-07-16,547180,681035,NYM@PHI,Middle Fastball Crusher (LH),4.486,3.03,1.006,0.991,1.034,4.565,17.4,474,bryce harper,christian scott,,,,,,,,,,,,,
2026-07-16,666182,605400,NYM@PHI,Middle Fastball Crusher,2.567,4.272,1.008,0.991,1.001,3.573,13.9,622,bo bichette,aaron nola,,,,,,,,,,,,,
2026-07-16,664761,681035,NYM@PHI,Oppo Fastball Hunter,2.955,3.03,1.006,0.991,1.034,3.007,11.8,750,alec bohm,christian scott,,,,,,,,,,,,,
2026-07-16,607208,681035,NYM@PHI,Middle Fastball Crusher,2.558,3.03,1.008,0.991,1.034,2.608,10.3,874,trea turner,christian scott,,,,,,,,,,,,,
2026-07-16,683146,605400,NYM@PHI,Middle Fastball Crusher (LH),1.715,4.272,1.006,0.991,1.001,2.382,9.4,962,brett baty,aaron nola,,,,,,,,,,,,,
2026-07-17,700250,808963,LAD@NYY,Middle Fastball Crusher (LH),6.447,4.703,1.011,0.982,1.047,10.258,35.8,179,ben rice,roki sasaki,,,,,,,,,,,,,
2026-07-17,696100,663903,CIN@COL,Middle Fastball Crusher,6.187,4.45,0.963,1.007,1.12,9.734,34.3,192,hunter goodman,brady singer,,,,,,,,,,,,,
2026-07-17,666160,663903,CIN@COL,Inside Breaking Ball Specialist (LH),5.385,4.45,0.956,1.007,1.12,8.411,30.2,231,mickey moniak,brady singer,,,,,,,,,,,,,
2026-07-17,691023,518876,STL@AZ,Middle Fastball Crusher,4.988,4.371,1.0,1.0,1.12,7.949,28.8,247,jordan walker,merrill kelly,,,,,,,,,,,,,
2026-07-17,575929,669438,TB@BOS,Middle Slider Crusher,4.884,3.722,1.037,0.991,1.026,6.242,23.2,331,willson contreras,mason englert,,,,,,,,,,,,,
2026-07-17,621566,615698,TEX@ATL,Middle Fastball Crusher (LH),5.352,3.093,1.009,1.0,1.039,5.651,21.2,371,matt olson,cal quantrill,,,,,,,,,,,,,
2026-07-17,665862,808963,LAD@NYY,Middle Fastball Crusher (LH),3.498,4.703,1.011,0.982,1.047,5.566,20.9,378,jazz chisholm,roki sasaki,,,,,,,,,,,,,
2026-07-17,672960,641743,CWS@TOR,Oppo Fastball Hunter,5.117,2.998,1.004,1.0,1.101,5.519,20.8,382,kazuma okamoto,anthony kay,,,,,,,,,,,,,
2026-07-17,691176,808963,LAD@NYY,Middle Fastball Crusher (LH),3.328,4.703,1.011,0.982,1.047,5.295,20.0,400,jasson domínguez,roki sasaki,,,,,,,,,,,,,
2026-07-17,592518,607625,SD@KC,Middle Slider Crusher,4.44,3.262,1.0,1.0,1.12,5.28,19.9,401,manny machado,seth lugo,,,,,,,,,,,,,
2026-07-17,624424,641927,MIN@CHC,Oppo Fastball Hunter (LH),4.159,3.904,0.978,1.005,1.015,5.275,19.9,402,michael conforto,bailey ober,,,,,,,,,,,,,
2026-07-17,621020,641927,MIN@CHC,Middle Fastball Crusher,4.118,3.904,0.978,1.005,1.015,5.223,19.7,406,dansby swanson,bailey ober,,,,,,,,,,,,,
2026-07-17,663757,808963,LAD@NYY,Oppo Fastball Hunter (LH),3.274,4.703,1.011,0.982,1.047,5.21,19.7,408,trent grisham,roki sasaki,,,,,,,,,,,,,
2026-07-17,676609,808963,LAD@NYY,Middle Fastball Crusher,3.306,4.703,0.998,0.982,1.047,5.193,19.6,409,josé caballero,roki sasaki,,,,,,,,,,,,,
2026-07-17,665019,607067,MIN@CHC,Middle Fastball Crusher (LH),4.355,3.282,0.976,1.005,1.12,5.111,19.4,417,kody clemens,colin rea,,,,,,,,,,,,,
2026-07-17,664983,663903,CIN@COL,Middle Fastball Crusher (LH),3.205,4.45,0.966,1.007,1.12,5.058,19.2,422,jake mccarthy,brady singer,,,,,,,,,,,,,
2026-07-17,664023,641927,MIN@CHC,Middle Fastball Crusher,3.993,3.904,0.978,1.005,1.015,5.065,19.2,421,ian happ,bailey ober,,,,,,,,,,,,,
2026-07-17,660271,543037,LAD@NYY,Middle Fastball Crusher (LH),4.883,3.531,1.011,0.982,0.911,5.074,19.2,420,shohei ohtani,gerrit cole,,,,,,,,,,,,,
2026-07-17,664034,607625,SD@KC,Inside Breaking Ball Specialist,4.184,3.262,1.0,1.0,1.12,4.976,18.9,430,ty france,seth lugo,,,,,,,,,,,,,
2026-07-17,680776,643377,TB@BOS,Middle Fastball Crusher (LH),3.344,3.792,1.044,0.991,1.107,4.729,18.0,455,jarren duran,griffin jax,,,,,,,,,,,,,
2026-07-17,571970,543037,LAD@NYY,Oppo Fastball Hunter (LH),4.536,3.531,1.011,0.982,0.911,4.713,18.0,457,max muncy,gerrit cole,,,,,,,,,,,,,
2026-07-17,657757,607625,SD@KC,Middle Fastball Crusher (LH),3.983,3.262,1.0,1.0,1.12,4.737,18.0,454,gavin sheets,seth lugo,,,,,,,,,,,,,
2026-07-17,669224,808963,LAD@NYY,Oppo Fastball Hunter (LH),2.874,4.703,1.011,0.982,1.047,4.573,17.5,473,austin wells,roki sasaki,,,,,,,,,,,,,
2026-07-17,606466,700241,STL@AZ,Inside Breaking Ball Specialist,3.94,3.196,1.0,1.0,1.11,4.549,17.4,475,ketel marte,michael mcgreevy,,,,,,,,,,,,,
2026-07-17,680777,607067,MIN@CHC,Middle Fastball Crusher,3.858,3.282,0.978,1.005,1.12,4.537,17.3,477,ryan jeffers,colin rea,,,,,,,,,,,,,
2026-07-17,641355,808963,LAD@NYY,Middle Slider Crusher (LH),2.83,4.703,1.011,0.982,1.047,4.503,17.2,481,cody bellinger,roki sasaki,,,,,,,,,,,,,
2026-07-17,691720,663903,CIN@COL,Middle Fastball Crusher,2.857,4.45,0.963,1.007,1.12,4.495,17.2,482,kyle karros,brady singer,,,,,,,,,,,,,
2026-07-17,686948,615698,TEX@ATL,Oppo Fastball Hunter (LH),4.256,3.093,1.0,1.0,1.039,4.454,17.0,487,drake baldwin,cal quantrill,,,,,,,,,,,,,
2026-07-17,663457,518876,STL@AZ,Inside Breaking Ball Specialist (LH),2.774,4.371,1.0,1.0,1.12,4.421,16.9,491,lars nootbaar,merrill kelly,,,,,,,,,,,,,
2026-07-17,694212,663567,BAL@HOU,Oppo Fastball Hunter (LH),4.676,3.097,1.025,1.0,0.904,4.37,16.7,497,samuel basallo,peter lambert,,,,,,,,,,,,,
2026-07-17,671739,615698,TEX@ATL,Middle Fastball Crusher (LH),4.136,3.093,1.009,1.0,1.039,4.367,16.7,498,michael harris,cal quantrill,,,,,,,,,,,,,
2026-07-17,680776,669438,TB@BOS,Middle Fastball Crusher (LH),3.344,3.722,1.044,0.991,1.026,4.303,16.5,506,jarren duran,mason englert,,,,,,,,,,,,,
2026-07-17,671056,518876,STL@AZ,Middle Slider Crusher,2.705,4.371,1.0,1.0,1.12,4.311,16.5,505,iván herrera,merrill kelly,,,,,,,,,,,,,
2026-07-17,668904,607067,MIN@CHC,Middle Fastball Crusher,3.64,3.282,0.978,1.005,1.12,4.281,16.4,509,royce lewis,colin rea,,,,,,,,,,,,,
2026-07-17,695578,695611,WSH@ATH,Middle Fastball Crusher (LH),5.501,2.418,1.009,1.01,0.961,4.239,16.3,515,james wood,gage jump,,,,,,,,,,,,,
2026-07-17,665877,518876,STL@AZ,Middle Slider Crusher,2.623,4.371,1.0,1.0,1.12,4.18,16.1,523,josé fermín,merrill kelly,,,,,,,,,,,,,
2026-07-17,686797,607067,MIN@CHC,Middle Fastball Crusher,3.573,3.282,0.978,1.005,1.12,4.202,16.1,520,brooks lee,colin rea,,,,,,,,,,,,,
2026-07-17,624413,663567,BAL@HOU,Oppo Fastball Hunter,4.571,3.097,1.004,1.0,0.904,4.184,16.1,522,pete alonso,peter lambert,,,,,,,,,,,,,
2026-07-17,691406,687562,TB@BOS,Oppo Fastball Hunter,5.923,2.291,1.044,0.991,0.9,4.113,15.8,532,junior caminero,jake bennett,,,,,,,,,,,,,
2026-07-17,702332,643377,TB@BOS,Middle Fastball Crusher,2.903,3.792,1.037,0.991,1.107,4.078,15.7,537,caleb durbin,griffin jax,,,,,,,,,,,,,
2026-07-17,605141,543037,LAD@NYY,Inside Breaking Ball Specialist,3.875,3.531,1.014,0.982,0.911,4.039,15.6,543,mookie betts,gerrit cole,,,,,,,,,,,,,
2026-07-17,691723,663567,BAL@HOU,Middle Fastball Crusher,4.286,3.097,1.034,1.0,0.904,4.04,15.6,543,coby mayo,peter lambert,,,,,,,,,,,,,
2026-07-17,677800,643377,TB@BOS,Inside Breaking Ball Specialist (LH),2.813,3.792,1.059,0.991,1.107,4.035,15.5,544,wilyer abreu,griffin jax,,,,,,,,,,,,,
2026-07-17,678662,663903,CIN@COL,Middle Slider Crusher,2.524,4.45,0.963,1.007,1.12,3.971,15.3,553,ezequiel tovar,brady singer,,,,,,,,,,,,,
2026-07-17,605137,607067,MIN@CHC,Middle Fastball Crusher (LH),3.364,3.282,0.976,1.005,1.12,3.948,15.2,557,josh bell,colin rea,,,,,,,,,,,,,
2026-07-17,666139,675512,DET@LAA,Middle Fastball Crusher (LH),3.831,3.424,1.006,1.002,0.9,3.874,15.0,569,josh lowe,troy melton,,,,,,,,,,,,,
2026-07-17,693307,672282,DET@LAA,Middle Slider Crusher,4.716,2.759,1.003,1.002,0.902,3.841,14.8,574,dillon dingler,reid detmers,,,,,,,,,,,,,
2026-07-17,650489,663903,CIN@COL,Middle Fastball Crusher,2.401,4.45,0.963,1.007,1.12,3.778,14.6,585,willi castro,brady singer,,,,,,,,,,,,,
2026-07-17,642715,682243,SF@SEA,Middle Fastball Crusher,3.737,3.454,1.002,1.0,0.9,3.789,14.6,583,willy adames,bryce miller,,,,,,,,,,,,,
2026-07-17,702332,669438,TB@BOS,Middle Fastball Crusher,2.903,3.722,1.037,0.991,1.026,3.71,14.4,596,caleb durbin,mason englert,,,,,,,,,,,,,
2026-07-17,682998,700241,STL@AZ,Oppo Fastball Hunter (LH),3.221,3.196,1.0,1.0,1.11,3.719,14.4,595,corbin carroll,michael mcgreevy,,,,,,,,,,,,,
2026-07-17,518692,543037,LAD@NYY,Middle Fastball Crusher (LH),3.539,3.531,1.011,0.982,0.911,3.677,14.2,602,freddie freeman,gerrit cole,,,,,,,,,,,,,
2026-07-17,677800,669438,TB@BOS,Inside Breaking Ball Specialist (LH),2.813,3.722,1.059,0.991,1.026,3.671,14.2,603,wilyer abreu,mason englert,,,,,,,,,,,,,
2026-07-17,694374,700241,STL@AZ,Inside Breaking Ball Specialist,3.053,3.196,1.0,1.0,1.11,3.525,13.7,631,tim tawa,michael mcgreevy,,,,,,,,,,,,,
2026-07-17,669127,676917,WSH@ATH,Middle Fastball Crusher,4.869,2.163,1.006,1.01,0.996,3.469,13.5,642,shea langeliers,cade cavalli,,,,,,,,,,,,,
2026-07-17,624585,675512,DET@LAA,Middle Fastball Crusher,3.407,3.424,1.003,1.002,0.9,3.435,13.4,649,jorge soler,troy melton,,,,,,,,,,,,,
2026-07-17,645277,615698,TEX@ATL,Middle Fastball Crusher,3.337,3.093,0.991,1.0,1.039,3.461,13.4,644,ozzie albies,cal quantrill,,,,,,,,,,,,,
2026-07-17,695657,693686,CWS@TOR,Oppo Fastball Hunter (LH),5.316,2.179,1.009,1.0,0.9,3.424,13.3,651,colson montgomery,spencer miles,,,,,,,,,,,,,
2026-07-17,683002,663567,BAL@HOU,Middle Slider Crusher (LH),3.701,3.097,1.004,1.0,0.904,3.388,13.2,659,gunnar henderson,peter lambert,,,,,,,,,,,,,
2026-07-17,678882,643377,TB@BOS,Middle Slider Crusher,2.395,3.792,1.037,0.991,1.107,3.364,13.1,664,ceddanne rafaela,griffin jax,,,,,,,,,,,,,
2026-07-17,671218,682243,SF@SEA,Inside Breaking Ball Specialist,3.329,3.454,1.002,1.0,0.9,3.375,13.1,661,heliot ramos,bryce miller,,,,,,,,,,,,,
2026-07-17,543807,641743,CWS@TOR,Middle Fastball Crusher,3.072,2.998,1.009,1.0,1.101,3.33,13.0,671,george springer,anthony kay,,,,,,,,,,,,,
2026-07-17,695506,650633,SD@KC,Middle Fastball Crusher (LH),3.984,2.455,1.0,1.0,1.035,3.295,12.8,679,jac caglianone,mike king,,,,,,,,,,,,,
2026-07-17,679529,672282,DET@LAA,Middle Fastball Crusher,4.009,2.759,1.003,1.002,0.902,3.265,12.7,686,spencer torkelson,reid detmers,,,,,,,,,,,,,
2026-07-17,608348,641927,MIN@CHC,Inside Breaking Ball Specialist,2.611,3.904,0.961,1.005,1.015,3.254,12.7,688,carson kelly,bailey ober,,,,,,,,,,,,,
2026-07-17,606192,543037,LAD@NYY,Middle Fastball Crusher,3.15,3.531,0.998,0.982,0.911,3.231,12.6,694,teoscar hernández,gerrit cole,,,,,,,,,,,,,
2026-07-17,666176,675512,DET@LAA,Middle Slider Crusher,3.209,3.424,1.003,1.002,0.9,3.235,12.6,693,jo adell,troy melton,,,,,,,,,,,,,
2026-07-17,694192,645261,MIA@MIL,Middle Fastball Crusher,4.13,2.537,0.99,1.0,0.946,3.196,12.5,702,jackson chourio,sandy alcántara,,,,,,,,,,,,,
2026-07-17,701538,607625,SD@KC,Middle Fastball Crusher (LH),2.668,3.262,1.0,1.0,1.12,3.173,12.4,708,jackson merrill,seth lugo,,,,,,,,,,,,,
2026-07-17,593428,607625,SD@KC,Middle Fastball Crusher,2.621,3.262,1.0,1.0,1.12,3.117,12.2,721,xander bogaerts,seth lugo,,,,,,,,,,,,,
2026-07-17,678882,669438,TB@BOS,Middle Slider Crusher,2.395,3.722,1.037,0.991,1.026,3.061,12.0,736,ceddanne rafaela,mason englert,,,,,,,,,,,,,
2026-07-17,681297,663567,BAL@HOU,Middle Fastball Crusher (LH),3.329,3.097,1.004,1.0,0.904,3.047,11.9,739,colton cowser,peter lambert,,,,,,,,,,,,,
2026-07-17,686527,694738,SF@SEA,Middle Slider Crusher (LH),4.996,2.065,1.0,1.0,0.9,3.022,11.8,746,dominic canzone,landen roupp,,,,,,,,,,,,,
2026-07-17,678246,693686,CWS@TOR,Middle Fastball Crusher,4.667,2.179,1.009,1.0,0.9,3.006,11.8,750,miguel vargas,spencer miles,,,,,,,,,,,,,
2026-07-17,702616,663567,BAL@HOU,Middle Slider Crusher (LH),3.303,3.097,1.004,1.0,0.904,3.023,11.8,746,jackson holliday,peter lambert,,,,,,,,,,,,,
2026-07-17,656484,607067,MIN@CHC,Middle Fastball Crusher (LH),2.553,3.282,0.976,1.005,1.12,2.996,11.7,753,tristan gray,colin rea,,,,,,,,,,,,,
2026-07-17,665052,701656,MIA@MIL,Middle Fastball Crusher (LH),4.117,2.522,0.982,1.0,0.9,2.987,11.7,755,griffin conine,logan henderson,,,,,,,,,,,,,
2026-07-17,695600,650633,SD@KC,Middle Fastball Crusher (LH),3.581,2.455,1.0,1.0,1.035,2.962,11.6,762,carter jensen,mike king,,,,,,,,,,,,,
2026-07-17,807799,643377,TB@BOS,Middle Fastball Crusher (LH),2.083,3.792,1.044,0.991,1.107,2.946,11.5,767,masataka yoshida,griffin jax,,,,,,,,,,,,,
2026-07-17,643289,615698,TEX@ATL,Oppo Fastball Hunter,2.782,3.093,1.009,1.0,1.039,2.937,11.5,769,mauricio dubón,cal quantrill,,,,,,,,,,,,,
2026-07-17,608324,641927,MIN@CHC,Oppo Fastball Hunter,2.298,3.904,0.976,1.005,1.015,2.909,11.4,777,alex bregman,bailey ober,,,,,,,,,,,,,
2026-07-17,642086,615698,TEX@ATL,High Zone Fastball Hitter (LH),2.744,3.093,1.002,1.0,1.039,2.877,11.3,786,dominic smith,cal quantrill,,,,,,,,,,,,,
2026-07-17,609280,607625,SD@KC,Oppo Fastball Hunter,2.413,3.262,1.0,1.0,1.12,2.87,11.3,789,miguel andújar,seth lugo,,,,,,,,,,,,,
2026-07-17,671289,663903,CIN@COL,Oppo Fastball Hunter,1.802,4.45,0.966,1.007,1.12,2.844,11.2,796,tyler freeman,brady singer,,,,,,,,,,,,,
2026-07-17,670042,694738,SF@SEA,Middle Fastball Crusher (LH),4.666,2.065,1.0,1.0,0.9,2.823,11.1,803,luke raley,landen roupp,,,,,,,,,,,,,
2026-07-17,630105,607625,SD@KC,Oppo Fastball Hunter (LH),2.363,3.262,1.0,1.0,1.12,2.81,11.0,807,jake cronenworth,seth lugo,,,,,,,,,,,,,
2026-07-17,672386,641743,CWS@TOR,Oppo Fastball Hunter,2.596,2.998,1.004,1.0,1.101,2.8,11.0,810,alejandro kirk,anthony kay,,,,,,,,,,,,,
2026-07-17,668939,663567,BAL@HOU,Middle Fastball Crusher,2.958,3.097,1.034,1.0,0.904,2.788,10.9,813,adley rutschman,peter lambert,,,,,,,,,,,,,
2026-07-17,665966,643377,TB@BOS,Middle Slider Crusher,1.934,3.792,1.037,0.991,1.107,2.717,10.7,836,carlos narváez,griffin jax,,,,,,,,,,,,,
2026-07-17,691016,676917,WSH@ATH,Middle Fastball Crusher (LH),3.779,2.163,1.009,1.01,0.996,2.7,10.6,842,tyler soderstrom,cade cavalli,,,,,,,,,,,,,
2026-07-17,662139,641743,CWS@TOR,Oppo Fastball Hunter (LH),2.491,2.998,1.009,1.0,1.101,2.7,10.6,842,daulton varsho,anthony kay,,,,,,,,,,,,,
2026-07-17,669394,519242,TEX@ATL,Middle Fastball Crusher,4.001,2.276,0.991,1.0,0.909,2.67,10.5,852,jake burger,chris sale,,,,,,,,,,,,,
2026-07-17,807799,669438,TB@BOS,Middle Fastball Crusher (LH),2.083,3.722,1.044,0.991,1.026,2.68,10.5,849,masataka yoshida,mason englert,,,,,,,,,,,,,
2026-07-17,669065,701656,MIA@MIL,Middle Slider Crusher (LH),3.691,2.522,0.982,1.0,0.9,2.678,10.5,849,kyle stowers,logan henderson,,,,,,,,,,,,,
2026-07-17,663586,615698,TEX@ATL,High Zone Fastball Hitter,2.512,3.093,1.004,1.0,1.039,2.639,10.4,863,austin riley,cal quantrill,,,,,,,,,,,,,
2026-07-17,682985,672282,DET@LAA,Oppo Fastball Hunter (LH),3.203,2.759,1.011,1.002,0.902,2.63,10.4,866,riley greene,reid detmers,,,,,,,,,,,,,
2026-07-17,677951,650633,SD@KC,Middle Slider Crusher,3.19,2.455,1.0,1.0,1.035,2.638,10.4,863,bobby witt,mike king,,,,,,,,,,,,,
2026-07-17,691026,518876,STL@AZ,Middle Slider Crusher,1.611,4.371,1.0,1.0,1.12,2.567,10.1,889,masyn winn,merrill kelly,,,,,,,,,,,,,
2026-07-17,668930,645261,MIA@MIL,Inside Breaking Ball Specialist (LH),3.275,2.537,0.97,1.0,0.946,2.483,9.8,921,brice turang,sandy alcántara,,,,,,,,,,,,,
2026-07-17,521692,650633,SD@KC,Middle Fastball Crusher,2.961,2.455,1.0,1.0,1.035,2.449,9.7,935,salvador pérez,mike king,,,,,,,,,,,,,
2026-07-17,686681,650633,SD@KC,Inside Breaking Ball Specialist (LH),2.92,2.455,1.0,1.0,1.035,2.415,9.5,949,michael massey,mike king,,,,,,,,,,,,,
2026-07-17,686611,695611,WSH@ATH,Middle Fastball Crusher,3.135,2.418,1.006,1.01,0.961,2.409,9.5,951,dylan crews,gage jump,,,,,,,,,,,,,
2026-07-17,687859,663903,CIN@COL,Inside Breaking Ball Specialist (LH),1.541,4.45,0.956,1.007,1.12,2.407,9.5,952,troy johnston,brady singer,,,,,,,,,,,,,
2026-07-17,657136,669438,TB@BOS,Oppo Fastball Hunter,1.845,3.722,1.044,0.991,1.026,2.374,9.4,966,connor wong,mason englert,,,,,,,,,,,,,
2026-07-17,657041,650633,SD@KC,Oppo Fastball Hunter,2.747,2.455,1.0,1.0,1.035,2.272,9.0,1012,lane thomas,mike king,,,,,,,,,,,,,
2026-07-17,650490,687562,TB@BOS,Oppo Fastball Hunter,3.246,2.291,1.044,0.991,0.9,2.254,8.9,1021,yandy díaz,jake bennett,,,,,,,,,,,,,
2026-07-17,663656,543037,LAD@NYY,Middle Fastball Crusher (LH),2.129,3.531,1.011,0.982,0.911,2.212,8.8,1041,kyle tucker,gerrit cole,,,,,,,,,,,,,
2026-07-17,681351,675512,DET@LAA,Oppo Fastball Hunter,2.177,3.424,1.006,1.002,0.9,2.201,8.7,1047,logan o'hoppe,troy melton,,,,,,,,,,,,,
2026-07-17,696285,695611,WSH@ATH,Middle Fastball Crusher,2.857,2.418,1.006,1.01,0.961,2.195,8.7,1050,jacob young,gage jump,,,,,,,,,,,,,
2026-07-17,643217,693686,CWS@TOR,High Zone Fastball Hitter (LH),3.346,2.179,1.007,1.0,0.9,2.151,8.5,1072,andrew benintendi,spencer miles,,,,,,,,,,,,,
2026-07-17,666971,700241,STL@AZ,Middle Fastball Crusher,1.864,3.196,1.0,1.0,1.11,2.152,8.5,1072,lourdes gurriel,michael mcgreevy,,,,,,,,,,,,,
2026-07-17,665489,641743,CWS@TOR,Oppo Fastball Hunter,1.907,2.998,1.004,1.0,1.101,2.057,8.2,1124,vladimir guerrero,anthony kay,,,,,,,,,,,,,
2026-07-17,677649,519242,TEX@ATL,Middle Fastball Crusher,3.069,2.276,0.991,1.0,0.909,2.048,8.1,1129,ezequiel duran,chris sale,,,,,,,,,,,,,
2026-07-17,695734,695611,WSH@ATH,Inside Breaking Ball Specialist (LH),2.612,2.418,1.009,1.01,0.961,2.013,8.0,1150,daylen lile,gage jump,,,,,,,,,,,,,
2026-07-17,666126,676917,WSH@ATH,Middle Slider Crusher (LH),2.76,2.163,1.009,1.01,0.996,1.972,7.8,1175,carlos cortes,cade cavalli,,,,,,,,,,,,,
2026-07-17,679845,650633,SD@KC,Oppo Fastball Hunter,2.35,2.455,1.0,1.0,1.035,1.944,7.7,1193,nick loftin,mike king,,,,,,,,,,,,,
2026-07-17,661388,645261,MIA@MIL,Middle Fastball Crusher,2.517,2.537,0.99,1.0,0.946,1.948,7.7,1191,william contreras,sandy alcántara,,,,,,,,,,,,,
2026-07-17,686469,650633,SD@KC,Middle Slider Crusher (LH),2.306,2.455,1.0,1.0,1.035,1.907,7.6,1217,vinnie pasquantino,mike king,,,,,,,,,,,,,
2026-07-17,663728,694738,SF@SEA,Middle Slider Crusher,3.164,2.065,1.002,1.0,0.9,1.918,7.6,1210,cal raleigh,landen roupp,,,,,,,,,,,,,
2026-07-17,807712,607067,MIN@CHC,Oppo Fastball Hunter,1.615,3.282,0.976,1.005,1.12,1.896,7.5,1225,luke keaschall,colin rea,,,,,,,,,,,,,
2026-07-17,592885,645261,MIA@MIL,Middle Slider Crusher (LH),2.44,2.537,0.982,1.0,0.946,1.873,7.5,1241,christian yelich,sandy alcántara,,,,,,,,,,,,,
2026-07-17,663837,672282,DET@LAA,Oppo Fastball Hunter,2.268,2.759,1.006,1.002,0.902,1.853,7.4,1255,matt vierling,reid detmers,,,,,,,,,,,,,
2026-07-17,663538,641927,MIN@CHC,Middle Fastball Crusher,1.421,3.904,0.978,1.005,1.015,1.802,7.2,1292,nico hoerner,bailey ober,,,,,,,,,,,,,
2026-07-17,668227,694738,SF@SEA,Oppo Fastball Hunter,2.937,2.065,1.0,1.0,0.9,1.777,7.1,1311,randy arozarena,landen roupp,,,,,,,,,,,,,
2026-07-17,672640,701656,MIA@MIL,Middle Fastball Crusher,2.389,2.522,0.99,1.0,0.9,1.748,7.0,1334,otto lopez,logan henderson,,,,,,,,,,,,,
2026-07-17,656716,672282,DET@LAA,Inside Breaking Ball Specialist (LH),2.077,2.759,1.002,1.002,0.902,1.69,6.8,1381,zach mckinstry,reid detmers,,,,,,,,,,,,,
2026-07-17,673962,519242,TEX@ATL,Middle Fastball Crusher,2.558,2.276,0.991,1.0,0.909,1.707,6.8,1367,josh jung,chris sale,,,,,,,,,,,,,
2026-07-17,686555,650633,SD@KC,Inside Breaking Ball Specialist,1.992,2.455,1.0,1.0,1.035,1.648,6.6,1419,isaac collins,mike king,,,,,,,,,,,,,
2026-07-17,805779,676917,WSH@ATH,Inside Breaking Ball Specialist,2.153,2.163,1.006,1.01,0.996,1.534,6.1,1528,jacob wilson,cade cavalli,,,,,,,,,,,,,
2026-07-17,687401,645261,MIA@MIL,Middle Fastball Crusher,1.852,2.537,0.99,1.0,0.946,1.433,5.7,1640,joey ortiz,sandy alcántara,,,,,,,,,,,,,
2026-07-17,691594,701656,MIA@MIL,Middle Fastball Crusher,1.837,2.522,0.99,1.0,0.9,1.344,5.4,1753,javier sanoja,logan henderson,,,,,,,,,,,,,
2026-07-17,669364,701656,MIA@MIL,Middle Fastball Crusher (LH),1.831,2.522,0.982,1.0,0.9,1.329,5.3,1774,xavier edwards,logan henderson,,,,,,,,,,,,,
2026-07-17,805300,701656,MIA@MIL,Middle Slider Crusher (LH),1.7,2.522,0.982,1.0,0.9,1.233,5.0,1916,jakob marsee,logan henderson,,,,,,,,,,,,,
2026-07-17,663743,687562,TB@BOS,Inside Breaking Ball Specialist,1.663,2.291,1.049,0.991,0.9,1.16,4.7,2040,nick fortes,jake bennett,,,,,,,,,,,,,
2026-07-17,810938,687562,TB@BOS,Middle Slider Crusher,1.672,2.291,1.037,0.991,0.9,1.153,4.6,2053,ben williamson,jake bennett,,,,,,,,,,,,,
2026-07-17,645302,694738,SF@SEA,High Zone Fastball Hitter,1.631,2.065,1.004,1.0,0.9,0.991,4.0,2400,víctor robles,landen roupp,,,,,,,,,,,,,
2026-07-17,683083,695611,WSH@ATH,Middle Fastball Crusher,1.1,2.418,1.006,1.01,0.961,0.845,3.4,2824,nasim nuñez,gage jump,,,,,,,,,,,,,
2026-07-17,670764,687562,TB@BOS,Middle Fastball Crusher (LH),0.952,2.291,1.044,0.991,0.9,0.661,2.7,3627,taylor walls,jake bennett,,,,,,,,,,,,,
2026-07-18,669127,641793,WSH@ATH,Middle Fastball Crusher,5.027,5.151,1.006,1.01,1.12,9.586,33.8,195,shea langeliers,zack littell,,,,,,,,,,,,,
2026-07-18,641680,641793,WSH@ATH,Middle Slider Crusher (LH),4.23,5.151,1.009,1.01,1.12,8.09,29.2,242,jonah heim,zack littell,,,,,,,,,,,,,
2026-07-18,691016,641793,WSH@ATH,Middle Fastball Crusher (LH),3.968,5.151,1.009,1.01,1.12,7.589,27.6,262,tyler soderstrom,zack littell,,,,,,,,,,,,,
2026-07-18,668709,608372,CIN@COL,Middle Fastball Crusher (LH),4.826,4.057,0.966,1.007,1.12,6.939,25.5,292,jj bleday,tomoyuki sugano,,,,,,,,,,,,,
2026-07-18,656941,640455,NYM@PHI,Middle Slider Crusher (LH),6.621,3.038,1.006,0.991,1.002,6.538,24.2,313,kyle schwarber,sean manaea,,,,,,,,,,,,,
2026-07-18,682829,608372,CIN@COL,Middle Fastball Crusher,4.225,4.057,0.963,1.007,1.12,6.056,22.6,343,elly de la cruz,tomoyuki sugano,,,,,,,,,,,,,
2026-07-18,701398,608372,CIN@COL,Middle Fastball Crusher,4.202,4.057,0.963,1.007,1.12,6.023,22.5,345,sal stewart,tomoyuki sugano,,,,,,,,,,,,,
2026-07-18,668715,608372,CIN@COL,Middle Slider Crusher,4.085,4.057,0.963,1.007,1.12,5.856,21.9,356,spencer steer,tomoyuki sugano,,,,,,,,,,,,,
2026-07-18,553993,608372,CIN@COL,Middle Slider Crusher,4.013,4.057,0.963,1.007,1.12,5.752,21.6,364,eugenio suárez,tomoyuki sugano,,,,,,,,,,,,,
2026-07-18,670541,669432,BAL@HOU,Inside Breaking Ball Specialist (LH),6.365,2.741,1.005,1.0,1.007,5.742,21.5,365,yordan álvarez,trevor rogers,,,,,,,,,,,,,
2026-07-18,694212,681293,BAL@HOU,Oppo Fastball Hunter (LH),4.633,3.276,1.025,1.0,1.099,5.563,20.9,378,samuel basallo,spencer arrighetti,,,,,,,,,,,,,
2026-07-18,666160,695076,CIN@COL,Inside Breaking Ball Specialist (LH),5.34,2.915,0.956,1.007,1.12,5.46,20.6,386,mickey moniak,rhett lowder,,,,,,,,,,,,,
2026-07-18,691023,694297,STL@AZ,Middle Fastball Crusher,4.94,3.31,1.0,1.0,1.023,5.443,20.5,388,jordan walker,brandon pfaadt,,,,,,,,,,,,,
2026-07-18,664040,668909,PIT@CLE,Middle Fastball Crusher (LH),4.721,3.537,1.006,0.983,1.014,5.446,20.5,387,brandon lowe,gavin williams,,,,,,,,,,,,,
2026-07-18,575929,693855,TB@BOS,Middle Slider Crusher,5.049,3.479,1.037,0.991,0.917,5.382,20.3,393,willson contreras,ian seymour,,,,,,,,,,,,,
2026-07-18,682622,608372,CIN@COL,Inside Breaking Ball Specialist,3.77,4.057,0.96,1.007,1.12,5.387,20.3,392,noelvi marte,tomoyuki sugano,,,,,,,,,,,,,
2026-07-18,695578,669372,WSH@ATH,Middle Fastball Crusher (LH),5.445,3.011,1.009,1.01,0.985,5.355,20.2,395,james wood,j. t. ginn,,,,,,,,,,,,,
2026-07-18,624413,681293,BAL@HOU,Oppo Fastball Hunter,4.538,3.276,1.004,1.0,1.099,5.337,20.1,397,pete alonso,spencer arrighetti,,,,,,,,,,,,,
2026-07-18,671277,669372,WSH@ATH,Inside Breaking Ball Specialist (LH),5.396,3.011,1.009,1.01,0.985,5.307,20.0,399,luis garcía,j. t. ginn,,,,,,,,,,,,,
2026-07-18,666126,641793,WSH@ATH,Middle Slider Crusher (LH),2.729,5.151,1.009,1.01,1.12,5.219,19.7,407,carlos cortes,zack littell,,,,,,,,,,,,,
2026-07-18,681481,680570,DET@LAA,Middle Fastball Crusher (LH),4.728,2.909,1.006,1.002,1.12,5.051,19.1,422,kerry carpenter,grayson rodriguez,,,,,,,,,,,,,
2026-07-18,693307,680570,DET@LAA,Middle Slider Crusher,4.678,2.909,1.003,1.002,1.12,4.983,18.9,429,dillon dingler,grayson rodriguez,,,,,,,,,,,,,
2026-07-18,656811,668909,PIT@CLE,Oppo Fastball Hunter (LH),4.28,3.537,1.011,0.983,1.014,4.962,18.8,431,ryan o'hearn,gavin williams,,,,,,,,,,,,,
2026-07-18,621566,669022,TEX@ATL,Middle Fastball Crusher (LH),5.488,2.778,1.009,1.0,0.963,4.82,18.3,445,matt olson,mackenzie gore,,,,,,,,,,,,,
2026-07-18,680779,668909,PIT@CLE,Inside Breaking Ball Specialist,3.795,3.537,1.018,0.983,1.014,4.43,17.0,490,henry davis,gavin williams,,,,,,,,,,,,,
2026-07-18,547180,640455,NYM@PHI,Middle Fastball Crusher (LH),4.453,3.038,1.006,0.991,1.002,4.397,16.8,494,bryce harper,sean manaea,,,,,,,,,,,,,
2026-07-18,683002,681293,BAL@HOU,Middle Slider Crusher (LH),3.675,3.276,1.004,1.0,1.099,4.322,16.6,504,gunnar henderson,spencer arrighetti,,,,,,,,,,,,,
2026-07-18,695506,656288,SD@KC,Middle Fastball Crusher (LH),3.951,3.177,1.0,1.0,1.048,4.28,16.4,509,jac caglianone,griffin canning,,,,,,,,,,,,,
2026-07-18,679529,680570,DET@LAA,Middle Fastball Crusher,3.978,2.909,1.003,1.002,1.12,4.237,16.3,515,spencer torkelson,grayson rodriguez,,,,,,,,,,,,,
2026-07-18,621020,671737,MIN@CHC,Middle Fastball Crusher,4.093,3.375,0.978,1.005,0.956,4.224,16.2,517,dansby swanson,taj bradley,,,,,,,,,,,,,
2026-07-18,572233,669432,BAL@HOU,Middle Slider Crusher,4.512,2.741,1.034,1.0,1.007,4.188,16.1,522,christian walker,trevor rogers,,,,,,,,,,,,,
2026-07-18,665019,571510,MIN@CHC,Middle Fastball Crusher (LH),4.318,2.778,0.976,1.005,1.072,4.102,15.8,534,kody clemens,matt boyd,,,,,,,,,,,,,
2026-07-18,805779,641793,WSH@ATH,Inside Breaking Ball Specialist,2.136,5.151,1.006,1.01,1.12,4.073,15.7,538,jacob wilson,zack littell,,,,,,,,,,,,,
2026-07-18,664023,671737,MIN@CHC,Middle Fastball Crusher,3.963,3.375,0.978,1.005,0.956,4.089,15.7,536,ian happ,taj bradley,,,,,,,,,,,,,
2026-07-18,656537,640455,NYM@PHI,Inside Breaking Ball Specialist,4.034,3.038,1.008,0.991,1.002,3.991,15.4,550,derek hill,sean manaea,,,,,,,,,,,,,
2026-07-18,680777,571510,MIN@CHC,Middle Fastball Crusher,4.16,2.778,0.978,1.005,1.072,3.96,15.3,555,ryan jeffers,matt boyd,,,,,,,,,,,,,
2026-07-18,672356,683003,PIT@CLE,Middle Fastball Crusher,4.004,3.258,1.015,0.983,0.93,3.937,15.2,559,gabriel arias,jared jones,,,,,,,,,,,,,
2026-07-18,681297,681293,BAL@HOU,Middle Fastball Crusher (LH),3.293,3.276,1.004,1.0,1.099,3.873,15.0,569,colton cowser,spencer arrighetti,,,,,,,,,,,,,
2026-07-18,702616,681293,BAL@HOU,Middle Slider Crusher (LH),3.279,3.276,1.004,1.0,1.099,3.856,14.9,572,jackson holliday,spencer arrighetti,,,,,,,,,,,,,
2026-07-18,686948,669022,TEX@ATL,Oppo Fastball Hunter (LH),4.435,2.778,1.0,1.0,0.963,3.86,14.9,571,drake baldwin,mackenzie gore,,,,,,,,,,,,,
2026-07-18,695600,656288,SD@KC,Middle Fastball Crusher (LH),3.536,3.177,1.0,1.0,1.048,3.83,14.8,576,carter jensen,griffin canning,,,,,,,,,,,,,
2026-07-18,668804,668909,PIT@CLE,Middle Fastball Crusher,3.264,3.537,1.015,0.983,1.014,3.799,14.7,581,bryan reynolds,gavin williams,,,,,,,,,,,,,
2026-07-18,667472,608372,CIN@COL,Middle Slider Crusher,2.593,4.057,0.963,1.007,1.12,3.717,14.4,595,dane myers,tomoyuki sugano,,,,,,,,,,,,,
2026-07-18,686527,657277,SF@SEA,Middle Slider Crusher (LH),4.944,2.349,1.0,1.0,0.961,3.629,14.1,611,dominic canzone,logan webb,,,,,,,,,,,,,
2026-07-18,671739,669022,TEX@ATL,Middle Fastball Crusher (LH),4.085,2.778,1.009,1.0,0.963,3.588,13.9,619,michael harris,mackenzie gore,,,,,,,,,,,,,
2026-07-18,668939,681293,BAL@HOU,Middle Fastball Crusher,2.93,3.276,1.034,1.0,1.099,3.549,13.8,626,adley rutschman,spencer arrighetti,,,,,,,,,,,,,
2026-07-18,665742,666200,NYM@PHI,Middle Fastball Crusher (LH),5.391,2.213,1.006,0.991,0.9,3.482,13.5,639,juan soto,jesús luzardo,,,,,,,,,,,,,
2026-07-18,677800,693855,TB@BOS,Inside Breaking Ball Specialist (LH),3.143,3.479,1.059,0.991,0.917,3.422,13.3,652,wilyer abreu,ian seymour,,,,,,,,,,,,,
2026-07-18,677951,656288,SD@KC,Middle Slider Crusher,3.161,3.177,1.0,1.0,1.048,3.424,13.3,651,bobby witt,griffin canning,,,,,,,,,,,,,
2026-07-18,682985,680570,DET@LAA,Oppo Fastball Hunter (LH),3.179,2.909,1.011,1.002,1.12,3.413,13.3,653,riley greene,grayson rodriguez,,,,,,,,,,,,,
2026-07-18,670042,657277,SF@SEA,Middle Fastball Crusher (LH),4.631,2.349,1.0,1.0,0.961,3.4,13.2,656,luke raley,logan webb,,,,,,,,,,,,,
2026-07-18,686797,571510,MIN@CHC,Middle Fastball Crusher,3.545,2.778,0.978,1.005,1.072,3.375,13.1,662,brooks lee,matt boyd,,,,,,,,,,,,,
2026-07-18,664983,695076,CIN@COL,Middle Fastball Crusher (LH),3.176,2.915,0.966,1.007,1.12,3.281,12.8,682,jake mccarthy,rhett lowder,,,,,,,,,,,,,
2026-07-18,694192,676974,MIA@MIL,Middle Fastball Crusher,4.081,2.611,0.99,1.0,0.952,3.267,12.7,685,jackson chourio,max meyer,,,,,,,,,,,,,
2026-07-18,624585,669373,DET@LAA,Middle Fastball Crusher,3.377,3.262,1.003,1.002,0.9,3.241,12.6,691,jorge soler,tarik skubal,,,,,,,,,,,,,
2026-07-18,655316,693855,TB@BOS,Middle Slider Crusher,3.007,3.479,1.037,0.991,0.917,3.206,12.5,700,andruw monasterio,ian seymour,,,,,,,,,,,,,
2026-07-18,657041,656288,SD@KC,Oppo Fastball Hunter,2.967,3.177,1.0,1.0,1.048,3.214,12.5,698,lane thomas,griffin canning,,,,,,,,,,,,,
2026-07-18,521692,656288,SD@KC,Middle Fastball Crusher,2.932,3.177,1.0,1.0,1.048,3.176,12.4,707,salvador pérez,griffin canning,,,,,,,,,,,,,
2026-07-18,690993,680570,DET@LAA,Middle Fastball Crusher (LH),2.974,2.909,1.006,1.002,1.12,3.177,12.4,706,colt keith,grayson rodriguez,,,,,,,,,,,,,
2026-07-18,605137,571510,MIN@CHC,Middle Fastball Crusher (LH),3.338,2.778,0.976,1.005,1.072,3.171,12.4,708,josh bell,matt boyd,,,,,,,,,,,,,
2026-07-18,672960,663436,CWS@TOR,Oppo Fastball Hunter,5.067,1.872,1.004,1.0,1.016,3.148,12.3,714,kazuma okamoto,davis martin,,,,,,,,,,,,,
2026-07-18,686681,656288,SD@KC,Inside Breaking Ball Specialist (LH),2.881,3.177,1.0,1.0,1.048,3.121,12.2,720,michael massey,griffin canning,,,,,,,,,,,,,
2026-07-18,700932,683003,PIT@CLE,Middle Slider Crusher (LH),3.184,3.258,1.006,0.983,0.93,3.103,12.1,725,kyle manzardo,jared jones,,,,,,,,,,,,,
2026-07-18,514888,669432,BAL@HOU,Middle Fastball Crusher,3.323,2.741,1.034,1.0,1.007,3.084,12.1,730,josé altuve,trevor rogers,,,,,,,,,,,,,
2026-07-18,666176,669373,DET@LAA,Middle Slider Crusher,3.185,3.262,1.003,1.002,0.9,3.057,12.0,737,jo adell,tarik skubal,,,,,,,,,,,,,
2026-07-18,663698,669022,TEX@ATL,Middle Fastball Crusher,3.543,2.778,0.991,1.0,0.963,3.056,11.9,737,joey bart,mackenzie gore,,,,,,,,,,,,,
2026-07-18,624641,640455,NYM@PHI,Middle Fastball Crusher,3.081,3.038,1.008,0.991,1.002,3.048,11.9,739,edmundo sosa,sean manaea,,,,,,,,,,,,,
2026-07-18,702332,693855,TB@BOS,Middle Fastball Crusher,2.845,3.479,1.037,0.991,0.917,3.033,11.9,743,caleb durbin,ian seymour,,,,,,,,,,,,,
2026-07-18,686780,694297,STL@AZ,Middle Fastball Crusher,2.727,3.31,1.0,1.0,1.023,3.005,11.8,751,pedro pagés,brandon pfaadt,,,,,,,,,,,,,
2026-07-18,663457,694297,STL@AZ,Inside Breaking Ball Specialist (LH),2.73,3.31,1.0,1.0,1.023,3.008,11.8,750,lars nootbaar,brandon pfaadt,,,,,,,,,,,,,
2026-07-18,686611,669372,WSH@ATH,Middle Fastball Crusher,3.076,3.011,1.006,1.01,0.985,3.016,11.8,747,dylan crews,j. t. ginn,,,,,,,,,,,,,
2026-07-18,701358,669432,BAL@HOU,Middle Fastball Crusher,3.235,2.741,1.034,1.0,1.007,3.002,11.7,751,cam smith,trevor rogers,,,,,,,,,,,,,
2026-07-18,673237,669432,BAL@HOU,Oppo Fastball Hunter,3.296,2.741,1.004,1.0,1.007,2.97,11.6,760,yainer diaz,trevor rogers,,,,,,,,,,,,,
2026-07-18,642715,693433,SF@SEA,Middle Fastball Crusher,3.899,2.546,1.002,1.0,0.918,2.972,11.6,759,willy adames,bryan woo,,,,,,,,,,,,,
2026-07-18,671056,694297,STL@AZ,Middle Slider Crusher,2.681,3.31,1.0,1.0,1.023,2.954,11.6,764,iván herrera,brandon pfaadt,,,,,,,,,,,,,
2026-07-18,681807,682254,PIT@CLE,Middle Fastball Crusher,3.602,2.796,1.015,0.983,0.9,2.942,11.5,768,david fry,mason montgomery,,,,,,,,,,,,,
2026-07-18,664761,640455,NYM@PHI,Oppo Fastball Hunter,2.932,3.038,1.006,0.991,1.002,2.895,11.3,781,alec bohm,sean manaea,,,,,,,,,,,,,
2026-07-18,645277,669022,TEX@ATL,Middle Fastball Crusher,3.306,2.778,0.991,1.0,0.963,2.852,11.2,794,ozzie albies,mackenzie gore,,,,,,,,,,,,,
2026-07-18,665877,694297,STL@AZ,Middle Slider Crusher,2.589,3.31,1.0,1.0,1.023,2.853,11.2,794,josé fermín,brandon pfaadt,,,,,,,,,,,,,
2026-07-18,677588,669372,WSH@ATH,Middle Fastball Crusher (LH),2.83,3.011,1.009,1.01,0.985,2.783,10.9,815,josé tena,j. t. ginn,,,,,,,,,,,,,
2026-07-18,681546,680570,DET@LAA,Middle Slider Crusher (LH),2.583,2.909,1.006,1.002,1.12,2.76,10.8,823,james outman,grayson rodriguez,,,,,,,,,,,,,
2026-07-18,695734,669372,WSH@ATH,Inside Breaking Ball Specialist (LH),2.772,3.011,1.009,1.01,0.985,2.726,10.7,833,daylen lile,j. t. ginn,,,,,,,,,,,,,
2026-07-18,642201,669022,TEX@ATL,Middle Fastball Crusher,3.138,2.778,0.991,1.0,0.963,2.707,10.6,840,eli white,mackenzie gore,,,,,,,,,,,,,
2026-07-18,607208,640455,NYM@PHI,Middle Fastball Crusher,2.725,3.038,1.008,0.991,1.002,2.696,10.6,843,trea turner,sean manaea,,,,,,,,,,,,,
2026-07-18,650489,695076,CIN@COL,Middle Fastball Crusher,2.603,2.915,0.963,1.007,1.12,2.681,10.5,848,willi castro,rhett lowder,,,,,,,,,,,,,
2026-07-18,682626,666200,NYM@PHI,Oppo Fastball Hunter,4.126,2.213,1.006,0.991,0.9,2.665,10.5,854,francisco álvarez,jesús luzardo,,,,,,,,,,,,,
2026-07-18,665161,669432,BAL@HOU,Middle Fastball Crusher,2.841,2.741,1.034,1.0,1.007,2.637,10.4,864,jeremy peña,trevor rogers,,,,,,,,,,,,,
2026-07-18,605170,571510,MIN@CHC,Middle Slider Crusher (LH),2.784,2.778,0.976,1.005,1.072,2.645,10.4,861,víctor caratini,matt boyd,,,,,,,,,,,,,
2026-07-18,677594,657277,SF@SEA,Middle Fastball Crusher,3.545,2.349,1.002,1.0,0.961,2.608,10.3,874,julio rodríguez,logan webb,,,,,,,,,,,,,
2026-07-18,606466,669160,STL@AZ,Inside Breaking Ball Specialist,3.904,2.142,1.0,1.0,0.948,2.578,10.2,885,ketel marte,dustin may,,,,,,,,,,,,,
2026-07-18,678662,695076,CIN@COL,Middle Slider Crusher,2.508,2.915,0.963,1.007,1.12,2.583,10.2,883,ezequiel tovar,rhett lowder,,,,,,,,,,,,,
2026-07-18,669065,675660,MIA@MIL,Middle Slider Crusher (LH),3.657,2.401,0.982,1.0,0.9,2.525,10.0,905,kyle stowers,shane drohan,,,,,,,,,,,,,
2026-07-18,671218,693433,SF@SEA,Inside Breaking Ball Specialist,3.283,2.546,1.002,1.0,0.918,2.502,9.9,913,heliot ramos,bryan woo,,,,,,,,,,,,,
2026-07-18,678882,693855,TB@BOS,Middle Slider Crusher,2.352,3.479,1.037,0.991,0.917,2.507,9.9,911,ceddanne rafaela,ian seymour,,,,,,,,,,,,,
2026-07-18,679845,656288,SD@KC,Oppo Fastball Hunter,2.316,3.177,1.0,1.0,1.048,2.509,9.9,911,nick loftin,griffin canning,,,,,,,,,,,,,
2026-07-18,665804,671737,MIN@CHC,Middle Slider Crusher,2.406,3.375,0.978,1.005,0.956,2.483,9.8,921,miguel amaya,taj bradley,,,,,,,,,,,,,
2026-07-18,686469,656288,SD@KC,Middle Slider Crusher (LH),2.28,3.177,1.0,1.0,1.048,2.47,9.7,926,vinnie pasquantino,griffin canning,,,,,,,,,,,,,
2026-07-18,643289,669022,TEX@ATL,Oppo Fastball Hunter,2.754,2.778,1.009,1.0,0.963,2.419,9.6,947,mauricio dubón,mackenzie gore,,,,,,,,,,,,,
2026-07-18,665966,693855,TB@BOS,Middle Slider Crusher,2.245,3.479,1.037,0.991,0.917,2.393,9.5,958,carlos narváez,ian seymour,,,,,,,,,,,,,
2026-07-18,663837,680570,DET@LAA,Oppo Fastball Hunter,2.245,2.909,1.006,1.002,1.12,2.399,9.5,955,matt vierling,grayson rodriguez,,,,,,,,,,,,,
2026-07-18,677587,683003,PIT@CLE,Middle Slider Crusher (LH),2.435,3.258,1.006,0.983,0.93,2.373,9.4,966,brayan rocchio,jared jones,,,,,,,,,,,,,
2026-07-18,608324,671737,MIN@CHC,Oppo Fastball Hunter,2.282,3.375,0.976,1.005,0.956,2.35,9.3,976,alex bregman,taj bradley,,,,,,,,,,,,,
2026-07-18,663586,669022,TEX@ATL,High Zone Fastball Hitter,2.684,2.778,1.004,1.0,0.963,2.346,9.3,978,austin riley,mackenzie gore,,,,,,,,,,,,,
2026-07-18,663728,657277,SF@SEA,Middle Slider Crusher,3.133,2.349,1.002,1.0,0.961,2.304,9.1,997,cal raleigh,logan webb,,,,,,,,,,,,,
2026-07-18,694374,669160,STL@AZ,Inside Breaking Ball Specialist,3.448,2.142,1.0,1.0,0.948,2.277,9.0,1010,tim tawa,dustin may,,,,,,,,,,,,,
2026-07-18,682998,669160,STL@AZ,Oppo Fastball Hunter (LH),3.389,2.142,1.0,1.0,0.948,2.238,8.9,1028,corbin carroll,dustin may,,,,,,,,,,,,,
2026-07-18,656716,680570,DET@LAA,Inside Breaking Ball Specialist (LH),2.061,2.909,1.002,1.002,1.12,2.193,8.7,1051,zach mckinstry,grayson rodriguez,,,,,,,,,,,,,
2026-07-18,668227,657277,SF@SEA,Oppo Fastball Hunter,2.915,2.349,1.0,1.0,0.961,2.14,8.5,1078,randy arozarena,logan webb,,,,,,,,,,,,,
2026-07-18,686555,656288,SD@KC,Inside Breaking Ball Specialist,1.97,3.177,1.0,1.0,1.048,2.134,8.5,1081,isaac collins,griffin canning,,,,,,,,,,,,,
2026-07-18,681351,669373,DET@LAA,Oppo Fastball Hunter,2.16,3.262,1.006,1.002,0.9,2.079,8.3,1111,logan o'hoppe,tarik skubal,,,,,,,,,,,,,
2026-07-18,672275,683003,PIT@CLE,Inside Breaking Ball Specialist (LH),2.151,3.258,1.008,0.983,0.93,2.1,8.3,1100,patrick bailey,jared jones,,,,,,,,,,,,,
2026-07-18,682177,682254,PIT@CLE,Middle Fastball Crusher (LH),2.543,2.796,1.006,0.983,0.9,2.059,8.2,1123,daniel schneemann,mason montgomery,,,,,,,,,,,,,
2026-07-18,595978,682254,PIT@CLE,Middle Fastball Crusher,2.515,2.796,1.015,0.983,0.9,2.054,8.2,1126,austin hedges,mason montgomery,,,,,,,,,,,,,
2026-07-18,543807,663436,CWS@TOR,Middle Fastball Crusher,3.283,1.872,1.009,1.0,1.016,2.05,8.1,1128,george springer,davis martin,,,,,,,,,,,,,
2026-07-18,661388,676974,MIA@MIL,Middle Fastball Crusher,2.493,2.611,0.99,1.0,0.952,1.996,7.9,1160,william contreras,max meyer,,,,,,,,,,,,,
2026-07-18,678391,669372,WSH@ATH,Oppo Fastball Hunter (LH),2.021,3.011,1.007,1.01,0.985,1.984,7.9,1168,jorbit vivas,j. t. ginn,,,,,,,,,,,,,
2026-07-18,677587,682254,PIT@CLE,Middle Slider Crusher (LH),2.435,2.796,1.006,0.983,0.9,1.971,7.8,1176,brayan rocchio,mason montgomery,,,,,,,,,,,,,
2026-07-18,592885,676974,MIA@MIL,Middle Slider Crusher (LH),2.41,2.611,0.982,1.0,0.952,1.914,7.6,1213,christian yelich,max meyer,,,,,,,,,,,,,
2026-07-18,666397,695076,CIN@COL,Middle Slider Crusher (LH),1.823,2.915,0.966,1.007,1.12,1.883,7.5,1233,edouard julien,rhett lowder,,,,,,,,,,,,,
2026-07-18,543760,666200,NYM@PHI,Middle Fastball Crusher,2.884,2.213,1.008,0.991,0.9,1.867,7.4,1245,marcus semien,jesús luzardo,,,,,,,,,,,,,
2026-07-18,693304,668909,PIT@CLE,Oppo Fastball Hunter,1.56,3.537,1.006,0.983,1.014,1.8,7.2,1294,nick gonzales,gavin williams,,,,,,,,,,,,,
2026-07-18,663968,668909,PIT@CLE,Inside Breaking Ball Specialist,1.525,3.537,1.018,0.983,1.014,1.78,7.1,1308,jake mangum,gavin williams,,,,,,,,,,,,,
2026-07-18,691026,694297,STL@AZ,Middle Slider Crusher,1.599,3.31,1.0,1.0,1.023,1.762,7.0,1323,masyn winn,brandon pfaadt,,,,,,,,,,,,,
2026-07-18,687401,676974,MIA@MIL,Middle Fastball Crusher,2.107,2.611,0.99,1.0,0.952,1.687,6.7,1384,joey ortiz,max meyer,,,,,,,,,,,,,
2026-07-18,666182,666200,NYM@PHI,Middle Fastball Crusher,2.549,2.213,1.008,0.991,0.9,1.65,6.6,1417,bo bichette,jesús luzardo,,,,,,,,,,,,,
2026-07-18,672640,675660,MIA@MIL,Middle Fastball Crusher,2.372,2.401,0.99,1.0,0.9,1.651,6.6,1416,otto lopez,shane drohan,,,,,,,,,,,,,
2026-07-18,664770,663436,CWS@TOR,Oppo Fastball Hunter (LH),2.563,1.872,1.009,1.0,1.016,1.6,6.4,1463,nathan lukes,davis martin,,,,,,,,,,,,,
2026-07-18,672386,663436,CWS@TOR,Oppo Fastball Hunter,2.551,1.872,1.004,1.0,1.016,1.585,6.3,1477,alejandro kirk,davis martin,,,,,,,,,,,,,
2026-07-18,662139,663436,CWS@TOR,Oppo Fastball Hunter (LH),2.469,1.872,1.009,1.0,1.016,1.541,6.2,1521,daulton varsho,davis martin,,,,,,,,,,,,,
2026-07-18,687859,695076,CIN@COL,Inside Breaking Ball Specialist (LH),1.527,2.915,0.956,1.007,1.12,1.561,6.2,1501,troy johnston,rhett lowder,,,,,,,,,,,,,
2026-07-18,665926,663436,CWS@TOR,Middle Slider Crusher (LH),2.463,1.872,1.004,1.0,1.016,1.53,6.1,1532,andrés giménez,davis martin,,,,,,,,,,,,,
2026-07-18,807712,571510,MIN@CHC,Oppo Fastball Hunter,1.602,2.778,0.976,1.005,1.072,1.522,6.1,1541,luke keaschall,matt boyd,,,,,,,,,,,,,
2026-07-18,663538,671737,MIN@CHC,Middle Fastball Crusher,1.411,3.375,0.978,1.005,0.956,1.456,5.8,1613,nico hoerner,taj bradley,,,,,,,,,,,,,
2026-07-18,668885,571510,MIN@CHC,Middle Fastball Crusher,1.44,2.778,0.978,1.005,1.072,1.371,5.5,1717,austin martin,matt boyd,,,,,,,,,,,,,
2026-07-18,691594,675660,MIA@MIL,Middle Fastball Crusher,1.823,2.401,0.99,1.0,0.9,1.269,5.1,1860,javier sanoja,shane drohan,,,,,,,,,,,,,
2026-07-18,669364,675660,MIA@MIL,Middle Fastball Crusher (LH),1.818,2.401,0.982,1.0,0.9,1.255,5.0,1881,xavier edwards,shane drohan,,,,,,,,,,,,,
2026-07-18,665489,663436,CWS@TOR,Oppo Fastball Hunter,1.892,1.872,1.004,1.0,1.016,1.175,4.7,2013,vladimir guerrero,davis martin,,,,,,,,,,,,,
2026-07-18,683083,669372,WSH@ATH,Middle Fastball Crusher,1.085,3.011,1.006,1.01,0.985,1.064,4.3,2231,nasim nuñez,j. t. ginn,,,,,,,,,,,,,
2026-07-19,681481,696270,DET@LAA,Middle Fastball Crusher (LH),4.675,4.537,1.006,1.002,1.079,7.507,27.4,265,kerry carpenter,ryan johnson,,,,,,,,,,,,,
2026-07-19,693307,696270,DET@LAA,Middle Slider Crusher,4.63,4.537,1.003,1.002,1.079,7.413,27.1,269,dillon dingler,ryan johnson,,,,,,,,,,,,,
2026-07-19,679529,696270,DET@LAA,Middle Fastball Crusher,4.347,4.537,1.003,1.002,1.079,6.96,25.6,291,spencer torkelson,ryan johnson,,,,,,,,,,,,,
2026-07-19,621566,543135,TEX@ATL,Middle Fastball Crusher (LH),5.438,3.846,1.009,1.0,0.971,6.664,24.6,306,matt olson,nathan eovaldi,,,,,,,,,,,,,
2026-07-19,695578,682052,WSH@ATH,Middle Fastball Crusher (LH),5.408,3.789,1.009,1.01,0.964,6.549,24.2,312,james wood,jacob lopez,,,,,,,,,,,,,
2026-07-19,665019,684007,MIN@CHC,Middle Fastball Crusher (LH),4.715,4.526,0.976,1.005,0.949,6.46,24.0,318,kody clemens,shota imanaga,,,,,,,,,,,,,
2026-07-19,665052,688107,MIA@MIL,Middle Fastball Crusher (LH),4.972,4.163,0.982,1.0,0.957,6.327,23.5,325,griffin conine,robert gasser,,,,,,,,,,,,,
2026-07-19,695506,608566,SD@KC,Middle Fastball Crusher (LH),3.918,4.401,1.0,1.0,1.12,6.282,23.4,328,jac caglianone,germán márquez,,,,,,,,,,,,,
2026-07-19,668709,663372,CIN@COL,Middle Fastball Crusher (LH),4.779,3.735,0.966,1.007,1.089,6.152,22.9,336,jj bleday,ryan feltner,,,,,,,,,,,,,
2026-07-19,621020,805673,MIN@CHC,Middle Fastball Crusher,4.06,4.379,0.978,1.005,1.041,5.919,22.1,352,dansby swanson,zebby matthews,,,,,,,,,,,,,
2026-07-19,664023,805673,MIN@CHC,Middle Fastball Crusher,3.933,4.379,0.978,1.005,1.041,5.734,21.5,365,ian happ,zebby matthews,,,,,,,,,,,,,
2026-07-19,669127,656492,WSH@ATH,Middle Fastball Crusher,4.979,3.632,1.006,1.01,0.956,5.716,21.4,366,shea langeliers,foster griffin,,,,,,,,,,,,,
2026-07-19,680777,684007,MIN@CHC,Middle Fastball Crusher,4.101,4.526,0.978,1.005,0.949,5.63,21.1,373,ryan jeffers,shota imanaga,,,,,,,,,,,,,
2026-07-19,695600,608566,SD@KC,Middle Fastball Crusher (LH),3.499,4.401,1.0,1.0,1.12,5.611,21.1,374,carter jensen,germán márquez,,,,,,,,,,,,,
2026-07-19,670541,687064,BAL@HOU,Inside Breaking Ball Specialist (LH),6.307,2.648,1.005,1.0,1.007,5.496,20.7,383,yordan álvarez,brandon young,,,,,,,,,,,,,
2026-07-19,682829,663372,CIN@COL,Middle Fastball Crusher,4.189,3.735,0.963,1.007,1.089,5.376,20.3,393,elly de la cruz,ryan feltner,,,,,,,,,,,,,
2026-07-19,700250,808967,LAD@NYY,Middle Fastball Crusher (LH),6.397,2.889,1.011,0.982,0.9,5.372,20.3,394,ben rice,yoshinobu yamamoto,,,,,,,,,,,,,
2026-07-19,701398,663372,CIN@COL,Middle Fastball Crusher,4.171,3.735,0.963,1.007,1.089,5.353,20.2,395,sal stewart,ryan feltner,,,,,,,,,,,,,
2026-07-19,686948,543135,TEX@ATL,Oppo Fastball Hunter (LH),4.385,3.846,1.0,1.0,0.971,5.326,20.1,398,drake baldwin,nathan eovaldi,,,,,,,,,,,,,
2026-07-19,668715,663372,CIN@COL,Middle Slider Crusher,4.051,3.735,0.963,1.007,1.089,5.199,19.7,409,spencer steer,ryan feltner,,,,,,,,,,,,,
2026-07-19,671739,543135,TEX@ATL,Middle Fastball Crusher (LH),4.248,3.846,1.009,1.0,0.971,5.206,19.7,408,michael harris,nathan eovaldi,,,,,,,,,,,,,
2026-07-19,691406,543243,TB@BOS,Oppo Fastball Hunter,5.976,2.741,1.044,0.991,0.933,5.143,19.5,414,junior caminero,sonny gray,,,,,,,,,,,,,
2026-07-19,663993,663372,CIN@COL,Oppo Fastball Hunter (LH),3.934,3.735,0.975,1.007,1.089,5.111,19.4,417,nathaniel lowe,ryan feltner,,,,,,,,,,,,,
2026-07-19,657041,608566,SD@KC,Oppo Fastball Hunter,3.188,4.401,1.0,1.0,1.12,5.112,19.4,417,lane thomas,germán márquez,,,,,,,,,,,,,
2026-07-19,682985,696270,DET@LAA,Oppo Fastball Hunter (LH),3.155,4.537,1.011,1.002,1.079,5.092,19.3,419,riley greene,ryan johnson,,,,,,,,,,,,,
2026-07-19,553993,663372,CIN@COL,Middle Slider Crusher,3.972,3.735,0.963,1.007,1.089,5.097,19.3,418,eugenio suárez,ryan feltner,,,,,,,,,,,,,
2026-07-19,521692,608566,SD@KC,Middle Fastball Crusher,3.107,4.401,1.0,1.0,1.12,4.982,18.9,429,salvador pérez,germán márquez,,,,,,,,,,,,,
2026-07-19,668904,684007,MIN@CHC,Middle Fastball Crusher,3.602,4.526,0.978,1.005,0.949,4.945,18.8,433,royce lewis,shota imanaga,,,,,,,,,,,,,
2026-07-19,656941,690997,NYM@PHI,Middle Slider Crusher (LH),6.744,2.439,1.006,0.991,0.918,4.899,18.6,437,kyle schwarber,nolan mclean,,,,,,,,,,,,,
2026-07-19,669394,656550,TEX@ATL,Middle Fastball Crusher,3.93,3.728,0.991,1.0,1.036,4.891,18.6,438,jake burger,grant holmes,,,,,,,,,,,,,
2026-07-19,686797,684007,MIN@CHC,Middle Fastball Crusher,3.517,4.526,0.978,1.005,0.949,4.828,18.4,445,brooks lee,shota imanaga,,,,,,,,,,,,,
2026-07-19,668670,696270,DET@LAA,Middle Fastball Crusher,3.013,4.537,1.003,1.002,1.079,4.824,18.3,445,jake rogers,ryan johnson,,,,,,,,,,,,,
2026-07-19,641680,656492,WSH@ATH,Middle Slider Crusher (LH),4.16,3.632,1.009,1.01,0.956,4.79,18.2,449,jonah heim,foster griffin,,,,,,,,,,,,,
2026-07-19,691016,656492,WSH@ATH,Middle Fastball Crusher (LH),4.136,3.632,1.009,1.01,0.956,4.762,18.1,452,tyler soderstrom,foster griffin,,,,,,,,,,,,,
2026-07-19,690993,696270,DET@LAA,Middle Fastball Crusher (LH),2.937,4.537,1.006,1.002,1.079,4.716,18.0,456,colt keith,ryan johnson,,,,,,,,,,,,,
2026-07-19,592518,702070,SD@KC,Middle Slider Crusher,4.363,3.074,1.0,1.0,1.076,4.694,17.9,459,manny machado,noah cameron,,,,,,,,,,,,,
2026-07-19,691023,593958,STL@AZ,Middle Fastball Crusher,4.903,2.71,1.0,1.0,1.086,4.695,17.9,459,jordan walker,eduardo rodríguez,,,,,,,,,,,,,
2026-07-19,664034,702070,SD@KC,Inside Breaking Ball Specialist,4.37,3.074,1.0,1.0,1.076,4.702,17.9,458,ty france,noah cameron,,,,,,,,,,,,,
2026-07-19,669065,688107,MIA@MIL,Middle Slider Crusher (LH),3.623,4.163,0.982,1.0,0.957,4.61,17.6,468,kyle stowers,robert gasser,,,,,,,,,,,,,
2026-07-19,694212,686613,BAL@HOU,Oppo Fastball Hunter (LH),4.579,3.151,1.025,1.0,0.951,4.573,17.5,473,samuel basallo,hunter brown,,,,,,,,,,,,,
2026-07-19,672960,680732,CWS@TOR,Oppo Fastball Hunter,5.027,2.99,1.004,1.0,0.932,4.575,17.5,472,kazuma okamoto,sean burke,,,,,,,,,,,,,
2026-07-19,605137,684007,MIN@CHC,Middle Fastball Crusher (LH),3.311,4.526,0.976,1.005,0.949,4.536,17.3,477,josh bell,shota imanaga,,,,,,,,,,,,,
2026-07-19,694192,691587,MIA@MIL,Middle Fastball Crusher,4.031,3.515,0.99,1.0,0.995,4.54,17.3,477,jackson chourio,eury pérez,,,,,,,,,,,,,
2026-07-19,543309,656550,TEX@ATL,Middle Fastball Crusher,3.551,3.728,0.991,1.0,1.036,4.42,16.9,491,kyle higashioka,grant holmes,,,,,,,,,,,,,
2026-07-19,624413,686613,BAL@HOU,Oppo Fastball Hunter,4.497,3.151,1.004,1.0,0.951,4.399,16.8,494,pete alonso,hunter brown,,,,,,,,,,,,,
2026-07-19,596142,691587,MIA@MIL,High Zone Fastball Hitter,3.923,3.515,0.974,1.0,0.995,4.347,16.7,500,gary sánchez,eury pérez,,,,,,,,,,,,,
2026-07-19,691723,686613,BAL@HOU,Middle Fastball Crusher,4.229,3.151,1.034,1.0,0.951,4.261,16.3,512,coby mayo,hunter brown,,,,,,,,,,,,,
2026-07-19,681546,696270,DET@LAA,Middle Slider Crusher (LH),2.534,4.537,1.006,1.002,1.079,4.069,15.7,539,james outman,ryan johnson,,,,,,,,,,,,,
2026-07-19,645277,543135,TEX@ATL,Middle Fastball Crusher,3.276,3.846,0.991,1.0,0.971,3.943,15.2,558,ozzie albies,nathan eovaldi,,,,,,,,,,,,,
2026-07-19,677594,592662,SF@SEA,Middle Fastball Crusher,3.51,3.296,1.002,1.0,1.043,3.934,15.2,559,julio rodríguez,robbie ray,,,,,,,,,,,,,
2026-07-19,700250,694361,LAD@NYY,Middle Fastball Crusher (LH),6.397,2.126,1.011,0.982,0.9,3.953,15.2,556,ben rice,will klein,,,,,,,,,,,,,
2026-07-19,687515,656492,WSH@ATH,Middle Fastball Crusher,3.433,3.632,1.006,1.01,0.956,3.941,15.2,558,colby thomas,foster griffin,,,,,,,,,,,,,
2026-07-19,642715,669302,SF@SEA,Middle Fastball Crusher,4.065,3.097,1.002,1.0,0.954,3.915,15.1,562,willy adames,logan gilbert,,,,,,,,,,,,,
2026-07-19,695657,702056,CWS@TOR,Oppo Fastball Hunter (LH),5.223,2.519,1.009,1.0,0.9,3.887,15.0,567,colson montgomery,trey yesavage,,,,,,,,,,,,,
2026-07-19,660271,693645,LAD@NYY,Middle Fastball Crusher (LH),4.847,2.684,1.011,0.982,0.9,3.781,14.6,584,shohei ohtani,cam schlittler,,,,,,,,,,,,,
2026-07-19,605170,684007,MIN@CHC,Middle Slider Crusher (LH),2.755,4.526,0.976,1.005,0.949,3.774,14.6,585,víctor caratini,shota imanaga,,,,,,,,,,,,,
2026-07-19,694497,656550,TEX@ATL,Middle Fastball Crusher (LH),2.982,3.728,1.009,1.0,1.036,3.779,14.6,584,evan carter,grant holmes,,,,,,,,,,,,,
2026-07-19,677649,656550,TEX@ATL,Middle Fastball Crusher,3.015,3.728,0.991,1.0,1.036,3.753,14.5,589,ezequiel duran,grant holmes,,,,,,,,,,,,,
2026-07-19,656811,676282,PIT@CLE,Oppo Fastball Hunter (LH),4.207,2.854,1.011,0.983,0.966,3.75,14.5,589,ryan o'hearn,joey cantillo,,,,,,,,,,,,,
2026-07-19,608348,805673,MIN@CHC,Inside Breaking Ball Specialist,2.584,4.379,0.961,1.005,1.041,3.702,14.3,598,carson kelly,zebby matthews,,,,,,,,,,,,,
2026-07-19,571970,693645,LAD@NYY,Oppo Fastball Hunter (LH),4.715,2.684,1.011,0.982,0.9,3.678,14.2,602,max muncy,cam schlittler,,,,,,,,,,,,,
2026-07-19,679845,608566,SD@KC,Oppo Fastball Hunter,2.295,4.401,1.0,1.0,1.12,3.68,14.2,602,nick loftin,germán márquez,,,,,,,,,,,,,
2026-07-19,686611,682052,WSH@ATH,Middle Fastball Crusher,3.037,3.789,1.006,1.01,0.964,3.667,14.2,604,dylan crews,jacob lopez,,,,,,,,,,,,,
2026-07-19,668930,691587,MIA@MIL,Inside Breaking Ball Specialist (LH),3.246,3.515,0.97,1.0,0.995,3.582,13.9,620,brice turang,eury pérez,,,,,,,,,,,,,
2026-07-19,683002,686613,BAL@HOU,Middle Slider Crusher (LH),3.642,3.151,1.004,1.0,0.951,3.563,13.8,624,gunnar henderson,hunter brown,,,,,,,,,,,,,
2026-07-19,663728,592662,SF@SEA,Middle Slider Crusher,3.103,3.296,1.002,1.0,1.043,3.478,13.5,640,cal raleigh,robbie ray,,,,,,,,,,,,,
2026-07-19,660271,642232,LAD@NYY,Middle Fastball Crusher (LH),4.847,2.463,1.011,0.982,0.9,3.47,13.5,642,shohei ohtani,ryan yarbrough,,,,,,,,,,,,,
2026-07-19,575929,663556,TB@BOS,Middle Slider Crusher,5.008,2.105,1.037,0.991,0.977,3.442,13.4,648,willson contreras,shane mcclanahan,,,,,,,,,,,,,
2026-07-19,678246,702056,CWS@TOR,Middle Fastball Crusher,4.589,2.519,1.009,1.0,0.9,3.415,13.3,653,miguel vargas,trey yesavage,,,,,,,,,,,,,
2026-07-19,696285,682052,WSH@ATH,Middle Fastball Crusher,2.817,3.789,1.006,1.01,0.964,3.401,13.2,656,jacob young,jacob lopez,,,,,,,,,,,,,
2026-07-19,680779,676282,PIT@CLE,Inside Breaking Ball Specialist,3.747,2.854,1.018,0.983,0.966,3.363,13.1,664,henry davis,joey cantillo,,,,,,,,,,,,,
2026-07-19,571970,642232,LAD@NYY,Oppo Fastball Hunter (LH),4.715,2.463,1.011,0.982,0.9,3.376,13.1,661,max muncy,ryan yarbrough,,,,,,,,,,,,,
2026-07-19,695734,682052,WSH@ATH,Inside Breaking Ball Specialist (LH),2.751,3.789,1.009,1.01,0.964,3.332,13.0,671,daylen lile,jacob lopez,,,,,,,,,,,,,
2026-07-19,643289,543135,TEX@ATL,Oppo Fastball Hunter,2.732,3.846,1.009,1.0,0.971,3.348,13.0,667,mauricio dubón,nathan eovaldi,,,,,,,,,,,,,
2026-07-19,667472,663372,CIN@COL,Middle Slider Crusher,2.553,3.735,0.963,1.007,1.089,3.276,12.8,683,dane myers,ryan feltner,,,,,,,,,,,,,
2026-07-19,608324,805673,MIN@CHC,Oppo Fastball Hunter,2.266,4.379,0.976,1.005,1.041,3.297,12.8,679,alex bregman,zebby matthews,,,,,,,,,,,,,
2026-07-19,642086,543135,TEX@ATL,High Zone Fastball Hitter (LH),2.699,3.846,1.002,1.0,0.971,3.284,12.8,681,dominic smith,nathan eovaldi,,,,,,,,,,,,,
2026-07-19,663886,663372,CIN@COL,Middle Fastball Crusher,2.536,3.735,0.963,1.007,1.089,3.254,12.7,688,tyler stephenson,ryan feltner,,,,,,,,,,,,,
2026-07-19,663586,543135,TEX@ATL,High Zone Fastball Hitter,2.663,3.846,1.004,1.0,0.971,3.247,12.7,690,austin riley,nathan eovaldi,,,,,,,,,,,,,
2026-07-19,668227,592662,SF@SEA,Oppo Fastball Hunter,2.892,3.296,1.0,1.0,1.043,3.235,12.6,693,randy arozarena,robbie ray,,,,,,,,,,,,,
2026-07-19,547180,690997,NYM@PHI,Middle Fastball Crusher (LH),4.411,2.439,1.006,0.991,0.918,3.205,12.5,700,bryce harper,nolan mclean,,,,,,,,,,,,,
2026-07-19,681297,686613,BAL@HOU,Middle Fastball Crusher (LH),3.265,3.151,1.004,1.0,0.951,3.194,12.5,702,colton cowser,hunter brown,,,,,,,,,,,,,
2026-07-19,702616,686613,BAL@HOU,Middle Slider Crusher (LH),3.242,3.151,1.004,1.0,0.951,3.172,12.4,708,jackson holliday,hunter brown,,,,,,,,,,,,,
2026-07-19,686555,608566,SD@KC,Inside Breaking Ball Specialist,1.957,4.401,1.0,1.0,1.12,3.138,12.3,716,isaac collins,germán márquez,,,,,,,,,,,,,
2026-07-19,673962,656550,TEX@ATL,Middle Fastball Crusher,2.513,3.728,0.991,1.0,1.036,3.128,12.2,719,josh jung,grant holmes,,,,,,,,,,,,,
2026-07-19,671218,669302,SF@SEA,Inside Breaking Ball Specialist,3.247,3.097,1.002,1.0,0.954,3.127,12.2,719,heliot ramos,logan gilbert,,,,,,,,,,,,,
2026-07-19,606466,669467,STL@AZ,Inside Breaking Ball Specialist,3.874,2.55,1.0,1.0,0.948,3.048,11.9,739,ketel marte,andre pallante,,,,,,,,,,,,,
2026-07-19,672356,694973,PIT@CLE,Middle Fastball Crusher,3.914,2.642,1.015,0.983,0.9,3.021,11.8,746,gabriel arias,paul skenes,,,,,,,,,,,,,
2026-07-19,605141,693645,LAD@NYY,Inside Breaking Ball Specialist,3.835,2.684,1.014,0.982,0.9,3.001,11.7,752,mookie betts,cam schlittler,,,,,,,,,,,,,
2026-07-19,514888,687064,BAL@HOU,Middle Fastball Crusher,3.286,2.648,1.034,1.0,1.007,2.946,11.5,767,josé altuve,brandon young,,,,,,,,,,,,,
2026-07-19,665862,808967,LAD@NYY,Middle Fastball Crusher (LH),3.47,2.889,1.011,0.982,0.9,2.914,11.4,776,jazz chisholm,yoshinobu yamamoto,,,,,,,,,,,,,
2026-07-19,701358,687064,BAL@HOU,Middle Fastball Crusher,3.202,2.648,1.034,1.0,1.007,2.871,11.3,788,cam smith,brandon young,,,,,,,,,,,,,
2026-07-19,668804,676282,PIT@CLE,Middle Fastball Crusher,3.216,2.854,1.015,0.983,0.966,2.878,11.3,786,bryan reynolds,joey cantillo,,,,,,,,,,,,,
2026-07-19,656775,543243,TB@BOS,Middle Slider Crusher (LH),3.308,2.741,1.044,0.991,0.933,2.847,11.2,795,cedric mullins,sonny gray,,,,,,,,,,,,,
2026-07-19,673237,687064,BAL@HOU,Oppo Fastball Hunter,3.241,2.648,1.004,1.0,1.007,2.822,11.1,803,yainer diaz,brandon young,,,,,,,,,,,,,
2026-07-19,701538,702070,SD@KC,Middle Fastball Crusher (LH),2.622,3.074,1.0,1.0,1.076,2.821,11.1,803,jackson merrill,noah cameron,,,,,,,,,,,,,
2026-07-19,593428,702070,SD@KC,Middle Fastball Crusher,2.574,3.074,1.0,1.0,1.076,2.769,10.9,819,xander bogaerts,noah cameron,,,,,,,,,,,,,
2026-07-19,605141,642232,LAD@NYY,Inside Breaking Ball Specialist,3.835,2.463,1.014,0.982,0.9,2.754,10.8,824,mookie betts,ryan yarbrough,,,,,,,,,,,,,
2026-07-19,691176,808967,LAD@NYY,Middle Fastball Crusher (LH),3.279,2.889,1.011,0.982,0.9,2.754,10.8,824,jasson domínguez,yoshinobu yamamoto,,,,,,,,,,,,,
2026-07-19,518692,693645,LAD@NYY,Middle Fastball Crusher (LH),3.513,2.684,1.011,0.982,0.9,2.741,10.8,829,freddie freeman,cam schlittler,,,,,,,,,,,,,
2026-07-19,663757,808967,LAD@NYY,Oppo Fastball Hunter (LH),3.244,2.889,1.011,0.982,0.9,2.724,10.7,834,trent grisham,yoshinobu yamamoto,,,,,,,,,,,,,
2026-07-19,805779,656492,WSH@ATH,Inside Breaking Ball Specialist,2.374,3.632,1.006,1.01,0.956,2.725,10.7,834,jacob wilson,foster griffin,,,,,,,,,,,,,
2026-07-19,650490,543243,TB@BOS,Oppo Fastball Hunter,3.167,2.741,1.044,0.991,0.933,2.726,10.7,834,yandy díaz,sonny gray,,,,,,,,,,,,,
2026-07-19,592885,691587,MIA@MIL,Middle Slider Crusher (LH),2.381,3.515,0.982,1.0,0.995,2.66,10.5,856,christian yelich,eury pérez,,,,,,,,,,,,,
2026-07-19,682998,669467,STL@AZ,Oppo Fastball Hunter (LH),3.363,2.55,1.0,1.0,0.948,2.646,10.4,861,corbin carroll,andre pallante,,,,,,,,,,,,,
2026-07-19,663457,593958,STL@AZ,Inside Breaking Ball Specialist (LH),2.686,2.71,1.0,1.0,1.086,2.572,10.1,887,lars nootbaar,eduardo rodríguez,,,,,,,,,,,,,
2026-07-19,671056,593958,STL@AZ,Middle Slider Crusher,2.656,2.71,1.0,1.0,1.086,2.544,10.0,898,iván herrera,eduardo rodríguez,,,,,,,,,,,,,
2026-07-19,609280,702070,SD@KC,Oppo Fastball Hunter,2.361,3.074,1.0,1.0,1.076,2.54,10.0,899,miguel andújar,noah cameron,,,,,,,,,,,,,
2026-07-19,518692,642232,LAD@NYY,Middle Fastball Crusher (LH),3.513,2.463,1.011,0.982,0.9,2.515,9.9,908,freddie freeman,ryan yarbrough,,,,,,,,,,,,,
2026-07-19,643217,702056,CWS@TOR,High Zone Fastball Hitter (LH),3.299,2.519,1.007,1.0,0.9,2.45,9.7,934,andrew benintendi,trey yesavage,,,,,,,,,,,,,
2026-07-19,665877,593958,STL@AZ,Middle Slider Crusher,2.555,2.71,1.0,1.0,1.086,2.447,9.7,935,josé fermín,eduardo rodríguez,,,,,,,,,,,,,
2026-07-19,677800,663556,TB@BOS,Inside Breaking Ball Specialist (LH),3.493,2.105,1.059,0.991,0.977,2.452,9.7,933,wilyer abreu,shane mcclanahan,,,,,,,,,,,,,
2026-07-19,606192,693645,LAD@NYY,Middle Fastball Crusher,3.125,2.684,0.998,0.982,0.9,2.407,9.5,952,teoscar hernández,cam schlittler,,,,,,,,,,,,,
2026-07-19,680728,669467,STL@AZ,Middle Fastball Crusher (LH),3.06,2.55,1.0,1.0,0.948,2.407,9.5,952,adrian del castillo,andre pallante,,,,,,,,,,,,,
2026-07-19,700932,694973,PIT@CLE,Middle Slider Crusher (LH),3.14,2.642,1.006,0.983,0.9,2.402,9.5,954,kyle manzardo,paul skenes,,,,,,,,,,,,,
2026-07-19,666139,663554,DET@LAA,Middle Fastball Crusher (LH),3.795,2.112,1.006,1.002,0.9,2.365,9.3,970,josh lowe,casey mize,,,,,,,,,,,,,
2026-07-19,641355,808967,LAD@NYY,Middle Slider Crusher (LH),2.809,2.889,1.011,0.982,0.9,2.359,9.3,973,cody bellinger,yoshinobu yamamoto,,,,,,,,,,,,,
2026-07-19,687401,691587,MIA@MIL,Middle Fastball Crusher,2.084,3.515,0.99,1.0,0.995,2.347,9.3,978,joey ortiz,eury pérez,,,,,,,,,,,,,
2026-07-19,664770,680732,CWS@TOR,Oppo Fastball Hunter (LH),2.533,2.99,1.009,1.0,0.932,2.317,9.2,991,nathan lukes,sean burke,,,,,,,,,,,,,
2026-07-19,669364,688107,MIA@MIL,Middle Fastball Crusher (LH),1.804,4.163,0.982,1.0,0.957,2.296,9.1,1001,xavier edwards,robert gasser,,,,,,,,,,,,,
2026-07-19,691594,688107,MIA@MIL,Middle Fastball Crusher,1.803,4.163,0.99,1.0,0.957,2.313,9.1,993,javier sanoja,robert gasser,,,,,,,,,,,,,
2026-07-19,680776,663556,TB@BOS,Middle Fastball Crusher (LH),3.266,2.105,1.044,0.991,0.977,2.26,8.9,1018,jarren duran,shane mcclanahan,,,,,,,,,,,,,
2026-07-19,662139,680732,CWS@TOR,Oppo Fastball Hunter (LH),2.452,2.99,1.009,1.0,0.932,2.243,8.9,1026,daulton varsho,sean burke,,,,,,,,,,,,,
2026-07-19,665926,680732,CWS@TOR,Middle Slider Crusher (LH),2.446,2.99,1.004,1.0,0.932,2.226,8.8,1034,andrés giménez,sean burke,,,,,,,,,,,,,
2026-07-19,606192,642232,LAD@NYY,Middle Fastball Crusher,3.125,2.463,0.998,0.982,0.9,2.208,8.7,1043,teoscar hernández,ryan yarbrough,,,,,,,,,,,,,
2026-07-19,807712,684007,MIN@CHC,Oppo Fastball Hunter,1.592,4.526,0.976,1.005,0.949,2.181,8.6,1057,luke keaschall,shota imanaga,,,,,,,,,,,,,
2026-07-19,683734,691587,MIA@MIL,Inside Breaking Ball Specialist,1.942,3.515,0.98,1.0,0.995,2.165,8.6,1065,andrew vaughn,eury pérez,,,,,,,,,,,,,
2026-07-19,665862,694361,LAD@NYY,Middle Fastball Crusher (LH),3.47,2.126,1.011,0.982,0.9,2.144,8.5,1076,jazz chisholm,will klein,,,,,,,,,,,,,
2026-07-19,805300,688107,MIA@MIL,Middle Slider Crusher (LH),1.687,4.163,0.982,1.0,0.957,2.147,8.5,1075,jakob marsee,robert gasser,,,,,,,,,,,,,
2026-07-19,664761,690997,NYM@PHI,Oppo Fastball Hunter,2.903,2.439,1.006,0.991,0.918,2.109,8.4,1095,alec bohm,nolan mclean,,,,,,,,,,,,,
2026-07-19,607208,690997,NYM@PHI,Middle Fastball Crusher,2.884,2.439,1.008,0.991,0.918,2.099,8.3,1100,trea turner,nolan mclean,,,,,,,,,,,,,
2026-07-19,624585,663554,DET@LAA,Middle Fastball Crusher,3.346,2.112,1.003,1.002,0.9,2.079,8.3,1111,jorge soler,casey mize,,,,,,,,,,,,,
2026-07-19,655316,663556,TB@BOS,Middle Slider Crusher,2.966,2.105,1.037,0.991,0.977,2.039,8.1,1135,andruw monasterio,shane mcclanahan,,,,,,,,,,,,,
2026-07-19,663538,805673,MIN@CHC,Middle Fastball Crusher,1.401,4.379,0.978,1.005,1.041,2.043,8.1,1133,nico hoerner,zebby matthews,,,,,,,,,,,,,
2026-07-19,691176,694361,LAD@NYY,Middle Fastball Crusher (LH),3.279,2.126,1.011,0.982,0.9,2.026,8.1,1142,jasson domínguez,will klein,,,,,,,,,,,,,
2026-07-19,663757,694361,LAD@NYY,Oppo Fastball Hunter (LH),3.244,2.126,1.011,0.982,0.9,2.005,8.0,1155,trent grisham,will klein,,,,,,,,,,,,,
2026-07-19,676609,694361,LAD@NYY,Middle Fastball Crusher,3.275,2.126,0.998,0.982,0.9,1.998,7.9,1159,josé caballero,will klein,,,,,,,,,,,,,
2026-07-19,668885,684007,MIN@CHC,Middle Fastball Crusher,1.429,4.526,0.978,1.005,0.949,1.962,7.8,1182,austin martin,shota imanaga,,,,,,,,,,,,,
2026-07-19,666176,663554,DET@LAA,Middle Slider Crusher,3.161,2.112,1.003,1.002,0.9,1.964,7.8,1180,jo adell,casey mize,,,,,,,,,,,,,
2026-07-19,702332,663556,TB@BOS,Middle Fastball Crusher,2.82,2.105,1.037,0.991,0.977,1.938,7.7,1197,caleb durbin,shane mcclanahan,,,,,,,,,,,,,
2026-07-19,669397,687064,BAL@HOU,Middle Fastball Crusher,2.131,2.648,1.034,1.0,1.007,1.911,7.6,1215,nick allen,brandon young,,,,,,,,,,,,,
2026-07-19,677587,694973,PIT@CLE,Middle Slider Crusher (LH),2.395,2.642,1.006,0.983,0.9,1.832,7.3,1270,brayan rocchio,paul skenes,,,,,,,,,,,,,
2026-07-19,669224,694361,LAD@NYY,Oppo Fastball Hunter (LH),2.858,2.126,1.011,0.982,0.9,1.766,7.0,1319,austin wells,will klein,,,,,,,,,,,,,
2026-07-19,641355,694361,LAD@NYY,Middle Slider Crusher (LH),2.809,2.126,1.011,0.982,0.9,1.736,6.9,1343,cody bellinger,will klein,,,,,,,,,,,,,
2026-07-19,500743,642232,LAD@NYY,Middle Fastball Crusher,2.415,2.463,0.998,0.982,0.9,1.707,6.8,1367,miguel rojas,ryan yarbrough,,,,,,,,,,,,,
2026-07-19,665489,680732,CWS@TOR,Oppo Fastball Hunter,1.878,2.99,1.004,1.0,0.932,1.709,6.8,1365,vladimir guerrero,sean burke,,,,,,,,,,,,,
2026-07-19,672724,663554,DET@LAA,Inside Breaking Ball Specialist,2.686,2.112,1.004,1.002,0.9,1.671,6.7,1398,oswald peraza,casey mize,,,,,,,,,,,,,
2026-07-19,663656,693645,LAD@NYY,Middle Fastball Crusher (LH),2.113,2.684,1.011,0.982,0.9,1.648,6.6,1418,kyle tucker,cam schlittler,,,,,,,,,,,,,
2026-07-19,672275,694973,PIT@CLE,Inside Breaking Ball Specialist (LH),2.117,2.642,1.008,0.983,0.9,1.623,6.5,1442,patrick bailey,paul skenes,,,,,,,,,,,,,
2026-07-19,680700,543243,TB@BOS,Oppo Fastball Hunter (LH),1.9,2.741,1.037,0.991,0.933,1.624,6.5,1440,richie palacios,sonny gray,,,,,,,,,,,,,
2026-07-19,678882,663556,TB@BOS,Middle Slider Crusher,2.333,2.105,1.037,0.991,0.977,1.604,6.4,1459,ceddanne rafaela,shane mcclanahan,,,,,,,,,,,,,
2026-07-19,693304,676282,PIT@CLE,Oppo Fastball Hunter,1.734,2.854,1.006,0.983,0.966,1.538,6.2,1524,nick gonzales,joey cantillo,,,,,,,,,,,,,
2026-07-19,663656,642232,LAD@NYY,Middle Fastball Crusher (LH),2.113,2.463,1.011,0.982,0.9,1.513,6.1,1551,kyle tucker,ryan yarbrough,,,,,,,,,,,,,
2026-07-19,691026,593958,STL@AZ,Middle Slider Crusher,1.585,2.71,1.0,1.0,1.086,1.518,6.1,1545,masyn winn,eduardo rodríguez,,,,,,,,,,,,,
2026-07-19,683011,808967,LAD@NYY,Middle Fastball Crusher,1.687,2.889,0.998,0.982,0.9,1.398,5.6,1682,anthony volpe,yoshinobu yamamoto,,,,,,,,,,,,,
2026-07-19,663968,676282,PIT@CLE,Inside Breaking Ball Specialist,1.482,2.854,1.018,0.983,0.966,1.33,5.3,1772,jake mangum,joey cantillo,,,,,,,,,,,,,
2026-07-19,623168,663554,DET@LAA,Oppo Fastball Hunter,2.066,2.112,1.006,1.002,0.9,1.288,5.2,1832,tyler heineman,casey mize,,,,,,,,,,,,,
2026-07-19,683083,682052,WSH@ATH,Middle Fastball Crusher,1.08,3.789,1.006,1.01,0.964,1.304,5.2,1809,nasim nuñez,jacob lopez,,,,,,,,,,,,,
2026-07-19,657136,663556,TB@BOS,Oppo Fastball Hunter,1.825,2.105,1.044,0.991,0.977,1.263,5.1,1870,connor wong,shane mcclanahan,,,,,,,,,,,,,
2026-07-19,669707,676282,PIT@CLE,Middle Slider Crusher,1.387,2.854,1.015,0.983,0.966,1.241,5.0,1903,jared triolo,joey cantillo,,,,,,,,,,,,,
2026-07-19,650859,702070,SD@KC,Middle Slider Crusher,1.115,3.074,1.0,1.0,1.076,1.2,4.8,1971,luis rengifo,noah cameron,,,,,,,,,,,,,
2026-07-19,683011,694361,LAD@NYY,Middle Fastball Crusher,1.687,2.126,0.998,0.982,0.9,1.029,4.2,2308,anthony volpe,will klein,,,,,,,,,,,,,
2026-07-19,670764,543243,TB@BOS,Middle Fastball Crusher (LH),0.939,2.741,1.044,0.991,0.933,0.808,3.3,2956,taylor walls,sonny gray,,,,,,,,,,,,,
2026-07-20,681481,592791,DET@CHC,Middle Fastball Crusher (LH),4.624,5.62,0.976,1.005,1.12,9.275,32.9,204,kerry carpenter,jameson taillon,,,,,,,,,,,,,
2026-07-20,693307,592791,DET@CHC,Middle Slider Crusher,4.594,5.62,0.978,1.005,1.12,9.234,32.8,205,dillon dingler,jameson taillon,,,,,,,,,,,,,
2026-07-20,679529,592791,DET@CHC,Middle Fastball Crusher,4.313,5.62,0.978,1.005,1.12,8.669,31.1,222,spencer torkelson,jameson taillon,,,,,,,,,,,,,
2026-07-20,621439,676440,MIN@CLE,Oppo Fastball Hunter,6.306,4.056,1.006,0.983,1.045,8.59,30.8,225,byron buxton,tanner bibee,,,,,,,,,,,,,
2026-07-20,656941,686218,LAD@PHI,Middle Slider Crusher (LH),6.696,3.923,1.006,0.991,0.963,8.197,29.6,238,kyle schwarber,emmet sheehan,,,,,,,,,,,,,
2026-07-20,695578,607536,WSH@COL,Middle Fastball Crusher (LH),5.363,4.09,0.966,1.007,1.12,7.764,28.2,255,james wood,kyle freeland,,,,,,,,,,,,,
2026-07-20,671277,607536,WSH@COL,Inside Breaking Ball Specialist (LH),5.336,4.09,0.956,1.007,1.12,7.645,27.8,259,luis garcía,kyle freeland,,,,,,,,,,,,,
2026-07-20,606466,605488,ATH@AZ,Inside Breaking Ball Specialist,3.839,5.279,1.0,1.0,1.04,6.845,25.2,296,ketel marte,jeffrey springs,,,,,,,,,,,,,
2026-07-20,682985,592791,DET@CHC,Oppo Fastball Hunter (LH),3.32,5.62,0.978,1.005,1.12,6.673,24.7,306,riley greene,jameson taillon,,,,,,,,,,,,,
2026-07-20,665019,676440,MIN@CLE,Middle Fastball Crusher (LH),4.696,4.056,1.006,0.983,1.045,6.397,23.7,321,kody clemens,tanner bibee,,,,,,,,,,,,,
2026-07-20,670541,676083,MIA@HOU,Inside Breaking Ball Specialist (LH),6.262,3.189,1.005,1.0,0.972,6.34,23.5,325,yordan álvarez,janson junk,,,,,,,,,,,,,
2026-07-20,694374,605488,ATH@AZ,Inside Breaking Ball Specialist,3.389,5.279,1.0,1.0,1.04,6.043,22.6,343,tim tawa,jeffrey springs,,,,,,,,,,,,,
2026-07-20,695657,594798,CWS@TEX,Oppo Fastball Hunter (LH),5.377,3.722,1.005,1.0,0.911,5.956,22.3,349,colson montgomery,jacob degrom,,,,,,,,,,,,,
2026-07-20,690993,592791,DET@CHC,Middle Fastball Crusher (LH),2.923,5.62,0.976,1.005,1.12,5.863,21.9,356,colt keith,jameson taillon,,,,,,,,,,,,,
2026-07-20,686527,671096,CIN@SEA,Middle Slider Crusher (LH),4.894,3.397,1.0,1.0,1.057,5.711,21.4,367,dominic canzone,andrew abbott,,,,,,,,,,,,,
2026-07-20,664040,677960,PIT@NYY,Middle Fastball Crusher (LH),4.65,3.688,1.011,0.982,1.02,5.641,21.2,372,brandon lowe,ryan weathers,,,,,,,,,,,,,
2026-07-20,700250,677952,PIT@NYY,Middle Fastball Crusher (LH),6.299,3.047,1.011,0.982,0.9,5.572,20.9,377,ben rice,braxton ashcraft,,,,,,,,,,,,,
2026-07-20,547180,686218,LAD@PHI,Middle Fastball Crusher (LH),4.38,3.923,1.006,0.991,0.963,5.362,20.2,394,bryce harper,emmet sheehan,,,,,,,,,,,,,
2026-07-20,656811,677960,PIT@NYY,Oppo Fastball Hunter (LH),4.164,3.688,1.011,0.982,1.02,5.052,19.1,422,ryan o'hearn,ryan weathers,,,,,,,,,,,,,
2026-07-20,681546,592791,DET@CHC,Middle Slider Crusher (LH),2.507,5.62,0.976,1.005,1.12,5.029,19.1,424,james outman,jameson taillon,,,,,,,,,,,,,
2026-07-20,678246,594798,CWS@TEX,Middle Fastball Crusher,4.556,3.722,1.006,1.0,0.911,5.052,19.1,422,miguel vargas,jacob degrom,,,,,,,,,,,,,
2026-07-20,650402,592791,DET@CHC,Middle Fastball Crusher,2.482,5.62,0.978,1.005,1.12,4.989,18.9,428,gleyber torres,jameson taillon,,,,,,,,,,,,,
2026-07-20,664034,693821,SD@ATL,Inside Breaking Ball Specialist,4.848,3.353,0.99,1.0,0.955,4.993,18.9,428,ty france,bryce elder,,,,,,,,,,,,,
2026-07-20,668904,676440,MIN@CLE,Middle Fastball Crusher,3.566,4.056,1.015,0.983,1.045,4.901,18.6,437,royce lewis,tanner bibee,,,,,,,,,,,,,
2026-07-20,686797,676440,MIN@CLE,Middle Fastball Crusher,3.49,4.056,1.015,0.983,1.045,4.797,18.3,448,brooks lee,tanner bibee,,,,,,,,,,,,,
2026-07-20,669394,607200,CWS@TEX,Middle Fastball Crusher,3.892,3.626,1.006,1.0,1.041,4.8,18.3,448,jake burger,erick fedde,,,,,,,,,,,,,
2026-07-20,686611,607536,WSH@COL,Middle Fastball Crusher,3.301,4.09,0.963,1.007,1.12,4.764,18.1,451,dylan crews,kyle freeland,,,,,,,,,,,,,
2026-07-20,672960,607259,TB@TOR,Oppo Fastball Hunter,4.989,2.702,1.004,1.0,1.048,4.608,17.6,469,kazuma okamoto,nick martínez,,,,,,,,,,,,,
2026-07-20,680779,677960,PIT@NYY,Inside Breaking Ball Specialist,3.701,3.688,1.014,0.982,1.02,4.503,17.2,481,henry davis,ryan weathers,,,,,,,,,,,,,
2026-07-20,605137,676440,MIN@CLE,Middle Fastball Crusher (LH),3.286,4.056,1.006,0.983,1.045,4.476,17.1,484,josh bell,tanner bibee,,,,,,,,,,,,,
2026-07-20,592518,693821,SD@ATL,Middle Slider Crusher,4.323,3.353,0.991,1.0,0.955,4.457,17.0,487,manny machado,bryce elder,,,,,,,,,,,,,
2026-07-20,691023,667755,STL@LAA,Middle Fastball Crusher,4.848,2.693,1.003,1.002,1.014,4.322,16.6,504,jordan walker,josé soriano,,,,,,,,,,,,,
2026-07-20,657757,693821,SD@ATL,Middle Fastball Crusher (LH),3.906,3.353,1.009,1.0,0.955,4.1,15.8,534,gavin sheets,bryce elder,,,,,,,,,,,,,
2026-07-20,678489,605488,ATH@AZ,Middle Fastball Crusher,2.268,5.279,1.0,1.0,1.04,4.044,15.6,542,jorge barrosa,jeffrey springs,,,,,,,,,,,,,
2026-07-20,677594,671096,CIN@SEA,Middle Fastball Crusher,3.476,3.397,1.002,1.0,1.057,4.064,15.6,539,julio rodríguez,andrew abbott,,,,,,,,,,,,,
2026-07-20,696285,607536,WSH@COL,Middle Fastball Crusher,2.791,4.09,0.963,1.007,1.12,4.028,15.5,545,jacob young,kyle freeland,,,,,,,,,,,,,
2026-07-20,656716,592791,DET@CHC,Inside Breaking Ball Specialist (LH),2.035,5.62,0.958,1.005,1.12,4.007,15.4,548,zach mckinstry,jameson taillon,,,,,,,,,,,,,
2026-07-20,694192,642547,NYM@MIL,Middle Fastball Crusher,3.994,3.185,0.99,1.0,0.955,3.906,15.1,564,jackson chourio,freddy peralta,,,,,,,,,,,,,
2026-07-20,696100,674841,WSH@COL,Middle Fastball Crusher,6.685,1.823,0.963,1.007,1.013,3.89,15.0,566,hunter goodman,andrew alvarez,,,,,,,,,,,,,
2026-07-20,668804,677960,PIT@NYY,Middle Fastball Crusher,3.188,3.688,0.998,0.982,1.02,3.818,14.8,578,bryan reynolds,ryan weathers,,,,,,,,,,,,,
2026-07-20,642715,608379,SF@KC,Middle Fastball Crusher,4.034,2.923,1.0,1.0,0.991,3.796,14.7,582,willy adames,michael wacha,,,,,,,,,,,,,
2026-07-20,668709,669923,CIN@SEA,Middle Fastball Crusher (LH),4.723,2.577,1.0,1.0,0.961,3.799,14.7,581,jj bleday,george kirby,,,,,,,,,,,,,
2026-07-20,664761,686218,LAD@PHI,Oppo Fastball Hunter,3.077,3.923,1.006,0.991,0.963,3.767,14.6,587,alec bohm,emmet sheehan,,,,,,,,,,,,,
2026-07-20,575929,669358,BAL@BOS,Middle Slider Crusher,5.17,2.155,1.037,0.991,1.016,3.78,14.6,584,willson contreras,shane baz,,,,,,,,,,,,,
2026-07-20,542303,677960,PIT@NYY,Middle Fastball Crusher,3.118,3.688,0.998,0.982,1.02,3.734,14.4,592,marcell ozuna,ryan weathers,,,,,,,,,,,,,
2026-07-20,605170,676440,MIN@CLE,Middle Slider Crusher (LH),2.728,4.056,1.006,0.983,1.045,3.716,14.4,595,víctor caratini,tanner bibee,,,,,,,,,,,,,
2026-07-20,677649,607200,CWS@TEX,Middle Fastball Crusher,2.99,3.626,1.006,1.0,1.041,3.687,14.3,600,ezequiel duran,erick fedde,,,,,,,,,,,,,
2026-07-20,694497,607200,CWS@TEX,Middle Fastball Crusher (LH),2.968,3.626,1.004,1.0,1.041,3.653,14.2,607,evan carter,erick fedde,,,,,,,,,,,,,
2026-07-20,643217,594798,CWS@TEX,High Zone Fastball Hitter (LH),3.268,3.722,1.002,1.0,0.911,3.609,14.0,615,andrew benintendi,jacob degrom,,,,,,,,,,,,,
2026-07-20,665742,694819,NYM@MIL,Middle Fastball Crusher (LH),5.276,2.381,0.982,1.0,0.9,3.607,14.0,615,juan soto,jacob misiorowski,,,,,,,,,,,,,
2026-07-20,514888,676083,MIA@HOU,Middle Fastball Crusher,3.48,3.189,1.034,1.0,0.972,3.625,14.0,612,josé altuve,janson junk,,,,,,,,,,,,,
2026-07-20,663728,671096,CIN@SEA,Middle Slider Crusher,3.074,3.397,1.002,1.0,1.057,3.594,13.9,618,cal raleigh,andrew abbott,,,,,,,,,,,,,
2026-07-20,607208,686218,LAD@PHI,Middle Fastball Crusher,2.864,3.923,1.008,0.991,0.963,3.513,13.6,633,trea turner,emmet sheehan,,,,,,,,,,,,,
2026-07-20,666139,681517,STL@LAA,Middle Fastball Crusher (LH),3.76,2.526,1.006,1.002,1.114,3.464,13.5,643,josh lowe,kyle leahy,,,,,,,,,,,,,
2026-07-20,701398,669923,CIN@SEA,Middle Fastball Crusher,4.316,2.577,1.002,1.0,0.961,3.478,13.5,640,sal stewart,george kirby,,,,,,,,,,,,,
2026-07-20,624413,801139,BAL@BOS,Oppo Fastball Hunter,4.457,2.57,1.044,0.991,0.9,3.465,13.5,643,pete alonso,payton tolle,,,,,,,,,,,,,
2026-07-20,691723,801139,BAL@BOS,Middle Fastball Crusher,4.452,2.57,1.037,0.991,0.9,3.438,13.4,648,coby mayo,payton tolle,,,,,,,,,,,,,
2026-07-20,660271,650911,LAD@PHI,Middle Fastball Crusher (LH),4.758,2.462,1.006,0.991,0.9,3.415,13.3,653,shohei ohtani,cristopher sánchez,,,,,,,,,,,,,
2026-07-20,621020,656427,DET@CHC,Middle Fastball Crusher,4.027,2.614,0.978,1.005,1.013,3.406,13.2,655,dansby swanson,jack flaherty,,,,,,,,,,,,,
2026-07-20,668227,671096,CIN@SEA,Oppo Fastball Hunter,2.87,3.397,1.0,1.0,1.057,3.349,13.0,667,randy arozarena,andrew abbott,,,,,,,,,,,,,
2026-07-20,682829,669923,CIN@SEA,Middle Fastball Crusher,4.146,2.577,1.002,1.0,0.961,3.341,13.0,669,elly de la cruz,george kirby,,,,,,,,,,,,,
2026-07-20,664023,656427,DET@CHC,Middle Fastball Crusher,3.904,2.614,0.978,1.005,1.013,3.302,12.9,678,ian happ,jack flaherty,,,,,,,,,,,,,
2026-07-20,668715,669923,CIN@SEA,Middle Slider Crusher,4.011,2.577,1.002,1.0,0.961,3.232,12.6,693,spencer steer,george kirby,,,,,,,,,,,,,
2026-07-20,673237,676083,MIA@HOU,Oppo Fastball Hunter,3.199,3.189,1.004,1.0,0.972,3.235,12.6,693,yainer diaz,janson junk,,,,,,,,,,,,,
2026-07-20,665862,677952,PIT@NYY,Middle Fastball Crusher (LH),3.626,3.047,1.011,0.982,0.9,3.207,12.5,699,jazz chisholm,braxton ashcraft,,,,,,,,,,,,,
2026-07-20,553993,669923,CIN@SEA,Middle Slider Crusher,3.933,2.577,1.002,1.0,0.961,3.17,12.4,708,eugenio suárez,george kirby,,,,,,,,,,,,,
2026-07-20,701538,693821,SD@ATL,Middle Fastball Crusher (LH),2.972,3.353,1.009,1.0,0.955,3.12,12.2,721,jackson merrill,bryce elder,,,,,,,,,,,,,
2026-07-20,695506,686790,SF@KC,Middle Fastball Crusher (LH),4.094,2.408,1.0,1.0,0.965,3.091,12.1,728,jac caglianone,trevor mcdonald,,,,,,,,,,,,,
2026-07-20,668930,642547,NYM@MIL,Inside Breaking Ball Specialist (LH),3.223,3.185,0.97,1.0,0.955,3.088,12.1,729,brice turang,freddy peralta,,,,,,,,,,,,,
2026-07-20,673962,607200,CWS@TEX,Middle Fastball Crusher,2.489,3.626,1.006,1.0,1.041,3.07,12.0,733,josh jung,erick fedde,,,,,,,,,,,,,
2026-07-20,624585,681517,STL@LAA,Middle Fastball Crusher,3.317,2.526,1.003,1.002,1.114,3.047,11.9,739,jorge soler,kyle leahy,,,,,,,,,,,,,
2026-07-20,543807,607259,TB@TOR,Middle Fastball Crusher,3.253,2.702,1.009,1.0,1.048,3.019,11.8,747,george springer,nick martínez,,,,,,,,,,,,,
2026-07-20,663757,677952,PIT@NYY,Oppo Fastball Hunter (LH),3.409,3.047,1.011,0.982,0.9,3.015,11.8,748,trent grisham,braxton ashcraft,,,,,,,,,,,,,
2026-07-20,691406,656302,TB@TOR,Oppo Fastball Hunter,5.923,1.742,1.004,1.0,0.9,3.029,11.8,744,junior caminero,dylan cease,,,,,,,,,,,,,
2026-07-20,671218,608379,SF@KC,Inside Breaking Ball Specialist,3.213,2.923,1.0,1.0,0.991,3.023,11.8,746,heliot ramos,michael wacha,,,,,,,,,,,,,
2026-07-20,665161,676083,MIA@HOU,Middle Fastball Crusher,2.826,3.189,1.034,1.0,0.972,2.944,11.5,767,jeremy peña,janson junk,,,,,,,,,,,,,
2026-07-20,666176,681517,STL@LAA,Middle Slider Crusher,3.138,2.526,1.003,1.002,1.114,2.882,11.3,785,jo adell,kyle leahy,,,,,,,,,,,,,
2026-07-20,691176,677952,PIT@NYY,Middle Fastball Crusher (LH),3.185,3.047,1.011,0.982,0.9,2.817,11.1,804,jasson domínguez,braxton ashcraft,,,,,,,,,,,,,
2026-07-20,666211,676083,MIA@HOU,Oppo Fastball Hunter (LH),2.732,3.189,1.025,1.0,0.972,2.821,11.1,803,taylor trammell,janson junk,,,,,,,,,,,,,
2026-07-20,676609,677952,PIT@NYY,Middle Fastball Crusher,3.245,3.047,0.998,0.982,0.9,2.833,11.1,800,josé caballero,braxton ashcraft,,,,,,,,,,,,,
2026-07-20,683002,801139,BAL@BOS,Middle Slider Crusher (LH),3.611,2.57,1.044,0.991,0.9,2.807,11.0,807,gunnar henderson,payton tolle,,,,,,,,,,,,,
2026-07-20,682626,694819,NYM@MIL,Oppo Fastball Hunter,4.082,2.381,0.982,1.0,0.9,2.791,11.0,813,francisco álvarez,jacob misiorowski,,,,,,,,,,,,,
2026-07-20,605141,650911,LAD@PHI,Inside Breaking Ball Specialist,3.748,2.462,1.008,0.991,0.9,2.695,10.6,844,mookie betts,cristopher sánchez,,,,,,,,,,,,,
2026-07-20,593428,693821,SD@ATL,Middle Fastball Crusher,2.549,3.353,0.991,1.0,0.955,2.628,10.3,867,xander bogaerts,bryce elder,,,,,,,,,,,,,
2026-07-20,695600,686790,SF@KC,Middle Fastball Crusher (LH),3.471,2.408,1.0,1.0,0.965,2.621,10.3,869,carter jensen,trevor mcdonald,,,,,,,,,,,,,
2026-07-20,661388,642547,NYM@MIL,Middle Fastball Crusher,2.654,3.185,0.99,1.0,0.955,2.595,10.2,878,william contreras,freddy peralta,,,,,,,,,,,,,
2026-07-20,677800,669358,BAL@BOS,Inside Breaking Ball Specialist (LH),3.468,2.155,1.059,0.991,1.016,2.589,10.2,881,wilyer abreu,shane baz,,,,,,,,,,,,,
2026-07-20,681807,657746,MIN@CLE,Middle Fastball Crusher,3.577,2.424,1.015,0.983,0.9,2.53,10.0,903,david fry,joe ryan,,,,,,,,,,,,,
2026-07-20,669224,677952,PIT@NYY,Oppo Fastball Hunter (LH),2.826,3.047,1.011,0.982,0.9,2.5,9.9,914,austin wells,braxton ashcraft,,,,,,,,,,,,,
2026-07-20,641933,801139,BAL@BOS,Middle Slider Crusher,3.264,2.57,1.037,0.991,0.9,2.521,9.9,906,tyler o'neill,payton tolle,,,,,,,,,,,,,
2026-07-20,518692,650911,LAD@PHI,Middle Fastball Crusher (LH),3.455,2.462,1.006,0.991,0.9,2.48,9.8,922,freddie freeman,cristopher sánchez,,,,,,,,,,,,,
2026-07-20,641355,677952,PIT@NYY,Middle Slider Crusher (LH),2.772,3.047,1.011,0.982,0.9,2.452,9.7,933,cody bellinger,braxton ashcraft,,,,,,,,,,,,,
2026-07-20,669236,801139,BAL@BOS,Middle Fastball Crusher,3.192,2.57,1.037,0.991,0.9,2.465,9.7,928,jeremiah jackson,payton tolle,,,,,,,,,,,,,
2026-07-20,663886,669923,CIN@SEA,Middle Fastball Crusher,3.029,2.577,1.002,1.0,0.961,2.441,9.6,938,tyler stephenson,george kirby,,,,,,,,,,,,,
2026-07-20,630105,693821,SD@ATL,Oppo Fastball Hunter (LH),2.3,3.353,1.0,1.0,0.955,2.393,9.5,958,jake cronenworth,bryce elder,,,,,,,,,,,,,
2026-07-20,666023,693821,SD@ATL,Inside Breaking Ball Specialist,2.332,3.353,0.99,1.0,0.955,2.402,9.5,954,freddy fermin,bryce elder,,,,,,,,,,,,,
2026-07-20,657041,686790,SF@KC,Oppo Fastball Hunter,3.158,2.408,1.0,1.0,0.965,2.384,9.4,962,lane thomas,trevor mcdonald,,,,,,,,,,,,,
2026-07-20,677951,686790,SF@KC,Middle Slider Crusher,3.138,2.408,1.0,1.0,0.965,2.369,9.4,968,bobby witt,trevor mcdonald,,,,,,,,,,,,,
2026-07-20,680776,669358,BAL@BOS,Middle Fastball Crusher (LH),3.242,2.155,1.044,0.991,1.016,2.386,9.4,961,jarren duran,shane baz,,,,,,,,,,,,,
2026-07-20,663457,667755,STL@LAA,Inside Breaking Ball Specialist (LH),2.635,2.693,1.002,1.002,1.014,2.347,9.3,978,lars nootbaar,josé soriano,,,,,,,,,,,,,
2026-07-20,671056,667755,STL@LAA,Middle Slider Crusher,2.629,2.693,1.003,1.002,1.014,2.344,9.3,979,iván herrera,josé soriano,,,,,,,,,,,,,
2026-07-20,521692,686790,SF@KC,Middle Fastball Crusher,3.083,2.408,1.0,1.0,0.965,2.328,9.2,986,salvador pérez,trevor mcdonald,,,,,,,,,,,,,
2026-07-20,672386,607259,TB@TOR,Oppo Fastball Hunter,2.508,2.702,1.004,1.0,1.048,2.316,9.2,992,alejandro kirk,nick martínez,,,,,,,,,,,,,
2026-07-20,664770,607259,TB@TOR,Oppo Fastball Hunter (LH),2.505,2.702,1.009,1.0,1.048,2.325,9.2,988,nathan lukes,nick martínez,,,,,,,,,,,,,
2026-07-20,592885,642547,NYM@MIL,Middle Slider Crusher (LH),2.359,3.185,0.982,1.0,0.955,2.288,9.1,1004,christian yelich,freddy peralta,,,,,,,,,,,,,
2026-07-20,662139,607259,TB@TOR,Oppo Fastball Hunter (LH),2.436,2.702,1.009,1.0,1.048,2.261,9.0,1017,daulton varsho,nick martínez,,,,,,,,,,,,,
2026-07-20,665926,607259,TB@TOR,Middle Slider Crusher (LH),2.436,2.702,1.004,1.0,1.048,2.25,8.9,1023,andrés giménez,nick martínez,,,,,,,,,,,,,
2026-07-20,606192,650911,LAD@PHI,Middle Fastball Crusher,3.069,2.462,1.008,0.991,0.9,2.207,8.7,1044,teoscar hernández,cristopher sánchez,,,,,,,,,,,,,
2026-07-20,686681,686790,SF@KC,Inside Breaking Ball Specialist (LH),2.844,2.408,1.0,1.0,0.965,2.147,8.5,1074,michael massey,trevor mcdonald,,,,,,,,,,,,,
2026-07-20,693304,677960,PIT@NYY,Oppo Fastball Hunter,1.718,3.688,1.011,0.982,1.02,2.084,8.3,1109,nick gonzales,ryan weathers,,,,,,,,,,,,,
2026-07-20,702332,669358,BAL@BOS,Middle Fastball Crusher,2.796,2.155,1.037,0.991,1.016,2.044,8.1,1132,caleb durbin,shane baz,,,,,,,,,,,,,
2026-07-20,608324,656427,DET@CHC,Oppo Fastball Hunter,2.424,2.614,0.976,1.005,1.013,2.046,8.1,1131,alex bregman,jack flaherty,,,,,,,,,,,,,
2026-07-20,667472,669923,CIN@SEA,Middle Slider Crusher,2.516,2.577,1.002,1.0,0.961,2.028,8.1,1141,dane myers,george kirby,,,,,,,,,,,,,
2026-07-20,665804,656427,DET@CHC,Middle Slider Crusher,2.374,2.614,0.978,1.005,1.013,2.008,8.0,1153,miguel amaya,jack flaherty,,,,,,,,,,,,,
2026-07-20,687401,642547,NYM@MIL,Middle Fastball Crusher,2.068,3.185,0.99,1.0,0.955,2.022,8.0,1144,joey ortiz,freddy peralta,,,,,,,,,,,,,
2026-07-20,681351,681517,STL@LAA,Oppo Fastball Hunter,2.143,2.526,1.006,1.002,1.114,1.974,7.9,1174,logan o'hoppe,kyle leahy,,,,,,,,,,,,,
2026-07-20,645302,671096,CIN@SEA,High Zone Fastball Hitter,1.613,3.397,1.004,1.0,1.057,1.89,7.5,1229,víctor robles,andrew abbott,,,,,,,,,,,,,
2026-07-20,683734,642547,NYM@MIL,Inside Breaking Ball Specialist,1.917,3.185,0.98,1.0,0.955,1.856,7.4,1253,andrew vaughn,freddy peralta,,,,,,,,,,,,,
2026-07-20,664983,674841,WSH@COL,Middle Fastball Crusher (LH),3.112,1.823,0.966,1.007,1.013,1.817,7.2,1281,jake mccarthy,andrew alvarez,,,,,,,,,,,,,
2026-07-20,663647,669923,CIN@SEA,Inside Breaking Ball Specialist,2.198,2.577,1.002,1.0,0.961,1.771,7.1,1315,ke'bryan hayes,george kirby,,,,,,,,,,,,,
2026-07-20,673357,694819,NYM@MIL,Inside Breaking Ball Specialist,2.612,2.381,0.98,1.0,0.9,1.782,7.1,1307,luis robert,jacob misiorowski,,,,,,,,,,,,,
2026-07-20,682177,657746,MIN@CLE,Middle Fastball Crusher (LH),2.518,2.424,1.006,0.983,0.9,1.765,7.0,1320,daniel schneemann,joe ryan,,,,,,,,,,,,,
2026-07-20,665489,607259,TB@TOR,Oppo Fastball Hunter,1.864,2.702,1.004,1.0,1.048,1.721,6.9,1355,vladimir guerrero,nick martínez,,,,,,,,,,,,,
2026-07-20,500743,650911,LAD@PHI,Middle Fastball Crusher,2.399,2.462,1.008,0.991,0.9,1.725,6.9,1352,miguel rojas,cristopher sánchez,,,,,,,,,,,,,
2026-07-20,666182,694819,NYM@MIL,Middle Fastball Crusher,2.503,2.381,0.99,1.0,0.9,1.725,6.9,1352,bo bichette,jacob misiorowski,,,,,,,,,,,,,
2026-07-20,678882,669358,BAL@BOS,Middle Slider Crusher,2.316,2.155,1.037,0.991,1.016,1.693,6.8,1379,ceddanne rafaela,shane baz,,,,,,,,,,,,,
2026-07-20,807799,669358,BAL@BOS,Middle Fastball Crusher (LH),2.331,2.155,1.044,0.991,1.016,1.716,6.8,1360,masataka yoshida,shane baz,,,,,,,,,,,,,
2026-07-20,686469,686790,SF@KC,Middle Slider Crusher (LH),2.26,2.408,1.0,1.0,0.965,1.706,6.8,1368,vinnie pasquantino,trevor mcdonald,,,,,,,,,,,,,
2026-07-20,677587,657746,MIN@CLE,Middle Slider Crusher (LH),2.377,2.424,1.006,0.983,0.9,1.666,6.7,1402,brayan rocchio,joe ryan,,,,,,,,,,,,,
2026-07-20,656775,656302,TB@TOR,Middle Slider Crusher (LH),3.28,1.742,1.004,1.0,0.9,1.677,6.7,1392,cedric mullins,dylan cease,,,,,,,,,,,,,
2026-07-20,669707,677960,PIT@NYY,Middle Slider Crusher,1.368,3.688,0.998,0.982,1.02,1.638,6.5,1427,jared triolo,ryan weathers,,,,,,,,,,,,,
2026-07-20,650489,674841,WSH@COL,Middle Fastball Crusher,2.778,1.823,0.963,1.007,1.013,1.617,6.5,1447,willi castro,andrew alvarez,,,,,,,,,,,,,
2026-07-20,691720,674841,WSH@COL,Middle Fastball Crusher,2.808,1.823,0.963,1.007,1.013,1.634,6.5,1431,kyle karros,andrew alvarez,,,,,,,,,,,,,
2026-07-20,650490,656302,TB@TOR,Oppo Fastball Hunter,3.138,1.742,1.004,1.0,0.9,1.605,6.4,1458,yandy díaz,dylan cease,,,,,,,,,,,,,
2026-07-20,593871,694819,NYM@MIL,Middle Fastball Crusher (LH),2.312,2.381,0.982,1.0,0.9,1.581,6.3,1481,jorge polanco,jacob misiorowski,,,,,,,,,,,,,
2026-07-20,683083,607536,WSH@COL,Middle Fastball Crusher,1.072,4.09,0.963,1.007,1.12,1.547,6.2,1515,nasim nuñez,kyle freeland,,,,,,,,,,,,,
2026-07-20,686555,686790,SF@KC,Inside Breaking Ball Specialist,1.941,2.408,1.0,1.0,0.965,1.465,5.9,1603,isaac collins,trevor mcdonald,,,,,,,,,,,,,
2026-07-20,672275,657746,MIN@CLE,Inside Breaking Ball Specialist (LH),2.098,2.424,1.008,0.983,0.9,1.473,5.9,1594,patrick bailey,joe ryan,,,,,,,,,,,,,
2026-07-20,678662,674841,WSH@COL,Middle Slider Crusher,2.488,1.823,0.963,1.007,1.013,1.448,5.8,1623,ezequiel tovar,andrew alvarez,,,,,,,,,,,,,
2026-07-20,691026,667755,STL@LAA,Middle Slider Crusher,1.57,2.693,1.003,1.002,1.014,1.4,5.6,1681,masyn winn,josé soriano,,,,,,,,,,,,,
2026-07-20,669743,650911,LAD@PHI,Middle Slider Crusher,1.841,2.462,1.008,0.991,0.9,1.324,5.3,1781,alex call,cristopher sánchez,,,,,,,,,,,,,
2026-07-20,657136,669358,BAL@BOS,Oppo Fastball Hunter,1.805,2.155,1.044,0.991,1.016,1.328,5.3,1774,connor wong,shane baz,,,,,,,,,,,,,
2026-07-20,683146,694819,NYM@MIL,Middle Fastball Crusher (LH),1.902,2.381,0.982,1.0,0.9,1.3,5.2,1814,brett baty,jacob misiorowski,,,,,,,,,,,,,
2026-07-20,663538,656427,DET@CHC,Middle Fastball Crusher,1.389,2.614,0.978,1.005,1.013,1.175,4.7,2014,nico hoerner,jack flaherty,,,,,,,,,,,,,
2026-07-20,671289,674841,WSH@COL,Oppo Fastball Hunter,1.766,1.823,0.966,1.007,1.013,1.031,4.2,2304,tyler freeman,andrew alvarez,,,,,,,,,,,,,
2026-07-20,680700,656302,TB@TOR,Oppo Fastball Hunter (LH),1.88,1.742,1.009,1.0,0.9,0.966,3.9,2462,richie palacios,dylan cease,,,,,,,,,,,,,
2026-07-20,663743,656302,TB@TOR,Inside Breaking Ball Specialist,1.627,1.742,1.01,1.0,0.9,0.837,3.4,2852,nick fortes,dylan cease,,,,,,,,,,,,,
2026-07-20,670764,656302,TB@TOR,Middle Fastball Crusher (LH),0.93,1.742,1.004,1.0,0.9,0.476,1.9,5066,taylor walls,dylan cease,,,,,,,,,,,,,
2026-07-21,665742,687075,NYM@MIL,Middle Fastball Crusher (LH),5.236,3.897,0.982,1.0,1.065,6.899,25.4,294,juan soto,brandon sproat,,,,,,,,,,,,,
2026-07-21,670541,663969,MIA@HOU,Inside Breaking Ball Specialist (LH),6.579,2.661,1.005,1.0,1.066,6.059,22.6,342,yordan álvarez,tyler phillips,,,,,,,,,,,,,
2026-07-21,665052,837227,MIA@HOU,Middle Fastball Crusher (LH),4.804,3.562,1.004,1.0,1.089,6.046,22.6,343,griffin conine,tatsuya imai,,,,,,,,,,,,,
2026-07-21,691406,592332,TB@TOR,Oppo Fastball Hunter,5.873,3.163,1.004,1.0,0.962,5.796,21.7,361,junior caminero,kevin gausman,,,,,,,,,,,,,
2026-07-21,695578,547179,WSH@COL,Middle Fastball Crusher (LH),5.321,3.041,0.966,1.007,1.12,5.698,21.4,368,james wood,michael lorenzen,,,,,,,,,,,,,
2026-07-21,671277,547179,WSH@COL,Inside Breaking Ball Specialist (LH),5.293,3.041,0.956,1.007,1.12,5.609,21.1,374,luis garcía,michael lorenzen,,,,,,,,,,,,,
2026-07-21,621566,621111,SD@ATL,Middle Fastball Crusher (LH),5.363,3.093,1.009,1.0,1.03,5.571,20.9,377,matt olson,walker buehler,,,,,,,,,,,,,
2026-07-21,664034,625643,SD@ATL,Inside Breaking Ball Specialist,5.071,3.083,0.99,1.0,1.03,5.152,19.5,413,ty france,reynaldo lópez,,,,,,,,,,,,,
2026-07-21,669394,702273,CWS@TEX,Middle Fastball Crusher,4.069,3.309,1.006,1.0,1.12,4.903,18.6,437,jake burger,noah schultz,,,,,,,,,,,,,
2026-07-21,686948,621111,SD@ATL,Oppo Fastball Hunter (LH),4.741,3.093,1.0,1.0,1.03,4.881,18.6,439,drake baldwin,walker buehler,,,,,,,,,,,,,
2026-07-21,656941,680736,LAD@PHI,Middle Slider Crusher (LH),6.651,2.298,1.006,0.991,0.99,4.874,18.5,440,kyle schwarber,justin wrobleski,,,,,,,,,,,,,
2026-07-21,668709,622491,CIN@SEA,Middle Fastball Crusher (LH),4.682,3.076,1.0,1.0,1.035,4.819,18.3,446,jj bleday,luis castillo,,,,,,,,,,,,,
2026-07-21,678246,677958,CWS@TEX,Middle Fastball Crusher,4.518,3.082,1.006,1.0,1.053,4.767,18.1,451,miguel vargas,kumar rocker,,,,,,,,,,,,,
2026-07-21,671739,621111,SD@ATL,Middle Fastball Crusher (LH),4.386,3.093,1.009,1.0,1.03,4.556,17.4,475,michael harris,walker buehler,,,,,,,,,,,,,
2026-07-21,592518,625643,SD@ATL,Middle Slider Crusher,4.483,3.083,0.991,1.0,1.03,4.559,17.4,474,manny machado,reynaldo lópez,,,,,,,,,,,,,
2026-07-21,624585,669461,STL@LAA,Middle Fastball Crusher,3.291,3.83,1.003,1.002,1.103,4.516,17.3,479,jorge soler,matthew liberatore,,,,,,,,,,,,,
2026-07-21,666176,669461,STL@LAA,Middle Slider Crusher,3.305,3.83,1.003,1.002,1.103,4.535,17.3,477,jo adell,matthew liberatore,,,,,,,,,,,,,
2026-07-21,606466,678022,ATH@AZ,Inside Breaking Ball Specialist,3.999,3.536,1.0,1.0,0.988,4.517,17.3,479,ketel marte,jack perkins,,,,,,,,,,,,,
2026-07-21,693307,656849,DET@CHC,Middle Slider Crusher,4.952,2.554,0.978,1.005,1.111,4.463,17.1,486,dillon dingler,david peterson,,,,,,,,,,,,,
2026-07-21,669065,837227,MIA@HOU,Middle Slider Crusher (LH),3.555,3.562,1.004,1.0,1.089,4.474,17.1,484,kyle stowers,tatsuya imai,,,,,,,,,,,,,
2026-07-21,695506,641816,SF@KC,Middle Fastball Crusher (LH),4.064,3.41,1.0,1.0,0.999,4.476,17.1,484,jac caglianone,tyler mahle,,,,,,,,,,,,,
2026-07-21,621439,800048,MIN@CLE,Oppo Fastball Hunter,6.269,2.461,1.006,0.983,0.9,4.438,17.0,489,byron buxton,parker messick,,,,,,,,,,,,,
2026-07-21,672960,656876,TB@TOR,Oppo Fastball Hunter,4.954,3.07,1.004,1.0,0.9,4.442,17.0,488,kazuma okamoto,drew rasmussen,,,,,,,,,,,,,
2026-07-21,701398,622491,CIN@SEA,Middle Fastball Crusher,4.288,3.076,1.002,1.0,1.035,4.422,16.9,491,sal stewart,luis castillo,,,,,,,,,,,,,
2026-07-21,663993,622491,CIN@SEA,Oppo Fastball Hunter (LH),4.168,3.076,1.0,1.0,1.035,4.29,16.5,508,nathaniel lowe,luis castillo,,,,,,,,,,,,,
2026-07-21,572233,663969,MIA@HOU,Middle Slider Crusher,4.5,2.661,1.034,1.0,1.066,4.264,16.4,511,christian walker,tyler phillips,,,,,,,,,,,,,
2026-07-21,682829,622491,CIN@SEA,Middle Fastball Crusher,4.115,3.076,1.002,1.0,1.035,4.244,16.3,514,elly de la cruz,luis castillo,,,,,,,,,,,,,
2026-07-21,686527,695505,CIN@SEA,Middle Slider Crusher (LH),4.835,2.956,1.0,1.0,0.9,4.157,16.0,526,dominic canzone,chase burns,,,,,,,,,,,,,
2026-07-21,670042,695505,CIN@SEA,Middle Fastball Crusher (LH),4.81,2.956,1.0,1.0,0.9,4.136,15.9,529,luke raley,chase burns,,,,,,,,,,,,,
2026-07-21,657757,625643,SD@ATL,Middle Fastball Crusher (LH),3.893,3.083,1.009,1.0,1.03,4.031,15.5,544,gavin sheets,reynaldo lópez,,,,,,,,,,,,,
2026-07-21,553993,622491,CIN@SEA,Middle Slider Crusher,3.909,3.076,1.002,1.0,1.035,4.031,15.5,544,eugenio suárez,luis castillo,,,,,,,,,,,,,
2026-07-21,660271,554430,LAD@PHI,Middle Fastball Crusher (LH),4.718,2.899,1.006,0.991,0.9,3.966,15.3,554,shohei ohtani,zack wheeler,,,,,,,,,,,,,
2026-07-21,571970,554430,LAD@PHI,Oppo Fastball Hunter (LH),4.62,2.899,1.013,0.991,0.9,3.911,15.1,563,max muncy,zack wheeler,,,,,,,,,,,,,
2026-07-21,679529,656849,DET@CHC,Middle Fastball Crusher,4.274,2.554,0.978,1.005,1.111,3.852,14.9,572,spencer torkelson,david peterson,,,,,,,,,,,,,
2026-07-21,682622,622491,CIN@SEA,Inside Breaking Ball Specialist,3.707,3.076,1.002,1.0,1.035,3.823,14.8,577,noelvi marte,luis castillo,,,,,,,,,,,,,
2026-07-21,642715,679883,SF@KC,Middle Fastball Crusher,4.2,2.654,1.0,1.0,1.065,3.835,14.8,575,willy adames,luinder avila,,,,,,,,,,,,,
2026-07-21,695600,641816,SF@KC,Middle Fastball Crusher (LH),3.439,3.41,1.0,1.0,0.999,3.788,14.6,583,carter jensen,tyler mahle,,,,,,,,,,,,,
2026-07-21,694374,678022,ATH@AZ,Inside Breaking Ball Specialist,3.339,3.536,1.0,1.0,0.988,3.772,14.6,586,tim tawa,jack perkins,,,,,,,,,,,,,
2026-07-21,682998,678022,ATH@AZ,Oppo Fastball Hunter (LH),3.342,3.536,1.0,1.0,0.988,3.775,14.6,585,corbin carroll,jack perkins,,,,,,,,,,,,,
2026-07-21,543760,687075,NYM@MIL,Middle Fastball Crusher,2.831,3.897,0.99,1.0,1.065,3.76,14.5,588,marcus semien,brandon sproat,,,,,,,,,,,,,
2026-07-21,672724,669461,STL@LAA,Inside Breaking Ball Specialist,2.665,3.83,1.004,1.002,1.103,3.661,14.2,605,oswald peraza,matthew liberatore,,,,,,,,,,,,,
2026-07-21,521692,641816,SF@KC,Middle Fastball Crusher,3.258,3.41,1.0,1.0,0.999,3.588,13.9,619,salvador pérez,tyler mahle,,,,,,,,,,,,,
2026-07-21,677649,702273,CWS@TEX,Middle Fastball Crusher,2.975,3.309,1.006,1.0,1.12,3.585,13.9,619,ezequiel duran,noah schultz,,,,,,,,,,,,,
2026-07-21,605141,554430,LAD@PHI,Inside Breaking Ball Specialist,4.21,2.899,1.008,0.991,0.9,3.546,13.8,627,mookie betts,zack wheeler,,,,,,,,,,,,,
2026-07-21,645277,621111,SD@ATL,Middle Fastball Crusher,3.409,3.093,0.991,1.0,1.03,3.478,13.5,640,ozzie albies,walker buehler,,,,,,,,,,,,,
2026-07-21,657041,641816,SF@KC,Oppo Fastball Hunter,3.131,3.41,1.0,1.0,0.999,3.449,13.4,646,lane thomas,tyler mahle,,,,,,,,,,,,,
2026-07-21,643217,677958,CWS@TEX,High Zone Fastball Hitter (LH),3.249,3.082,1.002,1.0,1.053,3.415,13.3,653,andrew benintendi,kumar rocker,,,,,,,,,,,,,
2026-07-21,656775,592332,TB@TOR,Middle Slider Crusher (LH),3.469,3.163,1.004,1.0,0.962,3.424,13.3,651,cedric mullins,kevin gausman,,,,,,,,,,,,,
2026-07-21,673357,687075,NYM@MIL,Inside Breaking Ball Specialist,2.573,3.897,0.98,1.0,1.065,3.383,13.2,660,luis robert,brandon sproat,,,,,,,,,,,,,
2026-07-21,547180,680736,LAD@PHI,Middle Fastball Crusher (LH),4.534,2.298,1.006,0.991,0.99,3.322,12.9,673,bryce harper,justin wrobleski,,,,,,,,,,,,,
2026-07-21,666182,687075,NYM@MIL,Middle Fastball Crusher,2.489,3.897,0.99,1.0,1.065,3.306,12.9,677,bo bichette,brandon sproat,,,,,,,,,,,,,
2026-07-21,665019,800048,MIN@CLE,Middle Fastball Crusher (LH),4.649,2.461,1.006,0.983,0.9,3.291,12.8,680,kody clemens,parker messick,,,,,,,,,,,,,
2026-07-21,514888,663969,MIA@HOU,Middle Fastball Crusher,3.453,2.661,1.034,1.0,1.066,3.272,12.8,684,josé altuve,tyler phillips,,,,,,,,,,,,,
2026-07-21,664023,664285,DET@CHC,Middle Fastball Crusher,4.051,2.527,0.978,1.005,0.998,3.246,12.7,690,ian happ,framber valdez,,,,,,,,,,,,,
2026-07-21,621020,664285,DET@CHC,Middle Fastball Crusher,3.99,2.527,0.978,1.005,0.998,3.197,12.5,702,dansby swanson,framber valdez,,,,,,,,,,,,,
2026-07-21,696285,547179,WSH@COL,Middle Fastball Crusher,3.005,3.041,0.963,1.007,1.12,3.208,12.5,699,jacob young,michael lorenzen,,,,,,,,,,,,,
2026-07-21,656537,680736,LAD@PHI,Inside Breaking Ball Specialist,4.322,2.298,1.008,0.991,0.99,3.173,12.4,707,derek hill,justin wrobleski,,,,,,,,,,,,,
2026-07-21,671218,679883,SF@KC,Inside Breaking Ball Specialist,3.455,2.654,1.0,1.0,1.065,3.155,12.3,712,heliot ramos,luinder avila,,,,,,,,,,,,,
2026-07-21,682985,656849,DET@CHC,Oppo Fastball Hunter (LH),3.478,2.554,0.978,1.005,1.111,3.135,12.2,717,riley greene,david peterson,,,,,,,,,,,,,
2026-07-21,663586,621111,SD@ATL,High Zone Fastball Hitter,3.016,3.093,1.004,1.0,1.03,3.118,12.2,721,austin riley,walker buehler,,,,,,,,,,,,,
2026-07-21,686681,641816,SF@KC,Inside Breaking Ball Specialist (LH),2.819,3.41,1.0,1.0,0.999,3.105,12.1,724,michael massey,tyler mahle,,,,,,,,,,,,,
2026-07-21,701538,625643,SD@ATL,Middle Fastball Crusher (LH),2.954,3.083,1.009,1.0,1.03,3.059,12.0,736,jackson merrill,reynaldo lópez,,,,,,,,,,,,,
2026-07-21,650490,592332,TB@TOR,Oppo Fastball Hunter,3.112,3.163,1.004,1.0,0.962,3.071,12.0,733,yandy díaz,kevin gausman,,,,,,,,,,,,,
2026-07-21,672640,837227,MIA@HOU,Middle Fastball Crusher,2.354,3.562,1.034,1.0,1.089,3.051,11.9,738,otto lopez,tatsuya imai,,,,,,,,,,,,,
2026-07-21,677588,547179,WSH@COL,Middle Fastball Crusher (LH),2.793,3.041,0.966,1.007,1.12,2.991,11.7,754,josé tena,michael lorenzen,,,,,,,,,,,,,
2026-07-21,673962,702273,CWS@TEX,Middle Fastball Crusher,2.473,3.309,1.006,1.0,1.12,2.98,11.7,757,josh jung,noah schultz,,,,,,,,,,,,,
2026-07-21,665161,663969,MIA@HOU,Middle Fastball Crusher,3.087,2.661,1.034,1.0,1.066,2.925,11.5,773,jeremy peña,tyler phillips,,,,,,,,,,,,,
2026-07-21,681351,669461,STL@LAA,Oppo Fastball Hunter,2.136,3.83,1.006,1.002,1.103,2.94,11.5,768,logan o'hoppe,matthew liberatore,,,,,,,,,,,,,
2026-07-21,543807,656876,TB@TOR,Middle Fastball Crusher,3.227,3.07,1.009,1.0,0.9,2.908,11.4,778,george springer,drew rasmussen,,,,,,,,,,,,,
2026-07-21,680777,800048,MIN@CLE,Middle Fastball Crusher,4.067,2.461,1.015,0.983,0.9,2.905,11.4,778,ryan jeffers,parker messick,,,,,,,,,,,,,
2026-07-21,695734,547179,WSH@COL,Inside Breaking Ball Specialist (LH),2.725,3.041,0.956,1.007,1.12,2.888,11.3,783,daylen lile,michael lorenzen,,,,,,,,,,,,,
2026-07-21,518692,554430,LAD@PHI,Middle Fastball Crusher (LH),3.434,2.899,1.006,0.991,0.9,2.887,11.3,784,freddie freeman,zack wheeler,,,,,,,,,,,,,
2026-07-21,663728,695505,CIN@SEA,Middle Slider Crusher,3.281,2.956,1.002,1.0,0.9,2.827,11.1,802,cal raleigh,chase burns,,,,,,,,,,,,,
2026-07-21,643289,621111,SD@ATL,Oppo Fastball Hunter,2.694,3.093,1.009,1.0,1.03,2.799,11.0,810,mauricio dubón,walker buehler,,,,,,,,,,,,,
2026-07-21,668670,656849,DET@CHC,Middle Fastball Crusher,2.997,2.554,0.978,1.005,1.111,2.701,10.6,842,jake rogers,david peterson,,,,,,,,,,,,,
2026-07-21,691023,700712,STL@LAA,Middle Fastball Crusher,4.815,1.913,1.003,1.002,0.9,2.693,10.6,844,jordan walker,walbert ureña,,,,,,,,,,,,,
2026-07-21,543877,663969,MIA@HOU,Middle Slider Crusher,2.775,2.661,1.034,1.0,1.066,2.63,10.3,866,christian vázquez,tyler phillips,,,,,,,,,,,,,
2026-07-21,593428,625643,SD@ATL,Middle Fastball Crusher,2.532,3.083,0.991,1.0,1.03,2.575,10.1,886,xander bogaerts,reynaldo lópez,,,,,,,,,,,,,
2026-07-21,678489,678022,ATH@AZ,Middle Fastball Crusher,2.249,3.536,1.0,1.0,0.988,2.54,10.0,899,jorge barrosa,jack perkins,,,,,,,,,,,,,
2026-07-21,666211,663969,MIA@HOU,Oppo Fastball Hunter (LH),2.696,2.661,1.025,1.0,1.066,2.532,10.0,902,taylor trammell,tyler phillips,,,,,,,,,,,,,
2026-07-21,668904,800048,MIN@CLE,Middle Fastball Crusher,3.534,2.461,1.015,0.983,0.9,2.524,10.0,905,royce lewis,parker messick,,,,,,,,,,,,,
2026-07-21,620443,687075,NYM@MIL,Middle Fastball Crusher,1.885,3.897,0.99,1.0,1.065,2.504,9.9,913,luis torrens,brandon sproat,,,,,,,,,,,,,
2026-07-21,679845,641816,SF@KC,Oppo Fastball Hunter,2.255,3.41,1.0,1.0,0.999,2.484,9.8,921,nick loftin,tyler mahle,,,,,,,,,,,,,
2026-07-21,686469,641816,SF@KC,Middle Slider Crusher (LH),2.243,3.41,1.0,1.0,0.999,2.471,9.7,926,vinnie pasquantino,tyler mahle,,,,,,,,,,,,,
2026-07-21,668227,695505,CIN@SEA,Oppo Fastball Hunter,2.846,2.956,1.0,1.0,0.9,2.447,9.7,935,randy arozarena,chase burns,,,,,,,,,,,,,
2026-07-21,607208,680736,LAD@PHI,Middle Fastball Crusher,3.203,2.298,1.008,0.991,0.99,2.352,9.3,976,trea turner,justin wrobleski,,,,,,,,,,,,,
2026-07-21,630105,625643,SD@ATL,Oppo Fastball Hunter (LH),2.275,3.083,1.0,1.0,1.03,2.335,9.2,983,jake cronenworth,reynaldo lópez,,,,,,,,,,,,,
2026-07-21,691594,837227,MIA@HOU,Middle Fastball Crusher,1.771,3.562,1.034,1.0,1.089,2.296,9.1,1001,javier sanoja,tatsuya imai,,,,,,,,,,,,,
2026-07-21,605137,800048,MIN@CLE,Middle Fastball Crusher (LH),3.264,2.461,1.006,0.983,0.9,2.311,9.1,994,josh bell,parker messick,,,,,,,,,,,,,
2026-07-21,669364,837227,MIA@HOU,Middle Fastball Crusher (LH),1.779,3.562,1.004,1.0,1.089,2.239,8.9,1028,xavier edwards,tatsuya imai,,,,,,,,,,,,,
2026-07-21,664761,680736,LAD@PHI,Oppo Fastball Hunter,3.057,2.298,1.006,0.991,0.99,2.24,8.9,1027,alec bohm,justin wrobleski,,,,,,,,,,,,,
2026-07-21,664770,656876,TB@TOR,Oppo Fastball Hunter (LH),2.482,3.07,1.009,1.0,0.9,2.236,8.9,1029,nathan lukes,drew rasmussen,,,,,,,,,,,,,
2026-07-21,624641,680736,LAD@PHI,Middle Fastball Crusher,3.036,2.298,1.008,0.991,0.99,2.229,8.8,1033,edmundo sosa,justin wrobleski,,,,,,,,,,,,,
2026-07-21,650402,656849,DET@CHC,Middle Fastball Crusher,2.448,2.554,0.978,1.005,1.111,2.206,8.7,1044,gleyber torres,david peterson,,,,,,,,,,,,,
2026-07-21,662139,656876,TB@TOR,Oppo Fastball Hunter (LH),2.418,3.07,1.009,1.0,0.9,2.179,8.6,1058,daulton varsho,drew rasmussen,,,,,,,,,,,,,
2026-07-21,665926,656876,TB@TOR,Middle Slider Crusher (LH),2.418,3.07,1.004,1.0,0.9,2.168,8.6,1064,andrés giménez,drew rasmussen,,,,,,,,,,,,,
2026-07-21,516782,641816,SF@KC,Middle Fastball Crusher,1.924,3.41,1.0,1.0,0.999,2.119,8.4,1089,starling marte,tyler mahle,,,,,,,,,,,,,
2026-07-21,805300,837227,MIA@HOU,Middle Slider Crusher (LH),1.669,3.562,1.004,1.0,1.089,2.101,8.3,1100,jakob marsee,tatsuya imai,,,,,,,,,,,,,
2026-07-21,608348,664285,DET@CHC,Inside Breaking Ball Specialist,2.556,2.527,0.961,1.005,0.998,2.012,8.0,1150,carson kelly,framber valdez,,,,,,,,,,,,,
2026-07-21,663837,656849,DET@CHC,Oppo Fastball Hunter,2.211,2.554,0.976,1.005,1.111,1.989,7.9,1165,matt vierling,david peterson,,,,,,,,,,,,,
2026-07-21,608324,664285,DET@CHC,Oppo Fastball Hunter,2.406,2.527,0.976,1.005,0.998,1.924,7.7,1206,alex bregman,framber valdez,,,,,,,,,,,,,
2026-07-21,605170,800048,MIN@CLE,Middle Slider Crusher (LH),2.705,2.461,1.006,0.983,0.9,1.915,7.6,1212,víctor caratini,parker messick,,,,,,,,,,,,,
2026-07-21,663743,592332,TB@TOR,Inside Breaking Ball Specialist,1.896,3.163,1.01,1.0,0.962,1.882,7.5,1234,nick fortes,kevin gausman,,,,,,,,,,,,,
2026-07-21,682668,677958,CWS@TEX,Middle Fastball Crusher,1.659,3.082,1.006,1.0,1.053,1.75,7.0,1332,luisangel acuña,kumar rocker,,,,,,,,,,,,,
2026-07-21,663656,554430,LAD@PHI,Middle Fastball Crusher (LH),2.08,2.899,1.006,0.991,0.9,1.749,7.0,1333,kyle tucker,zack wheeler,,,,,,,,,,,,,
2026-07-21,665489,656876,TB@TOR,Oppo Fastball Hunter,1.854,3.07,1.004,1.0,0.9,1.662,6.6,1406,vladimir guerrero,drew rasmussen,,,,,,,,,,,,,
2026-07-21,810938,592332,TB@TOR,Middle Slider Crusher,1.628,3.163,1.009,1.0,0.962,1.615,6.5,1449,ben williamson,kevin gausman,,,,,,,,,,,,,
2026-07-21,669743,554430,LAD@PHI,Middle Slider Crusher,1.834,2.899,1.008,0.991,0.9,1.545,6.2,1517,alex call,zack wheeler,,,,,,,,,,,,,
2026-07-21,671056,700712,STL@LAA,Middle Slider Crusher,2.613,1.913,1.003,1.002,0.9,1.461,5.9,1607,iván herrera,walbert ureña,,,,,,,,,,,,,
2026-07-21,663457,700712,STL@LAA,Inside Breaking Ball Specialist (LH),2.602,1.913,1.002,1.002,0.9,1.454,5.8,1616,lars nootbaar,walbert ureña,,,,,,,,,,,,,
2026-07-21,645302,695505,CIN@SEA,High Zone Fastball Hitter,1.593,2.956,1.004,1.0,0.9,1.375,5.5,1712,víctor robles,chase burns,,,,,,,,,,,,,
2026-07-21,683083,547179,WSH@COL,Middle Fastball Crusher,1.066,3.041,0.963,1.007,1.12,1.138,4.6,2082,nasim nuñez,michael lorenzen,,,,,,,,,,,,,
2026-07-21,663538,664285,DET@CHC,Middle Fastball Crusher,1.38,2.527,0.978,1.005,0.998,1.106,4.5,2144,nico hoerner,framber valdez,,,,,,,,,,,,,
2026-07-21,650859,625643,SD@ATL,Middle Slider Crusher,1.095,3.083,0.991,1.0,1.03,1.114,4.5,2128,luis rengifo,reynaldo lópez,,,,,,,,,,,,,
2026-07-21,807712,800048,MIN@CLE,Oppo Fastball Hunter,1.584,2.461,1.006,0.983,0.9,1.121,4.5,2113,luke keaschall,parker messick,,,,,,,,,,,,,
2026-07-21,668885,800048,MIN@CLE,Middle Fastball Crusher,1.414,2.461,1.015,0.983,0.9,1.01,4.1,2353,austin martin,parker messick,,,,,,,,,,,,,
2026-07-21,670764,592332,TB@TOR,Middle Fastball Crusher (LH),0.926,3.163,1.004,1.0,0.962,0.914,3.7,2607,taylor walls,kevin gausman,,,,,,,,,,,,,
2026-07-21,691026,700712,STL@LAA,Middle Slider Crusher,1.564,1.913,1.003,1.002,0.9,0.875,3.5,2727,masyn winn,walbert ureña,,,,,,,,,,,,,
2026-07-22,656941,641778,LAD@PHI,Middle Slider Crusher (LH),6.603,4.757,1.006,0.991,1.075,10.877,37.6,166,kyle schwarber,eric lauer,,,,,,,,,,,,,
2026-07-22,575929,665152,BAL@BOS,Middle Slider Crusher,5.132,5.371,1.037,0.991,1.069,9.784,34.4,190,willson contreras,dean kremer,,,,,,,,,,,,,
2026-07-22,669127,518876,ATH@AZ,Middle Fastball Crusher,5.04,4.391,1.0,1.0,1.12,8.011,29.0,245,shea langeliers,merrill kelly,,,,,,,,,,,,,
2026-07-22,670042,663903,CIN@SEA,Middle Fastball Crusher (LH),4.786,4.429,1.0,1.0,1.096,7.512,27.4,265,luke raley,brady singer,,,,,,,,,,,,,
2026-07-22,686527,663903,CIN@SEA,Middle Slider Crusher (LH),4.774,4.429,1.0,1.0,1.096,7.493,27.3,266,dominic canzone,brady singer,,,,,,,,,,,,,
2026-07-22,547180,641778,LAD@PHI,Middle Fastball Crusher (LH),4.501,4.757,1.006,0.991,1.075,7.414,27.1,269,bryce harper,eric lauer,,,,,,,,,,,,,
2026-07-22,571970,605400,LAD@PHI,Oppo Fastball Hunter (LH),4.792,4.584,1.013,0.991,0.997,7.107,26.1,283,max muncy,aaron nola,,,,,,,,,,,,,
2026-07-22,656537,641778,LAD@PHI,Inside Breaking Ball Specialist,4.275,4.757,1.008,0.991,1.075,7.056,25.9,286,derek hill,eric lauer,,,,,,,,,,,,,
2026-07-22,660271,605400,LAD@PHI,Middle Fastball Crusher (LH),4.684,4.584,1.006,0.991,0.997,6.899,25.4,294,shohei ohtani,aaron nola,,,,,,,,,,,,,
2026-07-22,677800,665152,BAL@BOS,Inside Breaking Ball Specialist (LH),3.446,5.371,1.059,0.991,1.069,6.709,24.8,304,wilyer abreu,dean kremer,,,,,,,,,,,,,
2026-07-22,700250,656605,PIT@NYY,Middle Fastball Crusher (LH),6.255,2.975,1.011,0.982,1.114,6.654,24.6,307,ben rice,mitch keller,,,,,,,,,,,,,
2026-07-22,691016,518876,ATH@AZ,Middle Fastball Crusher (LH),4.015,4.391,1.0,1.0,1.12,6.382,23.7,322,tyler soderstrom,merrill kelly,,,,,,,,,,,,,
2026-07-22,641680,518876,ATH@AZ,Middle Slider Crusher (LH),3.985,4.391,1.0,1.0,1.12,6.334,23.5,325,jonah heim,merrill kelly,,,,,,,,,,,,,
2026-07-22,605141,605400,LAD@PHI,Inside Breaking Ball Specialist,4.178,4.584,1.008,0.991,0.997,6.166,23.0,335,mookie betts,aaron nola,,,,,,,,,,,,,
2026-07-22,680776,665152,BAL@BOS,Middle Fastball Crusher (LH),3.22,5.371,1.044,0.991,1.069,6.18,23.0,334,jarren duran,dean kremer,,,,,,,,,,,,,
2026-07-22,693307,607067,DET@CHC,Middle Slider Crusher,5.112,3.323,0.978,1.005,1.118,6.032,22.5,344,dillon dingler,colin rea,,,,,,,,,,,,,
2026-07-22,677594,663903,CIN@SEA,Middle Fastball Crusher,3.641,4.429,1.002,1.0,1.096,5.726,21.5,366,julio rodríguez,brady singer,,,,,,,,,,,,,
2026-07-22,702332,665152,BAL@BOS,Middle Fastball Crusher,2.994,5.371,1.037,0.991,1.069,5.708,21.4,367,caleb durbin,dean kremer,,,,,,,,,,,,,
2026-07-22,691406,680755,TB@TOR,Oppo Fastball Hunter,5.811,3.04,1.004,1.0,0.945,5.416,20.4,390,junior caminero,braydon fisher,,,,,,,,,,,,,
2026-07-22,681481,607067,DET@CHC,Middle Fastball Crusher (LH),4.566,3.323,0.976,1.005,1.118,5.377,20.3,393,kerry carpenter,colin rea,,,,,,,,,,,,,
2026-07-22,607208,641778,LAD@PHI,Middle Fastball Crusher,3.18,4.757,1.008,0.991,1.075,5.249,19.8,404,trea turner,eric lauer,,,,,,,,,,,,,
2026-07-22,670541,645261,MIA@HOU,Inside Breaking Ball Specialist (LH),6.533,2.593,1.005,1.0,0.938,5.163,19.5,412,yordan álvarez,sandy alcántara,,,,,,,,,,,,,
2026-07-22,663728,663903,CIN@SEA,Middle Slider Crusher,3.25,4.429,1.002,1.0,1.096,5.111,19.4,417,cal raleigh,brady singer,,,,,,,,,,,,,
2026-07-22,700250,696149,PIT@NYY,Middle Fastball Crusher (LH),6.255,2.564,1.011,0.982,0.991,5.102,19.3,417,ben rice,bubba chandler,,,,,,,,,,,,,
2026-07-22,664034,527048,SD@ATL,Inside Breaking Ball Specialist,5.004,3.031,0.99,1.0,1.041,5.05,19.1,422,ty france,martín pérez,,,,,,,,,,,,,
2026-07-22,518692,605400,LAD@PHI,Middle Fastball Crusher (LH),3.409,4.584,1.006,0.991,0.997,5.021,19.0,425,freddie freeman,aaron nola,,,,,,,,,,,,,
2026-07-22,664761,641778,LAD@PHI,Oppo Fastball Hunter,3.033,4.757,1.006,0.991,1.075,4.996,19.0,428,alec bohm,eric lauer,,,,,,,,,,,,,
2026-07-22,679529,607067,DET@CHC,Middle Fastball Crusher,4.241,3.323,0.978,1.005,1.118,5.004,19.0,427,spencer torkelson,colin rea,,,,,,,,,,,,,
2026-07-22,624641,641778,LAD@PHI,Middle Fastball Crusher,2.994,4.757,1.008,0.991,1.075,4.942,18.8,433,edmundo sosa,eric lauer,,,,,,,,,,,,,
2026-07-22,664040,543037,PIT@NYY,Middle Fastball Crusher (LH),4.611,3.59,1.011,0.982,0.919,4.88,18.5,439,brandon lowe,gerrit cole,,,,,,,,,,,,,
2026-07-22,592518,527048,SD@ATL,Middle Slider Crusher,4.815,3.031,0.991,1.0,1.041,4.864,18.5,441,manny machado,martín pérez,,,,,,,,,,,,,
2026-07-22,642715,607625,SF@KC,Middle Fastball Crusher,4.168,3.148,1.0,1.0,1.12,4.75,18.1,453,willy adames,seth lugo,,,,,,,,,,,,,
2026-07-22,696100,676917,WSH@COL,Middle Fastball Crusher,6.767,2.259,0.963,1.007,0.991,4.747,18.1,453,hunter goodman,cade cavalli,,,,,,,,,,,,,
2026-07-22,666126,518876,ATH@AZ,Middle Slider Crusher (LH),2.959,4.391,1.0,1.0,1.12,4.703,17.9,458,carlos cortes,merrill kelly,,,,,,,,,,,,,
2026-07-22,668709,676106,CIN@SEA,Middle Fastball Crusher (LH),4.649,3.076,1.0,1.0,1.011,4.674,17.8,461,jj bleday,emerson hancock,,,,,,,,,,,,,
2026-07-22,665019,677944,MIN@CLE,Middle Fastball Crusher (LH),4.61,3.042,1.006,0.983,1.037,4.647,17.7,464,kody clemens,slade cecconi,,,,,,,,,,,,,
2026-07-22,621566,650633,SD@ATL,Middle Fastball Crusher (LH),5.315,2.539,1.009,1.0,1.042,4.585,17.5,471,matt olson,mike king,,,,,,,,,,,,,
2026-07-22,575929,680694,BAL@BOS,Middle Slider Crusher,5.132,2.755,1.037,0.991,0.956,4.49,17.2,482,willson contreras,kyle bradish,,,,,,,,,,,,,
2026-07-22,606192,605400,LAD@PHI,Middle Fastball Crusher,3.035,4.584,1.008,0.991,0.997,4.479,17.1,484,teoscar hernández,aaron nola,,,,,,,,,,,,,
2026-07-22,805779,518876,ATH@AZ,Inside Breaking Ball Specialist,2.812,4.391,1.0,1.0,1.12,4.47,17.1,485,jacob wilson,merrill kelly,,,,,,,,,,,,,
2026-07-22,669394,641743,CWS@TEX,Middle Fastball Crusher,4.03,3.079,1.006,1.0,1.109,4.476,17.1,484,jake burger,anthony kay,,,,,,,,,,,,,
2026-07-22,807799,665152,BAL@BOS,Middle Fastball Crusher (LH),2.309,5.371,1.044,0.991,1.069,4.432,17.0,490,masataka yoshida,dean kremer,,,,,,,,,,,,,
2026-07-22,668227,663903,CIN@SEA,Oppo Fastball Hunter,2.819,4.429,1.0,1.0,1.096,4.424,16.9,491,randy arozarena,brady singer,,,,,,,,,,,,,
2026-07-22,663993,676106,CIN@SEA,Oppo Fastball Hunter (LH),4.401,3.076,1.0,1.0,1.011,4.425,16.9,490,nathaniel lowe,emerson hancock,,,,,,,,,,,,,
2026-07-22,656811,543037,PIT@NYY,Oppo Fastball Hunter (LH),4.133,3.59,1.011,0.982,0.919,4.374,16.8,497,ryan o'hearn,gerrit cole,,,,,,,,,,,,,
2026-07-22,678882,665152,BAL@BOS,Middle Slider Crusher,2.301,5.371,1.037,0.991,1.069,4.387,16.8,495,ceddanne rafaela,dean kremer,,,,,,,,,,,,,
2026-07-22,543807,643377,TB@TOR,Middle Fastball Crusher,3.197,3.81,1.009,1.0,1.107,4.399,16.8,494,george springer,griffin jax,,,,,,,,,,,,,
2026-07-22,682829,676106,CIN@SEA,Middle Fastball Crusher,4.288,3.076,1.002,1.0,1.011,4.32,16.6,504,elly de la cruz,emerson hancock,,,,,,,,,,,,,
2026-07-22,701398,676106,CIN@SEA,Middle Fastball Crusher,4.257,3.076,1.002,1.0,1.011,4.289,16.4,508,sal stewart,emerson hancock,,,,,,,,,,,,,
2026-07-22,665862,656605,PIT@NYY,Middle Fastball Crusher (LH),4.007,2.975,1.011,0.982,1.114,4.263,16.4,511,jazz chisholm,mitch keller,,,,,,,,,,,,,
2026-07-22,665052,663567,MIA@HOU,Middle Fastball Crusher (LH),4.74,2.957,1.004,1.0,0.9,4.093,15.7,535,griffin conine,peter lambert,,,,,,,,,,,,,
2026-07-22,682985,607067,DET@CHC,Oppo Fastball Hunter (LH),3.459,3.323,0.978,1.005,1.118,4.082,15.7,537,riley greene,colin rea,,,,,,,,,,,,,
2026-07-22,668715,676106,CIN@SEA,Middle Slider Crusher,3.991,3.076,1.002,1.0,1.011,4.021,15.5,546,spencer steer,emerson hancock,,,,,,,,,,,,,
2026-07-22,686948,650633,SD@ATL,Oppo Fastball Hunter (LH),4.69,2.539,1.0,1.0,1.042,4.01,15.4,547,drake baldwin,mike king,,,,,,,,,,,,,
2026-07-22,671218,607625,SF@KC,Inside Breaking Ball Specialist,3.418,3.148,1.0,1.0,1.12,3.895,15.0,565,heliot ramos,seth lugo,,,,,,,,,,,,,
2026-07-22,680779,543037,PIT@NYY,Inside Breaking Ball Specialist,3.672,3.59,1.014,0.982,0.919,3.898,15.0,565,henry davis,gerrit cole,,,,,,,,,,,,,
2026-07-22,666160,676917,WSH@COL,Inside Breaking Ball Specialist (LH),5.431,2.259,0.956,1.007,0.991,3.782,14.6,584,mickey moniak,cade cavalli,,,,,,,,,,,,,
2026-07-22,671739,650633,SD@ATL,Middle Fastball Crusher (LH),4.351,2.539,1.009,1.0,1.042,3.754,14.5,589,michael harris,mike king,,,,,,,,,,,,,
2026-07-22,700932,641927,MIN@CLE,Middle Slider Crusher (LH),3.103,3.738,1.006,0.983,1.005,3.727,14.4,593,kyle manzardo,bailey ober,,,,,,,,,,,,,
2026-07-22,691023,672282,STL@LAA,Middle Fastball Crusher,4.779,2.667,1.003,1.002,0.9,3.726,14.4,594,jordan walker,reid detmers,,,,,,,,,,,,,
2026-07-22,572233,645261,MIA@HOU,Middle Slider Crusher,4.474,2.593,1.034,1.0,0.938,3.638,14.1,609,christian walker,sandy alcántara,,,,,,,,,,,,,
2026-07-22,694192,681035,NYM@MIL,Middle Fastball Crusher,3.923,2.889,0.99,1.0,0.989,3.586,13.9,619,jackson chourio,christian scott,,,,,,,,,,,,,
2026-07-22,663757,656605,PIT@NYY,Oppo Fastball Hunter (LH),3.382,2.975,1.011,0.982,1.114,3.598,13.9,617,trent grisham,mitch keller,,,,,,,,,,,,,
2026-07-22,668904,677944,MIN@CLE,Middle Fastball Crusher,3.498,3.042,1.015,0.983,1.037,3.558,13.8,624,royce lewis,slade cecconi,,,,,,,,,,,,,
2026-07-22,686797,677944,MIN@CLE,Middle Fastball Crusher,3.466,3.042,1.015,0.983,1.037,3.525,13.7,631,brooks lee,slade cecconi,,,,,,,,,,,,,
2026-07-22,657136,665152,BAL@BOS,Oppo Fastball Hunter,1.792,5.371,1.044,0.991,1.069,3.44,13.4,648,connor wong,dean kremer,,,,,,,,,,,,,
2026-07-22,690993,607067,DET@CHC,Middle Fastball Crusher (LH),2.907,3.323,0.976,1.005,1.118,3.423,13.3,651,colt keith,colin rea,,,,,,,,,,,,,
2026-07-22,676609,656605,PIT@NYY,Middle Fastball Crusher,3.219,2.975,0.998,0.982,1.114,3.38,13.2,660,josé caballero,mitch keller,,,,,,,,,,,,,
2026-07-22,672386,643377,TB@TOR,Oppo Fastball Hunter,2.473,3.81,1.004,1.0,1.107,3.386,13.2,659,alejandro kirk,griffin jax,,,,,,,,,,,,,
2026-07-22,664770,643377,TB@TOR,Oppo Fastball Hunter (LH),2.454,3.81,1.009,1.0,1.107,3.377,13.1,661,nathan lukes,griffin jax,,,,,,,,,,,,,
2026-07-22,691176,656605,PIT@NYY,Middle Fastball Crusher (LH),3.146,2.975,1.011,0.982,1.114,3.347,13.0,668,jasson domínguez,mitch keller,,,,,,,,,,,,,
2026-07-22,668804,543037,PIT@NYY,Middle Fastball Crusher,3.169,3.59,0.998,0.982,0.919,3.311,12.9,676,bryan reynolds,gerrit cole,,,,,,,,,,,,,
2026-07-22,662139,643377,TB@TOR,Oppo Fastball Hunter (LH),2.397,3.81,1.009,1.0,1.107,3.298,12.8,678,daulton varsho,griffin jax,,,,,,,,,,,,,
2026-07-22,665926,643377,TB@TOR,Middle Slider Crusher (LH),2.402,3.81,1.004,1.0,1.107,3.289,12.8,681,andrés giménez,griffin jax,,,,,,,,,,,,,
2026-07-22,677649,641743,CWS@TEX,Middle Fastball Crusher,2.943,3.079,1.006,1.0,1.109,3.268,12.7,685,ezequiel duran,anthony kay,,,,,,,,,,,,,
2026-07-22,665862,696149,PIT@NYY,Middle Fastball Crusher (LH),4.007,2.564,1.011,0.982,0.991,3.269,12.7,685,jazz chisholm,bubba chandler,,,,,,,,,,,,,
2026-07-22,605137,677944,MIN@CLE,Middle Fastball Crusher (LH),3.239,3.042,1.006,0.983,1.037,3.265,12.7,686,josh bell,slade cecconi,,,,,,,,,,,,,
2026-07-22,701538,527048,SD@ATL,Middle Fastball Crusher (LH),3.112,3.031,1.009,1.0,1.041,3.201,12.5,701,jackson merrill,martín pérez,,,,,,,,,,,,,
2026-07-22,656775,680755,TB@TOR,Middle Slider Crusher (LH),3.423,3.04,1.004,1.0,0.945,3.191,12.4,703,cedric mullins,braydon fisher,,,,,,,,,,,,,
2026-07-22,695657,641302,CWS@TEX,Oppo Fastball Hunter (LH),5.34,2.013,1.005,1.0,0.9,3.142,12.3,715,colson montgomery,tyler alexander,,,,,,,,,,,,,
2026-07-22,682626,701656,NYM@MIL,Oppo Fastball Hunter,4.042,2.739,0.982,1.0,0.9,3.162,12.3,710,francisco álvarez,logan henderson,,,,,,,,,,,,,
2026-07-22,624424,672456,DET@CHC,Oppo Fastball Hunter (LH),4.384,2.485,0.978,1.005,0.912,3.158,12.3,711,michael conforto,keider montero,,,,,,,,,,,,,
2026-07-22,677800,680694,BAL@BOS,Inside Breaking Ball Specialist (LH),3.446,2.755,1.059,0.991,0.956,3.079,12.0,731,wilyer abreu,kyle bradish,,,,,,,,,,,,,
2026-07-22,677587,641927,MIN@CLE,Middle Slider Crusher (LH),2.538,3.738,1.006,0.983,1.005,3.048,11.9,739,brayan rocchio,bailey ober,,,,,,,,,,,,,
2026-07-22,669065,663567,MIA@HOU,Middle Slider Crusher (LH),3.515,2.957,1.004,1.0,0.9,3.036,11.9,742,kyle stowers,peter lambert,,,,,,,,,,,,,
2026-07-22,663656,605400,LAD@PHI,Middle Fastball Crusher (LH),2.068,4.584,1.006,0.991,0.997,3.046,11.9,740,kyle tucker,aaron nola,,,,,,,,,,,,,
2026-07-22,650490,680755,TB@TOR,Oppo Fastball Hunter,3.262,3.04,1.004,1.0,0.945,3.04,11.9,741,yandy díaz,braydon fisher,,,,,,,,,,,,,
2026-07-22,663886,676106,CIN@SEA,Middle Fastball Crusher,3.011,3.076,1.002,1.0,1.011,3.033,11.9,743,tyler stephenson,emerson hancock,,,,,,,,,,,,,
2026-07-22,669224,656605,PIT@NYY,Oppo Fastball Hunter (LH),2.799,2.975,1.011,0.982,1.114,2.978,11.7,758,austin wells,mitch keller,,,,,,,,,,,,,
2026-07-22,682177,641927,MIN@CLE,Middle Fastball Crusher (LH),2.491,3.738,1.006,0.983,1.005,2.992,11.7,754,daniel schneemann,bailey ober,,,,,,,,,,,,,
2026-07-22,641355,656605,PIT@NYY,Middle Slider Crusher (LH),2.755,2.975,1.011,0.982,1.114,2.931,11.5,771,cody bellinger,mitch keller,,,,,,,,,,,,,
2026-07-22,681546,607067,DET@CHC,Middle Slider Crusher (LH),2.459,3.323,0.976,1.005,1.118,2.896,11.4,781,james outman,colin rea,,,,,,,,,,,,,
2026-07-22,664023,672456,DET@CHC,Middle Fastball Crusher,4.014,2.485,0.978,1.005,0.912,2.891,11.3,782,ian happ,keider montero,,,,,,,,,,,,,
2026-07-22,624413,687562,BAL@BOS,Oppo Fastball Hunter,4.421,2.165,1.044,0.991,0.9,2.881,11.3,785,pete alonso,jake bennett,,,,,,,,,,,,,
2026-07-22,621020,672456,DET@CHC,Middle Fastball Crusher,3.958,2.485,0.978,1.005,0.912,2.851,11.2,794,dansby swanson,keider montero,,,,,,,,,,,,,
2026-07-22,691723,687562,BAL@BOS,Middle Fastball Crusher,4.421,2.165,1.037,0.991,0.9,2.861,11.2,791,coby mayo,jake bennett,,,,,,,,,,,,,
2026-07-22,672275,641927,MIN@CLE,Inside Breaking Ball Specialist (LH),2.381,3.738,1.008,0.983,1.005,2.866,11.2,790,patrick bailey,bailey ober,,,,,,,,,,,,,
2026-07-22,645277,650633,SD@ATL,Middle Fastball Crusher,3.378,2.539,0.991,1.0,1.042,2.862,11.2,791,ozzie albies,mike king,,,,,,,,,,,,,
2026-07-22,668930,681035,NYM@MIL,Inside Breaking Ball Specialist (LH),3.18,2.889,0.97,1.0,0.989,2.848,11.2,795,brice turang,christian scott,,,,,,,,,,,,,
2026-07-22,680776,680694,BAL@BOS,Middle Fastball Crusher (LH),3.22,2.755,1.044,0.991,0.956,2.837,11.1,799,jarren duran,kyle bradish,,,,,,,,,,,,,
2026-07-22,606466,695611,ATH@AZ,Inside Breaking Ball Specialist,3.962,2.317,1.0,1.0,0.951,2.822,11.1,803,ketel marte,gage jump,,,,,,,,,,,,,
2026-07-22,663757,696149,PIT@NYY,Oppo Fastball Hunter (LH),3.382,2.564,1.011,0.982,0.991,2.759,10.8,823,trent grisham,bubba chandler,,,,,,,,,,,,,
2026-07-22,665161,645261,MIA@HOU,Middle Fastball Crusher,3.337,2.593,1.034,1.0,0.938,2.713,10.7,838,jeremy peña,sandy alcántara,,,,,,,,,,,,,
2026-07-22,605170,677944,MIN@CLE,Middle Slider Crusher (LH),2.678,3.042,1.006,0.983,1.037,2.7,10.6,842,víctor caratini,slade cecconi,,,,,,,,,,,,,
2026-07-22,678246,641302,CWS@TEX,Middle Fastball Crusher,4.485,2.013,1.006,1.0,0.9,2.642,10.4,862,miguel vargas,tyler alexander,,,,,,,,,,,,,
2026-07-22,702332,680694,BAL@BOS,Middle Fastball Crusher,2.994,2.755,1.037,0.991,0.956,2.62,10.3,870,caleb durbin,kyle bradish,,,,,,,,,,,,,
2026-07-22,663586,650633,SD@ATL,High Zone Fastball Hitter,2.993,2.539,1.004,1.0,1.042,2.569,10.1,888,austin riley,mike king,,,,,,,,,,,,,
2026-07-22,655316,680694,BAL@BOS,Middle Slider Crusher,2.934,2.755,1.037,0.991,0.956,2.567,10.1,889,andruw monasterio,kyle bradish,,,,,,,,,,,,,
2026-07-22,691176,696149,PIT@NYY,Middle Fastball Crusher (LH),3.146,2.564,1.011,0.982,0.991,2.566,10.1,889,jasson domínguez,bubba chandler,,,,,,,,,,,,,
2026-07-22,593428,527048,SD@ATL,Middle Fastball Crusher,2.512,3.031,0.991,1.0,1.041,2.538,10.0,900,xander bogaerts,martín pérez,,,,,,,,,,,,,
2026-07-22,673237,645261,MIA@HOU,Oppo Fastball Hunter,3.164,2.593,1.004,1.0,0.938,2.498,9.9,915,yainer diaz,sandy alcántara,,,,,,,,,,,,,
2026-07-22,667472,676106,CIN@SEA,Middle Slider Crusher,2.486,3.076,1.002,1.0,1.011,2.505,9.9,912,dane myers,emerson hancock,,,,,,,,,,,,,
2026-07-22,665489,643377,TB@TOR,Oppo Fastball Hunter,1.84,3.81,1.004,1.0,1.107,2.519,9.9,907,vladimir guerrero,griffin jax,,,,,,,,,,,,,
2026-07-22,661388,681035,NYM@MIL,Middle Fastball Crusher,2.617,2.889,0.99,1.0,0.989,2.392,9.5,958,william contreras,christian scott,,,,,,,,,,,,,
2026-07-22,682998,695611,ATH@AZ,Oppo Fastball Hunter (LH),3.311,2.317,1.0,1.0,0.951,2.358,9.3,973,corbin carroll,gage jump,,,,,,,,,,,,,
2026-07-22,683002,687562,BAL@BOS,Middle Slider Crusher (LH),3.577,2.165,1.044,0.991,0.9,2.331,9.2,985,gunnar henderson,jake bennett,,,,,,,,,,,,,
2026-07-22,656716,607067,DET@CHC,Inside Breaking Ball Specialist (LH),2.009,3.323,0.958,1.005,1.118,2.322,9.2,989,zach mckinstry,colin rea,,,,,,,,,,,,,
2026-07-22,694374,695611,ATH@AZ,Inside Breaking Ball Specialist,3.268,2.317,1.0,1.0,0.951,2.328,9.2,986,tim tawa,gage jump,,,,,,,,,,,,,
2026-07-22,643289,650633,SD@ATL,Oppo Fastball Hunter,2.673,2.539,1.009,1.0,1.042,2.306,9.1,996,mauricio dubón,mike king,,,,,,,,,,,,,
2026-07-22,630105,527048,SD@ATL,Oppo Fastball Hunter (LH),2.238,3.031,1.0,1.0,1.041,2.282,9.0,1008,jake cronenworth,martín pérez,,,,,,,,,,,,,
2026-07-22,543877,645261,MIA@HOU,Middle Slider Crusher,2.749,2.593,1.034,1.0,0.938,2.235,8.9,1030,christian vázquez,sandy alcántara,,,,,,,,,,,,,
2026-07-22,641355,696149,PIT@NYY,Middle Slider Crusher (LH),2.755,2.564,1.011,0.982,0.991,2.247,8.9,1024,cody bellinger,bubba chandler,,,,,,,,,,,,,
2026-07-22,543760,701656,NYM@MIL,Middle Fastball Crusher,2.806,2.739,0.99,1.0,0.9,2.213,8.8,1041,marcus semien,logan henderson,,,,,,,,,,,,,
2026-07-22,663647,676106,CIN@SEA,Inside Breaking Ball Specialist,2.181,3.076,1.002,1.0,1.011,2.197,8.7,1049,ke'bryan hayes,emerson hancock,,,,,,,,,,,,,
2026-07-22,664983,676917,WSH@COL,Middle Fastball Crusher (LH),3.054,2.259,0.966,1.007,0.991,2.149,8.5,1073,jake mccarthy,cade cavalli,,,,,,,,,,,,,
2026-07-22,592885,681035,NYM@MIL,Middle Slider Crusher (LH),2.335,2.889,0.982,1.0,0.989,2.117,8.4,1090,christian yelich,christian scott,,,,,,,,,,,,,
2026-07-22,687401,681035,NYM@MIL,Middle Fastball Crusher,2.305,2.889,0.99,1.0,0.989,2.107,8.4,1096,joey ortiz,christian scott,,,,,,,,,,,,,
2026-07-22,702616,687562,BAL@BOS,Middle Slider Crusher (LH),3.192,2.165,1.044,0.991,0.9,2.08,8.3,1111,jackson holliday,jake bennett,,,,,,,,,,,,,
2026-07-22,695600,694738,SF@KC,Middle Fastball Crusher (LH),3.615,1.987,1.0,1.0,0.904,2.099,8.3,1101,carter jensen,landen roupp,,,,,,,,,,,,,
2026-07-22,641933,687562,BAL@BOS,Middle Slider Crusher,3.216,2.165,1.037,0.991,0.9,2.081,8.3,1110,tyler o'neill,jake bennett,,,,,,,,,,,,,
2026-07-22,672640,663567,MIA@HOU,Middle Fastball Crusher,2.333,2.957,1.034,1.0,0.9,2.075,8.2,1114,otto lopez,peter lambert,,,,,,,,,,,,,
2026-07-22,664040,608331,PIT@NYY,Middle Fastball Crusher (LH),4.611,1.537,1.011,0.982,0.9,2.047,8.1,1130,brandon lowe,max fried,,,,,,,,,,,,,
2026-07-22,807799,680694,BAL@BOS,Middle Fastball Crusher (LH),2.309,2.755,1.044,0.991,0.956,2.034,8.1,1138,masataka yoshida,kyle bradish,,,,,,,,,,,,,
2026-07-22,678882,680694,BAL@BOS,Middle Slider Crusher,2.301,2.755,1.037,0.991,0.956,2.013,8.0,1150,ceddanne rafaela,kyle bradish,,,,,,,,,,,,,
2026-07-22,671056,672282,STL@LAA,Middle Slider Crusher,2.595,2.667,1.003,1.002,0.9,2.023,8.0,1144,iván herrera,reid detmers,,,,,,,,,,,,,
2026-07-22,683734,681035,NYM@MIL,Inside Breaking Ball Specialist,2.208,2.889,0.98,1.0,0.989,1.998,7.9,1159,andrew vaughn,christian scott,,,,,,,,,,,,,
2026-07-22,665966,680694,BAL@BOS,Middle Slider Crusher,2.238,2.755,1.037,0.991,0.956,1.958,7.8,1184,carlos narváez,kyle bradish,,,,,,,,,,,,,
2026-07-22,665877,672282,STL@LAA,Middle Slider Crusher,2.504,2.667,1.003,1.002,0.9,1.952,7.8,1188,josé fermín,reid detmers,,,,,,,,,,,,,
2026-07-22,691720,676917,WSH@COL,Middle Fastball Crusher,2.764,2.259,0.963,1.007,0.991,1.939,7.7,1196,kyle karros,cade cavalli,,,,,,,,,,,,,
2026-07-22,666182,701656,NYM@MIL,Middle Fastball Crusher,2.466,2.739,0.99,1.0,0.9,1.945,7.7,1192,bo bichette,logan henderson,,,,,,,,,,,,,
2026-07-22,650489,676917,WSH@COL,Middle Fastball Crusher,2.728,2.259,0.963,1.007,0.991,1.914,7.6,1213,willi castro,cade cavalli,,,,,,,,,,,,,
2026-07-22,643217,641302,CWS@TEX,High Zone Fastball Hitter (LH),3.227,2.013,1.002,1.0,0.9,1.893,7.5,1227,andrew benintendi,tyler alexander,,,,,,,,,,,,,
2026-07-22,521692,694738,SF@KC,Middle Fastball Crusher,3.233,1.987,1.0,1.0,0.904,1.877,7.5,1238,salvador pérez,landen roupp,,,,,,,,,,,,,
2026-07-22,656811,608331,PIT@NYY,Oppo Fastball Hunter (LH),4.133,1.537,1.011,0.982,0.9,1.835,7.3,1268,ryan o'hearn,max fried,,,,,,,,,,,,,
2026-07-22,657041,694738,SF@KC,Oppo Fastball Hunter,3.101,1.987,1.0,1.0,0.904,1.8,7.2,1293,lane thomas,landen roupp,,,,,,,,,,,,,
2026-07-22,693304,543037,PIT@NYY,Oppo Fastball Hunter,1.705,3.59,1.011,0.982,0.919,1.804,7.2,1290,nick gonzales,gerrit cole,,,,,,,,,,,,,
2026-07-22,593871,701656,NYM@MIL,Middle Fastball Crusher (LH),2.277,2.739,0.982,1.0,0.9,1.782,7.1,1307,jorge polanco,logan henderson,,,,,,,,,,,,,
2026-07-22,608348,672456,DET@CHC,Inside Breaking Ball Specialist,2.523,2.485,0.961,1.005,0.912,1.786,7.1,1304,carson kelly,keider montero,,,,,,,,,,,,,
2026-07-22,680700,680755,TB@TOR,Oppo Fastball Hunter (LH),1.865,3.04,1.009,1.0,0.945,1.747,7.0,1334,richie palacios,braydon fisher,,,,,,,,,,,,,
2026-07-22,669397,645261,MIA@HOU,Middle Fastball Crusher,2.114,2.593,1.034,1.0,0.938,1.719,6.9,1357,nick allen,sandy alcántara,,,,,,,,,,,,,
2026-07-22,608324,672456,DET@CHC,Oppo Fastball Hunter,2.385,2.485,0.976,1.005,0.912,1.714,6.8,1361,alex bregman,keider montero,,,,,,,,,,,,,
2026-07-22,686681,694738,SF@KC,Inside Breaking Ball Specialist (LH),2.79,1.987,1.0,1.0,0.904,1.62,6.5,1444,michael massey,landen roupp,,,,,,,,,,,,,
2026-07-22,807712,677944,MIN@CLE,Oppo Fastball Hunter,1.571,3.042,1.006,0.983,1.037,1.584,6.3,1478,luke keaschall,slade cecconi,,,,,,,,,,,,,
2026-07-22,663968,543037,PIT@NYY,Inside Breaking Ball Specialist,1.461,3.59,1.014,0.982,0.919,1.551,6.2,1511,jake mangum,gerrit cole,,,,,,,,,,,,,
2026-07-22,691594,663567,MIA@HOU,Middle Fastball Crusher,1.753,2.957,1.034,1.0,0.9,1.559,6.2,1503,javier sanoja,peter lambert,,,,,,,,,,,,,
2026-07-22,669364,663567,MIA@HOU,Middle Fastball Crusher (LH),1.766,2.957,1.004,1.0,0.9,1.525,6.1,1538,xavier edwards,peter lambert,,,,,,,,,,,,,
2026-07-22,683146,701656,NYM@MIL,Middle Fastball Crusher (LH),1.89,2.739,0.982,1.0,0.9,1.479,5.9,1588,brett baty,logan henderson,,,,,,,,,,,,,
2026-07-22,668804,608331,PIT@NYY,Middle Fastball Crusher,3.169,1.537,0.998,0.982,0.9,1.389,5.6,1695,bryan reynolds,max fried,,,,,,,,,,,,,
2026-07-22,683011,696149,PIT@NYY,Middle Fastball Crusher,1.66,2.564,0.998,0.982,0.991,1.337,5.4,1763,anthony volpe,bubba chandler,,,,,,,,,,,,,
2026-07-22,542303,608331,PIT@NYY,Middle Fastball Crusher,3.091,1.537,0.998,0.982,0.9,1.354,5.4,1739,marcell ozuna,max fried,,,,,,,,,,,,,
2026-07-22,686469,694738,SF@KC,Middle Slider Crusher (LH),2.223,1.987,1.0,1.0,0.904,1.29,5.2,1828,vinnie pasquantino,landen roupp,,,,,,,,,,,,,
2026-07-22,666397,676917,WSH@COL,Middle Slider Crusher (LH),1.79,2.259,0.966,1.007,0.991,1.26,5.1,1874,edouard julien,cade cavalli,,,,,,,,,,,,,
2026-07-22,691026,672282,STL@LAA,Middle Slider Crusher,1.552,2.667,1.003,1.002,0.9,1.21,4.9,1954,masyn winn,reid detmers,,,,,,,,,,,,,
2026-07-22,686555,694738,SF@KC,Inside Breaking Ball Specialist,1.923,1.987,1.0,1.0,0.904,1.116,4.5,2123,isaac collins,landen roupp,,,,,,,,,,,,,
2026-07-22,516782,694738,SF@KC,Middle Fastball Crusher,1.893,1.987,1.0,1.0,0.904,1.099,4.4,2158,starling marte,landen roupp,,,,,,,,,,,,,
2026-07-22,650859,527048,SD@ATL,Middle Slider Crusher,1.083,3.031,0.991,1.0,1.041,1.094,4.4,2167,luis rengifo,martín pérez,,,,,,,,,,,,,
2026-07-22,663538,672456,DET@CHC,Middle Fastball Crusher,1.368,2.485,0.978,1.005,0.912,0.985,4.0,2413,nico hoerner,keider montero,,,,,,,,,,,,,
2026-07-22,670764,680755,TB@TOR,Middle Fastball Crusher (LH),0.915,3.04,1.004,1.0,0.945,0.853,3.5,2798,taylor walls,braydon fisher,,,,,,,,,,,,,
2026-07-22,693304,608331,PIT@NYY,Oppo Fastball Hunter,1.705,1.537,1.011,0.982,0.9,0.757,3.1,3161,nick gonzales,max fried,,,,,,,,,,,,,
2026-07-22,669707,608331,PIT@NYY,Middle Slider Crusher,1.366,1.537,0.998,0.982,0.9,0.599,2.4,4013,jared triolo,max fried,,,,,,,,,,,,,
2026-07-23,691406,669456,TB@TOR,Oppo Fastball Hunter,5.769,4.511,1.004,1.0,1.12,9.464,33.5,199,junior caminero,shane bieber,,,,,,,,,,,,,
2026-07-23,621439,668909,MIN@CLE,Oppo Fastball Hunter,6.214,3.874,1.006,0.983,1.009,7.772,28.2,254,byron buxton,gavin williams,,,,,,,,,,,,,
2026-07-23,665019,668909,MIN@CLE,Middle Fastball Crusher (LH),4.561,3.874,1.006,0.983,1.009,5.705,21.4,367,kody clemens,gavin williams,,,,,,,,,,,,,
2026-07-23,680777,668909,MIN@CLE,Middle Fastball Crusher,4.353,3.874,1.015,0.983,1.009,5.493,20.7,384,ryan jeffers,gavin williams,,,,,,,,,,,,,
2026-07-23,650490,669456,TB@TOR,Oppo Fastball Hunter,3.232,4.511,1.004,1.0,1.12,5.302,20.0,400,yandy díaz,shane bieber,,,,,,,,,,,,,
2026-07-23,691023,694297,AZ@STL,Middle Fastball Crusher,4.744,3.128,0.998,0.999,1.001,4.791,18.2,448,jordan walker,brandon pfaadt,,,,,,,,,,,,,
2026-07-23,621566,606996,SD@ATL,Middle Fastball Crusher (LH),5.268,2.928,1.009,1.0,0.947,4.765,18.1,451,matt olson,kyle hart,,,,,,,,,,,,,
2026-07-23,686797,668909,MIN@CLE,Middle Fastball Crusher,3.626,3.874,1.015,0.983,1.009,4.576,17.5,472,brooks lee,gavin williams,,,,,,,,,,,,,
2026-07-23,672960,668984,TB@TOR,Oppo Fastball Hunter,4.907,2.65,1.004,1.0,1.066,4.503,17.2,481,kazuma okamoto,casey legumina,,,,,,,,,,,,,
2026-07-23,668904,668909,MIN@CLE,Middle Fastball Crusher,3.453,3.874,1.015,0.983,1.009,4.357,16.7,499,royce lewis,gavin williams,,,,,,,,,,,,,
2026-07-23,686948,606996,SD@ATL,Oppo Fastball Hunter (LH),4.639,2.928,1.0,1.0,0.947,4.159,16.0,526,drake baldwin,kyle hart,,,,,,,,,,,,,
2026-07-23,605137,668909,MIN@CLE,Middle Fastball Crusher (LH),3.207,3.874,1.006,0.983,1.009,4.011,15.5,547,josh bell,gavin williams,,,,,,,,,,,,,
2026-07-23,682998,700241,AZ@STL,Oppo Fastball Hunter (LH),3.471,3.23,0.998,0.999,1.108,4.006,15.4,548,corbin carroll,michael mcgreevy,,,,,,,,,,,,,
2026-07-23,671739,606996,SD@ATL,Middle Fastball Crusher (LH),4.308,2.928,1.009,1.0,0.947,3.897,15.0,565,michael harris,kyle hart,,,,,,,,,,,,,
2026-07-23,694374,700241,AZ@STL,Inside Breaking Ball Specialist,3.199,3.23,0.994,0.999,1.108,3.677,14.2,602,tim tawa,michael mcgreevy,,,,,,,,,,,,,
2026-07-23,680728,700241,AZ@STL,Middle Fastball Crusher (LH),3.024,3.23,0.995,0.999,1.108,3.479,13.5,640,adrian del castillo,michael mcgreevy,,,,,,,,,,,,,
2026-07-23,700932,671737,MIN@CLE,Middle Slider Crusher (LH),3.291,3.406,1.006,0.983,0.965,3.461,13.4,644,kyle manzardo,taj bradley,,,,,,,,,,,,,
2026-07-23,695600,675512,KC@DET,Middle Fastball Crusher (LH),3.585,3.215,0.999,0.986,0.9,3.305,12.9,677,carter jensen,troy melton,,,,,,,,,,,,,
2026-07-23,664034,519242,SD@ATL,Inside Breaking Ball Specialist,4.937,2.19,0.99,1.0,0.9,3.116,12.2,722,ty france,chris sale,,,,,,,,,,,,,
2026-07-23,521692,675512,KC@DET,Middle Fastball Crusher,3.399,3.215,0.979,0.986,0.9,3.07,12.0,733,salvador pérez,troy melton,,,,,,,,,,,,,
2026-07-23,680700,669456,TB@TOR,Oppo Fastball Hunter (LH),1.854,4.511,1.009,1.0,1.12,3.057,12.0,737,richie palacios,shane bieber,,,,,,,,,,,,,
2026-07-23,592518,519242,SD@ATL,Middle Slider Crusher,4.77,2.19,0.991,1.0,0.9,3.013,11.8,748,manny machado,chris sale,,,,,,,,,,,,,
2026-07-23,645277,606996,SD@ATL,Middle Fastball Crusher,3.347,2.928,0.991,1.0,0.947,2.974,11.6,759,ozzie albies,kyle hart,,,,,,,,,,,,,
2026-07-23,543807,668984,TB@TOR,Middle Fastball Crusher,3.166,2.65,1.009,1.0,1.066,2.92,11.4,774,george springer,casey legumina,,,,,,,,,,,,,
2026-07-23,657041,675512,KC@DET,Oppo Fastball Hunter,3.07,3.215,0.999,0.986,0.9,2.83,11.1,801,lane thomas,troy melton,,,,,,,,,,,,,
2026-07-23,663586,606996,SD@ATL,High Zone Fastball Hitter,2.964,2.928,1.004,1.0,0.947,2.668,10.5,853,austin riley,kyle hart,,,,,,,,,,,,,
2026-07-23,810938,669456,TB@TOR,Middle Slider Crusher,1.595,4.511,1.009,1.0,1.12,2.63,10.4,866,ben williamson,shane bieber,,,,,,,,,,,,,
2026-07-23,677587,671737,MIN@CLE,Middle Slider Crusher (LH),2.512,3.406,1.006,0.983,0.965,2.642,10.4,862,brayan rocchio,taj bradley,,,,,,,,,,,,,
2026-07-23,672386,668984,TB@TOR,Oppo Fastball Hunter,2.868,2.65,1.004,1.0,1.066,2.632,10.4,865,alejandro kirk,casey legumina,,,,,,,,,,,,,
2026-07-23,663457,694297,AZ@STL,Inside Breaking Ball Specialist (LH),2.561,3.128,0.989,0.999,1.001,2.563,10.1,890,lars nootbaar,brandon pfaadt,,,,,,,,,,,,,
2026-07-23,686681,675512,KC@DET,Inside Breaking Ball Specialist (LH),2.76,3.215,0.999,0.986,0.9,2.544,10.0,897,michael massey,troy melton,,,,,,,,,,,,,
2026-07-23,665877,694297,AZ@STL,Middle Slider Crusher,2.479,3.128,0.998,0.999,1.001,2.503,9.9,913,josé fermín,brandon pfaadt,,,,,,,,,,,,,
2026-07-23,657757,519242,SD@ATL,Middle Fastball Crusher (LH),3.842,2.19,1.009,1.0,0.9,2.471,9.8,926,gavin sheets,chris sale,,,,,,,,,,,,,
2026-07-23,672275,671737,MIN@CLE,Inside Breaking Ball Specialist (LH),2.351,3.406,1.008,0.983,0.965,2.477,9.8,923,patrick bailey,taj bradley,,,,,,,,,,,,,
2026-07-23,642086,606996,SD@ATL,High Zone Fastball Hitter (LH),2.675,2.928,1.002,1.0,0.947,2.403,9.5,954,dominic smith,kyle hart,,,,,,,,,,,,,
2026-07-23,643289,606996,SD@ATL,Oppo Fastball Hunter,2.647,2.928,1.009,1.0,0.947,2.394,9.5,957,mauricio dubón,kyle hart,,,,,,,,,,,,,
2026-07-23,686469,675512,KC@DET,Middle Slider Crusher (LH),2.202,3.215,0.999,0.986,0.9,2.03,8.1,1140,vinnie pasquantino,troy melton,,,,,,,,,,,,,
2026-07-23,679845,675512,KC@DET,Oppo Fastball Hunter,2.222,3.215,0.999,0.986,0.9,2.048,8.1,1129,nick loftin,troy melton,,,,,,,,,,,,,
2026-07-23,807712,668909,MIN@CLE,Oppo Fastball Hunter,1.554,3.874,1.006,0.983,1.009,1.944,7.7,1193,luke keaschall,gavin williams,,,,,,,,,,,,,
2026-07-23,668885,668909,MIN@CLE,Middle Fastball Crusher,1.403,3.874,1.015,0.983,1.009,1.77,7.1,1316,austin martin,gavin williams,,,,,,,,,,,,,
2026-07-23,686555,675512,KC@DET,Inside Breaking Ball Specialist,1.906,3.215,0.973,0.986,0.9,1.711,6.8,1364,isaac collins,troy melton,,,,,,,,,,,,,
2026-07-23,665489,668984,TB@TOR,Oppo Fastball Hunter,1.825,2.65,1.004,1.0,1.066,1.675,6.7,1395,vladimir guerrero,casey legumina,,,,,,,,,,,,,
2026-07-23,593428,519242,SD@ATL,Middle Fastball Crusher,2.492,2.19,0.991,1.0,0.9,1.574,6.3,1488,xander bogaerts,chris sale,,,,,,,,,,,,,
2026-07-23,691026,694297,AZ@STL,Middle Slider Crusher,1.542,3.128,0.998,0.999,1.001,1.557,6.2,1505,masyn winn,brandon pfaadt,,,,,,,,,,,,,
2026-07-23,666023,519242,SD@ATL,Inside Breaking Ball Specialist,2.322,2.19,0.99,1.0,0.9,1.465,5.9,1603,freddy fermin,chris sale,,,,,,,,,,,,,
2026-07-23,630105,519242,SD@ATL,Oppo Fastball Hunter (LH),2.207,2.19,1.0,1.0,0.9,1.407,5.6,1672,jake cronenworth,chris sale,,,,,,,,,,,,,
2026-07-23,650859,519242,SD@ATL,Middle Slider Crusher,1.353,2.19,0.991,1.0,0.9,0.855,3.5,2792,luis rengifo,chris sale,,,,,,,,,,,,,
2026-07-24,665742,808963,LAD@NYM,Middle Fastball Crusher (LH),5.18,4.51,0.99,0.981,1.038,7.628,27.8,260,juan soto,roki sasaki,,,,,,,,,,,,,
2026-07-24,669127,805673,ATH@MIN,Middle Fastball Crusher,5.011,4.392,0.99,1.016,1.057,7.578,27.6,262,shea langeliers,zebby matthews,,,,,,,,,,,,,
2026-07-24,665052,608566,SD@MIA,Middle Fastball Crusher (LH),4.655,4.467,0.977,1.0,1.12,7.366,26.9,271,griffin conine,germán márquez,,,,,,,,,,,,,
2026-07-24,621439,682052,ATH@MIN,Oppo Fastball Hunter,6.147,3.627,1.009,1.016,0.963,7.128,26.2,282,byron buxton,jacob lopez,,,,,,,,,,,,,
2026-07-24,691016,805673,ATH@MIN,Middle Fastball Crusher (LH),3.989,4.392,1.009,1.016,1.057,6.148,22.9,337,tyler soderstrom,zebby matthews,,,,,,,,,,,,,
2026-07-24,694192,608372,COL@MIL,Middle Fastball Crusher,3.885,4.254,0.99,1.0,1.12,5.932,22.2,351,jackson chourio,tomoyuki sugano,,,,,,,,,,,,,
2026-07-24,695657,681293,HOU@CWS,Oppo Fastball Hunter (LH),5.298,3.15,1.009,0.996,1.085,5.892,22.0,354,colson montgomery,spencer arrighetti,,,,,,,,,,,,,
2026-07-24,682626,808963,LAD@NYM,Oppo Fastball Hunter,3.996,4.51,0.99,0.981,1.038,5.884,22.0,354,francisco álvarez,roki sasaki,,,,,,,,,,,,,
2026-07-24,669065,608566,SD@MIA,Middle Slider Crusher (LH),3.483,4.467,0.977,1.0,1.12,5.511,20.7,382,kyle stowers,germán márquez,,,,,,,,,,,,,
2026-07-24,624413,656550,ATL@BAL,Oppo Fastball Hunter,4.342,3.57,1.015,0.996,1.038,5.265,19.9,403,pete alonso,grant holmes,,,,,,,,,,,,,
2026-07-24,656941,693645,NYY@PHI,Middle Slider Crusher (LH),6.555,2.603,1.006,0.991,0.9,4.956,18.8,432,kyle schwarber,cam schlittler,,,,,,,,,,,,,
2026-07-24,678246,681293,HOU@CWS,Middle Fastball Crusher,4.452,3.15,1.004,0.996,1.085,4.926,18.7,435,miguel vargas,spencer arrighetti,,,,,,,,,,,,,
2026-07-24,691406,676282,CLE@TB,Oppo Fastball Hunter,5.728,2.74,1.0,1.0,0.97,4.927,18.7,434,junior caminero,joey cantillo,,,,,,,,,,,,,
2026-07-24,671277,593958,AZ@WSH,Inside Breaking Ball Specialist (LH),5.395,2.644,0.991,0.983,1.09,4.904,18.6,437,luis garcía,eduardo rodríguez,,,,,,,,,,,,,
2026-07-24,680777,682052,ATH@MIN,Middle Fastball Crusher,4.278,3.627,0.99,1.016,0.963,4.868,18.5,440,ryan jeffers,jacob lopez,,,,,,,,,,,,,
2026-07-24,660271,640455,LAD@NYM,Middle Fastball Crusher (LH),4.64,3.294,0.99,0.981,1.013,4.869,18.5,440,shohei ohtani,sean manaea,,,,,,,,,,,,,
2026-07-24,695578,593958,AZ@WSH,Middle Fastball Crusher (LH),5.232,2.644,0.998,0.983,1.09,4.79,18.2,449,james wood,eduardo rodríguez,,,,,,,,,,,,,
2026-07-24,691023,695076,CIN@STL,Middle Fastball Crusher,4.708,2.811,0.998,0.999,1.12,4.784,18.2,449,jordan walker,rhett lowder,,,,,,,,,,,,,
2026-07-24,668930,608372,COL@MIL,Inside Breaking Ball Specialist (LH),3.156,4.254,0.97,1.0,1.12,4.722,18.0,456,brice turang,tomoyuki sugano,,,,,,,,,,,,,
2026-07-24,664040,571510,CHC@PIT,Middle Fastball Crusher (LH),4.542,2.897,1.016,0.986,1.052,4.489,17.2,483,brandon lowe,matt boyd,,,,,,,,,,,,,
2026-07-24,666126,805673,ATH@MIN,Middle Slider Crusher (LH),2.925,4.392,1.009,1.016,1.057,4.508,17.2,480,carlos cortes,zebby matthews,,,,,,,,,,,,,
2026-07-24,621566,669432,ATL@BAL,Middle Fastball Crusher (LH),5.23,2.613,1.015,0.996,0.999,4.467,17.1,485,matt olson,trevor rogers,,,,,,,,,,,,,
2026-07-24,664034,687473,SD@MIA,Inside Breaking Ball Specialist,5.145,2.651,0.97,1.0,1.04,4.456,17.0,487,ty france,ryan gusto,,,,,,,,,,,,,
2026-07-24,642715,680570,LAA@SF,Middle Fastball Crusher,4.143,3.02,0.988,0.993,1.12,4.451,17.0,487,willy adames,grayson rodriguez,,,,,,,,,,,,,
2026-07-24,686527,669022,SEA@TEX,Middle Slider Crusher (LH),4.724,2.981,1.004,1.0,0.971,4.443,17.0,488,dominic canzone,mackenzie gore,,,,,,,,,,,,,
2026-07-24,543760,808963,LAD@NYM,Middle Fastball Crusher,2.999,4.51,0.991,0.981,1.038,4.421,16.9,491,marcus semien,roki sasaki,,,,,,,,,,,,,
2026-07-24,696100,675660,COL@MIL,Middle Fastball Crusher,6.713,2.277,0.99,1.0,0.9,4.409,16.9,492,hunter goodman,shane drohan,,,,,,,,,,,,,
2026-07-24,673357,808963,LAD@NYM,Inside Breaking Ball Specialist,2.942,4.51,0.991,0.981,1.038,4.337,16.6,502,luis robert,roki sasaki,,,,,,,,,,,,,
2026-07-24,605141,640455,LAD@NYM,Inside Breaking Ball Specialist,4.135,3.294,0.991,0.981,1.013,4.343,16.6,501,mookie betts,sean manaea,,,,,,,,,,,,,
2026-07-24,683002,656550,ATL@BAL,Middle Slider Crusher (LH),3.522,3.57,1.015,0.996,1.038,4.271,16.4,510,gunnar henderson,grant holmes,,,,,,,,,,,,,
2026-07-24,700250,666200,NYY@PHI,Middle Fastball Crusher (LH),6.336,2.305,1.006,0.991,0.9,4.242,16.3,514,ben rice,jesús luzardo,,,,,,,,,,,,,
2026-07-24,805779,805673,ATH@MIN,Inside Breaking Ball Specialist,2.781,4.392,0.986,1.016,1.057,4.188,16.1,522,jacob wilson,zebby matthews,,,,,,,,,,,,,
2026-07-24,592518,687473,SD@MIA,Middle Slider Crusher,4.734,2.651,0.974,1.0,1.04,4.117,15.8,532,manny machado,ryan gusto,,,,,,,,,,,,,
2026-07-24,669394,682243,SEA@TEX,Middle Fastball Crusher,3.997,3.487,1.006,1.0,0.9,4.085,15.7,536,jake burger,bryce miller,,,,,,,,,,,,,
2026-07-24,686797,682052,ATH@MIN,Middle Fastball Crusher,3.591,3.627,0.99,1.016,0.963,4.086,15.7,536,brooks lee,jacob lopez,,,,,,,,,,,,,
2026-07-24,686948,669432,ATL@BAL,Oppo Fastball Hunter (LH),4.811,2.613,0.999,0.996,0.999,4.044,15.6,542,drake baldwin,trevor rogers,,,,,,,,,,,,,
2026-07-24,656811,571510,CHC@PIT,Oppo Fastball Hunter (LH),4.063,2.897,1.014,0.986,1.052,4.008,15.4,548,ryan o'hearn,matt boyd,,,,,,,,,,,,,
2026-07-24,661388,608372,COL@MIL,Middle Fastball Crusher,2.596,4.254,0.99,1.0,1.12,3.964,15.3,554,william contreras,tomoyuki sugano,,,,,,,,,,,,,
2026-07-24,575929,702056,TOR@BOS,Middle Slider Crusher,5.05,2.605,1.037,0.991,0.9,3.939,15.2,558,willson contreras,trey yesavage,,,,,,,,,,,,,
2026-07-24,668904,682052,ATH@MIN,Middle Fastball Crusher,3.41,3.627,0.99,1.016,0.963,3.88,15.0,568,royce lewis,jacob lopez,,,,,,,,,,,,,
2026-07-24,670541,663436,HOU@CWS,Inside Breaking Ball Specialist (LH),6.662,1.802,0.991,0.996,1.016,3.896,15.0,565,yordan álvarez,davis martin,,,,,,,,,,,,,
2026-07-24,681297,656550,ATL@BAL,Middle Fastball Crusher (LH),3.19,3.57,1.015,0.996,1.038,3.868,14.9,570,colton cowser,grant holmes,,,,,,,,,,,,,
2026-07-24,671739,669432,ATL@BAL,Middle Fastball Crusher (LH),4.461,2.613,1.015,0.996,0.999,3.81,14.7,579,michael harris,trevor rogers,,,,,,,,,,,,,
2026-07-24,702616,656550,ATL@BAL,Middle Slider Crusher (LH),3.099,3.57,1.015,0.996,1.038,3.758,14.5,588,jackson holliday,grant holmes,,,,,,,,,,,,,
2026-07-24,605137,682052,ATH@MIN,Middle Fastball Crusher (LH),3.176,3.627,1.009,1.016,0.963,3.683,14.3,601,josh bell,jacob lopez,,,,,,,,,,,,,
2026-07-24,672640,608566,SD@MIA,Middle Fastball Crusher,2.315,4.467,0.974,1.0,1.12,3.652,14.1,607,otto lopez,germán márquez,,,,,,,,,,,,,
2026-07-24,671218,680570,LAA@SF,Inside Breaking Ball Specialist,3.38,3.02,0.984,0.993,1.12,3.616,14.0,613,heliot ramos,grayson rodriguez,,,,,,,,,,,,,
2026-07-24,666182,808963,LAD@NYM,Middle Fastball Crusher,2.448,4.51,0.991,0.981,1.038,3.608,14.0,615,bo bichette,roki sasaki,,,,,,,,,,,,,
2026-07-24,680779,571510,CHC@PIT,Inside Breaking Ball Specialist,3.636,2.897,1.012,0.986,1.052,3.58,13.9,620,henry davis,matt boyd,,,,,,,,,,,,,
2026-07-24,518692,640455,LAD@NYM,Middle Fastball Crusher (LH),3.377,3.294,0.99,0.981,1.013,3.544,13.8,627,freddie freeman,sean manaea,,,,,,,,,,,,,
2026-07-24,664023,683003,CHC@PIT,Middle Fastball Crusher,3.983,3.068,1.007,0.986,0.9,3.535,13.7,629,ian happ,jared jones,,,,,,,,,,,,,
2026-07-24,643217,681293,HOU@CWS,High Zone Fastball Hitter (LH),3.195,3.15,0.999,0.996,1.085,3.518,13.7,632,andrew benintendi,spencer arrighetti,,,,,,,,,,,,,
2026-07-24,621020,683003,CHC@PIT,Middle Fastball Crusher,3.934,3.068,1.007,0.986,0.9,3.492,13.6,637,dansby swanson,jared jones,,,,,,,,,,,,,
2026-07-24,592885,608372,COL@MIL,Middle Slider Crusher (LH),2.306,4.254,0.982,1.0,1.12,3.493,13.6,637,christian yelich,tomoyuki sugano,,,,,,,,,,,,,
2026-07-24,687401,608372,COL@MIL,Middle Fastball Crusher,2.279,4.254,0.99,1.0,1.12,3.48,13.5,640,joey ortiz,tomoyuki sugano,,,,,,,,,,,,,
2026-07-24,666160,675660,COL@MIL,Inside Breaking Ball Specialist (LH),5.37,2.277,0.97,1.0,0.9,3.456,13.4,645,mickey moniak,shane drohan,,,,,,,,,,,,,
2026-07-24,677594,669022,SEA@TEX,Middle Fastball Crusher,3.611,2.981,1.006,1.0,0.971,3.403,13.2,656,julio rodríguez,mackenzie gore,,,,,,,,,,,,,
2026-07-24,547180,693645,NYY@PHI,Middle Fastball Crusher (LH),4.468,2.603,1.006,0.991,0.9,3.378,13.1,661,bryce harper,cam schlittler,,,,,,,,,,,,,
2026-07-24,657757,687473,SD@MIA,Middle Fastball Crusher (LH),3.808,2.651,0.977,1.0,1.04,3.322,12.9,673,gavin sheets,ryan gusto,,,,,,,,,,,,,
2026-07-24,606192,640455,LAD@NYM,Middle Fastball Crusher,3.002,3.294,0.991,0.981,1.013,3.153,12.3,712,teoscar hernández,sean manaea,,,,,,,,,,,,,
2026-07-24,695600,669373,KC@DET,Middle Fastball Crusher (LH),3.549,3.1,0.999,0.986,0.9,3.157,12.3,711,carter jensen,tarik skubal,,,,,,,,,,,,,
2026-07-24,605170,682052,ATH@MIN,Middle Slider Crusher (LH),2.663,3.627,1.009,1.016,0.963,3.088,12.1,729,víctor caratini,jacob lopez,,,,,,,,,,,,,
2026-07-24,668709,669160,CIN@STL,Middle Fastball Crusher (LH),4.838,2.052,0.995,0.999,0.964,3.081,12.0,731,jj bleday,dustin may,,,,,,,,,,,,,
2026-07-24,668804,571510,CHC@PIT,Middle Fastball Crusher,3.117,2.897,1.007,0.986,1.052,3.054,11.9,738,bryan reynolds,matt boyd,,,,,,,,,,,,,
2026-07-24,663728,669022,SEA@TEX,Middle Slider Crusher,3.218,2.981,1.006,1.0,0.971,3.032,11.9,743,cal raleigh,mackenzie gore,,,,,,,,,,,,,
2026-07-24,542303,571510,CHC@PIT,Middle Fastball Crusher,3.057,2.897,1.007,0.986,1.052,2.995,11.7,753,marcell ozuna,matt boyd,,,,,,,,,,,,,
2026-07-24,694497,682243,SEA@TEX,Middle Fastball Crusher (LH),2.934,3.487,1.004,1.0,0.9,2.993,11.7,754,evan carter,bryce miller,,,,,,,,,,,,,
2026-07-24,677649,682243,SEA@TEX,Middle Fastball Crusher,2.916,3.487,1.006,1.0,0.9,2.98,11.7,757,ezequiel duran,bryce miller,,,,,,,,,,,,,
2026-07-24,645277,669432,ATL@BAL,Middle Fastball Crusher,3.5,2.613,1.006,0.996,0.999,2.963,11.6,762,ozzie albies,trevor rogers,,,,,,,,,,,,,
2026-07-24,686611,593958,AZ@WSH,Middle Fastball Crusher,3.215,2.644,0.995,0.983,1.09,2.934,11.5,770,dylan crews,eduardo rodríguez,,,,,,,,,,,,,
2026-07-24,521692,669373,KC@DET,Middle Fastball Crusher,3.366,3.1,0.979,0.986,0.9,2.935,11.5,770,salvador pérez,tarik skubal,,,,,,,,,,,,,
2026-07-24,656775,676282,CLE@TB,Middle Slider Crusher (LH),3.392,2.74,1.0,1.0,0.97,2.918,11.4,775,cedric mullins,joey cantillo,,,,,,,,,,,,,
2026-07-24,642201,669432,ATL@BAL,Middle Fastball Crusher,3.428,2.613,1.006,0.996,0.999,2.902,11.4,779,eli white,trevor rogers,,,,,,,,,,,,,
2026-07-24,663698,669432,ATL@BAL,Middle Fastball Crusher,3.425,2.613,1.006,0.996,0.999,2.899,11.4,780,joey bart,trevor rogers,,,,,,,,,,,,,
2026-07-24,682657,663556,CLE@TB,Inside Breaking Ball Specialist (LH),4.052,2.203,1.0,1.0,0.995,2.875,11.3,787,angel martínez,shane mcclanahan,,,,,,,,,,,,,
2026-07-24,701538,687473,SD@MIA,Middle Fastball Crusher (LH),3.267,2.651,0.977,1.0,1.04,2.85,11.2,795,jackson merrill,ryan gusto,,,,,,,,,,,,,
2026-07-24,666152,608372,COL@MIL,Middle Fastball Crusher (LH),1.873,4.254,0.982,1.0,1.12,2.837,11.1,798,david hamilton,tomoyuki sugano,,,,,,,,,,,,,
2026-07-24,701398,669160,CIN@STL,Middle Fastball Crusher,4.404,2.052,0.998,0.999,0.964,2.813,11.0,806,sal stewart,dustin may,,,,,,,,,,,,,
2026-07-24,663993,669160,CIN@STL,Oppo Fastball Hunter (LH),4.351,2.052,0.998,0.999,0.964,2.779,10.9,816,nathaniel lowe,dustin may,,,,,,,,,,,,,
2026-07-24,669364,608566,SD@MIA,Middle Fastball Crusher (LH),1.752,4.467,0.977,1.0,1.12,2.772,10.9,818,xavier edwards,germán márquez,,,,,,,,,,,,,
2026-07-24,650490,676282,CLE@TB,Oppo Fastball Hunter,3.208,2.74,1.0,1.0,0.97,2.759,10.8,823,yandy díaz,joey cantillo,,,,,,,,,,,,,
2026-07-24,691594,608566,SD@MIA,Middle Fastball Crusher,1.733,4.467,0.974,1.0,1.12,2.734,10.7,831,javier sanoja,germán márquez,,,,,,,,,,,,,
2026-07-24,682829,669160,CIN@STL,Middle Fastball Crusher,4.243,2.052,0.998,0.999,0.964,2.71,10.7,839,elly de la cruz,dustin may,,,,,,,,,,,,,
2026-07-24,696285,593958,AZ@WSH,Middle Fastball Crusher,2.976,2.644,0.995,0.983,1.09,2.716,10.7,837,jacob young,eduardo rodríguez,,,,,,,,,,,,,
2026-07-24,657041,669373,KC@DET,Oppo Fastball Hunter,3.033,3.1,0.999,0.986,0.9,2.698,10.6,843,lane thomas,tarik skubal,,,,,,,,,,,,,
2026-07-24,672356,663556,CLE@TB,Middle Fastball Crusher,3.786,2.203,1.0,1.0,0.995,2.686,10.6,847,gabriel arias,shane mcclanahan,,,,,,,,,,,,,
2026-07-24,677800,702056,TOR@BOS,Inside Breaking Ball Specialist (LH),3.395,2.605,1.059,0.991,0.9,2.704,10.6,841,wilyer abreu,trey yesavage,,,,,,,,,,,,,
2026-07-24,572233,663436,HOU@CWS,Middle Slider Crusher,4.44,1.802,1.004,0.996,1.016,2.631,10.4,866,christian walker,davis martin,,,,,,,,,,,,,
2026-07-24,553993,669160,CIN@STL,Middle Slider Crusher,4.115,2.052,0.998,0.999,0.964,2.628,10.3,867,eugenio suárez,dustin may,,,,,,,,,,,,,
2026-07-24,668227,669022,SEA@TEX,Oppo Fastball Hunter,2.796,2.981,1.004,1.0,0.971,2.63,10.3,866,randy arozarena,mackenzie gore,,,,,,,,,,,,,
2026-07-24,671056,695076,CIN@STL,Middle Slider Crusher,2.576,2.811,0.998,0.999,1.12,2.618,10.3,870,iván herrera,rhett lowder,,,,,,,,,,,,,
2026-07-24,805300,608566,SD@MIA,Middle Slider Crusher (LH),1.658,4.467,0.977,1.0,1.12,2.624,10.3,868,jakob marsee,germán márquez,,,,,,,,,,,,,
2026-07-24,622761,669432,ATL@BAL,Middle Fastball Crusher,3.022,2.613,1.006,0.996,0.999,2.558,10.1,892,jorge mateo,trevor rogers,,,,,,,,,,,,,
2026-07-24,666176,657277,LAA@SF,Middle Slider Crusher,3.439,2.422,0.988,0.993,0.956,2.53,10.0,903,jo adell,logan webb,,,,,,,,,,,,,
2026-07-24,663457,695076,CIN@STL,Inside Breaking Ball Specialist (LH),2.512,2.811,0.989,0.999,1.12,2.53,10.0,903,lars nootbaar,rhett lowder,,,,,,,,,,,,,
2026-07-24,668715,669160,CIN@STL,Middle Slider Crusher,3.957,2.052,0.998,0.999,0.964,2.527,10.0,904,spencer steer,dustin may,,,,,,,,,,,,,
2026-07-24,681807,663556,CLE@TB,Middle Fastball Crusher,3.492,2.203,1.0,1.0,0.995,2.478,9.8,923,david fry,shane mcclanahan,,,,,,,,,,,,,
2026-07-24,500743,640455,LAD@NYM,Middle Fastball Crusher,2.37,3.294,0.991,0.981,1.013,2.489,9.8,918,miguel rojas,sean manaea,,,,,,,,,,,,,
2026-07-24,680776,702056,TOR@BOS,Middle Fastball Crusher (LH),3.17,2.605,1.044,0.991,0.9,2.489,9.8,918,jarren duran,trey yesavage,,,,,,,,,,,,,
2026-07-24,663586,669432,ATL@BAL,High Zone Fastball Hitter,2.941,2.613,1.005,0.996,0.999,2.487,9.8,919,austin riley,trevor rogers,,,,,,,,,,,,,
2026-07-24,664761,693645,NYY@PHI,Oppo Fastball Hunter,3.201,2.603,1.006,0.991,0.9,2.42,9.6,946,alec bohm,cam schlittler,,,,,,,,,,,,,
2026-07-24,686681,669373,KC@DET,Inside Breaking Ball Specialist (LH),2.731,3.1,0.999,0.986,0.9,2.43,9.6,942,michael massey,tarik skubal,,,,,,,,,,,,,
2026-07-24,624585,657277,LAA@SF,Middle Fastball Crusher,3.261,2.422,0.988,0.993,0.956,2.399,9.5,955,jorge soler,logan webb,,,,,,,,,,,,,
2026-07-24,607208,693645,NYY@PHI,Middle Fastball Crusher,3.151,2.603,1.008,0.991,0.9,2.387,9.4,960,trea turner,cam schlittler,,,,,,,,,,,,,
2026-07-24,702332,702056,TOR@BOS,Middle Fastball Crusher,2.941,2.605,1.037,0.991,0.9,2.294,9.1,1002,caleb durbin,trey yesavage,,,,,,,,,,,,,
2026-07-24,655316,702056,TOR@BOS,Middle Slider Crusher,2.902,2.605,1.037,0.991,0.9,2.264,9.0,1016,andruw monasterio,trey yesavage,,,,,,,,,,,,,
2026-07-24,643289,669432,ATL@BAL,Oppo Fastball Hunter,2.626,2.613,1.015,0.996,0.999,2.243,8.9,1026,mauricio dubón,trevor rogers,,,,,,,,,,,,,
2026-07-24,608348,683003,CHC@PIT,Inside Breaking Ball Specialist,2.502,3.068,1.012,0.986,0.9,2.232,8.8,1031,carson kelly,jared jones,,,,,,,,,,,,,
2026-07-24,663757,666200,NYY@PHI,Oppo Fastball Hunter (LH),3.312,2.305,1.013,0.991,0.9,2.233,8.8,1031,trent grisham,jesús luzardo,,,,,,,,,,,,,
2026-07-24,676609,666200,NYY@PHI,Middle Fastball Crusher,3.188,2.305,1.008,0.991,0.9,2.139,8.5,1079,josé caballero,jesús luzardo,,,,,,,,,,,,,
2026-07-24,663656,640455,LAD@NYM,Middle Fastball Crusher (LH),2.051,3.294,0.99,0.981,1.013,2.152,8.5,1072,kyle tucker,sean manaea,,,,,,,,,,,,,
2026-07-24,593428,687473,SD@MIA,Middle Fastball Crusher,2.472,2.651,0.974,1.0,1.04,2.15,8.5,1073,xander bogaerts,ryan gusto,,,,,,,,,,,,,
2026-07-24,665161,663436,HOU@CWS,Middle Fastball Crusher,3.569,1.802,1.004,0.996,1.016,2.115,8.4,1092,jeremy peña,davis martin,,,,,,,,,,,,,
2026-07-24,608324,683003,CHC@PIT,Oppo Fastball Hunter,2.367,3.068,1.016,0.986,0.9,2.12,8.4,1089,alex bregman,jared jones,,,,,,,,,,,,,
2026-07-24,514888,663436,HOU@CWS,Middle Fastball Crusher,3.422,1.802,1.004,0.996,1.016,2.028,8.1,1141,josé altuve,davis martin,,,,,,,,,,,,,
2026-07-24,691176,666200,NYY@PHI,Middle Fastball Crusher (LH),3.055,2.305,1.006,0.991,0.9,2.045,8.1,1131,jasson domínguez,jesús luzardo,,,,,,,,,,,,,
2026-07-24,664983,675660,COL@MIL,Middle Fastball Crusher (LH),3.019,2.277,0.982,1.0,0.9,1.967,7.8,1179,jake mccarthy,shane drohan,,,,,,,,,,,,,
2026-07-24,679845,669373,KC@DET,Oppo Fastball Hunter,2.196,3.1,0.999,0.986,0.9,1.954,7.8,1187,nick loftin,tarik skubal,,,,,,,,,,,,,
2026-07-24,686469,669373,KC@DET,Middle Slider Crusher (LH),2.176,3.1,0.999,0.986,0.9,1.936,7.7,1198,vinnie pasquantino,tarik skubal,,,,,,,,,,,,,
2026-07-24,663886,669160,CIN@STL,Middle Fastball Crusher,2.979,2.052,0.998,0.999,0.964,1.903,7.6,1220,tyler stephenson,dustin may,,,,,,,,,,,,,
2026-07-24,678882,702056,TOR@BOS,Middle Slider Crusher,2.458,2.605,1.037,0.991,0.9,1.917,7.6,1211,ceddanne rafaela,trey yesavage,,,,,,,,,,,,,
2026-07-24,701358,663436,HOU@CWS,Middle Fastball Crusher,3.173,1.802,1.004,0.996,1.016,1.88,7.5,1236,cam smith,davis martin,,,,,,,,,,,,,
2026-07-24,630105,687473,SD@MIA,Oppo Fastball Hunter (LH),2.178,2.651,0.97,1.0,1.04,1.886,7.5,1231,jake cronenworth,ryan gusto,,,,,,,,,,,,,
2026-07-24,693304,571510,CHC@PIT,Oppo Fastball Hunter,1.87,2.897,1.016,0.986,1.052,1.848,7.4,1258,nick gonzales,matt boyd,,,,,,,,,,,,,
2026-07-24,686555,669373,KC@DET,Inside Breaking Ball Specialist,2.106,3.1,0.973,0.986,0.9,1.825,7.3,1275,isaac collins,tarik skubal,,,,,,,,,,,,,
2026-07-24,663743,676282,CLE@TB,Inside Breaking Ball Specialist,2.135,2.74,1.0,1.0,0.97,1.836,7.3,1267,nick fortes,joey cantillo,,,,,,,,,,,,,
2026-07-24,641355,666200,NYY@PHI,Middle Slider Crusher (LH),2.713,2.305,1.006,0.991,0.9,1.816,7.2,1281,cody bellinger,jesús luzardo,,,,,,,,,,,,,
2026-07-24,691720,675660,COL@MIL,Middle Fastball Crusher,2.739,2.277,0.99,1.0,0.9,1.799,7.2,1294,kyle karros,shane drohan,,,,,,,,,,,,,
2026-07-24,807799,702056,TOR@BOS,Middle Fastball Crusher (LH),2.254,2.605,1.044,0.991,0.9,1.77,7.1,1316,masataka yoshida,trey yesavage,,,,,,,,,,,,,
2026-07-24,650489,675660,COL@MIL,Middle Fastball Crusher,2.704,2.277,0.99,1.0,0.9,1.776,7.1,1312,willi castro,shane drohan,,,,,,,,,,,,,
2026-07-24,807712,682052,ATH@MIN,Oppo Fastball Hunter,1.538,3.627,1.009,1.016,0.963,1.784,7.1,1306,luke keaschall,jacob lopez,,,,,,,,,,,,,
2026-07-24,677587,663556,CLE@TB,Middle Slider Crusher (LH),2.487,2.203,1.0,1.0,0.995,1.765,7.0,1320,brayan rocchio,shane mcclanahan,,,,,,,,,,,,,
2026-07-24,595978,663556,CLE@TB,Middle Fastball Crusher,2.466,2.203,1.0,1.0,0.995,1.75,7.0,1332,austin hedges,shane mcclanahan,,,,,,,,,,,,,
2026-07-24,516782,669373,KC@DET,Middle Fastball Crusher,1.86,3.1,0.979,0.986,0.9,1.622,6.5,1442,starling marte,tarik skubal,,,,,,,,,,,,,
2026-07-24,543877,663436,HOU@CWS,Middle Slider Crusher,2.721,1.802,1.004,0.996,1.016,1.612,6.4,1451,christian vázquez,davis martin,,,,,,,,,,,,,
2026-07-24,678662,675660,COL@MIL,Middle Slider Crusher,2.454,2.277,0.99,1.0,0.9,1.612,6.4,1452,ezequiel tovar,shane drohan,,,,,,,,,,,,,
2026-07-24,668885,682052,ATH@MIN,Middle Fastball Crusher,1.395,3.627,0.99,1.016,0.963,1.587,6.3,1475,austin martin,jacob lopez,,,,,,,,,,,,,
2026-07-24,667472,669160,CIN@STL,Middle Slider Crusher,2.448,2.052,0.998,0.999,0.964,1.564,6.3,1498,dane myers,dustin may,,,,,,,,,,,,,
2026-07-24,691026,695076,CIN@STL,Middle Slider Crusher,1.526,2.811,0.998,0.999,1.12,1.551,6.2,1511,masyn winn,rhett lowder,,,,,,,,,,,,,
2026-07-24,623168,657277,LAA@SF,Oppo Fastball Hunter,2.012,2.422,0.993,0.993,0.956,1.488,6.0,1578,tyler heineman,logan webb,,,,,,,,,,,,,
2026-07-24,663968,571510,CHC@PIT,Inside Breaking Ball Specialist,1.441,2.897,1.012,0.986,1.052,1.419,5.7,1657,jake mangum,matt boyd,,,,,,,,,,,,,
2026-07-24,657136,702056,TOR@BOS,Oppo Fastball Hunter,1.77,2.605,1.044,0.991,0.9,1.39,5.6,1693,connor wong,trey yesavage,,,,,,,,,,,,,
2026-07-24,810938,676282,CLE@TB,Middle Slider Crusher,1.581,2.74,1.0,1.0,0.97,1.36,5.5,1732,ben williamson,joey cantillo,,,,,,,,,,,,,
2026-07-24,669707,571510,CHC@PIT,Middle Slider Crusher,1.345,2.897,1.007,0.986,1.052,1.318,5.3,1789,jared triolo,matt boyd,,,,,,,,,,,,,
2026-07-24,663538,683003,CHC@PIT,Middle Fastball Crusher,1.357,3.068,1.007,0.986,0.9,1.204,4.8,1963,nico hoerner,jared jones,,,,,,,,,,,,,
2026-07-24,671289,675660,COL@MIL,Oppo Fastball Hunter,1.751,2.277,0.982,1.0,0.9,1.141,4.6,2076,tyler freeman,shane drohan,,,,,,,,,,,,,
2026-07-24,683011,666200,NYY@PHI,Middle Fastball Crusher,1.64,2.305,1.008,0.991,0.9,1.1,4.4,2155,anthony volpe,jesús luzardo,,,,,,,,,,,,,
2026-07-24,683083,593958,AZ@WSH,Middle Fastball Crusher,1.046,2.644,0.995,0.983,1.09,0.955,3.9,2493,nasim nuñez,eduardo rodríguez,,,,,,,,,,,,,
2026-07-24,687859,675660,COL@MIL,Inside Breaking Ball Specialist (LH),1.484,2.277,0.97,1.0,0.9,0.955,3.9,2492,troy johnston,shane drohan,,,,,,,,,,,,,
2026-07-25,696100,688107,COL@MIL,Middle Fastball Crusher,6.66,4.234,0.99,1.0,0.96,8.692,31.1,221,hunter goodman,robert gasser,,,,,,,,,,,,,
2026-07-25,656941,677960,NYY@PHI,Middle Slider Crusher (LH),6.507,3.715,1.006,0.991,1.035,8.096,29.3,242,kyle schwarber,ryan weathers,,,,,,,,,,,,,
2026-07-25,691406,676440,CLE@TB,Oppo Fastball Hunter,5.677,3.896,1.0,1.0,1.03,7.394,27.0,270,junior caminero,tanner bibee,,,,,,,,,,,,,
2026-07-25,670042,543135,SEA@TEX,Middle Fastball Crusher (LH),4.722,4.199,1.004,1.0,0.979,6.321,23.5,326,luke raley,nathan eovaldi,,,,,,,,,,,,,
2026-07-25,686527,543135,SEA@TEX,Middle Slider Crusher (LH),4.675,4.199,1.004,1.0,0.979,6.258,23.3,330,dominic canzone,nathan eovaldi,,,,,,,,,,,,,
2026-07-25,642715,696270,LAA@SF,Middle Fastball Crusher,4.11,4.57,0.988,0.993,1.043,6.236,23.2,331,willy adames,ryan johnson,,,,,,,,,,,,,
2026-07-25,694192,663372,COL@MIL,Middle Fastball Crusher,3.848,4.271,0.99,1.0,1.12,5.913,22.1,352,jackson chourio,ryan feltner,,,,,,,,,,,,,
2026-07-25,665052,681190,SD@MIA,Middle Fastball Crusher (LH),4.592,3.462,0.977,1.0,1.12,5.644,21.2,372,griffin conine,randy vásquez,,,,,,,,,,,,,
2026-07-25,670541,680732,HOU@CWS,Inside Breaking Ball Specialist (LH),6.602,2.88,0.991,0.996,0.924,5.626,21.1,373,yordan álvarez,sean burke,,,,,,,,,,,,,
2026-07-25,547180,677960,NYY@PHI,Middle Fastball Crusher (LH),4.434,3.715,1.006,0.991,1.035,5.517,20.8,382,bryce harper,ryan weathers,,,,,,,,,,,,,
2026-07-25,656811,684007,CHC@PIT,Oppo Fastball Hunter (LH),4.028,4.336,1.014,0.986,0.947,5.364,20.2,394,ryan o'hearn,shota imanaga,,,,,,,,,,,,,
2026-07-25,664034,691587,SD@MIA,Inside Breaking Ball Specialist,5.09,3.37,0.97,1.0,0.983,5.308,20.0,399,ty france,eury pérez,,,,,,,,,,,,,
2026-07-25,656537,677960,NYY@PHI,Inside Breaking Ball Specialist,4.223,3.715,1.008,0.991,1.035,5.265,19.9,403,derek hill,ryan weathers,,,,,,,,,,,,,
2026-07-25,671218,696270,LAA@SF,Inside Breaking Ball Specialist,3.333,4.57,0.984,0.993,1.043,5.036,19.1,424,heliot ramos,ryan johnson,,,,,,,,,,,,,
2026-07-25,668930,663372,COL@MIL,Inside Breaking Ball Specialist (LH),3.309,4.271,0.97,1.0,1.12,4.982,18.9,429,brice turang,ryan feltner,,,,,,,,,,,,,
2026-07-25,592518,691587,SD@MIA,Middle Slider Crusher,4.69,3.37,0.974,1.0,0.983,4.911,18.7,436,manny machado,eury pérez,,,,,,,,,,,,,
2026-07-25,695657,686613,HOU@CWS,Oppo Fastball Hunter (LH),5.246,2.925,1.009,0.996,0.98,4.904,18.6,437,colson montgomery,hunter brown,,,,,,,,,,,,,
2026-07-25,624413,693821,ATL@BAL,Oppo Fastball Hunter,4.303,3.562,1.015,0.996,0.961,4.831,18.4,444,pete alonso,bryce elder,,,,,,,,,,,,,
2026-07-25,700250,641835,NYY@PHI,Middle Fastball Crusher (LH),6.287,2.582,1.006,0.991,0.916,4.81,18.3,446,ben rice,tim mayza,,,,,,,,,,,,,
2026-07-25,677594,543135,SEA@TEX,Middle Fastball Crusher,3.575,4.199,1.006,1.0,0.979,4.795,18.2,448,julio rodríguez,nathan eovaldi,,,,,,,,,,,,,
2026-07-25,680779,684007,CHC@PIT,Inside Breaking Ball Specialist,3.589,4.336,1.012,0.986,0.947,4.77,18.2,451,henry davis,shota imanaga,,,,,,,,,,,,,
2026-07-25,621566,687064,ATL@BAL,Middle Fastball Crusher (LH),5.358,2.518,1.015,0.996,0.999,4.423,16.9,491,matt olson,brandon young,,,,,,,,,,,,,
2026-07-25,672960,543243,TOR@BOS,Oppo Fastball Hunter,5.019,2.795,1.044,0.991,0.933,4.393,16.8,495,kazuma okamoto,sonny gray,,,,,,,,,,,,,
2026-07-25,656775,676440,CLE@TB,Middle Slider Crusher (LH),3.354,3.896,1.0,1.0,1.03,4.368,16.7,498,cedric mullins,tanner bibee,,,,,,,,,,,,,
2026-07-25,663728,543135,SEA@TEX,Middle Slider Crusher,3.186,4.199,1.006,1.0,0.979,4.273,16.4,510,cal raleigh,nathan eovaldi,,,,,,,,,,,,,
2026-07-25,669065,681190,SD@MIA,Middle Slider Crusher (LH),3.443,3.462,0.977,1.0,1.12,4.232,16.2,516,kyle stowers,randy vásquez,,,,,,,,,,,,,
2026-07-25,681481,608379,KC@DET,Middle Fastball Crusher (LH),4.465,2.973,0.999,0.986,0.996,4.225,16.2,516,kerry carpenter,michael wacha,,,,,,,,,,,,,
2026-07-25,650490,676440,CLE@TB,Oppo Fastball Hunter,3.177,3.896,1.0,1.0,1.03,4.138,15.9,529,yandy díaz,tanner bibee,,,,,,,,,,,,,
2026-07-25,678246,686613,HOU@CWS,Middle Fastball Crusher,4.41,2.925,1.004,0.996,0.98,4.102,15.8,534,miguel vargas,hunter brown,,,,,,,,,,,,,
2026-07-25,606466,656492,AZ@WSH,Inside Breaking Ball Specialist,3.896,3.471,0.992,0.983,0.962,4.118,15.8,531,ketel marte,foster griffin,,,,,,,,,,,,,
2026-07-25,668804,684007,CHC@PIT,Middle Fastball Crusher,3.089,4.336,1.007,0.986,0.947,4.085,15.7,536,bryan reynolds,shota imanaga,,,,,,,,,,,,,
2026-07-25,686948,687064,ATL@BAL,Oppo Fastball Hunter (LH),4.968,2.518,0.999,0.996,0.999,4.036,15.5,543,drake baldwin,brandon young,,,,,,,,,,,,,
2026-07-25,542303,684007,CHC@PIT,Middle Fastball Crusher,3.023,4.336,1.007,0.986,0.947,3.998,15.4,549,marcell ozuna,shota imanaga,,,,,,,,,,,,,
2026-07-25,657757,691587,SD@MIA,Middle Fastball Crusher (LH),3.774,3.37,0.977,1.0,0.983,3.964,15.3,554,gavin sheets,eury pérez,,,,,,,,,,,,,
2026-07-25,661388,663372,COL@MIL,Middle Fastball Crusher,2.575,4.271,0.99,1.0,1.12,3.957,15.3,556,william contreras,ryan feltner,,,,,,,,,,,,,
2026-07-25,664761,677960,NYY@PHI,Oppo Fastball Hunter,3.175,3.715,1.006,0.991,1.035,3.95,15.2,557,alec bohm,ryan weathers,,,,,,,,,,,,,
2026-07-25,683002,693821,ATL@BAL,Middle Slider Crusher (LH),3.49,3.562,1.015,0.996,0.961,3.918,15.1,562,gunnar henderson,bryce elder,,,,,,,,,,,,,
2026-07-25,607208,677960,NYY@PHI,Middle Fastball Crusher,3.127,3.715,1.008,0.991,1.035,3.898,15.0,565,trea turner,ryan weathers,,,,,,,,,,,,,
2026-07-25,664983,688107,COL@MIL,Middle Fastball Crusher (LH),2.984,4.234,0.982,1.0,0.96,3.863,14.9,570,jake mccarthy,robert gasser,,,,,,,,,,,,,
2026-07-25,592885,663372,COL@MIL,Middle Slider Crusher (LH),2.511,4.271,0.982,1.0,1.12,3.827,14.8,576,christian yelich,ryan feltner,,,,,,,,,,,,,
2026-07-25,572233,680732,HOU@CWS,Middle Slider Crusher,4.397,2.88,1.004,0.996,0.924,3.796,14.7,582,christian walker,sean burke,,,,,,,,,,,,,
2026-07-25,668227,543135,SEA@TEX,Oppo Fastball Hunter,2.768,4.199,1.004,1.0,0.979,3.705,14.3,597,randy arozarena,nathan eovaldi,,,,,,,,,,,,,
2026-07-25,624641,677960,NYY@PHI,Middle Fastball Crusher,2.939,3.715,1.008,0.991,1.035,3.664,14.2,605,edmundo sosa,ryan weathers,,,,,,,,,,,,,
2026-07-25,671739,687064,ATL@BAL,Middle Fastball Crusher (LH),4.416,2.518,1.015,0.996,0.999,3.645,14.1,608,michael harris,brandon young,,,,,,,,,,,,,
2026-07-25,682998,656492,AZ@WSH,Oppo Fastball Hunter (LH),3.4,3.471,1.001,0.983,0.962,3.626,14.1,612,corbin carroll,foster griffin,,,,,,,,,,,,,
2026-07-25,666176,592662,LAA@SF,Middle Slider Crusher,3.412,3.18,0.988,0.993,1.044,3.605,14.0,615,jo adell,robbie ray,,,,,,,,,,,,,
2026-07-25,668709,669467,CIN@STL,Middle Fastball Crusher (LH),4.78,2.458,0.995,0.999,0.945,3.582,13.9,620,jj bleday,andre pallante,,,,,,,,,,,,,
2026-07-25,691720,688107,COL@MIL,Middle Fastball Crusher,2.708,4.234,0.99,1.0,0.96,3.534,13.7,629,kyle karros,robert gasser,,,,,,,,,,,,,
2026-07-25,682657,607259,CLE@TB,Inside Breaking Ball Specialist (LH),4.005,2.595,1.0,1.0,1.041,3.51,13.6,634,angel martínez,nick martínez,,,,,,,,,,,,,
2026-07-25,641933,693821,ATL@BAL,Middle Slider Crusher,3.139,3.562,1.006,0.996,0.961,3.493,13.6,637,tyler o'neill,bryce elder,,,,,,,,,,,,,
2026-07-25,682626,808967,LAD@NYM,Oppo Fastball Hunter,4.231,2.913,0.99,0.981,0.9,3.495,13.6,637,francisco álvarez,yoshinobu yamamoto,,,,,,,,,,,,,
2026-07-25,650489,688107,COL@MIL,Middle Fastball Crusher,2.679,4.234,0.99,1.0,0.96,3.496,13.6,637,willi castro,robert gasser,,,,,,,,,,,,,
2026-07-25,702616,693821,ATL@BAL,Middle Slider Crusher (LH),3.052,3.562,1.015,0.996,0.961,3.426,13.3,651,jackson holliday,bryce elder,,,,,,,,,,,,,
2026-07-25,624585,592662,LAA@SF,Middle Fastball Crusher,3.223,3.18,0.988,0.993,1.044,3.406,13.2,655,jorge soler,robbie ray,,,,,,,,,,,,,
2026-07-25,701538,691587,SD@MIA,Middle Fastball Crusher (LH),3.241,3.37,0.977,1.0,0.983,3.404,13.2,655,jackson merrill,eury pérez,,,,,,,,,,,,,
2026-07-25,571970,690997,LAD@NYM,Oppo Fastball Hunter (LH),4.948,2.359,0.989,0.981,0.904,3.323,12.9,673,max muncy,nolan mclean,,,,,,,,,,,,,
2026-07-25,701398,669467,CIN@STL,Middle Fastball Crusher,4.364,2.458,0.998,0.999,0.945,3.281,12.8,682,sal stewart,andre pallante,,,,,,,,,,,,,
2026-07-25,694374,656492,AZ@WSH,Inside Breaking Ball Specialist,3.079,3.471,0.992,0.983,0.962,3.254,12.7,688,tim tawa,foster griffin,,,,,,,,,,,,,
2026-07-25,672356,607259,CLE@TB,Middle Fastball Crusher,3.717,2.595,1.0,1.0,1.041,3.258,12.7,687,gabriel arias,nick martínez,,,,,,,,,,,,,
2026-07-25,553993,669467,CIN@STL,Middle Slider Crusher,4.306,2.458,0.998,0.999,0.945,3.237,12.6,692,eugenio suárez,andre pallante,,,,,,,,,,,,,
2026-07-25,678662,688107,COL@MIL,Middle Slider Crusher,2.432,4.234,0.99,1.0,0.96,3.174,12.4,707,ezequiel tovar,robert gasser,,,,,,,,,,,,,
2026-07-25,682829,669467,CIN@STL,Middle Fastball Crusher,4.198,2.458,0.998,0.999,0.945,3.156,12.3,712,elly de la cruz,andre pallante,,,,,,,,,,,,,
2026-07-25,682985,608379,KC@DET,Oppo Fastball Hunter (LH),3.381,2.973,0.983,0.986,0.996,3.148,12.3,714,riley greene,michael wacha,,,,,,,,,,,,,
2026-07-25,660271,690997,LAD@NYM,Middle Fastball Crusher (LH),4.597,2.359,0.99,0.981,0.904,3.09,12.1,728,shohei ohtani,nolan mclean,,,,,,,,,,,,,
2026-07-25,665161,680732,HOU@CWS,Middle Fastball Crusher,3.508,2.88,1.004,0.996,0.924,3.029,11.8,744,jeremy peña,sean burke,,,,,,,,,,,,,
2026-07-25,575929,656302,TOR@BOS,Middle Slider Crusher,5.0,2.011,1.037,0.991,0.9,3.017,11.8,747,willson contreras,dylan cease,,,,,,,,,,,,,
2026-07-25,665862,641835,NYY@PHI,Middle Fastball Crusher (LH),3.94,2.582,1.006,0.991,0.916,3.015,11.8,748,jazz chisholm,tim mayza,,,,,,,,,,,,,
2026-07-25,643217,686613,HOU@CWS,High Zone Fastball Hitter (LH),3.171,2.925,0.999,0.996,0.98,2.935,11.5,770,andrew benintendi,hunter brown,,,,,,,,,,,,,
2026-07-25,514888,680732,HOU@CWS,Middle Fastball Crusher,3.383,2.88,1.004,0.996,0.924,2.921,11.4,774,josé altuve,sean burke,,,,,,,,,,,,,
2026-07-25,664023,694973,CHC@PIT,Middle Fastball Crusher,3.952,2.532,1.007,0.986,0.9,2.901,11.4,779,ian happ,paul skenes,,,,,,,,,,,,,
2026-07-25,701358,680732,HOU@CWS,Middle Fastball Crusher,3.34,2.88,1.004,0.996,0.924,2.884,11.3,785,cam smith,sean burke,,,,,,,,,,,,,
2026-07-25,700932,607259,CLE@TB,Middle Slider Crusher (LH),3.259,2.595,1.0,1.0,1.041,2.857,11.2,793,kyle manzardo,nick martínez,,,,,,,,,,,,,
2026-07-25,621020,694973,CHC@PIT,Middle Fastball Crusher,3.901,2.532,1.007,0.986,0.9,2.864,11.2,790,dansby swanson,paul skenes,,,,,,,,,,,,,
2026-07-25,666152,663372,COL@MIL,Middle Fastball Crusher (LH),1.856,4.271,0.982,1.0,1.12,2.829,11.1,801,david hamilton,ryan feltner,,,,,,,,,,,,,
2026-07-25,645277,687064,ATL@BAL,Middle Fastball Crusher,3.468,2.518,1.006,0.996,0.999,2.837,11.1,798,ozzie albies,brandon young,,,,,,,,,,,,,
2026-07-25,672640,681190,SD@MIA,Middle Fastball Crusher,2.292,3.462,0.974,1.0,1.12,2.809,11.0,807,otto lopez,randy vásquez,,,,,,,,,,,,,
2026-07-25,673357,808967,LAD@NYM,Inside Breaking Ball Specialist,3.333,2.913,0.991,0.981,0.9,2.756,10.8,824,luis robert,yoshinobu yamamoto,,,,,,,,,,,,,
2026-07-25,605141,690997,LAD@NYM,Inside Breaking Ball Specialist,4.093,2.359,0.991,0.981,0.904,2.754,10.8,824,mookie betts,nolan mclean,,,,,,,,,,,,,
2026-07-25,668670,608379,KC@DET,Middle Fastball Crusher,2.938,2.973,0.979,0.986,0.996,2.725,10.7,834,jake rogers,michael wacha,,,,,,,,,,,,,
2026-07-25,680700,676440,CLE@TB,Oppo Fastball Hunter (LH),2.098,3.896,1.0,1.0,1.03,2.732,10.7,831,richie palacios,tanner bibee,,,,,,,,,,,,,
2026-07-25,682622,669467,CIN@STL,Inside Breaking Ball Specialist,3.646,2.458,0.994,0.999,0.945,2.73,10.7,832,noelvi marte,andre pallante,,,,,,,,,,,,,
2026-07-25,690993,608379,KC@DET,Middle Fastball Crusher (LH),2.839,2.973,0.999,0.986,0.996,2.686,10.6,847,colt keith,michael wacha,,,,,,,,,,,,,
2026-07-25,543807,543243,TOR@BOS,Middle Fastball Crusher,3.099,2.795,1.037,0.991,0.933,2.694,10.6,844,george springer,sonny gray,,,,,,,,,,,,,
2026-07-25,673237,680732,HOU@CWS,Oppo Fastball Hunter,3.119,2.88,0.997,0.996,0.924,2.674,10.5,851,yainer diaz,sean burke,,,,,,,,,,,,,
2026-07-25,593428,691587,SD@MIA,Middle Fastball Crusher,2.451,3.37,0.974,1.0,0.983,2.567,10.1,889,xander bogaerts,eury pérez,,,,,,,,,,,,,
2026-07-25,663757,641835,NYY@PHI,Oppo Fastball Hunter (LH),3.288,2.582,1.013,0.991,0.916,2.533,10.0,901,trent grisham,tim mayza,,,,,,,,,,,,,
2026-07-25,693304,684007,CHC@PIT,Oppo Fastball Hunter,1.851,4.336,1.016,0.986,0.947,2.47,9.7,926,nick gonzales,shota imanaga,,,,,,,,,,,,,
2026-07-25,543760,808967,LAD@NYM,Middle Fastball Crusher,2.978,2.913,0.991,0.981,0.9,2.463,9.7,929,marcus semien,yoshinobu yamamoto,,,,,,,,,,,,,
2026-07-25,676609,641835,NYY@PHI,Middle Fastball Crusher,3.164,2.582,1.008,0.991,0.916,2.426,9.6,944,josé caballero,tim mayza,,,,,,,,,,,,,
2026-07-25,666023,691587,SD@MIA,Inside Breaking Ball Specialist,2.294,3.37,0.97,1.0,0.983,2.392,9.5,958,freddy fermin,eury pérez,,,,,,,,,,,,,
2026-07-25,663586,687064,ATL@BAL,High Zone Fastball Hitter,2.918,2.518,1.005,0.996,0.999,2.385,9.4,961,austin riley,brandon young,,,,,,,,,,,,,
2026-07-25,677649,693433,SEA@TEX,Middle Fastball Crusher,2.89,2.771,1.006,1.0,0.912,2.385,9.4,961,ezequiel duran,bryan woo,,,,,,,,,,,,,
2026-07-25,694497,693433,SEA@TEX,Middle Fastball Crusher (LH),2.903,2.771,1.004,1.0,0.912,2.391,9.4,959,evan carter,bryan woo,,,,,,,,,,,,,
2026-07-25,642086,687064,ATL@BAL,High Zone Fastball Hitter (LH),2.915,2.518,1.002,0.996,0.999,2.375,9.4,965,dominic smith,brandon young,,,,,,,,,,,,,
2026-07-25,695506,663554,KC@DET,Middle Fastball Crusher (LH),4.037,2.043,0.999,0.986,0.9,2.372,9.4,967,jac caglianone,casey mize,,,,,,,,,,,,,
2026-07-25,672275,607259,CLE@TB,Inside Breaking Ball Specialist (LH),2.612,2.595,1.0,1.0,1.041,2.289,9.1,1004,patrick bailey,nick martínez,,,,,,,,,,,,,
2026-07-25,691176,641835,NYY@PHI,Middle Fastball Crusher (LH),3.0,2.582,1.006,0.991,0.916,2.295,9.1,1001,jasson domínguez,tim mayza,,,,,,,,,,,,,
2026-07-25,681351,592662,LAA@SF,Oppo Fastball Hunter,2.109,3.18,0.993,0.993,1.044,2.24,8.9,1027,logan o'hoppe,robbie ray,,,,,,,,,,,,,
2026-07-25,671289,688107,COL@MIL,Oppo Fastball Hunter,1.74,4.234,0.982,1.0,0.96,2.253,8.9,1021,tyler freeman,robert gasser,,,,,,,,,,,,,
2026-07-25,518692,690997,LAD@NYM,Middle Fastball Crusher (LH),3.351,2.359,0.99,0.981,0.904,2.253,8.9,1021,freddie freeman,nolan mclean,,,,,,,,,,,,,
2026-07-25,663886,669467,CIN@STL,Middle Fastball Crusher,2.947,2.458,0.998,0.999,0.945,2.215,8.8,1039,tyler stephenson,andre pallante,,,,,,,,,,,,,
2026-07-25,630105,691587,SD@MIA,Oppo Fastball Hunter (LH),2.14,3.37,0.97,1.0,0.983,2.232,8.8,1031,jake cronenworth,eury pérez,,,,,,,,,,,,,
2026-07-25,650402,608379,KC@DET,Middle Fastball Crusher,2.354,2.973,0.979,0.986,0.996,2.183,8.7,1056,gleyber torres,michael wacha,,,,,,,,,,,,,
2026-07-25,677587,607259,CLE@TB,Middle Slider Crusher (LH),2.466,2.595,1.0,1.0,1.041,2.162,8.6,1067,brayan rocchio,nick martínez,,,,,,,,,,,,,
2026-07-25,643289,687064,ATL@BAL,Oppo Fastball Hunter,2.599,2.518,1.015,0.996,0.999,2.145,8.5,1075,mauricio dubón,brandon young,,,,,,,,,,,,,
2026-07-25,669224,641835,NYY@PHI,Oppo Fastball Hunter (LH),2.771,2.582,1.013,0.991,0.916,2.135,8.5,1081,austin wells,tim mayza,,,,,,,,,,,,,
2026-07-25,669364,681190,SD@MIA,Middle Fastball Crusher (LH),1.738,3.462,0.977,1.0,1.12,2.136,8.5,1080,xavier edwards,randy vásquez,,,,,,,,,,,,,
2026-07-25,691594,681190,SD@MIA,Middle Fastball Crusher,1.713,3.462,0.974,1.0,1.12,2.099,8.3,1100,javier sanoja,randy vásquez,,,,,,,,,,,,,
2026-07-25,664770,543243,TOR@BOS,Oppo Fastball Hunter (LH),2.41,2.795,1.037,0.991,0.933,2.095,8.3,1103,nathan lukes,sonny gray,,,,,,,,,,,,,
2026-07-25,665926,543243,TOR@BOS,Middle Slider Crusher (LH),2.377,2.795,1.044,0.991,0.933,2.08,8.3,1111,andrés giménez,sonny gray,,,,,,,,,,,,,
2026-07-25,695600,663554,KC@DET,Middle Fastball Crusher (LH),3.519,2.043,0.999,0.986,0.9,2.068,8.2,1118,carter jensen,casey mize,,,,,,,,,,,,,
2026-07-25,641355,641835,NYY@PHI,Middle Slider Crusher (LH),2.692,2.582,1.006,0.991,0.916,2.06,8.2,1123,cody bellinger,tim mayza,,,,,,,,,,,,,
2026-07-25,677800,656302,TOR@BOS,Inside Breaking Ball Specialist (LH),3.363,2.011,1.059,0.991,0.9,2.073,8.2,1115,wilyer abreu,dylan cease,,,,,,,,,,,,,
2026-07-25,663837,608379,KC@DET,Oppo Fastball Hunter,2.164,2.973,0.999,0.986,0.996,2.048,8.1,1130,matt vierling,michael wacha,,,,,,,,,,,,,
2026-07-25,662139,543243,TOR@BOS,Oppo Fastball Hunter (LH),2.357,2.795,1.037,0.991,0.933,2.049,8.1,1129,daulton varsho,sonny gray,,,,,,,,,,,,,
2026-07-25,810938,676440,CLE@TB,Middle Slider Crusher,1.557,3.896,1.0,1.0,1.03,2.028,8.1,1141,ben williamson,tanner bibee,,,,,,,,,,,,,
2026-07-25,666182,808967,LAD@NYM,Middle Fastball Crusher,2.429,2.913,0.991,0.981,0.9,2.009,8.0,1153,bo bichette,yoshinobu yamamoto,,,,,,,,,,,,,
2026-07-25,805300,681190,SD@MIA,Middle Slider Crusher (LH),1.647,3.462,0.977,1.0,1.12,2.024,8.0,1143,jakob marsee,randy vásquez,,,,,,,,,,,,,
2026-07-25,606192,690997,LAD@NYM,Middle Fastball Crusher,2.969,2.359,0.991,0.981,0.904,1.998,7.9,1159,teoscar hernández,nolan mclean,,,,,,,,,,,,,
2026-07-25,521692,663554,KC@DET,Middle Fastball Crusher,3.339,2.043,0.979,0.986,0.9,1.923,7.7,1207,salvador pérez,casey mize,,,,,,,,,,,,,
2026-07-25,680776,656302,TOR@BOS,Middle Fastball Crusher (LH),3.145,2.011,1.044,0.991,0.9,1.911,7.6,1215,jarren duran,dylan cease,,,,,,,,,,,,,
2026-07-25,663968,684007,CHC@PIT,Inside Breaking Ball Specialist,1.421,4.336,1.012,0.986,0.947,1.888,7.5,1230,jake mangum,shota imanaga,,,,,,,,,,,,,
2026-07-25,656716,608379,KC@DET,Inside Breaking Ball Specialist (LH),1.954,2.973,0.999,0.986,0.996,1.849,7.4,1257,zach mckinstry,michael wacha,,,,,,,,,,,,,
2026-07-25,593871,808967,LAD@NYM,Middle Fastball Crusher (LH),2.206,2.913,0.99,0.981,0.9,1.822,7.3,1277,jorge polanco,yoshinobu yamamoto,,,,,,,,,,,,,
2026-07-25,702332,656302,TOR@BOS,Middle Fastball Crusher,2.915,2.011,1.037,0.991,0.9,1.759,7.0,1325,caleb durbin,dylan cease,,,,,,,,,,,,,
2026-07-25,669707,684007,CHC@PIT,Middle Slider Crusher,1.327,4.336,1.007,0.986,0.947,1.755,7.0,1328,jared triolo,shota imanaga,,,,,,,,,,,,,
2026-07-25,657041,663554,KC@DET,Oppo Fastball Hunter,3.002,2.043,0.999,0.986,0.9,1.764,7.0,1321,lane thomas,casey mize,,,,,,,,,,,,,
2026-07-25,608324,694973,CHC@PIT,Oppo Fastball Hunter,2.35,2.532,1.016,0.986,0.9,1.741,6.9,1340,alex bregman,paul skenes,,,,,,,,,,,,,
2026-07-25,665804,694973,CHC@PIT,Middle Slider Crusher,2.35,2.532,1.007,0.986,0.9,1.725,6.9,1352,miguel amaya,paul skenes,,,,,,,,,,,,,
2026-07-25,683146,808967,LAD@NYM,Middle Fastball Crusher (LH),2.095,2.913,0.99,0.981,0.9,1.731,6.9,1348,brett baty,yoshinobu yamamoto,,,,,,,,,,,,,
2026-07-25,655316,656302,TOR@BOS,Middle Slider Crusher,2.861,2.011,1.037,0.991,0.9,1.727,6.9,1351,andruw monasterio,dylan cease,,,,,,,,,,,,,
2026-07-25,650859,691587,SD@MIA,Middle Slider Crusher,1.61,3.37,0.974,1.0,0.983,1.686,6.7,1385,luis rengifo,eury pérez,,,,,,,,,,,,,
2026-07-25,663647,669467,CIN@STL,Inside Breaking Ball Specialist,2.142,2.458,0.994,0.999,0.945,1.604,6.4,1459,ke'bryan hayes,andre pallante,,,,,,,,,,,,,
2026-07-25,686681,663554,KC@DET,Inside Breaking Ball Specialist (LH),2.708,2.043,0.999,0.986,0.9,1.591,6.4,1471,michael massey,casey mize,,,,,,,,,,,,,
2026-07-25,665489,543243,TOR@BOS,Oppo Fastball Hunter,1.793,2.795,1.044,0.991,0.933,1.569,6.3,1493,vladimir guerrero,sonny gray,,,,,,,,,,,,,
2026-07-25,678882,656302,TOR@BOS,Middle Slider Crusher,2.624,2.011,1.037,0.991,0.9,1.584,6.3,1479,ceddanne rafaela,dylan cease,,,,,,,,,,,,,
2026-07-25,663656,690997,LAD@NYM,Middle Fastball Crusher (LH),2.224,2.359,0.99,0.981,0.904,1.495,6.0,1570,kyle tucker,nolan mclean,,,,,,,,,,,,,
2026-07-25,807799,656302,TOR@BOS,Middle Fastball Crusher (LH),2.225,2.011,1.044,0.991,0.9,1.352,5.4,1742,masataka yoshida,dylan cease,,,,,,,,,,,,,
2026-07-25,679845,663554,KC@DET,Oppo Fastball Hunter,2.169,2.043,0.999,0.986,0.9,1.275,5.1,1852,nick loftin,casey mize,,,,,,,,,,,,,
2026-07-25,686469,663554,KC@DET,Middle Slider Crusher (LH),2.155,2.043,0.999,0.986,0.9,1.266,5.1,1864,vinnie pasquantino,casey mize,,,,,,,,,,,,,
2026-07-25,686555,663554,KC@DET,Inside Breaking Ball Specialist,2.09,2.043,0.973,0.986,0.9,1.196,4.8,1977,isaac collins,casey mize,,,,,,,,,,,,,
2026-07-25,657136,656302,TOR@BOS,Oppo Fastball Hunter,1.747,2.011,1.044,0.991,0.9,1.061,4.3,2236,connor wong,dylan cease,,,,,,,,,,,,,
2026-07-25,663538,694973,CHC@PIT,Middle Fastball Crusher,1.346,2.532,1.007,0.986,0.9,0.988,4.0,2406,nico hoerner,paul skenes,,,,,,,,,,,,,
2026-07-26,621439,605488,ATH@MIN,Oppo Fastball Hunter,6.038,5.266,1.009,1.016,1.058,11.253,38.7,158,byron buxton,jeffrey springs,,,,,,,,,,,,,
2026-07-26,664040,592791,CHC@PIT,Middle Fastball Crusher (LH),4.503,5.808,1.016,0.986,1.12,9.571,33.8,196,brandon lowe,jameson taillon,,,,,,,,,,,,,
2026-07-26,656811,592791,CHC@PIT,Oppo Fastball Hunter (LH),4.0,5.808,1.014,0.986,1.12,8.485,30.5,228,ryan o'hearn,jameson taillon,,,,,,,,,,,,,
2026-07-26,665019,605488,ATH@MIN,Middle Fastball Crusher (LH),4.47,5.266,1.009,1.016,1.058,8.33,30.0,233,kody clemens,jeffrey springs,,,,,,,,,,,,,
2026-07-26,670541,607200,HOU@CWS,Inside Breaking Ball Specialist (LH),6.553,3.705,0.991,0.996,1.037,8.102,29.3,242,yordan álvarez,erick fedde,,,,,,,,,,,,,
2026-07-26,680777,605488,ATH@MIN,Middle Fastball Crusher,4.212,5.266,0.99,1.016,1.058,7.702,28.0,257,ryan jeffers,jeffrey springs,,,,,,,,,,,,,
2026-07-26,656941,701542,NYY@PHI,Middle Slider Crusher (LH),6.458,3.19,1.006,0.991,1.031,6.906,25.4,293,kyle schwarber,will warren,,,,,,,,,,,,,
2026-07-26,668804,592791,CHC@PIT,Middle Fastball Crusher,3.069,5.808,1.007,0.986,1.12,6.465,24.0,317,bryan reynolds,jameson taillon,,,,,,,,,,,,,
2026-07-26,686797,605488,ATH@MIN,Middle Fastball Crusher,3.538,5.266,0.99,1.016,1.058,6.469,24.0,317,brooks lee,jeffrey springs,,,,,,,,,,,,,
2026-07-26,668904,605488,ATH@MIN,Middle Fastball Crusher,3.336,5.266,0.99,1.016,1.058,6.1,22.7,340,royce lewis,jeffrey springs,,,,,,,,,,,,,
2026-07-26,606466,571945,AZ@WSH,Inside Breaking Ball Specialist,3.864,4.507,0.992,0.983,1.088,6.025,22.5,345,ketel marte,miles mikolas,,,,,,,,,,,,,
2026-07-26,694192,607536,COL@MIL,Middle Fastball Crusher,3.799,4.241,0.99,1.0,1.12,5.827,21.8,358,jackson chourio,kyle freeland,,,,,,,,,,,,,
2026-07-26,596142,607536,COL@MIL,High Zone Fastball Hitter,3.829,4.241,0.974,1.0,1.12,5.778,21.7,362,gary sánchez,kyle freeland,,,,,,,,,,,,,
2026-07-26,664034,676083,SD@MIA,Inside Breaking Ball Specialist,5.033,3.497,0.97,1.0,1.001,5.574,21.0,377,ty france,janson junk,,,,,,,,,,,,,
2026-07-26,682998,571945,AZ@WSH,Oppo Fastball Hunter (LH),3.372,4.507,1.001,0.983,1.088,5.306,20.0,399,corbin carroll,miles mikolas,,,,,,,,,,,,,
2026-07-26,592518,676083,SD@MIA,Middle Slider Crusher,4.644,3.497,0.974,1.0,1.001,5.164,19.5,412,manny machado,janson junk,,,,,,,,,,,,,
2026-07-26,691023,671096,CIN@STL,Middle Fastball Crusher,4.635,3.264,0.998,0.999,1.042,5.128,19.4,415,jordan walker,andrew abbott,,,,,,,,,,,,,
2026-07-26,624413,625643,ATL@BAL,Oppo Fastball Hunter,4.27,3.372,1.015,0.996,1.069,5.077,19.2,420,pete alonso,reynaldo lópez,,,,,,,,,,,,,
2026-07-26,670042,594798,SEA@TEX,Middle Fastball Crusher (LH),4.693,3.57,1.004,1.0,0.919,5.044,19.1,423,luke raley,jacob degrom,,,,,,,,,,,,,
2026-07-26,571970,642547,LAD@NYM,Oppo Fastball Hunter (LH),4.902,3.364,0.989,0.981,0.959,5.006,19.0,427,max muncy,freddy peralta,,,,,,,,,,,,,
2026-07-26,575929,592332,TOR@BOS,Middle Slider Crusher,4.967,3.053,1.037,0.991,0.979,4.975,18.9,430,willson contreras,kevin gausman,,,,,,,,,,,,,
2026-07-26,686527,594798,SEA@TEX,Middle Slider Crusher (LH),4.624,3.57,1.004,1.0,0.919,4.97,18.9,430,dominic canzone,jacob degrom,,,,,,,,,,,,,
2026-07-26,668930,607536,COL@MIL,Inside Breaking Ball Specialist (LH),3.283,4.241,0.97,1.0,1.12,4.934,18.7,434,brice turang,kyle freeland,,,,,,,,,,,,,
2026-07-26,694374,571945,AZ@WSH,Inside Breaking Ball Specialist,3.035,4.507,0.992,0.983,1.088,4.733,18.0,455,tim tawa,miles mikolas,,,,,,,,,,,,,
2026-07-26,547180,701542,NYY@PHI,Middle Fastball Crusher (LH),4.399,3.19,1.006,0.991,1.031,4.704,17.9,458,bryce harper,will warren,,,,,,,,,,,,,
2026-07-26,660271,642547,LAD@NYM,Middle Fastball Crusher (LH),4.553,3.364,0.99,0.981,0.959,4.654,17.7,463,shohei ohtani,freddy peralta,,,,,,,,,,,,,
2026-07-26,680728,571945,AZ@WSH,Middle Fastball Crusher (LH),2.922,4.507,0.998,0.983,1.088,4.584,17.5,471,adrian del castillo,miles mikolas,,,,,,,,,,,,,
2026-07-26,696100,694819,COL@MIL,Middle Fastball Crusher,6.606,2.309,0.99,1.0,0.9,4.433,17.0,489,hunter goodman,jacob misiorowski,,,,,,,,,,,,,
2026-07-26,668709,681517,CIN@STL,Middle Fastball Crusher (LH),4.732,2.612,0.995,0.999,1.102,4.415,16.9,492,jj bleday,kyle leahy,,,,,,,,,,,,,
2026-07-26,683002,625643,ATL@BAL,Middle Slider Crusher (LH),3.631,3.372,1.015,0.996,1.069,4.318,16.6,504,gunnar henderson,reynaldo lópez,,,,,,,,,,,,,
2026-07-26,665161,607200,HOU@CWS,Middle Fastball Crusher,3.464,3.705,1.004,0.996,1.037,4.339,16.6,501,jeremy peña,erick fedde,,,,,,,,,,,,,
2026-07-26,700250,650911,NYY@PHI,Middle Fastball Crusher (LH),6.237,2.371,1.006,0.991,0.9,4.328,16.6,503,ben rice,cristopher sánchez,,,,,,,,,,,,,
2026-07-26,665052,621111,SD@MIA,Middle Fastball Crusher (LH),4.525,2.954,0.977,1.0,1.019,4.34,16.6,501,griffin conine,walker buehler,,,,,,,,,,,,,
2026-07-26,624424,677952,CHC@PIT,Oppo Fastball Hunter (LH),4.298,3.264,1.014,0.986,0.924,4.225,16.2,516,michael conforto,braxton ashcraft,,,,,,,,,,,,,
2026-07-26,514888,607200,HOU@CWS,Middle Fastball Crusher,3.35,3.705,1.004,0.996,1.037,4.196,16.1,520,josé altuve,erick fedde,,,,,,,,,,,,,
2026-07-26,657757,676083,SD@MIA,Middle Fastball Crusher (LH),3.746,3.497,0.977,1.0,1.001,4.178,16.1,523,gavin sheets,janson junk,,,,,,,,,,,,,
2026-07-26,691406,800048,CLE@TB,Oppo Fastball Hunter,5.634,2.528,1.0,1.0,0.9,4.181,16.1,523,junior caminero,parker messick,,,,,,,,,,,,,
2026-07-26,701762,687570,ATH@MIN,Middle Fastball Crusher (LH),4.401,2.831,1.009,1.016,1.004,4.184,16.1,522,nick kurtz,connor prielipp,,,,,,,,,,,,,
2026-07-26,605141,642547,LAD@NYM,Inside Breaking Ball Specialist,4.048,3.364,0.991,0.981,0.959,4.142,15.9,528,mookie betts,freddy peralta,,,,,,,,,,,,,
2026-07-26,701358,607200,HOU@CWS,Middle Fastball Crusher,3.309,3.705,1.004,0.996,1.037,4.145,15.9,528,cam smith,erick fedde,,,,,,,,,,,,,
2026-07-26,693307,679883,KC@DET,Middle Slider Crusher,4.977,2.488,0.979,0.986,1.057,4.121,15.8,531,dillon dingler,luinder avila,,,,,,,,,,,,,
2026-07-26,669394,669302,SEA@TEX,Middle Fastball Crusher,4.153,3.141,1.006,1.0,0.946,4.048,15.6,542,jake burger,logan gilbert,,,,,,,,,,,,,
2026-07-26,553993,681517,CIN@STL,Middle Slider Crusher,4.26,2.612,0.998,0.999,1.102,3.986,15.4,551,eugenio suárez,kyle leahy,,,,,,,,,,,,,
2026-07-26,663993,681517,CIN@STL,Oppo Fastball Hunter (LH),4.284,2.612,0.998,0.999,1.102,4.009,15.4,548,nathaniel lowe,kyle leahy,,,,,,,,,,,,,
2026-07-26,661388,607536,COL@MIL,Middle Fastball Crusher,2.552,4.241,0.99,1.0,1.12,3.914,15.1,562,william contreras,kyle freeland,,,,,,,,,,,,,
2026-07-26,682829,681517,CIN@STL,Middle Fastball Crusher,4.161,2.612,0.998,0.999,1.102,3.894,15.0,565,elly de la cruz,kyle leahy,,,,,,,,,,,,,
2026-07-26,693304,592791,CHC@PIT,Oppo Fastball Hunter,1.833,5.808,1.016,0.986,1.12,3.896,15.0,565,nick gonzales,jameson taillon,,,,,,,,,,,,,
2026-07-26,673237,607200,HOU@CWS,Oppo Fastball Hunter,3.073,3.705,0.997,0.996,1.037,3.823,14.8,577,yainer diaz,erick fedde,,,,,,,,,,,,,
2026-07-26,664023,677952,CHC@PIT,Middle Fastball Crusher,3.92,3.264,1.007,0.986,0.924,3.827,14.8,576,ian happ,braxton ashcraft,,,,,,,,,,,,,
2026-07-26,677594,594798,SEA@TEX,Middle Fastball Crusher,3.544,3.57,1.006,1.0,0.919,3.817,14.7,578,julio rodríguez,jacob degrom,,,,,,,,,,,,,
2026-07-26,621020,677952,CHC@PIT,Middle Fastball Crusher,3.859,3.264,1.007,0.986,0.924,3.767,14.6,586,dansby swanson,braxton ashcraft,,,,,,,,,,,,,
2026-07-26,681481,679883,KC@DET,Middle Fastball Crusher (LH),4.424,2.488,0.999,0.986,1.057,3.738,14.5,591,kerry carpenter,luinder avila,,,,,,,,,,,,,
2026-07-26,681297,625643,ATL@BAL,Middle Fastball Crusher (LH),3.14,3.372,1.015,0.996,1.069,3.734,14.4,592,colton cowser,reynaldo lópez,,,,,,,,,,,,,
2026-07-26,691016,687570,ATH@MIN,Middle Fastball Crusher (LH),3.92,2.831,1.009,1.016,1.004,3.727,14.4,593,tyler soderstrom,connor prielipp,,,,,,,,,,,,,
2026-07-26,641680,687570,ATH@MIN,Middle Slider Crusher (LH),3.877,2.831,1.009,1.016,1.004,3.686,14.3,601,jonah heim,connor prielipp,,,,,,,,,,,,,
2026-07-26,668715,681517,CIN@STL,Middle Slider Crusher,3.92,2.612,0.998,0.999,1.102,3.668,14.2,604,spencer steer,kyle leahy,,,,,,,,,,,,,
2026-07-26,621566,669358,ATL@BAL,Middle Fastball Crusher (LH),5.317,2.07,1.015,0.996,1.007,3.653,14.2,607,matt olson,shane baz,,,,,,,,,,,,,
2026-07-26,701538,676083,SD@MIA,Middle Fastball Crusher (LH),3.214,3.497,0.977,1.0,1.001,3.585,13.9,619,jackson merrill,janson junk,,,,,,,,,,,,,
2026-07-26,702616,625643,ATL@BAL,Middle Slider Crusher (LH),3.003,3.372,1.015,0.996,1.069,3.571,13.9,622,jackson holliday,reynaldo lópez,,,,,,,,,,,,,
2026-07-26,679529,679883,KC@DET,Middle Fastball Crusher,4.328,2.488,0.979,0.986,1.057,3.584,13.9,620,spencer torkelson,luinder avila,,,,,,,,,,,,,
2026-07-26,666160,694819,COL@MIL,Inside Breaking Ball Specialist (LH),5.304,2.309,0.97,1.0,0.9,3.487,13.5,638,mickey moniak,jacob misiorowski,,,,,,,,,,,,,
2026-07-26,642715,667755,LAA@SF,Middle Fastball Crusher,4.075,2.585,0.988,0.993,1.019,3.436,13.4,649,willy adames,josé soriano,,,,,,,,,,,,,
2026-07-26,687401,607536,COL@MIL,Middle Fastball Crusher,2.248,4.241,0.99,1.0,1.12,3.448,13.4,646,joey ortiz,kyle freeland,,,,,,,,,,,,,
2026-07-26,682657,656876,CLE@TB,Inside Breaking Ball Specialist (LH),3.957,2.938,1.0,1.0,0.9,3.413,13.3,654,angel martínez,drew rasmussen,,,,,,,,,,,,,
2026-07-26,677800,592332,TOR@BOS,Inside Breaking Ball Specialist (LH),3.336,3.053,1.059,0.991,0.979,3.412,13.3,654,wilyer abreu,kevin gausman,,,,,,,,,,,,,
2026-07-26,663728,594798,SEA@TEX,Middle Slider Crusher,3.159,3.57,1.006,1.0,0.919,3.402,13.2,656,cal raleigh,jacob degrom,,,,,,,,,,,,,
2026-07-26,518692,642547,LAD@NYM,Middle Fastball Crusher (LH),3.324,3.364,0.99,0.981,0.959,3.398,13.2,657,freddie freeman,freddy peralta,,,,,,,,,,,,,
2026-07-26,664761,701542,NYY@PHI,Oppo Fastball Hunter,3.147,3.19,1.006,0.991,1.031,3.365,13.1,664,alec bohm,will warren,,,,,,,,,,,,,
2026-07-26,682622,681517,CIN@STL,Inside Breaking Ball Specialist,3.585,2.612,0.994,0.999,1.102,3.341,13.0,669,noelvi marte,kyle leahy,,,,,,,,,,,,,
2026-07-26,686948,669358,ATL@BAL,Oppo Fastball Hunter (LH),4.923,2.07,0.999,0.996,1.007,3.329,13.0,672,drake baldwin,shane baz,,,,,,,,,,,,,
2026-07-26,607208,701542,NYY@PHI,Middle Fastball Crusher,3.102,3.19,1.008,0.991,1.031,3.324,12.9,673,trea turner,will warren,,,,,,,,,,,,,
2026-07-26,666211,607200,HOU@CWS,Oppo Fastball Hunter (LH),2.63,3.705,1.009,0.996,1.037,3.311,12.9,676,taylor trammell,erick fedde,,,,,,,,,,,,,
2026-07-26,683734,607536,COL@MIL,Inside Breaking Ball Specialist,2.155,4.241,0.98,1.0,1.12,3.272,12.7,684,andrew vaughn,kyle freeland,,,,,,,,,,,,,
2026-07-26,669065,621111,SD@MIA,Middle Slider Crusher (LH),3.408,2.954,0.977,1.0,1.019,3.269,12.7,685,kyle stowers,walker buehler,,,,,,,,,,,,,
2026-07-26,695506,664285,KC@DET,Middle Fastball Crusher (LH),4.0,2.48,0.999,0.986,1.01,3.219,12.6,697,jac caglianone,framber valdez,,,,,,,,,,,,,
2026-07-26,680776,592332,TOR@BOS,Middle Fastball Crusher (LH),3.123,3.053,1.044,0.991,0.979,3.149,12.3,713,jarren duran,kevin gausman,,,,,,,,,,,,,
2026-07-26,687515,687570,ATH@MIN,Middle Fastball Crusher,3.353,2.831,0.99,1.016,1.004,3.128,12.2,719,colby thomas,connor prielipp,,,,,,,,,,,,,
2026-07-26,666182,686218,LAD@NYM,Middle Fastball Crusher,2.404,4.114,0.991,0.981,0.965,3.027,11.8,745,bo bichette,emmet sheehan,,,,,,,,,,,,,
2026-07-26,671739,669358,ATL@BAL,Middle Fastball Crusher (LH),4.378,2.07,1.015,0.996,1.007,3.008,11.8,750,michael harris,shane baz,,,,,,,,,,,,,
2026-07-26,606192,642547,LAD@NYM,Middle Fastball Crusher,2.934,3.364,0.991,0.981,0.959,3.002,11.7,751,teoscar hernández,freddy peralta,,,,,,,,,,,,,
2026-07-26,686780,671096,CIN@STL,Middle Fastball Crusher,2.694,3.264,0.998,0.999,1.042,2.98,11.7,757,pedro pagés,andrew abbott,,,,,,,,,,,,,
2026-07-26,668227,594798,SEA@TEX,Oppo Fastball Hunter,2.744,3.57,1.004,1.0,0.919,2.949,11.6,766,randy arozarena,jacob degrom,,,,,,,,,,,,,
2026-07-26,663968,592791,CHC@PIT,Inside Breaking Ball Specialist,1.402,5.808,1.012,0.986,1.12,2.968,11.6,761,jake mangum,jameson taillon,,,,,,,,,,,,,
2026-07-26,702332,592332,TOR@BOS,Middle Fastball Crusher,2.886,3.053,1.037,0.991,0.979,2.891,11.3,782,caleb durbin,kevin gausman,,,,,,,,,,,,,
2026-07-26,655316,592332,TOR@BOS,Middle Slider Crusher,2.827,3.053,1.037,0.991,0.979,2.832,11.1,800,andruw monasterio,kevin gausman,,,,,,,,,,,,,
2026-07-26,807712,605488,ATH@MIN,Oppo Fastball Hunter,1.521,5.266,1.009,1.016,1.058,2.835,11.1,799,luke keaschall,jeffrey springs,,,,,,,,,,,,,
2026-07-26,694497,669302,SEA@TEX,Middle Fastball Crusher (LH),2.87,3.141,1.004,1.0,0.946,2.792,11.0,812,evan carter,logan gilbert,,,,,,,,,,,,,
2026-07-26,671056,671096,CIN@STL,Middle Slider Crusher,2.535,3.264,0.998,0.999,1.042,2.804,11.0,808,iván herrera,andrew abbott,,,,,,,,,,,,,
2026-07-26,677649,669302,SEA@TEX,Middle Fastball Crusher,2.862,3.141,1.006,1.0,0.946,2.789,11.0,813,ezequiel duran,logan gilbert,,,,,,,,,,,,,
2026-07-26,682985,679883,KC@DET,Oppo Fastball Hunter (LH),3.353,2.488,0.983,0.986,1.057,2.788,10.9,814,riley greene,luinder avila,,,,,,,,,,,,,
2026-07-26,700932,656876,CLE@TB,Middle Slider Crusher (LH),3.233,2.938,1.0,1.0,0.9,2.788,10.9,813,kyle manzardo,drew rasmussen,,,,,,,,,,,,,
2026-07-26,671218,667755,LAA@SF,Inside Breaking Ball Specialist,3.285,2.585,0.984,0.993,1.019,2.758,10.8,823,heliot ramos,josé soriano,,,,,,,,,,,,,
2026-07-26,672960,624133,TOR@BOS,Oppo Fastball Hunter,4.968,1.825,1.044,0.991,0.9,2.754,10.8,824,kazuma okamoto,ranger suarez,,,,,,,,,,,,,
2026-07-26,521692,664285,KC@DET,Middle Fastball Crusher,3.498,2.48,0.979,0.986,1.01,2.759,10.8,823,salvador pérez,framber valdez,,,,,,,,,,,,,
2026-07-26,593871,686218,LAD@NYM,Middle Fastball Crusher (LH),2.156,4.114,0.99,0.981,0.965,2.712,10.7,838,jorge polanco,emmet sheehan,,,,,,,,,,,,,
2026-07-26,665877,671096,CIN@STL,Middle Slider Crusher,2.43,3.264,0.998,0.999,1.042,2.688,10.6,846,josé fermín,andrew abbott,,,,,,,,,,,,,
2026-07-26,683146,686218,LAD@NYM,Middle Fastball Crusher (LH),2.077,4.114,0.99,0.981,0.965,2.613,10.3,872,brett baty,emmet sheehan,,,,,,,,,,,,,
2026-07-26,678882,592332,TOR@BOS,Middle Slider Crusher,2.601,3.053,1.037,0.991,0.979,2.605,10.3,875,ceddanne rafaela,kevin gausman,,,,,,,,,,,,,
2026-07-26,805779,687570,ATH@MIN,Inside Breaking Ball Specialist,2.717,2.831,0.986,1.016,1.004,2.524,10.0,905,jacob wilson,connor prielipp,,,,,,,,,,,,,
2026-07-26,668885,605488,ATH@MIN,Middle Fastball Crusher,1.375,5.266,0.99,1.016,1.058,2.514,9.9,909,austin martin,jeffrey springs,,,,,,,,,,,,,
2026-07-26,645277,669358,ATL@BAL,Middle Fastball Crusher,3.615,2.07,1.006,0.996,1.007,2.462,9.7,929,ozzie albies,shane baz,,,,,,,,,,,,,
2026-07-26,663656,642547,LAD@NYM,Middle Fastball Crusher (LH),2.392,3.364,0.99,0.981,0.959,2.445,9.7,936,kyle tucker,freddy peralta,,,,,,,,,,,,,
2026-07-26,656775,800048,CLE@TB,Middle Slider Crusher (LH),3.322,2.528,1.0,1.0,0.9,2.465,9.7,928,cedric mullins,parker messick,,,,,,,,,,,,,
2026-07-26,608348,677952,CHC@PIT,Inside Breaking Ball Specialist,2.475,3.264,1.012,0.986,0.924,2.428,9.6,943,carson kelly,braxton ashcraft,,,,,,,,,,,,,
2026-07-26,690993,679883,KC@DET,Middle Fastball Crusher (LH),2.807,2.488,0.999,0.986,1.057,2.372,9.4,967,colt keith,luinder avila,,,,,,,,,,,,,
2026-07-26,595978,656876,CLE@TB,Middle Fastball Crusher,2.772,2.938,1.0,1.0,0.9,2.391,9.4,959,austin hedges,drew rasmussen,,,,,,,,,,,,,
2026-07-26,657041,664285,KC@DET,Oppo Fastball Hunter,2.969,2.48,0.999,0.986,1.01,2.389,9.4,959,lane thomas,framber valdez,,,,,,,,,,,,,
2026-07-26,630105,676083,SD@MIA,Oppo Fastball Hunter (LH),2.1,3.497,0.97,1.0,1.001,2.326,9.2,987,jake cronenworth,janson junk,,,,,,,,,,,,,
2026-07-26,650490,800048,CLE@TB,Oppo Fastball Hunter,3.151,2.528,1.0,1.0,0.9,2.338,9.2,982,yandy díaz,parker messick,,,,,,,,,,,,,
2026-07-26,620443,686218,LAD@NYM,Middle Fastball Crusher,1.844,4.114,0.991,0.981,0.965,2.322,9.2,989,luis torrens,emmet sheehan,,,,,,,,,,,,,
2026-07-26,681546,679883,KC@DET,Middle Slider Crusher (LH),2.742,2.488,0.999,0.986,1.057,2.317,9.2,991,james outman,luinder avila,,,,,,,,,,,,,
2026-07-26,663757,650911,NYY@PHI,Oppo Fastball Hunter (LH),3.255,2.371,1.013,0.991,0.9,2.274,9.0,1011,trent grisham,cristopher sánchez,,,,,,,,,,,,,
2026-07-26,691176,650911,NYY@PHI,Middle Fastball Crusher (LH),3.292,2.371,1.006,0.991,0.9,2.284,9.0,1006,jasson domínguez,cristopher sánchez,,,,,,,,,,,,,
2026-07-26,667472,681517,CIN@STL,Middle Slider Crusher,2.403,2.612,0.998,0.999,1.102,2.249,8.9,1023,dane myers,kyle leahy,,,,,,,,,,,,,
2026-07-26,807799,592332,TOR@BOS,Middle Fastball Crusher (LH),2.2,3.053,1.044,0.991,0.979,2.219,8.8,1038,masataka yoshida,kevin gausman,,,,,,,,,,,,,
2026-07-26,665966,592332,TOR@BOS,Middle Slider Crusher,2.212,3.053,1.037,0.991,0.979,2.216,8.8,1039,carlos narváez,kevin gausman,,,,,,,,,,,,,
2026-07-26,676609,650911,NYY@PHI,Middle Fastball Crusher,3.13,2.371,1.008,0.991,0.9,2.176,8.6,1059,josé caballero,cristopher sánchez,,,,,,,,,,,,,
2026-07-26,672640,621111,SD@MIA,Middle Fastball Crusher,2.272,2.954,0.974,1.0,1.019,2.172,8.6,1061,otto lopez,walker buehler,,,,,,,,,,,,,
2026-07-26,677587,656876,CLE@TB,Middle Slider Crusher (LH),2.443,2.938,1.0,1.0,0.9,2.107,8.4,1096,brayan rocchio,drew rasmussen,,,,,,,,,,,,,
2026-07-26,688363,621111,SD@MIA,Oppo Fastball Hunter (LH),2.137,2.954,0.97,1.0,1.019,2.035,8.1,1137,graham pauley,walker buehler,,,,,,,,,,,,,
2026-07-26,663647,681517,CIN@STL,Inside Breaking Ball Specialist,2.111,2.612,0.994,0.999,1.102,1.967,7.8,1178,ke'bryan hayes,kyle leahy,,,,,,,,,,,,,
2026-07-26,663586,669358,ATL@BAL,High Zone Fastball Hitter,2.893,2.07,1.005,0.996,1.007,1.968,7.8,1178,austin riley,shane baz,,,,,,,,,,,,,
2026-07-26,642086,669358,ATL@BAL,High Zone Fastball Hitter (LH),2.878,2.07,1.002,0.996,1.007,1.952,7.8,1188,dominic smith,shane baz,,,,,,,,,,,,,
2026-07-26,664983,694819,COL@MIL,Middle Fastball Crusher (LH),2.948,2.309,0.982,1.0,0.9,1.962,7.8,1181,jake mccarthy,jacob misiorowski,,,,,,,,,,,,,
2026-07-26,679845,664285,KC@DET,Oppo Fastball Hunter,2.418,2.48,0.999,0.986,1.01,1.946,7.7,1192,nick loftin,framber valdez,,,,,,,,,,,,,
2026-07-26,650402,679883,KC@DET,Middle Fastball Crusher,2.32,2.488,0.979,0.986,1.057,1.921,7.6,1208,gleyber torres,luinder avila,,,,,,,,,,,,,
2026-07-26,691720,694819,COL@MIL,Middle Fastball Crusher,2.675,2.309,0.99,1.0,0.9,1.795,7.2,1297,kyle karros,jacob misiorowski,,,,,,,,,,,,,
2026-07-26,543807,624133,TOR@BOS,Middle Fastball Crusher,3.284,1.825,1.037,0.991,0.9,1.808,7.2,1287,george springer,ranger suarez,,,,,,,,,,,,,
2026-07-26,650489,694819,COL@MIL,Middle Fastball Crusher,2.653,2.309,0.99,1.0,0.9,1.78,7.1,1308,willi castro,jacob misiorowski,,,,,,,,,,,,,
2026-07-26,643289,669358,ATL@BAL,Oppo Fastball Hunter,2.576,2.07,1.015,0.996,1.007,1.77,7.1,1316,mauricio dubón,shane baz,,,,,,,,,,,,,
2026-07-26,650859,676083,SD@MIA,Middle Slider Crusher,1.586,3.497,0.974,1.0,1.001,1.764,7.0,1321,luis rengifo,janson junk,,,,,,,,,,,,,
2026-07-26,691026,671096,CIN@STL,Middle Slider Crusher,1.5,3.264,0.998,0.999,1.042,1.659,6.6,1408,masyn winn,andrew abbott,,,,,,,,,,,,,
2026-07-26,669364,621111,SD@MIA,Middle Fastball Crusher (LH),1.722,2.954,0.977,1.0,1.019,1.652,6.6,1415,xavier edwards,walker buehler,,,,,,,,,,,,,
2026-07-26,686555,664285,KC@DET,Inside Breaking Ball Specialist,2.068,2.48,0.973,0.986,1.01,1.621,6.5,1443,isaac collins,framber valdez,,,,,,,,,,,,,
2026-07-26,663743,800048,CLE@TB,Inside Breaking Ball Specialist,2.104,2.528,1.0,1.0,0.9,1.561,6.2,1500,nick fortes,parker messick,,,,,,,,,,,,,
2026-07-26,680700,800048,CLE@TB,Oppo Fastball Hunter (LH),2.07,2.528,1.0,1.0,0.9,1.536,6.1,1526,richie palacios,parker messick,,,,,,,,,,,,,
2026-07-26,672386,624133,TOR@BOS,Oppo Fastball Hunter,2.749,1.825,1.044,0.991,0.9,1.524,6.1,1539,alejandro kirk,ranger suarez,,,,,,,,,,,,,
2026-07-26,516782,664285,KC@DET,Middle Fastball Crusher,1.821,2.48,0.979,0.986,1.01,1.436,5.8,1637,starling marte,framber valdez,,,,,,,,,,,,,
2026-07-26,663538,677952,CHC@PIT,Middle Fastball Crusher,1.333,3.264,1.007,0.986,0.924,1.301,5.2,1813,nico hoerner,braxton ashcraft,,,,,,,,,,,,,
2026-07-26,664770,624133,TOR@BOS,Oppo Fastball Hunter (LH),2.371,1.825,1.037,0.991,0.9,1.305,5.2,1807,nathan lukes,ranger suarez,,,,,,,,,,,,,
2026-07-26,665926,624133,TOR@BOS,Middle Slider Crusher (LH),2.352,1.825,1.044,0.991,0.9,1.304,5.2,1809,andrés giménez,ranger suarez,,,,,,,,,,,,,
2026-07-26,662139,624133,TOR@BOS,Oppo Fastball Hunter (LH),2.332,1.825,1.037,0.991,0.9,1.284,5.2,1838,daulton varsho,ranger suarez,,,,,,,,,,,,,
2026-07-26,666397,694819,COL@MIL,Middle Slider Crusher (LH),1.762,2.309,0.982,1.0,0.9,1.173,4.7,2018,edouard julien,jacob misiorowski,,,,,,,,,,,,,
2026-07-26,810938,800048,CLE@TB,Middle Slider Crusher,1.539,2.528,1.0,1.0,0.9,1.142,4.6,2074,ben williamson,parker messick,,,,,,,,,,,,,
2026-07-26,683011,650911,NYY@PHI,Middle Fastball Crusher,1.613,2.371,1.008,0.991,0.9,1.121,4.5,2113,anthony volpe,cristopher sánchez,,,,,,,,,,,,,
2026-07-26,665489,624133,TOR@BOS,Oppo Fastball Hunter,1.773,1.825,1.044,0.991,0.9,0.983,4.0,2420,vladimir guerrero,ranger suarez,,,,,,,,,,,,,
2026-07-26,687859,694819,COL@MIL,Inside Breaking Ball Specialist (LH),1.465,2.309,0.97,1.0,0.9,0.963,3.9,2470,troy johnston,jacob misiorowski,,,,,,,,,,,,,
2026-07-27,695578,453286,TOR@WSH,Middle Fastball Crusher (LH),5.433,5.399,0.998,0.983,1.12,10.502,36.5,174,james wood,max scherzer,,,,,,,,,,,,,
2026-07-27,671277,453286,TOR@WSH,Inside Breaking Ball Specialist (LH),5.274,5.399,0.991,0.983,1.12,10.123,35.4,182,luis garcía,max scherzer,,,,,,,,,,,,,
2026-07-27,700250,702273,NYY@CWS,Middle Fastball Crusher (LH),6.364,3.367,0.997,0.996,1.12,7.765,28.2,254,ben rice,noah schultz,,,,,,,,,,,,,
2026-07-27,664040,518876,AZ@PIT,Middle Fastball Crusher (LH),4.472,4.412,1.016,0.986,1.12,7.213,26.4,278,brandon lowe,merrill kelly,,,,,,,,,,,,,
2026-07-27,656811,518876,AZ@PIT,Oppo Fastball Hunter (LH),4.17,4.412,1.014,0.986,1.12,6.713,24.8,303,ryan o'hearn,merrill kelly,,,,,,,,,,,,,
2026-07-27,686611,453286,TOR@WSH,Middle Fastball Crusher,3.377,5.399,0.995,0.983,1.12,6.508,24.1,315,dylan crews,max scherzer,,,,,,,,,,,,,
2026-07-27,656941,663969,PHI@MIA,Middle Slider Crusher (LH),6.402,2.754,0.977,1.0,1.057,5.93,22.2,351,kyle schwarber,tyler phillips,,,,,,,,,,,,,
2026-07-27,575929,678022,BOS@ATH,Middle Slider Crusher,4.93,3.587,1.006,1.01,0.986,5.771,21.6,362,willson contreras,jack perkins,,,,,,,,,,,,,
2026-07-27,680779,518876,AZ@PIT,Inside Breaking Ball Specialist,3.551,4.412,1.012,0.986,1.12,5.705,21.4,367,henry davis,merrill kelly,,,,,,,,,,,,,
2026-07-27,642715,687075,MIL@SF,Middle Fastball Crusher,4.045,3.925,0.988,0.993,1.071,5.438,20.5,388,willy adames,brandon sproat,,,,,,,,,,,,,
2026-07-27,664023,669461,CHC@STL,Middle Fastball Crusher,3.886,3.831,0.998,0.999,1.106,5.351,20.2,395,ian happ,matthew liberatore,,,,,,,,,,,,,
2026-07-27,621020,669461,CHC@STL,Middle Fastball Crusher,3.829,3.831,0.998,0.999,1.106,5.272,19.9,402,dansby swanson,matthew liberatore,,,,,,,,,,,,,
2026-07-27,677588,453286,TOR@WSH,Middle Fastball Crusher (LH),2.714,5.399,0.998,0.983,1.12,5.246,19.8,404,josé tena,max scherzer,,,,,,,,,,,,,
2026-07-27,695734,453286,TOR@WSH,Inside Breaking Ball Specialist (LH),2.636,5.399,0.991,0.983,1.12,5.059,19.2,422,daylen lile,max scherzer,,,,,,,,,,,,,
2026-07-27,668804,518876,AZ@PIT,Middle Fastball Crusher,3.049,4.412,1.007,0.986,1.12,4.874,18.5,440,bryan reynolds,merrill kelly,,,,,,,,,,,,,
2026-07-27,686527,677958,SEA@TEX,Middle Slider Crusher (LH),4.813,2.96,1.004,1.0,1.041,4.85,18.4,442,dominic canzone,kumar rocker,,,,,,,,,,,,,
2026-07-27,665862,702273,NYY@CWS,Middle Fastball Crusher (LH),3.905,3.367,0.997,0.996,1.12,4.765,18.1,451,jazz chisholm,noah schultz,,,,,,,,,,,,,
2026-07-27,670042,677958,SEA@TEX,Middle Fastball Crusher (LH),4.671,2.96,1.004,1.0,1.041,4.707,17.9,457,luke raley,kumar rocker,,,,,,,,,,,,,
2026-07-27,671218,687075,MIL@SF,Inside Breaking Ball Specialist,3.244,3.925,0.984,0.993,1.071,4.343,16.6,501,heliot ramos,brandon sproat,,,,,,,,,,,,,
2026-07-27,666139,837227,HOU@LAA,Middle Fastball Crusher (LH),3.651,3.334,1.006,1.002,1.072,4.285,16.4,508,josh lowe,tatsuya imai,,,,,,,,,,,,,
2026-07-27,666176,837227,HOU@LAA,Middle Slider Crusher,3.547,3.334,1.003,1.002,1.072,4.15,16.0,527,jo adell,tatsuya imai,,,,,,,,,,,,,
2026-07-27,694192,641816,MIL@SF,Middle Fastball Crusher,3.758,3.452,0.988,0.993,1.007,4.176,16.0,523,jackson chourio,tyler mahle,,,,,,,,,,,,,
2026-07-27,606466,656605,AZ@PIT,Inside Breaking Ball Specialist,4.008,2.867,1.012,0.986,1.104,4.124,15.9,531,ketel marte,mitch keller,,,,,,,,,,,,,
2026-07-27,547180,663969,PHI@MIA,Middle Fastball Crusher (LH),4.361,2.754,0.977,1.0,1.057,4.039,15.6,543,bryce harper,tyler phillips,,,,,,,,,,,,,
2026-07-27,682626,527048,ATL@NYM,Oppo Fastball Hunter,4.182,2.927,0.99,0.981,1.039,4.024,15.5,545,francisco álvarez,martín pérez,,,,,,,,,,,,,
2026-07-27,691023,656849,CHC@STL,Middle Fastball Crusher,4.595,2.438,0.998,0.999,1.102,4.01,15.4,547,jordan walker,david peterson,,,,,,,,,,,,,
2026-07-27,624585,837227,HOU@LAA,Middle Fastball Crusher,3.373,3.334,1.003,1.002,1.072,3.947,15.2,557,jorge soler,tatsuya imai,,,,,,,,,,,,,
2026-07-27,691176,702273,NYY@CWS,Middle Fastball Crusher (LH),3.239,3.367,0.997,0.996,1.12,3.952,15.2,556,jasson domínguez,noah schultz,,,,,,,,,,,,,
2026-07-27,693307,680694,BAL@DET,Middle Slider Crusher,4.939,2.648,0.979,0.986,0.961,3.951,15.2,556,dillon dingler,kyle bradish,,,,,,,,,,,,,
2026-07-27,677800,678022,BOS@ATH,Inside Breaking Ball Specialist (LH),3.313,3.587,1.009,1.01,0.986,3.89,15.0,566,wilyer abreu,jack perkins,,,,,,,,,,,,,
2026-07-27,678391,453286,TOR@WSH,Oppo Fastball Hunter (LH),1.96,5.399,1.001,0.983,1.12,3.8,14.7,581,jorbit vivas,max scherzer,,,,,,,,,,,,,
2026-07-27,676609,702273,NYY@CWS,Middle Fastball Crusher,3.103,3.367,1.004,0.996,1.12,3.813,14.7,579,josé caballero,noah schultz,,,,,,,,,,,,,
2026-07-27,665052,554430,PHI@MIA,Middle Fastball Crusher (LH),4.47,2.944,0.977,1.0,0.9,3.77,14.6,586,griffin conine,zack wheeler,,,,,,,,,,,,,
2026-07-27,668930,641816,MIL@SF,Inside Breaking Ball Specialist (LH),3.255,3.452,1.015,0.993,1.007,3.716,14.4,595,brice turang,tyler mahle,,,,,,,,,,,,,
2026-07-27,680776,678022,BOS@ATH,Middle Fastball Crusher (LH),3.101,3.587,1.009,1.01,0.986,3.641,14.1,609,jarren duran,jack perkins,,,,,,,,,,,,,
2026-07-27,677594,677958,SEA@TEX,Middle Fastball Crusher,3.512,2.96,1.006,1.0,1.041,3.546,13.8,627,julio rodríguez,kumar rocker,,,,,,,,,,,,,
2026-07-27,670541,700712,HOU@LAA,Inside Breaking Ball Specialist (LH),6.508,1.819,1.002,1.002,0.9,3.485,13.5,639,yordan álvarez,walbert ureña,,,,,,,,,,,,,
2026-07-27,679529,680694,BAL@DET,Middle Fastball Crusher,4.296,2.648,0.979,0.986,0.961,3.437,13.4,649,spencer torkelson,kyle bradish,,,,,,,,,,,,,
2026-07-27,682998,656605,AZ@PIT,Oppo Fastball Hunter (LH),3.342,2.867,1.014,0.986,1.104,3.446,13.4,647,corbin carroll,mitch keller,,,,,,,,,,,,,
2026-07-27,608348,669461,CHC@STL,Inside Breaking Ball Specialist,2.451,3.831,0.994,0.999,1.106,3.361,13.1,664,carson kelly,matthew liberatore,,,,,,,,,,,,,
2026-07-27,702332,678022,BOS@ATH,Middle Fastball Crusher,2.863,3.587,1.006,1.01,0.986,3.352,13.0,667,caleb durbin,jack perkins,,,,,,,,,,,,,
2026-07-27,624413,672456,BAL@DET,Oppo Fastball Hunter,4.405,2.567,0.999,0.986,0.902,3.274,12.8,684,pete alonso,keider montero,,,,,,,,,,,,,
2026-07-27,655316,678022,BOS@ATH,Middle Slider Crusher,2.792,3.587,1.006,1.01,0.986,3.269,12.7,685,andruw monasterio,jack perkins,,,,,,,,,,,,,
2026-07-27,669394,669923,SEA@TEX,Middle Fastball Crusher,4.122,2.489,1.006,1.0,0.949,3.191,12.5,703,jake burger,george kirby,,,,,,,,,,,,,
2026-07-27,665804,669461,CHC@STL,Middle Slider Crusher,2.305,3.831,0.998,0.999,1.106,3.174,12.4,707,miguel amaya,matthew liberatore,,,,,,,,,,,,,
2026-07-27,608324,669461,CHC@STL,Oppo Fastball Hunter,2.323,3.831,0.995,0.999,1.106,3.189,12.4,704,alex bregman,matthew liberatore,,,,,,,,,,,,,
2026-07-27,691723,672456,BAL@DET,Middle Fastball Crusher,4.356,2.567,0.979,0.986,0.902,3.173,12.4,708,coby mayo,keider montero,,,,,,,,,,,,,
2026-07-27,673357,527048,ATL@NYM,Inside Breaking Ball Specialist,3.256,2.927,0.991,0.981,1.039,3.136,12.2,717,luis robert,martín pérez,,,,,,,,,,,,,
2026-07-27,691016,801139,BOS@ATH,Middle Fastball Crusher (LH),3.89,2.626,1.009,1.01,0.9,3.053,11.9,738,tyler soderstrom,payton tolle,,,,,,,,,,,,,
2026-07-27,543760,527048,ATL@NYM,Middle Fastball Crusher,3.158,2.927,0.991,0.981,1.039,3.042,11.9,741,marcus semien,martín pérez,,,,,,,,,,,,,
2026-07-27,669065,554430,PHI@MIA,Middle Slider Crusher (LH),3.596,2.944,0.977,1.0,0.9,3.033,11.9,743,kyle stowers,zack wheeler,,,,,,,,,,,,,
2026-07-27,641680,801139,BOS@ATH,Middle Slider Crusher (LH),3.832,2.626,1.009,1.01,0.9,3.007,11.8,750,jonah heim,payton tolle,,,,,,,,,,,,,
2026-07-27,678882,678022,BOS@ATH,Middle Slider Crusher,2.582,3.587,1.006,1.01,0.986,3.023,11.8,746,ceddanne rafaela,jack perkins,,,,,,,,,,,,,
2026-07-27,680728,656605,AZ@PIT,Middle Fastball Crusher (LH),2.894,2.867,1.016,0.986,1.104,2.99,11.7,755,adrian del castillo,mitch keller,,,,,,,,,,,,,
2026-07-27,693304,518876,AZ@PIT,Oppo Fastball Hunter,1.82,4.412,1.016,0.986,1.12,2.936,11.5,770,nick gonzales,merrill kelly,,,,,,,,,,,,,
2026-07-27,668227,677958,SEA@TEX,Oppo Fastball Hunter,2.904,2.96,1.004,1.0,1.041,2.927,11.5,772,randy arozarena,kumar rocker,,,,,,,,,,,,,
2026-07-27,664761,663969,PHI@MIA,Oppo Fastball Hunter,3.118,2.754,0.977,1.0,1.057,2.888,11.3,783,alec bohm,tyler phillips,,,,,,,,,,,,,
2026-07-27,607208,663969,PHI@MIA,Middle Fastball Crusher,3.075,2.754,0.974,1.0,1.057,2.84,11.1,798,trea turner,tyler phillips,,,,,,,,,,,,,
2026-07-27,661388,641816,MIL@SF,Middle Fastball Crusher,2.529,3.452,0.988,0.993,1.007,2.81,11.0,807,william contreras,tyler mahle,,,,,,,,,,,,,
2026-07-27,592885,641816,MIL@SF,Middle Slider Crusher (LH),2.479,3.452,0.993,0.993,1.007,2.769,10.9,820,christian yelich,tyler mahle,,,,,,,,,,,,,
2026-07-27,683734,641816,MIL@SF,Inside Breaking Ball Specialist,2.439,3.452,0.984,0.993,1.007,2.699,10.6,842,andrew vaughn,tyler mahle,,,,,,,,,,,,,
2026-07-27,683002,672456,BAL@DET,Middle Slider Crusher (LH),3.602,2.567,0.999,0.986,0.902,2.677,10.5,850,gunnar henderson,keider montero,,,,,,,,,,,,,
2026-07-27,682985,680694,BAL@DET,Oppo Fastball Hunter (LH),3.324,2.648,0.983,0.986,0.961,2.67,10.5,852,riley greene,kyle bradish,,,,,,,,,,,,,
2026-07-27,687515,801139,BOS@ATH,Middle Fastball Crusher,3.326,2.626,1.006,1.01,0.9,2.602,10.2,876,colby thomas,payton tolle,,,,,,,,,,,,,
2026-07-27,807799,678022,BOS@ATH,Middle Fastball Crusher (LH),2.183,3.587,1.009,1.01,0.986,2.563,10.1,890,masataka yoshida,jack perkins,,,,,,,,,,,,,
2026-07-27,687401,641816,MIL@SF,Middle Fastball Crusher,2.227,3.452,0.988,0.993,1.007,2.475,9.8,924,joey ortiz,tyler mahle,,,,,,,,,,,,,
2026-07-27,671056,656849,CHC@STL,Middle Slider Crusher,2.686,2.438,0.998,0.999,1.102,2.344,9.3,979,iván herrera,david peterson,,,,,,,,,,,,,
2026-07-27,677649,669923,SEA@TEX,Middle Fastball Crusher,3.046,2.489,1.006,1.0,0.949,2.358,9.3,973,ezequiel duran,george kirby,,,,,,,,,,,,,
2026-07-27,572233,700712,HOU@LAA,Middle Slider Crusher,4.362,1.819,1.003,1.002,0.9,2.338,9.2,982,christian walker,walbert ureña,,,,,,,,,,,,,
2026-07-27,623168,837227,HOU@LAA,Oppo Fastball Hunter,1.968,3.334,1.006,1.002,1.072,2.31,9.1,995,tyler heineman,tatsuya imai,,,,,,,,,,,,,
2026-07-27,666182,527048,ATL@NYM,Middle Fastball Crusher,2.388,2.927,0.991,0.981,1.039,2.3,9.1,999,bo bichette,martín pérez,,,,,,,,,,,,,
2026-07-27,669236,672456,BAL@DET,Middle Fastball Crusher,3.133,2.567,0.979,0.986,0.902,2.282,9.0,1007,jeremiah jackson,keider montero,,,,,,,,,,,,,
2026-07-27,690993,680694,BAL@DET,Middle Fastball Crusher (LH),2.775,2.648,0.999,0.986,0.961,2.265,9.0,1015,colt keith,kyle bradish,,,,,,,,,,,,,
2026-07-27,695657,608331,NYY@CWS,Oppo Fastball Hunter (LH),5.204,1.463,1.009,0.996,0.9,2.244,8.9,1026,colson montgomery,max fried,,,,,,,,,,,,,
2026-07-27,663968,518876,AZ@PIT,Inside Breaking Ball Specialist,1.39,4.412,1.012,0.986,1.12,2.233,8.8,1031,jake mangum,merrill kelly,,,,,,,,,,,,,
2026-07-27,702616,672456,BAL@DET,Middle Slider Crusher (LH),2.954,2.567,0.999,0.986,0.902,2.196,8.7,1049,jackson holliday,keider montero,,,,,,,,,,,,,
2026-07-27,694497,669923,SEA@TEX,Middle Fastball Crusher (LH),2.843,2.489,1.004,1.0,0.949,2.197,8.7,1049,evan carter,george kirby,,,,,,,,,,,,,
2026-07-27,681546,680694,BAL@DET,Middle Slider Crusher (LH),2.705,2.648,0.999,0.986,0.961,2.208,8.7,1043,james outman,kyle bradish,,,,,,,,,,,,,
2026-07-27,665161,700712,HOU@LAA,Middle Fastball Crusher,3.968,1.819,1.003,1.002,0.9,2.127,8.4,1085,jeremy peña,walbert ureña,,,,,,,,,,,,,
2026-07-27,805779,801139,BOS@ATH,Inside Breaking Ball Specialist,2.684,2.626,1.006,1.01,0.9,2.1,8.3,1100,jacob wilson,payton tolle,,,,,,,,,,,,,
2026-07-27,665877,656849,CHC@STL,Middle Slider Crusher,2.394,2.438,0.998,0.999,1.102,2.089,8.3,1106,josé fermín,david peterson,,,,,,,,,,,,,
2026-07-27,663457,656849,CHC@STL,Inside Breaking Ball Specialist (LH),2.422,2.438,0.989,0.999,1.102,2.095,8.3,1103,lars nootbaar,david peterson,,,,,,,,,,,,,
2026-07-27,657136,678022,BOS@ATH,Oppo Fastball Hunter,1.722,3.587,1.009,1.01,0.986,2.022,8.0,1145,connor wong,jack perkins,,,,,,,,,,,,,
2026-07-27,683011,702273,NYY@CWS,Middle Fastball Crusher,1.593,3.367,1.004,0.996,1.12,1.957,7.8,1185,anthony volpe,noah schultz,,,,,,,,,,,,,
2026-07-27,683083,453286,TOR@WSH,Middle Fastball Crusher,1.016,5.399,0.995,0.983,1.12,1.958,7.8,1184,nasim nuñez,max scherzer,,,,,,,,,,,,,
2026-07-27,678246,608331,NYY@CWS,Middle Fastball Crusher,4.514,1.463,1.004,0.996,0.9,1.937,7.7,1198,miguel vargas,max fried,,,,,,,,,,,,,
2026-07-27,672640,554430,PHI@MIA,Middle Fastball Crusher,2.257,2.944,0.974,1.0,0.9,1.898,7.6,1224,otto lopez,zack wheeler,,,,,,,,,,,,,
2026-07-27,663538,669461,CHC@STL,Middle Fastball Crusher,1.325,3.831,0.998,0.999,1.106,1.824,7.3,1275,nico hoerner,matthew liberatore,,,,,,,,,,,,,
2026-07-27,514888,700712,HOU@LAA,Middle Fastball Crusher,3.323,1.819,1.003,1.002,0.9,1.781,7.1,1307,josé altuve,walbert ureña,,,,,,,,,,,,,
2026-07-27,620443,527048,ATL@NYM,Middle Fastball Crusher,1.822,2.927,0.991,0.981,1.039,1.755,7.0,1328,luis torrens,martín pérez,,,,,,,,,,,,,
2026-07-27,663837,680694,BAL@DET,Oppo Fastball Hunter,2.139,2.648,0.999,0.986,0.961,1.746,7.0,1335,matt vierling,kyle bradish,,,,,,,,,,,,,
2026-07-27,666211,700712,HOU@LAA,Oppo Fastball Hunter (LH),2.978,1.819,1.011,1.002,0.9,1.609,6.4,1454,taylor trammell,walbert ureña,,,,,,,,,,,,,
2026-07-27,656716,680694,BAL@DET,Inside Breaking Ball Specialist (LH),1.926,2.648,0.999,0.986,0.961,1.572,6.3,1490,zach mckinstry,kyle bradish,,,,,,,,,,,,,
2026-07-27,669364,554430,PHI@MIA,Middle Fastball Crusher (LH),1.711,2.944,0.977,1.0,0.9,1.443,5.8,1628,xavier edwards,zack wheeler,,,,,,,,,,,,,
2026-07-27,543877,700712,HOU@LAA,Middle Slider Crusher,2.664,1.819,1.003,1.002,0.9,1.428,5.7,1646,christian vázquez,walbert ureña,,,,,,,,,,,,,
2026-07-27,691594,554430,PHI@MIA,Middle Fastball Crusher,1.683,2.944,0.974,1.0,0.9,1.415,5.7,1662,javier sanoja,zack wheeler,,,,,,,,,,,,,
2026-07-27,805300,554430,PHI@MIA,Middle Slider Crusher (LH),1.632,2.944,0.977,1.0,0.9,1.377,5.5,1710,jakob marsee,zack wheeler,,,,,,,,,,,,,
2026-07-27,691026,656849,CHC@STL,Middle Slider Crusher,1.486,2.438,0.998,0.999,1.102,1.297,5.2,1819,masyn winn,david peterson,,,,,,,,,,,,,
2026-07-27,682668,608331,NYY@CWS,Middle Fastball Crusher,1.598,1.463,1.004,0.996,0.9,0.686,2.8,3496,luisangel acuña,max fried,,,,,,,,,,,,,
2026-07-28,693307,665152,BAL@DET,Middle Slider Crusher,4.79,5.45,0.979,0.989,1.075,8.902,34.0,194,Dillon Dingler,Dean Kremer,4.0,,,,,,,,,,,,
2026-07-28,695578,669456,TOR@WSH,Middle Fastball Crusher (LH),5.3,3.98,0.998,0.984,1.12,7.598,31.1,221,James Wood,Shane Bieber,1.0,,,,,,,,,,,,
2026-07-28,671277,669456,TOR@WSH,Inside Breaking Ball Specialist (LH),5.32,3.98,0.991,0.984,1.12,7.578,30.4,229,Luis García,Shane Bieber,2.0,,,,,,,,,,,,
2026-07-28,679529,665152,BAL@DET,Middle Fastball Crusher,4.37,5.45,0.979,0.989,1.075,8.117,29.6,238,Spencer Torkelson,Dean Kremer,6.0,,,,,,,,,,,,
2026-07-28,665052,605400,PHI@MIA,Middle Fastball Crusher (LH),5.13,4.71,0.977,1.0,1.016,7.85,28.7,248,Griffin Conine,Aaron Nola,6.0,,,,,,,,,,,,
2026-07-28,700250,641743,NYY@CWS,Middle Fastball Crusher (LH),6.19,3.01,0.997,0.999,1.095,6.645,27.1,269,Ben Rice,Anthony Kay,2.0,,,,,,,,,,,,
2026-07-28,621439,607625,KC@MIN,Oppo Fastball Hunter,5.95,2.91,1.009,1.018,1.116,6.486,26.5,277,Byron Buxton,Seth Lugo,2.0,,,,,,,,,,,,
2026-07-28,682985,665152,BAL@DET,Oppo Fastball Hunter (LH),3.25,5.45,0.983,0.989,1.075,6.059,24.5,309,Riley Greene,Dean Kremer,3.0,,,,,,,,,,,,
2026-07-28,571970,622491,SEA@LAD,Oppo Fastball Hunter (LH),4.97,3.46,1.001,1.0,1.065,6.017,24.2,313,Max Muncy,Luis Castillo,4.0,,,,,,,,,,,,
2026-07-28,691406,615698,TEX@TB,Oppo Fastball Hunter,5.53,3.15,1.0,1.0,1.032,5.889,23.8,319,Junior Caminero,Cal Quantrill,3.0,,,,,,,,,,,,
2026-07-28,660271,622491,SEA@LAD,Middle Fastball Crusher (LH),4.62,3.46,0.996,1.0,1.065,5.563,23.7,322,Shohei Ohtani,Luis Castillo,1.0,,,,,,,,,,,,
2026-07-28,670541,672282,HOU@LAA,Inside Breaking Ball Specialist (LH),6.51,2.95,1.002,1.002,0.906,5.723,23.7,321,Yordan Álvarez,Reid Detmers,2.0,,,,,,,,,,,,
2026-07-28,696100,650633,COL@SD,Middle Fastball Crusher,6.46,2.64,1.007,0.999,1.04,5.831,23.6,323,Hunter Goodman,Mike King,3.0,,,,,,,,,,,,
2026-07-28,669065,605400,PHI@MIA,Middle Slider Crusher (LH),3.7,4.71,0.977,1.0,1.016,5.67,23.5,325,Kyle Stowers,Aaron Nola,2.0,,,,,,,,,,,,
2026-07-28,668709,668909,CLE@CIN,Middle Fastball Crusher (LH),4.8,3.75,1.011,0.997,0.972,5.773,23.4,327,Jj Bleday,Gavin Williams,3.0,,,,,,,,,,,,
2026-07-28,691023,607067,CHC@STL,Middle Fastball Crusher,4.49,3.39,0.998,1.004,1.12,5.604,23.3,329,Jordan Walker,Colin Rea,2.0,,,,,,,,,,,,
2026-07-28,664034,547179,COL@SD,Inside Breaking Ball Specialist,4.87,3.16,0.999,0.999,1.12,5.623,22.8,339,Ty France,Michael Lorenzen,4.0,,,,,,,,,,,,
2026-07-28,668709,677944,CLE@CIN,Middle Fastball Crusher (LH),4.8,3.3,1.011,0.997,1.057,5.528,22.5,344,Jj Bleday,Slade Cecconi,3.0,,,,,,,,,,,,
2026-07-28,592518,547179,COL@SD,Middle Slider Crusher,4.7,3.16,1.007,0.999,1.12,5.476,22.3,348,Manny Machado,Michael Lorenzen,3.0,,,,,,,,,,,,
2026-07-28,695657,543037,NYY@CWS,Oppo Fastball Hunter (LH),5.08,3.63,1.009,0.999,0.9,5.476,22.2,350,Colson Montgomery,Gerrit Cole,4.0,,,,,,,,,,,,
2026-07-28,701398,668909,CLE@CIN,Middle Fastball Crusher,4.39,3.75,1.011,0.997,0.972,5.282,22.1,353,Sal Stewart,Gavin Williams,2.0,,,,,,,,,,,,
2026-07-28,682829,668909,CLE@CIN,Middle Fastball Crusher,4.2,3.75,1.011,0.997,0.972,5.046,21.7,361,Elly De La Cruz,Gavin Williams,1.0,,,,,,,,,,,,
2026-07-28,701398,677944,CLE@CIN,Middle Fastball Crusher,4.39,3.3,1.011,0.997,1.057,5.057,21.2,371,Sal Stewart,Slade Cecconi,2.0,,,,,,,,,,,,
2026-07-28,686611,669456,TOR@WSH,Middle Fastball Crusher,3.57,3.98,0.995,0.984,1.12,5.097,20.9,378,Dylan Crews,Shane Bieber,3.0,,,,,,,,,,,,
2026-07-28,682829,677944,CLE@CIN,Middle Fastball Crusher,4.2,3.3,1.011,0.997,1.057,4.832,20.8,380,Elly De La Cruz,Slade Cecconi,1.0,,,,,,,,,,,,
2026-07-28,666160,650633,COL@SD,Inside Breaking Ball Specialist (LH),5.38,2.64,1.007,0.999,1.04,4.861,20.5,388,Mickey Moniak,Mike King,2.0,,,,,,,,,,,,
2026-07-28,663993,668909,CLE@CIN,Oppo Fastball Hunter (LH),4.13,3.75,1.011,0.997,0.972,4.967,20.3,391,Nathaniel Lowe,Gavin Williams,4.0,,,,,,,,,,,,
2026-07-28,690993,665152,BAL@DET,Middle Fastball Crusher (LH),2.71,5.45,0.999,0.989,1.075,5.134,20.2,394,Colt Keith,Dean Kremer,5.0,,,,,,,,,,,,
2026-07-28,650402,665152,BAL@DET,Middle Fastball Crusher,2.5,5.45,0.979,0.989,1.075,4.642,19.6,409,Gleyber Torres,Dean Kremer,2.0,,,,,,,,,,,,
2026-07-28,553993,677944,CLE@CIN,Middle Slider Crusher,4.13,3.3,1.011,0.997,1.057,4.75,19.5,412,Eugenio Suárez,Slade Cecconi,4.0,,,,,,,,,,,,
2026-07-28,678246,543037,NYY@CWS,Middle Fastball Crusher,4.4,3.63,1.004,0.999,0.9,4.726,19.5,412,Miguel Vargas,Gerrit Cole,3.0,,,,,,,,,,,,
2026-07-28,665019,607625,KC@MIN,Middle Fastball Crusher (LH),4.35,2.91,1.009,1.018,1.116,4.745,19.5,413,Kody Clemens,Seth Lugo,4.0,,,,,,,,,,,,
2026-07-28,686527,680736,SEA@LAD,Middle Slider Crusher (LH),5.15,2.76,0.996,1.0,1.014,4.7,19.3,417,Dominic Canzone,Justin Wrobleski,4.0,,,,,,,,,,,,
2026-07-28,669394,643377,TEX@TB,Middle Fastball Crusher,4.21,3.45,1.0,1.0,1.054,5.02,19.2,421,Jake Burger,Griffin Jax,6.0,,,,,,,,,,,,
2026-07-28,663993,677944,CLE@CIN,Oppo Fastball Hunter (LH),4.13,3.3,1.011,0.997,1.057,4.756,18.9,430,Nathaniel Lowe,Slade Cecconi,5.0,,,,,,,,,,,,
2026-07-28,605141,622491,SEA@LAD,Inside Breaking Ball Specialist,3.92,3.46,1.001,1.0,1.065,4.744,18.8,431,Mookie Betts,Luis Castillo,5.0,,,,,,,,,,,,
2026-07-28,680777,607625,KC@MIN,Middle Fastball Crusher,4.09,2.91,0.99,1.018,1.116,4.372,18.2,450,Ryan Jeffers,Seth Lugo,3.0,,,,,,,,,,,,
2026-07-28,575929,695611,BOS@ATH,Middle Slider Crusher,4.81,2.76,1.006,1.011,0.98,4.334,18.0,455,Willson Contreras,Gage Jump,3.0,,,,,,,,,,,,
2026-07-28,624424,700241,CHC@STL,Oppo Fastball Hunter (LH),4.13,3.16,0.998,1.004,1.12,4.795,17.6,469,Michael Conforto,Michael Mcgreevy,7.0,,,,,,,,,,,,
2026-07-28,664023,700241,CHC@STL,Middle Fastball Crusher,3.79,3.16,0.998,1.004,1.12,4.402,17.6,469,Ian Happ,Michael Mcgreevy,5.0,,,,,,,,,,,,
2026-07-28,695506,671737,KC@MIN,Middle Fastball Crusher (LH),3.89,3.3,1.009,1.018,0.957,4.129,17.2,480,Jac Caglianone,Taj Bradley,3.0,,,,,,,,,,,,
2026-07-28,664040,694297,AZ@PIT,Middle Fastball Crusher (LH),4.53,2.75,1.016,0.987,0.981,4.004,17.1,484,Brandon Lowe,Brandon Pfaadt,2.0,,,,,,,,,,,,
2026-07-28,595879,665152,BAL@DET,Middle Fastball Crusher,2.68,5.45,0.979,0.989,1.075,4.991,16.8,497,Javier Báez,Dean Kremer,9.0,,,,,,,,,,,,
2026-07-28,624413,675512,BAL@DET,Oppo Fastball Hunter,4.3,3.07,0.999,0.989,0.9,3.841,16.5,507,Pete Alonso,Troy Melton,2.0,,,,,,,,,,,,
2026-07-28,518692,622491,SEA@LAD,Middle Fastball Crusher (LH),3.25,3.46,0.996,1.0,1.065,3.908,16.4,510,Freddie Freeman,Luis Castillo,3.0,,,,,,,,,,,,
2026-07-28,572233,672282,HOU@LAA,Middle Slider Crusher,4.44,2.95,1.003,1.002,0.906,3.904,16.3,514,Christian Walker,Reid Detmers,4.0,,,,,,,,,,,,
2026-07-28,695600,671737,KC@MIN,Middle Fastball Crusher (LH),3.41,3.3,1.009,1.018,0.957,3.623,16.0,526,Carter Jensen,Taj Bradley,1.0,,,,,,,,,,,,
2026-07-28,682622,668909,CLE@CIN,Inside Breaking Ball Specialist,3.44,3.75,1.012,0.997,0.972,4.138,16.0,523,Noelvi Marte,Gavin Williams,6.0,,,,,,,,,,,,
2026-07-28,677649,643377,TEX@TB,Middle Fastball Crusher,3.17,3.45,1.0,1.0,1.054,3.779,15.9,530,Ezequiel Duran,Griffin Jax,3.0,,,,,,,,,,,,
2026-07-28,547180,645261,PHI@MIA,Middle Fastball Crusher (LH),4.43,2.78,0.977,1.0,0.953,3.753,15.8,534,Bryce Harper,Sandy Alcántara,3.0,,,,,,,,,,,,
2026-07-28,665161,672282,HOU@LAA,Middle Fastball Crusher,4.07,2.95,1.003,1.002,0.906,3.581,15.8,532,Jeremy Peña,Reid Detmers,1.0,,,,,,,,,,,,
2026-07-28,657757,547179,COL@SD,Middle Fastball Crusher (LH),3.66,3.16,1.002,0.999,1.12,4.247,15.7,537,Gavin Sheets,Michael Lorenzen,7.0,,,,,,,,,,,,
2026-07-28,701538,547179,COL@SD,Middle Fastball Crusher (LH),3.32,3.16,1.002,0.999,1.12,3.841,15.5,546,Jackson Merrill,Michael Lorenzen,5.0,,,,,,,,,,,,
2026-07-28,650490,615698,TEX@TB,Oppo Fastball Hunter,3.26,3.15,1.0,1.0,1.032,3.471,15.4,551,Yandy Díaz,Cal Quantrill,1.0,,,,,,,,,,,,
2026-07-28,665862,641743,NYY@CWS,Middle Fastball Crusher (LH),3.8,3.01,0.997,0.999,1.095,4.083,15.1,561,Jazz Chisholm,Anthony Kay,7.0,,,,,,,,,,,,
2026-07-28,672640,605400,PHI@MIA,Middle Fastball Crusher,2.2,4.71,0.974,1.0,1.016,3.356,14.9,572,Otto Lopez,Aaron Nola,1.0,,,,,,,,,,,,
2026-07-28,521692,671737,KC@MIN,Middle Fastball Crusher,3.41,3.3,0.99,1.018,0.957,3.551,14.9,571,Salvador Pérez,Taj Bradley,4.0,,,,,,,,,,,,
2026-07-28,656775,615698,TEX@TB,Middle Slider Crusher (LH),3.27,3.15,1.0,1.0,1.032,3.485,14.6,583,Cedric Mullins,Cal Quantrill,4.0,,,,,,,,,,,,
2026-07-28,691723,675512,BAL@DET,Middle Fastball Crusher,4.47,3.07,0.979,0.989,0.9,3.915,14.5,587,Coby Mayo,Troy Melton,7.0,,,,,,,,,,,,
2026-07-28,656811,694297,AZ@PIT,Oppo Fastball Hunter (LH),4.05,2.75,1.014,0.987,0.981,3.577,14.5,591,Ryan O'Hearn,Brandon Pfaadt,5.0,,,,,,,,,,,,
2026-07-28,695734,669456,TOR@WSH,Inside Breaking Ball Specialist (LH),2.58,3.98,0.991,0.984,1.12,3.668,14.3,598,Daylen Lile,Shane Bieber,6.0,,,,,,,,,,,,
2026-07-28,657041,671737,KC@MIN,Oppo Fastball Hunter,3.1,3.3,1.009,1.018,0.957,3.292,14.3,601,Lane Thomas,Taj Bradley,2.0,,,,,,,,,,,,
2026-07-28,624431,668909,CLE@CIN,Middle Fastball Crusher,3.27,3.75,1.011,0.997,0.972,3.926,14.1,612,Jose Trevino,Gavin Williams,8.0,,,,,,,,,,,,
2026-07-28,677594,680736,SEA@LAD,Middle Fastball Crusher,3.61,2.76,1.001,1.0,1.014,3.318,14.1,612,Julio Rodríguez,Justin Wrobleski,3.0,,,,,,,,,,,,
2026-07-28,691176,641743,NYY@CWS,Middle Fastball Crusher (LH),3.09,3.01,0.997,0.999,1.095,3.315,14.0,616,Jasson Domínguez,Anthony Kay,4.0,,,,,,,,,,,,
2026-07-28,663757,641743,NYY@CWS,Oppo Fastball Hunter (LH),3.15,3.01,1.009,0.999,1.095,3.419,13.9,621,Trent Grisham,Anthony Kay,5.0,,,,,,,,,,,,
2026-07-28,701762,687562,BOS@ATH,Middle Fastball Crusher (LH),4.5,2.36,1.009,1.011,0.9,3.193,13.9,621,Nick Kurtz,Jake Bennett,2.0,,,,,,,,,,,,
2026-07-28,671056,607067,CHC@STL,Middle Slider Crusher,2.62,3.39,0.998,1.004,1.12,3.272,13.8,625,Iván Herrera,Colin Rea,4.0,,,,,,,,,,,,
2026-07-28,696285,669456,TOR@WSH,Middle Fastball Crusher,2.84,3.98,0.995,0.984,1.12,4.057,13.8,625,Jacob Young,Shane Bieber,9.0,,,,,,,,,,,,
2026-07-28,605137,607625,KC@MIN,Middle Fastball Crusher (LH),3.07,2.91,1.009,1.018,1.116,3.353,13.6,635,Josh Bell,Seth Lugo,5.0,,,,,,,,,,,,
2026-07-28,642715,701656,MIL@SF,Middle Fastball Crusher,3.95,2.99,0.988,0.996,0.9,3.432,13.5,643,Willy Adames,Logan Henderson,6.0,,,,,,,,,,,,
2026-07-28,694497,643377,TEX@TB,Middle Fastball Crusher (LH),2.78,3.45,1.0,1.0,1.054,3.31,13.4,644,Evan Carter,Griffin Jax,5.0,,,,,,,,,,,,
2026-07-28,683002,675512,BAL@DET,Middle Slider Crusher (LH),3.51,3.07,0.999,0.989,0.9,3.137,13.3,650,Gunnar Henderson,Troy Melton,3.0,,,,,,,,,,,,
2026-07-28,686797,607625,KC@MIN,Middle Fastball Crusher,3.46,2.91,0.99,1.018,1.116,3.699,13.3,653,Brooks Lee,Seth Lugo,8.0,,,,,,,,,,,,
2026-07-28,643217,543037,NYY@CWS,High Zone Fastball Hitter (LH),3.04,3.63,0.999,0.999,0.9,3.251,13.2,657,Andrew Benintendi,Gerrit Cole,5.0,,,,,,,,,,,,
2026-07-28,656716,665152,BAL@DET,Inside Breaking Ball Specialist (LH),1.86,5.45,0.999,0.989,1.075,3.538,13.2,656,Zach Mckinstry,Dean Kremer,7.0,,,,,,,,,,,,
2026-07-28,641680,687562,BOS@ATH,Middle Slider Crusher (LH),4.26,2.36,1.009,1.011,0.9,3.024,12.9,677,Jonah Heim,Jake Bennett,3.0,,,,,,,,,,,,
2026-07-28,663886,677944,CLE@CIN,Middle Fastball Crusher,2.84,3.3,1.011,0.997,1.057,3.274,12.9,677,Tyler Stephenson,Slade Cecconi,6.0,,,,,,,,,,,,
2026-07-28,682657,695505,CLE@CIN,Inside Breaking Ball Specialist (LH),3.88,2.91,1.011,0.997,0.9,3.349,12.5,697,Angel Martínez,Chase Burns,7.0,,,,,,,,,,,,
2026-07-28,606466,696149,AZ@PIT,Inside Breaking Ball Specialist,3.9,2.38,1.012,0.987,0.974,2.957,12.5,697,Ketel Marte,Bubba Chandler,4.0,,,,,,,,,,,,
2026-07-28,677800,695611,BOS@ATH,Inside Breaking Ball Specialist (LH),3.23,2.76,1.009,1.011,0.98,2.925,12.4,705,Wilyer Abreu,Gage Jump,4.0,,,,,,,,,,,,
2026-07-28,606192,622491,SEA@LAD,Middle Fastball Crusher,2.84,3.46,1.001,1.0,1.065,3.442,12.4,706,Teoscar Hernández,Luis Castillo,8.0,,,,,,,,,,,,
2026-07-28,663728,680736,SEA@LAD,Middle Slider Crusher,3.3,2.76,1.001,1.0,1.014,3.025,12.3,710,Cal Raleigh,Justin Wrobleski,5.0,,,,,,,,,,,,
2026-07-28,668227,680736,SEA@LAD,Oppo Fastball Hunter,3.02,2.76,0.996,1.0,1.014,2.758,12.1,729,Randy Arozarena,Justin Wrobleski,2.0,,,,,,,,,,,,
2026-07-28,700932,695505,CLE@CIN,Middle Slider Crusher (LH),3.57,2.91,1.011,0.997,0.9,3.08,12.1,723,Kyle Manzardo,Chase Burns,6.0,,,,,,,,,,,,
2026-07-28,672356,657571,CLE@CIN,Middle Fastball Crusher,3.52,3.0,1.011,0.997,0.925,3.222,12.1,727,Gabriel Arias,Caleb Ferguson,7.0,,,,,,,,,,,,
2026-07-28,607208,645261,PHI@MIA,Middle Fastball Crusher,3.17,2.78,0.974,1.0,0.953,2.675,12.0,732,Trea Turner,Sandy Alcántara,1.0,,,,,,,,,,,,
2026-07-28,608324,700241,CHC@STL,Oppo Fastball Hunter,2.43,3.16,0.995,1.004,1.12,2.818,12.0,734,Alex Bregman,Michael Mcgreevy,4.0,,,,,,,,,,,,
2026-07-28,691016,687562,BOS@ATH,Middle Fastball Crusher (LH),3.98,2.36,1.009,1.011,0.9,2.824,12.0,733,Tyler Soderstrom,Jake Bennett,4.0,,,,,,,,,,,,
2026-07-28,663457,607067,CHC@STL,Inside Breaking Ball Specialist (LH),2.34,3.39,0.989,1.004,1.12,2.889,11.8,746,Lars Nootbaar,Colin Rea,5.0,,,,,,,,,,,,
2026-07-28,668804,694297,AZ@PIT,Middle Fastball Crusher,3.14,2.75,1.007,0.987,0.981,2.755,11.8,749,Bryan Reynolds,Brandon Pfaadt,3.0,,,,,,,,,,,,
2026-07-28,665877,607067,CHC@STL,Middle Slider Crusher,2.6,3.39,0.998,1.004,1.12,3.244,11.7,753,José Fermín,Colin Rea,8.0,,,,,,,,,,,,
2026-07-28,514888,672282,HOU@LAA,Middle Fastball Crusher,3.22,2.95,1.003,1.002,0.906,2.837,11.6,761,José Altuve,Reid Detmers,5.0,,,,,,,,,,,,
2026-07-28,671218,701656,MIL@SF,Inside Breaking Ball Specialist,3.13,2.99,0.984,0.996,0.9,2.704,11.6,764,Heliot Ramos,Logan Henderson,3.0,,,,,,,,,,,,
2026-07-28,664983,650633,COL@SD,Middle Fastball Crusher (LH),2.86,2.64,1.002,0.999,1.04,2.575,11.6,763,Jake Mccarthy,Mike King,1.0,,,,,,,,,,,,
2026-07-28,688363,605400,PHI@MIA,Oppo Fastball Hunter (LH),2.09,4.71,0.97,1.0,1.016,3.18,11.5,770,Graham Pauley,Aaron Nola,8.0,,,,,,,,,,,,
2026-07-28,624585,663567,HOU@LAA,Middle Fastball Crusher,3.3,2.69,1.003,1.002,0.911,2.667,11.4,779,Jorge Soler,Peter Lambert,4.0,,,,,,,,,,,,
2026-07-28,686681,671737,KC@MIN,Inside Breaking Ball Specialist (LH),2.85,3.3,1.006,1.018,0.957,3.021,11.4,779,Michael Massey,Taj Bradley,7.0,,,,,,,,,,,,
2026-07-28,701358,672282,HOU@LAA,Middle Fastball Crusher,3.22,2.95,1.003,1.002,0.906,2.837,11.2,791,Cam Smith,Reid Detmers,6.0,,,,,,,,,,,,
2026-07-28,667472,668909,CLE@CIN,Middle Slider Crusher,2.27,3.75,1.011,0.997,0.972,2.724,11.2,795,Dane Myers,Gavin Williams,5.0,,,,,,,,,,,,
2026-07-28,682998,696149,AZ@PIT,Oppo Fastball Hunter (LH),3.25,2.38,1.014,0.987,0.974,2.465,11.1,800,Corbin Carroll,Bubba Chandler,1.0,,,,,,,,,,,,
2026-07-28,605170,607625,KC@MIN,Middle Slider Crusher (LH),2.56,2.91,1.009,1.018,1.116,2.789,11.0,805,Víctor Caratini,Seth Lugo,6.0,,,,,,,,,,,,
2026-07-28,664761,645261,PHI@MIA,Oppo Fastball Hunter,3.05,2.78,0.977,1.0,0.953,2.58,11.0,808,Alec Bohm,Sandy Alcántara,4.0,,,,,,,,,,,,
2026-07-28,669224,641743,NYY@CWS,Oppo Fastball Hunter (LH),2.95,3.01,1.009,0.999,1.095,3.201,11.0,809,Austin Wells,Anthony Kay,9.0,,,,,,,,,,,,
2026-07-28,669364,605400,PHI@MIA,Middle Fastball Crusher (LH),1.67,4.71,0.977,1.0,1.016,2.556,10.9,816,Xavier Edwards,Aaron Nola,4.0,,,,,,,,,,,,
2026-07-28,680474,641743,NYY@CWS,Middle Slider Crusher,2.78,3.01,1.004,0.999,1.095,3.002,10.9,819,Max Schuemann,Anthony Kay,8.0,,,,,,,,,,,,
2026-07-28,608701,680736,SEA@LAD,Middle Fastball Crusher,3.12,2.76,1.001,1.0,1.014,2.86,10.8,826,Rob Refsnyder,Justin Wrobleski,7.0,,,,,,,,,,,,
2026-07-28,666211,672282,HOU@LAA,Oppo Fastball Hunter (LH),3.2,2.95,1.011,1.002,0.906,2.836,10.7,834,Taylor Trammell,Reid Detmers,7.0,,,,,,,,,,,,
2026-07-28,642215,680736,SEA@LAD,Middle Fastball Crusher,3.22,2.76,1.001,1.0,1.014,2.956,10.7,833,Weston Wilson,Justin Wrobleski,8.0,,,,,,,,,,,,
2026-07-28,666176,663567,HOU@LAA,Middle Slider Crusher,3.47,2.69,1.003,1.002,0.911,2.799,10.6,846,Jo Adell,Peter Lambert,7.0,,,,,,,,,,,,
2026-07-28,663656,622491,SEA@LAD,Middle Fastball Crusher (LH),2.34,3.46,0.996,1.0,1.065,2.813,10.6,841,Kyle Tucker,Luis Castillo,7.0,,,,,,,,,,,,
2026-07-28,680776,695611,BOS@ATH,Middle Fastball Crusher (LH),3.04,2.76,1.009,1.011,0.98,2.745,10.4,863,Jarren Duran,Gage Jump,7.0,,,,,,,,,,,,
2026-07-28,650489,650633,COL@SD,Middle Fastball Crusher,3.0,2.64,1.007,0.999,1.04,2.709,10.2,876,Willi Castro,Mike King,7.0,,,,,,,,,,,,
2026-07-28,543807,676917,TOR@WSH,Middle Fastball Crusher,3.38,2.23,0.995,0.984,0.982,2.374,10.2,883,George Springer,Cade Cavalli,4.0,,,,,,,,,,,,
2026-07-28,702616,675512,BAL@DET,Middle Slider Crusher (LH),2.84,3.07,0.999,0.989,0.9,2.538,10.1,891,Jackson Holliday,Troy Melton,6.0,,,,,,,,,,,,
2026-07-28,593428,547179,COL@SD,Middle Fastball Crusher,2.39,3.16,1.007,0.999,1.12,2.783,10.1,888,Xander Bogaerts,Michael Lorenzen,8.0,,,,,,,,,,,,
2026-07-28,630105,547179,COL@SD,Oppo Fastball Hunter (LH),2.01,3.16,0.987,0.999,1.12,2.291,10.1,889,Jake Cronenworth,Michael Lorenzen,2.0,,,,,,,,,,,,
2026-07-28,608348,700241,CHC@STL,Inside Breaking Ball Specialist,2.39,3.16,0.994,1.004,1.12,2.763,10.1,895,Carson Kelly,Michael Mcgreevy,8.0,,,,,,,,,,,,
2026-07-28,663647,668909,CLE@CIN,Inside Breaking Ball Specialist,2.4,3.75,1.012,0.997,0.972,2.884,10.0,904,Ke'Bryan Hayes,Gavin Williams,9.0,,,,,,,,,,,,
2026-07-28,678882,695611,BOS@ATH,Middle Slider Crusher,2.7,2.76,1.006,1.011,0.98,2.435,10.0,896,Ceddanne Rafaela,Gage Jump,5.0,,,,,,,,,,,,
2026-07-28,702332,695611,BOS@ATH,Middle Fastball Crusher,2.78,2.76,1.006,1.011,0.98,2.509,10.0,902,Caleb Durbin,Gage Jump,6.0,,,,,,,,,,,,
2026-07-28,681297,675512,BAL@DET,Middle Fastball Crusher (LH),3.08,3.07,0.999,0.989,0.9,2.75,10.0,899,Colton Cowser,Troy Melton,8.0,,,,,,,,,,,,
2026-07-28,667472,677944,CLE@CIN,Middle Slider Crusher,2.27,3.3,1.011,0.997,1.057,2.609,9.9,912,Dane Myers,Slade Cecconi,7.0,,,,,,,,,,,,
2026-07-28,678391,669456,TOR@WSH,Oppo Fastball Hunter (LH),1.9,3.98,1.001,0.984,1.12,2.729,9.9,907,Jorbit Vivas,Shane Bieber,8.0,,,,,,,,,,,,
2026-07-28,679845,671737,KC@MIN,Oppo Fastball Hunter,2.33,3.3,1.009,1.018,0.957,2.475,9.8,915,Nick Loftin,Taj Bradley,6.0,,,,,,,,,,,,
2026-07-28,655316,695611,BOS@ATH,Middle Slider Crusher,2.98,2.76,1.006,1.011,0.98,2.69,9.8,921,Andruw Monasterio,Gage Jump,8.0,,,,,,,,,,,,
2026-07-28,694192,694738,MIL@SF,Middle Fastball Crusher,3.64,2.01,0.988,0.996,0.917,2.16,9.6,947,Jackson Chourio,Landen Roupp,2.0,,,,,,,,,,,,
2026-07-28,624641,645261,PHI@MIA,Middle Fastball Crusher,2.81,2.78,0.974,1.0,0.953,2.375,9.5,956,Edmundo Sosa,Sandy Alcántara,6.0,,,,,,,,,,,,
2026-07-28,542303,694297,AZ@PIT,Middle Fastball Crusher,2.94,2.75,1.007,0.987,0.981,2.576,9.4,964,Marcell Ozuna,Brandon Pfaadt,8.0,,,,,,,,,,,,
2026-07-28,686469,671737,KC@MIN,Middle Slider Crusher (LH),2.11,3.3,1.009,1.018,0.957,2.247,9.3,977,Vinnie Pasquantino,Taj Bradley,5.0,,,,,,,,,,,,
2026-07-28,805300,605400,PHI@MIA,Middle Slider Crusher (LH),1.6,4.71,0.977,1.0,1.016,2.443,9.3,978,Jakob Marsee,Aaron Nola,7.0,,,,,,,,,,,,
2026-07-28,595978,657571,CLE@CIN,Middle Fastball Crusher,2.71,3.0,1.011,0.997,0.925,2.478,9.1,1005,Austin Hedges,Caleb Ferguson,8.0,,,,,,,,,,,,
2026-07-28,687515,687562,BOS@ATH,Middle Fastball Crusher,3.19,2.36,1.006,1.011,0.9,2.259,9.0,1009,Colby Thomas,Jake Bennett,6.0,,,,,,,,,,,,
2026-07-28,543510,696149,AZ@PIT,Oppo Fastball Hunter,3.22,2.38,1.016,0.987,0.974,2.45,9.0,1017,James Mccann,Bubba Chandler,8.0,,,,,,,,,,,,
2026-07-28,677587,657571,CLE@CIN,Middle Slider Crusher (LH),2.36,3.0,1.011,0.997,0.925,2.162,8.9,1017,Brayan Rocchio,Caleb Ferguson,5.0,,,,,,,,,,,,
2026-07-28,668930,694738,MIL@SF,Inside Breaking Ball Specialist (LH),3.18,2.01,1.015,0.996,0.917,1.939,8.8,1033,Brice Turang,Landen Roupp,1.0,,,,,,,,,,,,
2026-07-28,677587,695505,CLE@CIN,Middle Slider Crusher (LH),2.36,2.91,1.011,0.997,0.9,2.039,8.5,1082,Brayan Rocchio,Chase Burns,5.0,,,,,,,,,,,,
2026-07-28,805779,687562,BOS@ATH,Inside Breaking Ball Specialist,2.59,2.36,1.006,1.011,0.9,1.835,8.4,1095,Jacob Wilson,Jake Bennett,1.0,,,,,,,,,,,,
2026-07-28,694374,696149,AZ@PIT,Inside Breaking Ball Specialist,2.88,2.38,1.012,0.987,0.974,2.184,8.3,1101,Tim Tawa,Bubba Chandler,7.0,,,,,,,,,,,,
2026-07-28,680700,615698,TEX@TB,Oppo Fastball Hunter (LH),2.04,3.15,1.0,1.0,1.032,2.178,8.3,1104,Richie Palacios,Cal Quantrill,7.0,,,,,,,,,,,,
2026-07-28,672275,695505,CLE@CIN,Inside Breaking Ball Specialist (LH),2.51,2.91,1.011,0.997,0.9,2.168,8.0,1157,Patrick Bailey,Chase Burns,8.0,,,,,,,,,,,,
2026-07-28,543877,672282,HOU@LAA,Middle Slider Crusher,2.59,2.95,1.003,1.002,0.906,2.283,7.9,1159,Christian Vázquez,Reid Detmers,9.0,,,,,,,,,,,,
2026-07-28,686555,671737,KC@MIN,Inside Breaking Ball Specialist,2.01,3.3,0.986,1.018,0.957,2.09,7.7,1203,Isaac Collins,Taj Bradley,8.0,,,,,,,,,,,,
2026-07-28,672724,663567,HOU@LAA,Inside Breaking Ball Specialist,2.57,2.69,1.004,1.002,0.911,2.076,7.6,1211,Oswald Peraza,Peter Lambert,8.0,,,,,,,,,,,,
2026-07-28,678662,650633,COL@SD,Middle Slider Crusher,2.38,2.64,1.007,0.999,1.04,2.146,7.5,1237,Ezequiel Tovar,Mike King,9.0,,,,,,,,,,,,
2026-07-28,691026,607067,CHC@STL,Middle Slider Crusher,1.45,3.39,0.998,1.004,1.12,1.806,7.3,1276,Masyn Winn,Colin Rea,6.0,,,,,,,,,,,,
2026-07-28,664770,676917,TOR@WSH,Oppo Fastball Hunter (LH),2.26,2.23,1.001,0.984,0.982,1.601,7.2,1299,Nathan Lukes,Cade Cavalli,2.0,,,,,,,,,,,,
2026-07-28,650859,547179,COL@SD,Middle Slider Crusher,1.53,3.16,1.007,0.999,1.12,1.783,7.2,1294,Luis Rengifo,Michael Lorenzen,6.0,,,,,,,,,,,,
2026-07-28,663538,700241,CHC@STL,Middle Fastball Crusher,1.47,3.16,0.998,1.004,1.12,1.704,6.9,1357,Nico Hoerner,Michael Mcgreevy,6.0,,,,,,,,,,,,
2026-07-28,665966,695611,BOS@ATH,Middle Slider Crusher,2.16,2.76,1.006,1.011,0.98,1.945,6.8,1372,Carlos Narváez,Gage Jump,9.0,,,,,,,,,,,,
2026-07-28,683011,641743,NYY@CWS,Middle Fastball Crusher,1.54,3.01,1.004,0.999,1.095,1.664,6.7,1390,Anthony Volpe,Anthony Kay,6.0,,,,,,,,,,,,
2026-07-28,661388,694738,MIL@SF,Middle Fastball Crusher,2.49,2.01,0.988,0.996,0.917,1.478,6.5,1447,William Contreras,Landen Roupp,3.0,,,,,,,,,,,,
2026-07-28,662139,676917,TOR@WSH,Oppo Fastball Hunter (LH),2.25,2.23,1.001,0.984,0.982,1.588,6.4,1460,Daulton Varsho,Cade Cavalli,6.0,,,,,,,,,,,,
2026-07-28,693304,694297,AZ@PIT,Oppo Fastball Hunter,1.77,2.75,1.016,0.987,0.981,1.566,6.3,1482,Nick Gonzales,Brandon Pfaadt,6.0,,,,,,,,,,,,
2026-07-28,592885,694738,MIL@SF,Middle Slider Crusher (LH),2.4,2.01,0.993,0.996,0.917,1.433,6.2,1502,Christian Yelich,Landen Roupp,4.0,,,,,,,,,,,,
2026-07-28,807712,607625,KC@MIN,Oppo Fastball Hunter,1.49,2.91,1.009,1.018,1.116,1.62,6.2,1506,Luke Keaschall,Seth Lugo,7.0,,,,,,,,,,,,
2026-07-28,665926,676917,TOR@WSH,Middle Slider Crusher (LH),2.28,2.23,0.998,0.984,0.982,1.611,6.0,1579,Andrés Giménez,Cade Cavalli,8.0,,,,,,,,,,,,
2026-07-28,683734,694738,MIL@SF,Inside Breaking Ball Specialist,2.36,2.01,0.984,0.996,0.917,1.395,5.8,1610,Andrew Vaughn,Landen Roupp,5.0,,,,,,,,,,,,
2026-07-28,681351,663567,HOU@LAA,Oppo Fastball Hunter,2.04,2.69,1.006,1.002,0.911,1.65,5.8,1628,Logan O'Hoppe,Peter Lambert,9.0,,,,,,,,,,,,
2026-07-28,666397,650633,COL@SD,Middle Slider Crusher (LH),1.73,2.64,1.002,0.999,1.04,1.552,5.7,1641,Edouard Julien,Mike King,8.0,,,,,,,,,,,,
2026-07-28,663968,694297,AZ@PIT,Inside Breaking Ball Specialist,1.35,2.75,1.012,0.987,0.981,1.188,5.5,1723,Jake Mangum,Brandon Pfaadt,1.0,,,,,,,,,,,,
2026-07-28,665489,676917,TOR@WSH,Oppo Fastball Hunter,1.74,2.23,0.998,0.984,0.982,1.226,5.4,1757,Vladimir Guerrero,Cade Cavalli,3.0,,,,,,,,,,,,
2026-07-28,683083,669456,TOR@WSH,Middle Fastball Crusher,0.99,3.98,0.995,0.984,1.12,1.409,5.4,1740,Nasim Nuñez,Shane Bieber,7.0,,,,,,,,,,,,
2026-07-28,687859,650633,COL@SD,Inside Breaking Ball Specialist (LH),1.43,2.64,1.007,0.999,1.04,1.295,5.2,1805,Troy Johnston,Mike King,6.0,,,,,,,,,,,,
2026-07-28,666152,694738,MIL@SF,Middle Fastball Crusher (LH),1.8,2.01,0.993,0.996,0.917,1.072,3.8,2540,David Hamilton,Landen Roupp,9.0,,,,,,,,,,,,
2026-07-28,670764,615698,TEX@TB,Middle Fastball Crusher (LH),0.88,3.15,1.0,1.0,1.032,0.939,3.5,2755,Taylor Walls,Cal Quantrill,8.0,,,,,,,,,,,,
2026-07-30,691406,668390,TEX@TB,Oppo Fastball Hunter,5.53,3.78,1.0,1.0,1.077,7.373,29.1,244,Junior Caminero,Cole Winn,3.0,3B,12:10p,1785427800000.0,False,False,,,,,,,
2026-07-30,695578,656550,WSH@ATL,Middle Fastball Crusher (LH),5.3,3.42,1.009,1.0,1.055,6.324,26.5,277,James Wood,Grant Holmes,1.0,RF,7:15p,1785453300000.0,True,False,,,,,,,
2026-07-30,671277,656550,WSH@ATL,Inside Breaking Ball Specialist (LH),5.32,3.42,1.009,1.0,1.055,6.352,26.0,284,Luis García,Grant Holmes,2.0,1B,7:15p,1785453300000.0,True,False,,,,,,,
2026-07-30,691023,665871,CHC@STL,Middle Fastball Crusher,4.49,4.02,0.998,1.018,1.047,6.299,25.9,287,Jordan Walker,Javier Assad,2.0,DH,2:15p,1785435300000.0,False,False,,,,,,,
2026-07-30,695657,677960,NYY@CWS,Oppo Fastball Hunter (LH),5.08,3.56,1.009,1.033,1.032,6.367,24.6,307,Colson Montgomery,Ryan Weathers,5.0,3B,2:10p,1785435000000.0,False,False,,,,,,,
2026-07-30,621566,663623,WSH@ATL,Middle Fastball Crusher (LH),5.32,3.06,1.009,1.0,1.105,5.95,24.1,316,Matt Olson,Jake Irvin,3.0,1B,7:15p,1785453300000.0,True,False,,,,,,,
2026-07-30,686948,663623,WSH@ATL,Oppo Fastball Hunter (LH),4.74,3.06,1.0,1.0,1.105,5.254,22.5,345,Drake Baldwin,Jake Irvin,1.0,C,7:15p,1785453300000.0,True,False,,,,,,,
2026-07-30,678246,677960,NYY@CWS,Middle Fastball Crusher,4.4,3.56,1.004,1.033,1.032,5.494,22.4,346,Miguel Vargas,Ryan Weathers,3.0,DH,2:10p,1785435000000.0,False,False,,,,,,,
2026-07-30,700250,680732,NYY@CWS,Middle Fastball Crusher (LH),6.19,2.76,0.997,1.033,0.912,5.265,22.0,354,Ben Rice,Sean Burke,2.0,1B,2:10p,1785435000000.0,False,False,,,,,,,
2026-07-30,695506,641927,KC@MIN,Middle Fastball Crusher (LH),3.89,3.57,1.009,1.036,1.023,4.852,20.0,400,Jac Caglianone,Bailey Ober,3.0,1B,1:40p,1785433200000.0,False,False,,,,,,,
2026-07-30,671739,663623,WSH@ATL,Middle Fastball Crusher (LH),4.24,3.06,1.009,1.0,1.105,4.745,19.5,413,Michael Harris,Jake Irvin,4.0,CF,7:15p,1785453300000.0,True,False,,,,,,,
2026-07-30,665019,702070,KC@MIN,Middle Fastball Crusher (LH),4.35,2.98,1.009,1.036,1.075,4.774,18.9,428,Kody Clemens,Noah Cameron,5.0,RF,1:40p,1785433200000.0,False,False,,,,,,,
2026-07-30,650490,668390,TEX@TB,Oppo Fastball Hunter,3.26,3.78,1.0,1.0,1.077,4.345,18.9,429,Yandy Díaz,Cole Winn,1.0,DH,12:10p,1785427800000.0,False,False,,,,,,,
2026-07-30,680777,702070,KC@MIN,Middle Fastball Crusher,4.09,2.98,0.99,1.036,1.075,4.399,18.7,435,Ryan Jeffers,Noah Cameron,2.0,C,1:40p,1785433200000.0,False,False,,,,,,,
2026-07-30,695600,641927,KC@MIN,Middle Fastball Crusher (LH),3.41,3.57,1.009,1.036,1.023,4.258,18.6,439,Carter Jensen,Bailey Ober,1.0,DH,1:40p,1785433200000.0,False,False,,,,,,,
2026-07-30,656775,668390,TEX@TB,Middle Slider Crusher (LH),3.27,3.78,1.0,1.0,1.077,4.362,18.1,454,Cedric Mullins,Cole Winn,4.0,CF,12:10p,1785427800000.0,False,False,,,,,,,
2026-07-30,686611,656550,WSH@ATL,Middle Fastball Crusher,3.57,3.42,0.991,1.0,1.055,4.18,17.4,473,Dylan Crews,Grant Holmes,3.0,CF,7:15p,1785453300000.0,True,False,,,,,,,
2026-07-30,521692,641927,KC@MIN,Middle Fastball Crusher,3.41,3.57,0.99,1.036,1.023,4.173,17.3,477,Salvador Pérez,Bailey Ober,4.0,C,1:40p,1785433200000.0,False,False,,,,,,,
2026-07-30,645277,663623,WSH@ATL,Middle Fastball Crusher,3.67,3.06,0.991,1.0,1.105,4.032,16.2,518,Ozzie Albies,Jake Irvin,5.0,2B,7:15p,1785453300000.0,True,False,,,,,,,
2026-07-30,677592,677960,NYY@CWS,Middle Fastball Crusher,3.33,3.56,1.004,1.033,1.032,4.159,16.1,520,Everson Pereira,Ryan Weathers,6.0,CF,2:10p,1785435000000.0,False,False,,,,,,,
2026-07-30,671056,665871,CHC@STL,Middle Slider Crusher,2.62,4.02,0.998,1.018,1.047,3.677,15.4,549,Iván Herrera,Javier Assad,4.0,C,2:15p,1785435300000.0,False,False,,,,,,,
2026-07-30,668904,702070,KC@MIN,Middle Fastball Crusher,3.25,2.98,0.99,1.036,1.075,3.495,14.8,578,Royce Lewis,Noah Cameron,3.0,2B,1:40p,1785433200000.0,False,False,,,,,,,
2026-07-30,686681,641927,KC@MIN,Inside Breaking Ball Specialist (LH),2.85,3.57,1.006,1.036,1.023,3.55,14.4,596,Michael Massey,Bailey Ober,5.0,2B,1:40p,1785433200000.0,False,False,,,,,,,
2026-07-30,665052,690997,MIA@NYM,Middle Fastball Crusher (LH),5.13,2.41,0.99,0.989,0.919,3.639,14.2,603,Griffin Conine,Nolan Mclean,6.0,RF,7:10p,1785453000000.0,True,False,,,,,,,
2026-07-30,605137,702070,KC@MIN,Middle Fastball Crusher (LH),3.07,2.98,1.009,1.036,1.075,3.374,14.2,604,Josh Bell,Noah Cameron,4.0,DH,1:40p,1785433200000.0,False,False,,,,,,,
2026-07-30,668709,670990,PIT@CIN,Middle Fastball Crusher (LH),4.8,2.16,1.011,1.002,0.955,3.281,13.9,619,Jj Bleday,Yohan Ramírez,3.0,LF,7:10p,1785453000000.0,True,False,,,,,,,
2026-07-30,686797,702070,KC@MIN,Middle Fastball Crusher,3.46,2.98,0.99,1.036,1.075,3.722,13.9,621,Brooks Lee,Noah Cameron,7.0,3B,1:40p,1785433200000.0,False,False,,,,,,,
2026-07-30,682626,691587,MIA@NYM,Oppo Fastball Hunter,4.05,3.19,0.99,0.989,0.978,4.048,13.8,627,Francisco Álvarez,Eury Pérez,9.0,C,7:10p,1785453000000.0,True,False,,,,,,,
2026-07-30,663457,665871,CHC@STL,Inside Breaking Ball Specialist (LH),2.34,4.02,0.989,1.018,1.047,3.248,13.2,657,Lars Nootbaar,Javier Assad,5.0,RF,2:15p,1785435300000.0,False,False,,,,,,,
2026-07-30,701398,670990,PIT@CIN,Middle Fastball Crusher,4.39,2.16,1.011,1.002,0.955,3.001,13.1,665,Sal Stewart,Yohan Ramírez,2.0,1B,7:10p,1785453000000.0,True,False,,,,,,,
2026-07-30,682829,670990,PIT@CIN,Middle Fastball Crusher,4.2,2.16,1.011,1.002,0.955,2.867,12.8,679,Elly De La Cruz,Yohan Ramírez,1.0,SS,7:10p,1785453000000.0,True,False,,,,,,,
2026-07-30,665862,680732,NYY@CWS,Middle Fastball Crusher (LH),3.8,2.76,0.997,1.033,0.912,3.235,12.7,686,Jazz Chisholm,Sean Burke,6.0,2B,2:10p,1785435000000.0,False,False,,,,,,,
2026-07-30,673357,691587,MIA@NYM,Inside Breaking Ball Specialist,3.12,3.19,0.991,0.989,0.978,3.119,12.7,687,Luis Robert,Eury Pérez,5.0,CF,7:10p,1785453000000.0,True,False,,,,,,,
2026-07-30,695734,656550,WSH@ATL,Inside Breaking Ball Specialist (LH),2.58,3.42,1.009,1.0,1.055,3.074,12.5,698,Daylen Lile,Grant Holmes,5.0,LF,7:15p,1785453300000.0,True,False,,,,,,,
2026-07-30,543760,691587,MIA@NYM,Middle Fastball Crusher,3.3,3.19,0.991,0.989,0.978,3.301,12.4,708,Marcus Semien,Eury Pérez,7.0,2B,7:10p,1785453000000.0,True,False,,,,,,,
2026-07-30,669394,663556,TEX@TB,Middle Fastball Crusher,4.21,2.12,1.0,1.0,0.995,2.907,12.3,710,Jake Burger,Shane Mcclanahan,4.0,1B,12:10p,1785427800000.0,False,False,,,,,,,
2026-07-30,663757,680732,NYY@CWS,Oppo Fastball Hunter (LH),3.15,2.76,1.009,1.033,0.912,2.709,12.2,723,Trent Grisham,Sean Burke,1.0,CF,2:10p,1785435000000.0,False,False,,,,,,,
2026-07-30,677588,656550,WSH@ATL,Middle Fastball Crusher (LH),2.68,3.42,1.009,1.0,1.055,3.2,12.0,732,José Tena,Grant Holmes,7.0,DH,7:15p,1785453300000.0,True,False,,,,,,,
2026-07-30,642086,663623,WSH@ATL,High Zone Fastball Hitter (LH),2.84,3.06,1.002,1.0,1.105,3.149,11.8,745,Dominic Smith,Jake Irvin,7.0,DH,7:15p,1785453300000.0,True,False,,,,,,,
2026-07-30,663993,670990,PIT@CIN,Oppo Fastball Hunter (LH),4.13,2.16,1.011,1.002,0.955,2.823,11.6,765,Nathaniel Lowe,Yohan Ramírez,5.0,DH,7:10p,1785453000000.0,True,False,,,,,,,
2026-07-30,679845,641927,KC@MIN,Oppo Fastball Hunter,2.33,3.57,1.009,1.036,1.023,2.908,11.5,770,Nick Loftin,Bailey Ober,6.0,RF,1:40p,1785433200000.0,False,False,,,,,,,
2026-07-30,624424,669467,CHC@STL,Oppo Fastball Hunter (LH),4.13,2.36,0.998,1.018,0.935,3.023,11.4,778,Michael Conforto,Andre Pallante,7.0,RF,2:15p,1785435300000.0,False,False,,,,,,,
2026-07-30,664023,669467,CHC@STL,Middle Fastball Crusher,3.79,2.36,0.998,1.018,0.935,2.776,11.4,779,Ian Happ,Andre Pallante,5.0,LF,2:15p,1785435300000.0,False,False,,,,,,,
2026-07-30,691176,680732,NYY@CWS,Middle Fastball Crusher (LH),3.09,2.76,0.997,1.033,0.912,2.626,11.3,788,Jasson Domínguez,Sean Burke,3.0,RF,2:10p,1785435000000.0,False,False,,,,,,,
2026-07-30,669065,690997,MIA@NYM,Middle Slider Crusher (LH),3.7,2.41,0.99,0.989,0.919,2.628,11.2,792,Kyle Stowers,Nolan Mclean,4.0,1B,7:10p,1785453000000.0,True,False,,,,,,,
2026-07-30,553993,670990,PIT@CIN,Middle Slider Crusher,4.13,2.16,1.011,1.002,0.955,2.819,11.2,796,Eugenio Suárez,Yohan Ramírez,6.0,3B,7:10p,1785453000000.0,True,False,,,,,,,
2026-07-30,643289,663623,WSH@ATL,Oppo Fastball Hunter,2.5,3.06,1.009,1.0,1.105,2.793,11.1,804,Mauricio Dubón,Jake Irvin,6.0,3B,7:15p,1785453300000.0,True,False,,,,,,,
2026-07-30,666182,691587,MIA@NYM,Middle Fastball Crusher,2.33,3.19,0.991,0.989,0.978,2.33,10.0,896,Bo Bichette,Eury Pérez,3.0,3B,7:10p,1785453000000.0,True,False,,,,,,,
2026-07-30,677649,663556,TEX@TB,Middle Fastball Crusher,3.17,2.12,1.0,1.0,0.995,2.188,9.7,934,Ezequiel Duran,Shane Mcclanahan,2.0,3B,12:10p,1785427800000.0,False,False,,,,,,,
2026-07-30,621020,669467,CHC@STL,Middle Fastball Crusher,3.77,2.36,0.998,1.018,0.935,2.761,9.5,948,Dansby Swanson,Andre Pallante,9.0,SS,2:15p,1785435300000.0,False,False,,,,,,,
2026-07-30,686555,641927,KC@MIN,Inside Breaking Ball Specialist,2.01,3.57,0.986,1.036,1.023,2.457,9.3,972,Isaac Collins,Bailey Ober,7.0,LF,1:40p,1785433200000.0,False,False,,,,,,,
2026-07-30,669224,680732,NYY@CWS,Oppo Fastball Hunter (LH),2.95,2.76,1.009,1.033,0.912,2.536,8.8,1037,Austin Wells,Sean Burke,9.0,C,2:10p,1785435000000.0,False,False,,,,,,,
2026-07-30,682622,670990,PIT@CIN,Inside Breaking Ball Specialist,3.44,2.16,1.012,1.002,0.955,2.351,8.6,1062,Noelvi Marte,Yohan Ramírez,8.0,RF,7:10p,1785453000000.0,True,False,,,,,,,
2026-07-30,663886,670990,PIT@CIN,Middle Fastball Crusher,2.84,2.16,1.011,1.002,0.955,1.943,8.4,1092,Tyler Stephenson,Yohan Ramírez,4.0,C,7:10p,1785453000000.0,True,False,,,,,,,
2026-07-30,683146,691587,MIA@NYM,Middle Fastball Crusher (LH),2.05,3.19,0.99,0.989,0.978,2.048,8.2,1119,Brett Baty,Eury Pérez,6.0,1B,7:10p,1785453000000.0,True,False,,,,,,,
2026-07-30,678391,656550,WSH@ATL,Oppo Fastball Hunter (LH),1.9,3.42,1.0,1.0,1.055,2.245,8.2,1116,Jorbit Vivas,Grant Holmes,8.0,3B,7:15p,1785453300000.0,True,False,,,,,,,
2026-07-30,691026,665871,CHC@STL,Middle Slider Crusher,1.45,4.02,0.998,1.018,1.047,2.031,8.1,1129,Masyn Winn,Javier Assad,6.0,SS,2:15p,1785435300000.0,False,False,,,,,,,
2026-07-30,608324,669467,CHC@STL,Oppo Fastball Hunter,2.43,2.36,0.995,1.018,0.935,1.777,7.7,1200,Alex Bregman,Andre Pallante,4.0,3B,2:15p,1785435300000.0,False,False,,,,,,,
2026-07-30,810938,668390,TEX@TB,Middle Slider Crusher,1.51,3.78,1.0,1.0,1.077,2.01,7.7,1202,Ben Williamson,Cole Winn,7.0,2B,12:10p,1785427800000.0,False,False,,,,,,,
2026-07-30,593871,691587,MIA@NYM,Middle Fastball Crusher (LH),2.07,3.19,0.99,0.989,0.978,2.073,7.6,1213,Jorge Polanco,Eury Pérez,8.0,DH,7:10p,1785453000000.0,True,False,,,,,,,
2026-07-30,682668,677960,NYY@CWS,Middle Fastball Crusher,1.57,3.56,1.004,1.033,1.032,1.96,7.2,1287,Luisangel Acuña,Ryan Weathers,8.0,SS,2:10p,1785435000000.0,False,False,,,,,,,
2026-07-30,672640,690997,MIA@NYM,Middle Fastball Crusher,2.2,2.41,0.991,0.989,0.919,1.562,6.8,1366,Otto Lopez,Nolan Mclean,3.0,SS,7:10p,1785453000000.0,True,False,,,,,,,
2026-07-30,668885,702070,KC@MIN,Middle Fastball Crusher,1.35,2.98,0.99,1.036,1.075,1.456,6.7,1396,Austin Martin,Noah Cameron,1.0,LF,1:40p,1785433200000.0,False,False,,,,,,,
2026-07-30,807712,702070,KC@MIN,Oppo Fastball Hunter,1.49,2.98,1.009,1.036,1.075,1.63,6.6,1421,Luke Keaschall,Noah Cameron,6.0,CF,1:40p,1785433200000.0,False,False,,,,,,,
2026-07-30,608348,669467,CHC@STL,Inside Breaking Ball Specialist,2.39,2.36,0.994,1.018,0.935,1.742,6.4,1456,Carson Kelly,Andre Pallante,8.0,C,2:15p,1785435300000.0,False,False,,,,,,,
2026-07-30,667472,670990,PIT@CIN,Middle Slider Crusher,2.27,2.16,1.011,1.002,0.955,1.548,6.0,1579,Dane Myers,Yohan Ramírez,7.0,CF,7:10p,1785453000000.0,True,False,,,,,,,
2026-07-30,688363,690997,MIA@NYM,Oppo Fastball Hunter (LH),2.09,2.41,0.989,0.989,0.919,1.483,5.5,1721,Graham Pauley,Nolan Mclean,8.0,3B,7:10p,1785453000000.0,True,False,,,,,,,
2026-07-30,669364,690997,MIA@NYM,Middle Fastball Crusher (LH),1.67,2.41,0.99,0.989,0.919,1.185,5.3,1775,Xavier Edwards,Nolan Mclean,2.0,2B,7:10p,1785453000000.0,True,False,,,,,,,
2026-07-30,683011,680732,NYY@CWS,Middle Fastball Crusher,1.54,2.76,1.004,1.033,0.912,1.318,5.1,1864,Anthony Volpe,Sean Burke,7.0,SS,2:10p,1785435000000.0,False,False,,,,,,,
2026-07-30,663538,669467,CHC@STL,Middle Fastball Crusher,1.47,2.36,0.998,1.018,0.935,1.074,4.4,2187,Nico Hoerner,Andre Pallante,6.0,2B,2:15p,1785435300000.0,False,False,,,,,,,
2026-07-30,805300,690997,MIA@NYM,Middle Slider Crusher (LH),1.6,2.41,0.99,0.989,0.919,1.133,4.4,2181,Jakob Marsee,Nolan Mclean,7.0,CF,7:10p,1785453000000.0,True,False,,,,,,,
2026-07-30,670764,668390,TEX@TB,Middle Fastball Crusher (LH),0.88,3.78,1.0,1.0,1.077,1.175,4.4,2188,Taylor Walls,Cole Winn,8.0,SS,12:10p,1785427800000.0,False,False,,,,,,,
2026-07-30,683083,656550,WSH@ATL,Middle Fastball Crusher,0.99,3.42,0.991,1.0,1.055,1.155,4.1,2352,Nasim Nuñez,Grant Holmes,9.0,2B,7:15p,1785453300000.0,True,False,,,,,,,
2026-07-31,665052,673540,MIA@NYM,Middle Fastball Crusher (LH),5.04,4.82,0.99,1.035,1.12,9.144,33.7,196,Griffin Conine,Kodai Senga,5.0,RF,7:10p,1785539400000.0,True,False,,,,,,,
2026-07-31,670541,543135,TEX@HOU,Inside Breaking Ball Specialist (LH),6.51,4.04,1.005,1.0,0.972,8.415,33.2,201,Yordan Álvarez,Nathan Eovaldi,2.0,DH,8:15p,1785543300000.0,True,False,,,,,,,
2026-07-31,700250,684007,NYY@CHC,Middle Fastball Crusher (LH),6.13,4.17,0.976,1.032,0.936,7.909,31.5,217,Ben Rice,Shota Imanaga,2.0,DH,2:20p,1785522000000.0,False,False,,,,,,,
2026-07-31,691406,607200,CWS@TB,Oppo Fastball Hunter,5.49,4.11,1.0,1.0,1.052,7.775,30.5,228,Junior Caminero,Erick Fedde,3.0,3B,7:10p,1785539400000.0,True,False,,,,,,,
2026-07-31,669065,673540,MIA@NYM,Middle Slider Crusher (LH),3.88,4.82,0.99,1.035,1.12,7.033,27.8,260,Kyle Stowers,Kodai Senga,4.0,1B,7:10p,1785539400000.0,True,False,,,,,,,
2026-07-31,624413,691725,PHI@BAL,Oppo Fastball Hunter,4.3,4.14,1.015,1.011,1.1,6.58,26.9,272,Pete Alonso,Andrew Painter,2.0,1B,7:05p,1785539100000.0,True,False,,,,,,,
2026-07-31,671277,693821,WSH@ATL,Inside Breaking Ball Specialist (LH),5.47,3.59,1.009,1.029,0.975,6.52,26.7,275,Luis García,Bryce Elder,2.0,1B,7:15p,1785539700000.0,True,False,,,,,,,
2026-07-31,695578,693821,WSH@ATL,Middle Fastball Crusher (LH),5.26,3.59,1.009,1.029,0.975,6.264,26.3,280,James Wood,Bryce Elder,1.0,DH,7:15p,1785539700000.0,True,False,,,,,,,
2026-07-31,695506,608372,KC@COL,Middle Fastball Crusher (LH),4.05,4.43,0.966,1.012,1.12,6.439,25.8,287,Jac Caglianone,Tomoyuki Sugano,3.0,1B,8:40p,1785544800000.0,True,False,,,,,,,
2026-07-31,696100,608379,KC@COL,Middle Fastball Crusher,6.45,2.99,0.963,1.012,1.007,6.208,25.0,300,Hunter Goodman,Michael Wacha,3.0,C,8:40p,1785544800000.0,True,False,,,,,,,
2026-07-31,691723,691725,PHI@BAL,Middle Fastball Crusher,4.47,4.14,1.006,1.011,1.1,6.784,24.2,314,Coby Mayo,Andrew Painter,7.0,3B,7:05p,1785539100000.0,True,False,,,,,,,
2026-07-31,572233,543135,TEX@HOU,Middle Slider Crusher,4.44,4.04,1.034,1.0,0.972,5.9,23.8,321,Christian Walker,Nathan Eovaldi,4.0,1B,8:15p,1785543300000.0,True,False,,,,,,,
2026-07-31,621566,656492,WSH@ATL,Middle Fastball Crusher (LH),5.29,3.32,1.009,1.029,0.969,5.793,23.5,326,Matt Olson,Foster Griffin,3.0,1B,7:15p,1785539700000.0,True,False,,,,,,,
2026-07-31,665161,543135,TEX@HOU,Middle Fastball Crusher,4.07,4.04,1.034,1.0,0.972,5.411,23.1,333,Jeremy Peña,Nathan Eovaldi,1.0,SS,8:15p,1785543300000.0,True,False,,,,,,,
2026-07-31,695600,608372,KC@COL,Middle Fastball Crusher (LH),3.38,4.43,0.966,1.012,1.12,5.367,22.9,336,Carter Jensen,Tomoyuki Sugano,1.0,C,8:40p,1785544800000.0,True,False,,,,,,,
2026-07-31,683002,691725,PHI@BAL,Middle Slider Crusher (LH),3.51,4.14,1.015,1.011,1.1,5.374,22.0,355,Gunnar Henderson,Andrew Painter,3.0,SS,7:05p,1785539100000.0,True,False,,,,,,,
2026-07-31,521692,608372,KC@COL,Middle Fastball Crusher,3.38,4.43,0.963,1.012,1.12,5.357,21.8,359,Salvador Pérez,Tomoyuki Sugano,4.0,DH,8:40p,1785544800000.0,True,False,,,,,,,
2026-07-31,666160,608379,KC@COL,Inside Breaking Ball Specialist (LH),5.38,2.99,0.956,1.012,1.007,5.137,21.5,364,Mickey Moniak,Michael Wacha,2.0,DH,8:40p,1785544800000.0,True,False,,,,,,,
2026-07-31,686948,656492,WSH@ATL,Oppo Fastball Hunter (LH),4.7,3.32,1.0,1.029,0.969,5.109,21.4,367,Drake Baldwin,Foster Griffin,2.0,DH,7:15p,1785539700000.0,True,False,,,,,,,
2026-07-31,656941,687064,PHI@BAL,Middle Slider Crusher (LH),6.34,2.4,1.015,1.011,0.989,5.064,21.3,371,Kyle Schwarber,Brandon Young,2.0,DH,7:05p,1785539100000.0,True,False,,,,,,,
2026-07-31,672960,681517,STL@TOR,Oppo Fastball Hunter,5.01,2.84,1.004,1.0,1.1,5.157,21.2,373,Kazuma Okamoto,Kyle Leahy,3.0,3B,7:07p,1785539220000.0,True,False,,,,,,,
2026-07-31,657041,608372,KC@COL,Oppo Fastball Hunter,3.09,4.43,0.966,1.012,1.12,4.912,20.7,384,Lane Thomas,Tomoyuki Sugano,2.0,CF,8:40p,1785544800000.0,True,False,,,,,,,
2026-07-31,606466,676440,AZ@CLE,Inside Breaking Ball Specialist,3.9,3.72,1.018,0.989,1.032,4.946,20.3,393,Ketel Marte,Tanner Bibee,4.0,2B,7:10p,1785539400000.0,True,False,,,,,,,
2026-07-31,656775,607200,CWS@TB,Middle Slider Crusher (LH),3.45,4.11,1.0,1.0,1.052,4.886,20.0,399,Cedric Mullins,Erick Fedde,4.0,CF,7:10p,1785539400000.0,True,False,,,,,,,
2026-07-31,650490,607200,CWS@TB,Oppo Fastball Hunter,3.23,4.11,1.0,1.0,1.052,4.581,19.9,404,Yandy Díaz,Erick Fedde,1.0,DH,7:10p,1785539400000.0,True,False,,,,,,,
2026-07-31,671739,656492,WSH@ATL,Middle Fastball Crusher (LH),4.21,3.32,1.009,1.029,0.969,4.616,18.4,445,Michael Harris,Foster Griffin,5.0,CF,7:15p,1785539700000.0,True,False,,,,,,,
2026-07-31,682998,676440,AZ@CLE,Oppo Fastball Hunter (LH),3.25,3.72,1.011,0.989,1.032,4.087,17.9,459,Corbin Carroll,Tanner Bibee,1.0,RF,7:10p,1785539400000.0,True,False,,,,,,,
2026-07-31,686681,608372,KC@COL,Inside Breaking Ball Specialist (LH),2.82,4.43,0.956,1.012,1.12,4.441,17.7,465,Michael Massey,Tomoyuki Sugano,5.0,2B,8:40p,1785544800000.0,True,False,,,,,,,
2026-07-31,695657,607259,CWS@TB,Oppo Fastball Hunter (LH),5.03,2.5,1.0,1.0,1.014,4.182,17.4,476,Colson Montgomery,Nick Martínez,4.0,SS,7:10p,1785539400000.0,True,False,,,,,,,
2026-07-31,686611,693821,WSH@ATL,Middle Fastball Crusher,3.53,3.59,0.991,1.029,0.975,4.125,17.2,481,Dylan Crews,Bryce Elder,3.0,RF,7:15p,1785539700000.0,True,False,,,,,,,
2026-07-31,514888,543135,TEX@HOU,Middle Fastball Crusher,3.22,4.04,1.034,1.0,0.972,4.286,17.1,484,José Altuve,Nathan Eovaldi,5.0,2B,8:15p,1785543300000.0,True,False,,,,,,,
2026-07-31,664023,701542,NYY@CHC,Middle Fastball Crusher,3.75,3.26,0.978,1.032,1.042,4.221,16.9,492,Ian Happ,Will Warren,5.0,LF,2:20p,1785522000000.0,False,False,,,,,,,
2026-07-31,624424,701542,NYY@CHC,Oppo Fastball Hunter (LH),4.07,3.26,0.978,1.032,1.042,4.578,16.8,494,Michael Conforto,Will Warren,7.0,RF,2:20p,1785522000000.0,False,False,,,,,,,
2026-07-31,702616,691725,PHI@BAL,Middle Slider Crusher (LH),2.84,4.14,1.015,1.011,1.1,4.347,16.8,495,Jackson Holliday,Andrew Painter,6.0,2B,7:05p,1785539100000.0,True,False,,,,,,,
2026-07-31,681297,691725,PHI@BAL,Middle Fastball Crusher (LH),3.08,4.14,1.015,1.011,1.1,4.71,16.7,500,Colton Cowser,Andrew Painter,8.0,CF,7:05p,1785539100000.0,True,False,,,,,,,
2026-07-31,672640,673540,MIA@NYM,Middle Fastball Crusher,2.18,4.82,0.991,1.035,1.12,3.961,16.6,503,Otto Lopez,Kodai Senga,3.0,SS,7:10p,1785539400000.0,True,False,,,,,,,
2026-07-31,645277,656492,WSH@ATL,Middle Fastball Crusher,3.65,3.32,0.991,1.029,0.969,3.932,16.4,510,Ozzie Albies,Foster Griffin,4.0,2B,7:15p,1785539700000.0,True,False,,,,,,,
2026-07-31,691176,684007,NYY@CHC,Middle Fastball Crusher (LH),3.04,4.17,0.976,1.032,0.936,3.916,16.3,512,Jasson Domínguez,Shota Imanaga,4.0,RF,2:20p,1785522000000.0,False,False,,,,,,,
2026-07-31,666211,543135,TEX@HOU,Oppo Fastball Hunter (LH),3.2,4.04,1.025,1.0,0.972,4.214,16.3,513,Taylor Trammell,Nathan Eovaldi,6.0,CF,8:15p,1785543300000.0,True,False,,,,,,,
2026-07-31,663757,684007,NYY@CHC,Oppo Fastball Hunter (LH),3.11,4.17,0.978,1.032,0.936,4.021,16.1,519,Trent Grisham,Shota Imanaga,5.0,CF,2:20p,1785522000000.0,False,False,,,,,,,
2026-07-31,691781,693821,WSH@ATL,Middle Fastball Crusher,3.44,3.59,0.991,1.029,0.975,4.022,16.1,519,Brady House,Bryce Elder,5.0,3B,7:15p,1785539700000.0,True,False,,,,,,,
2026-07-31,673237,543135,TEX@HOU,Oppo Fastball Hunter,3.29,4.04,1.004,1.0,0.972,4.249,15.7,536,Yainer Diaz,Nathan Eovaldi,7.0,C,8:15p,1785543300000.0,True,False,,,,,,,
2026-07-31,678246,607259,CWS@TB,Middle Fastball Crusher,4.36,2.5,1.0,1.0,1.014,3.629,15.3,554,Miguel Vargas,Nick Martínez,3.0,3B,7:10p,1785539400000.0,True,False,,,,,,,
2026-07-31,621020,701542,NYY@CHC,Middle Fastball Crusher,3.74,3.26,0.978,1.032,1.042,4.203,15.0,567,Dansby Swanson,Will Warren,8.0,SS,2:20p,1785522000000.0,False,False,,,,,,,
2026-07-31,547180,687064,PHI@BAL,Middle Fastball Crusher (LH),4.43,2.4,1.015,1.011,0.989,3.538,14.9,570,Bryce Harper,Brandon Young,3.0,1B,7:05p,1785539100000.0,True,False,,,,,,,
2026-07-31,668709,694973,PIT@CIN,Middle Fastball Crusher (LH),4.75,2.43,1.011,1.024,0.9,3.52,14.9,573,Jj Bleday,Paul Skenes,3.0,LF,6:10p,1785535800000.0,True,False,,,,,,,
2026-07-31,682626,676083,MIA@NYM,Oppo Fastball Hunter,4.02,3.34,0.99,1.035,0.981,4.414,14.9,569,Francisco Álvarez,Janson Junk,9.0,C,7:10p,1785539400000.0,True,False,,,,,,,
2026-07-31,543807,681517,STL@TOR,Middle Fastball Crusher,3.37,2.84,1.009,1.0,1.1,3.491,14.7,582,George Springer,Kyle Leahy,4.0,DH,7:07p,1785539220000.0,True,False,,,,,,,
2026-07-31,701358,543135,TEX@HOU,Middle Fastball Crusher,3.22,4.04,1.034,1.0,0.972,4.286,14.5,588,Cam Smith,Nathan Eovaldi,9.0,RF,8:15p,1785543300000.0,True,False,,,,,,,
2026-07-31,608369,686613,TEX@HOU,Middle Slider Crusher (LH),4.03,2.72,1.004,1.0,0.94,3.393,14.3,597,Corey Seager,Hunter Brown,3.0,SS,8:15p,1785543300000.0,True,False,,,,,,,
2026-07-31,701398,694973,PIT@CIN,Middle Fastball Crusher,4.36,2.43,1.011,1.024,0.9,3.229,14.0,614,Sal Stewart,Paul Skenes,2.0,1B,6:10p,1785535800000.0,True,False,,,,,,,
2026-07-31,682829,694973,PIT@CIN,Middle Fastball Crusher,4.16,2.43,1.011,1.024,0.9,3.081,13.7,628,Elly De La Cruz,Paul Skenes,1.0,SS,6:10p,1785535800000.0,True,False,,,,,,,
2026-07-31,673357,676083,MIA@NYM,Inside Breaking Ball Specialist,3.06,3.34,0.991,1.035,0.981,3.372,13.7,631,Luis Robert,Janson Junk,5.0,CF,7:10p,1785539400000.0,True,False,,,,,,,
2026-07-31,695734,693821,WSH@ATL,Inside Breaking Ball Specialist (LH),2.91,3.59,1.009,1.029,0.975,3.463,13.6,637,Daylen Lile,Bryce Elder,6.0,LF,7:15p,1785539700000.0,True,False,,,,,,,
2026-07-31,669394,686613,TEX@HOU,Middle Fastball Crusher,4.18,2.72,1.034,1.0,0.94,3.625,13.5,639,Jake Burger,Hunter Brown,7.0,1B,8:15p,1785543300000.0,True,False,,,,,,,
2026-07-31,676609,684007,NYY@CHC,Middle Fastball Crusher,3.04,4.17,0.978,1.032,0.936,3.921,13.4,649,José Caballero,Shota Imanaga,9.0,2B,2:20p,1785522000000.0,False,False,,,,,,,
2026-07-31,680728,676440,AZ@CLE,Middle Fastball Crusher (LH),2.86,3.72,1.006,0.989,1.032,3.582,13.4,648,Adrian Del Castillo,Tanner Bibee,7.0,DH,7:10p,1785539400000.0,True,False,,,,,,,
2026-07-31,669364,673540,MIA@NYM,Middle Fastball Crusher (LH),1.66,4.82,0.99,1.035,1.12,3.004,13.1,664,Xavier Edwards,Kodai Senga,2.0,2B,7:10p,1785539400000.0,True,False,,,,,,,
2026-07-31,694374,676440,AZ@CLE,Inside Breaking Ball Specialist,2.88,3.72,1.018,0.989,1.032,3.652,13.1,662,Tim Tawa,Tanner Bibee,8.0,1B,7:10p,1785539400000.0,True,False,,,,,,,
2026-07-31,663698,656492,WSH@ATL,Middle Fastball Crusher,3.26,3.32,0.991,1.029,0.969,3.509,12.6,692,Joey Bart,Foster Griffin,8.0,C,7:15p,1785539700000.0,True,False,,,,,,,
2026-07-31,664983,608379,KC@COL,Middle Fastball Crusher (LH),2.86,2.99,0.966,1.012,1.007,2.763,12.4,707,Jake Mccarthy,Michael Wacha,1.0,LF,8:40p,1785544800000.0,True,False,,,,,,,
2026-07-31,686555,608372,KC@COL,Inside Breaking Ball Specialist,2.0,4.43,0.96,1.012,1.12,3.153,12.4,705,Isaac Collins,Tomoyuki Sugano,6.0,LF,8:40p,1785544800000.0,True,False,,,,,,,
2026-07-31,663993,694973,PIT@CIN,Oppo Fastball Hunter (LH),4.08,2.43,1.011,1.024,0.9,3.022,12.3,711,Nathaniel Lowe,Paul Skenes,5.0,DH,6:10p,1785535800000.0,True,False,,,,,,,
2026-07-31,805300,673540,MIA@NYM,Middle Slider Crusher (LH),1.77,4.82,0.99,1.035,1.12,3.201,12.0,732,Jakob Marsee,Kodai Senga,7.0,CF,7:10p,1785539400000.0,True,False,,,,,,,
2026-07-31,553993,694973,PIT@CIN,Middle Slider Crusher,4.09,2.43,1.011,1.024,0.9,3.03,12.0,737,Eugenio Suárez,Paul Skenes,6.0,3B,6:10p,1785535800000.0,True,False,,,,,,,
2026-07-31,660821,681517,STL@TOR,Inside Breaking Ball Specialist (LH),3.01,2.84,1.003,1.0,1.1,3.096,11.6,759,Jesús Sánchez,Kyle Leahy,7.0,LF,7:07p,1785539220000.0,True,False,,,,,,,
2026-07-31,608324,701542,NYY@CHC,Oppo Fastball Hunter,2.41,3.26,0.976,1.032,1.042,2.706,11.5,767,Alex Bregman,Will Warren,4.0,DH,2:20p,1785522000000.0,False,False,,,,,,,
2026-07-31,663586,656492,WSH@ATL,High Zone Fastball Hitter,2.81,3.32,1.004,1.029,0.969,3.061,11.5,768,Austin Riley,Foster Griffin,7.0,3B,7:15p,1785539700000.0,True,False,,,,,,,
2026-07-31,677588,693821,WSH@ATL,Middle Fastball Crusher (LH),2.65,3.59,1.009,1.029,0.975,3.154,11.4,776,José Tena,Bryce Elder,8.0,2B,7:15p,1785539700000.0,True,False,,,,,,,
2026-07-31,696285,693821,WSH@ATL,Middle Fastball Crusher,2.84,3.59,0.991,1.029,0.975,3.32,11.4,777,Jacob Young,Bryce Elder,9.0,CF,7:15p,1785539700000.0,True,False,,,,,,,
2026-07-31,607208,687064,PHI@BAL,Middle Fastball Crusher,3.17,2.4,1.006,1.011,0.989,2.507,11.3,786,Trea Turner,Brandon Young,1.0,SS,7:05p,1785539100000.0,True,False,,,,,,,
2026-07-31,677649,686613,TEX@HOU,Middle Fastball Crusher,3.14,2.72,1.034,1.0,0.94,2.721,11.2,796,Ezequiel Duran,Hunter Brown,5.0,3B,8:15p,1785543300000.0,True,False,,,,,,,
2026-07-31,691023,656302,STL@TOR,Middle Fastball Crusher,4.45,1.9,1.009,1.0,0.9,2.521,11.1,803,Jordan Walker,Dylan Cease,2.0,RF,7:07p,1785539220000.0,True,False,,,,,,,
2026-07-31,680700,607200,CWS@TB,Oppo Fastball Hunter (LH),2.04,4.11,1.0,1.0,1.052,2.893,10.9,816,Richie Palacios,Erick Fedde,7.0,2B,7:10p,1785539400000.0,True,False,,,,,,,
2026-07-31,666182,676083,MIA@NYM,Middle Fastball Crusher,2.31,3.34,0.991,1.035,0.981,2.543,10.9,816,Bo Bichette,Janson Junk,3.0,3B,7:10p,1785539400000.0,True,False,,,,,,,
2026-07-31,643289,656492,WSH@ATL,Oppo Fastball Hunter,2.48,3.32,1.009,1.029,0.969,2.722,10.8,827,Mauricio Dubón,Foster Griffin,6.0,LF,7:15p,1785539700000.0,True,False,,,,,,,
2026-07-31,664770,681517,STL@TOR,Oppo Fastball Hunter (LH),2.26,2.84,1.009,1.0,1.1,2.339,10.6,846,Nathan Lukes,Kyle Leahy,1.0,RF,7:07p,1785539220000.0,True,False,,,,,,,
2026-07-31,691720,608379,KC@COL,Middle Fastball Crusher,2.65,2.99,0.963,1.012,1.007,2.547,10.5,854,Kyle Karros,Michael Wacha,5.0,3B,8:40p,1785544800000.0,True,False,,,,,,,
2026-07-31,643217,607259,CWS@TB,High Zone Fastball Hitter (LH),3.04,2.5,1.0,1.0,1.014,2.524,10.4,863,Andrew Benintendi,Nick Martínez,5.0,DH,7:10p,1785539400000.0,True,False,,,,,,,
2026-07-31,664761,687064,PHI@BAL,Oppo Fastball Hunter,3.05,2.4,1.015,1.011,0.989,2.432,10.4,861,Alec Bohm,Brandon Young,4.0,3B,7:05p,1785539100000.0,True,False,,,,,,,
2026-07-31,691594,673540,MIA@NYM,Middle Fastball Crusher,1.64,4.82,0.991,1.035,1.12,2.969,10.2,877,Javier Sanoja,Kodai Senga,9.0,3B,7:10p,1785539400000.0,True,False,,,,,,,
2026-07-31,662139,681517,STL@TOR,Oppo Fastball Hunter (LH),2.24,2.84,1.009,1.0,1.1,2.321,9.6,943,Daulton Varsho,Kyle Leahy,5.0,CF,7:07p,1785539220000.0,True,False,,,,,,,
2026-07-31,694497,686613,TEX@HOU,Middle Fastball Crusher (LH),2.77,2.72,1.004,1.0,0.94,2.332,9.3,975,Evan Carter,Hunter Brown,6.0,CF,8:15p,1785543300000.0,True,False,,,,,,,
2026-07-31,682622,694973,PIT@CIN,Inside Breaking Ball Specialist,3.39,2.43,1.012,1.024,0.9,2.514,9.2,989,Noelvi Marte,Paul Skenes,8.0,RF,6:10p,1785535800000.0,True,False,,,,,,,
2026-07-31,663886,694973,PIT@CIN,Middle Fastball Crusher,2.81,2.43,1.011,1.024,0.9,2.082,9.0,1015,Tyler Stephenson,Paul Skenes,4.0,C,6:10p,1785535800000.0,True,False,,,,,,,
2026-07-31,665804,701542,NYY@CHC,Middle Slider Crusher,2.24,3.26,0.978,1.032,1.042,2.522,8.7,1043,Miguel Amaya,Will Warren,9.0,C,2:20p,1785522000000.0,False,False,,,,,,,
2026-07-31,683146,676083,MIA@NYM,Middle Fastball Crusher (LH),2.03,3.34,0.99,1.035,0.981,2.236,8.5,1074,Brett Baty,Janson Junk,7.0,2B,7:10p,1785539400000.0,True,False,,,,,,,
2026-07-31,593871,676083,MIA@NYM,Middle Fastball Crusher (LH),2.04,3.34,0.99,1.035,0.981,2.247,8.2,1115,Jorge Polanco,Janson Junk,8.0,DH,7:10p,1785539400000.0,True,False,,,,,,,
2026-07-31,665926,681517,STL@TOR,Middle Slider Crusher (LH),2.28,2.84,1.004,1.0,1.1,2.349,8.2,1125,Andrés Giménez,Kyle Leahy,9.0,SS,7:07p,1785539220000.0,True,False,,,,,,,
2026-07-31,665489,681517,STL@TOR,Oppo Fastball Hunter,1.74,2.84,1.004,1.0,1.1,1.788,8.0,1156,Vladimir Guerrero,Kyle Leahy,2.0,1B,7:07p,1785539220000.0,True,False,,,,,,,
2026-07-31,678662,608379,KC@COL,Middle Slider Crusher,2.37,2.99,0.963,1.012,1.007,2.284,7.9,1158,Ezequiel Tovar,Michael Wacha,9.0,SS,8:40p,1785544800000.0,True,False,,,,,,,
2026-07-31,683011,684007,NYY@CHC,Middle Fastball Crusher,1.51,4.17,0.978,1.032,0.936,1.954,7.8,1175,Anthony Volpe,Shota Imanaga,6.0,SS,2:20p,1785522000000.0,False,False,,,,,,,
2026-07-31,686668,608379,KC@COL,Middle Fastball Crusher,1.93,2.99,0.963,1.012,1.007,1.852,6.8,1365,Brenton Doyle,Michael Wacha,8.0,CF,8:40p,1785544800000.0,True,False,,,,,,,
2026-07-31,663538,701542,NYY@CHC,Middle Fastball Crusher,1.45,3.26,0.978,1.032,1.042,1.634,6.6,1417,Nico Hoerner,Will Warren,6.0,2B,2:20p,1785522000000.0,False,False,,,,,,,
2026-07-31,671289,608379,KC@COL,Oppo Fastball Hunter,1.69,2.99,0.966,1.012,1.007,1.635,6.6,1416,Tyler Freeman,Michael Wacha,6.0,2B,8:40p,1785544800000.0,True,False,,,,,,,
2026-07-31,667472,694973,PIT@CIN,Middle Slider Crusher,2.23,2.43,1.011,1.024,0.9,1.656,6.4,1472,Dane Myers,Paul Skenes,7.0,CF,6:10p,1785535800000.0,True,False,,,,,,,
2026-07-31,671056,656302,STL@TOR,Middle Slider Crusher,2.61,1.9,1.009,1.0,0.9,1.474,6.4,1458,Iván Herrera,Dylan Cease,4.0,DH,7:07p,1785539220000.0,True,False,,,,,,,
2026-07-31,663457,656302,STL@TOR,Inside Breaking Ball Specialist (LH),2.3,1.9,1.003,1.0,0.9,1.292,5.4,1743,Lars Nootbaar,Dylan Cease,5.0,LF,7:07p,1785539220000.0,True,False,,,,,,,
2026-07-31,665877,656302,STL@TOR,Middle Slider Crusher,2.58,1.9,1.009,1.0,0.9,1.463,5.4,1745,José Fermín,Dylan Cease,8.0,3B,7:07p,1785539220000.0,True,False,,,,,,,
2026-07-31,687859,608379,KC@COL,Inside Breaking Ball Specialist (LH),1.43,2.99,0.956,1.012,1.007,1.368,5.3,1795,Troy Johnston,Michael Wacha,7.0,RF,8:40p,1785544800000.0,True,False,,,,,,,
2026-07-31,670764,607200,CWS@TB,Middle Fastball Crusher (LH),0.87,4.11,1.0,1.0,1.052,1.237,4.6,2075,Taylor Walls,Erick Fedde,8.0,SS,7:10p,1785539400000.0,True,False,,,,,,,
2026-07-31,691026,656302,STL@TOR,Middle Slider Crusher,1.44,1.9,1.009,1.0,0.9,0.813,3.3,2910,Masyn Winn,Dylan Cease,6.0,SS,7:07p,1785539220000.0,True,False,,,,,,,
2026-08-01,621566,571945,WSH@ATL,Middle Fastball Crusher (LH),5.42,4.71,1.009,1.031,1.1,9.557,36.3,176,Matt Olson,Miles Mikolas,3.0,1B,7:15p,1785626100000.0,True,False,,,,,,,
2026-08-01,686948,571945,WSH@ATL,Oppo Fastball Hunter (LH),4.66,4.71,1.0,1.031,1.1,8.145,33.0,203,Drake Baldwin,Miles Mikolas,1.0,C,7:15p,1785626100000.0,True,False,,,,,,,
2026-08-01,671739,571945,WSH@ATL,Middle Fastball Crusher (LH),4.37,4.71,1.009,1.031,1.1,7.703,30.1,232,Michael Harris,Miles Mikolas,4.0,CF,7:15p,1785626100000.0,True,False,,,,,,,
2026-08-01,670541,594798,TEX@HOU,Inside Breaking Ball Specialist (LH),6.45,3.44,1.005,1.0,0.924,6.747,27.5,264,Yordan Álvarez,Jacob Degrom,2.0,DH,7:10p,1785625800000.0,True,False,,,,,,,
2026-08-01,671277,625643,WSH@ATL,Inside Breaking Ball Specialist (LH),5.44,3.2,1.009,1.031,1.045,6.199,25.5,292,Luis García,Reynaldo López,2.0,1B,7:15p,1785626100000.0,True,False,,,,,,,
2026-08-01,695578,625643,WSH@ATL,Middle Fastball Crusher (LH),5.22,3.2,1.009,1.031,1.045,5.945,25.1,298,James Wood,Reynaldo López,1.0,DH,7:15p,1785626100000.0,True,False,,,,,,,
2026-08-01,645277,571945,WSH@ATL,Middle Fastball Crusher,3.63,4.71,0.991,1.031,1.1,6.288,24.3,311,Ozzie Albies,Miles Mikolas,5.0,2B,7:15p,1785626100000.0,True,False,,,,,,,
2026-08-01,664040,671096,PIT@CIN,Middle Fastball Crusher (LH),4.63,3.29,1.011,1.033,1.057,5.517,23.0,335,Brandon Lowe,Andrew Abbott,2.0,2B,6:40p,1785624000000.0,True,False,,,,,,,
2026-08-01,696100,679883,KC@COL,Middle Fastball Crusher,6.41,2.37,0.963,0.999,1.066,5.094,20.8,380,Hunter Goodman,Luinder Avila,4.0,C,8:10p,1785629400000.0,True,False,,,,,,,
2026-08-01,572233,594798,TEX@HOU,Middle Slider Crusher,4.57,3.44,1.034,1.0,0.924,4.919,20.2,396,Christian Walker,Jacob Degrom,4.0,1B,7:10p,1785625800000.0,True,False,,,,,,,
2026-08-01,668709,677952,PIT@CIN,Middle Fastball Crusher (LH),4.92,3.13,1.011,1.033,0.915,4.824,19.9,403,Jj Bleday,Braxton Ashcraft,3.0,LF,6:40p,1785624000000.0,True,False,,,,,,,
2026-08-01,642086,571945,WSH@ATL,High Zone Fastball Hitter (LH),2.81,4.71,1.002,1.031,1.1,4.93,18.9,430,Dominic Smith,Miles Mikolas,6.0,DH,7:15p,1785626100000.0,True,False,,,,,,,
2026-08-01,665161,594798,TEX@HOU,Middle Fastball Crusher,4.01,3.44,1.034,1.0,0.924,4.308,18.8,433,Jeremy Peña,Jacob Degrom,1.0,SS,7:10p,1785625800000.0,True,False,,,,,,,
2026-08-01,701398,677952,PIT@CIN,Middle Fastball Crusher,4.49,3.13,1.011,1.033,0.915,4.404,18.7,435,Sal Stewart,Braxton Ashcraft,2.0,DH,6:40p,1785624000000.0,True,False,,,,,,,
2026-08-01,656941,669358,PHI@BAL,Middle Slider Crusher (LH),6.3,2.01,1.015,1.014,1.013,4.322,18.4,444,Kyle Schwarber,Shane Baz,2.0,DH,7:05p,1785625500000.0,True,False,,,,,,,
2026-08-01,686527,687570,MIN@SEA,Middle Slider Crusher (LH),5.04,2.72,1.0,1.0,0.982,4.404,18.3,446,Dominic Canzone,Connor Prielipp,3.0,RF,4:10p,1785615000000.0,False,False,,,,,,,
2026-08-01,663586,571945,WSH@ATL,High Zone Fastball Hitter,2.79,4.71,1.004,1.031,1.1,4.893,17.9,458,Austin Riley,Miles Mikolas,7.0,3B,7:15p,1785626100000.0,True,False,,,,,,,
2026-08-01,691023,592332,STL@TOR,Middle Fastball Crusher,4.42,2.94,1.009,1.0,0.972,4.179,17.8,461,Jordan Walker,Kevin Gausman,2.0,RF,3:07p,1785611220000.0,False,False,,,,,,,
2026-08-01,695657,656876,CWS@TB,Oppo Fastball Hunter (LH),5.17,2.81,1.0,1.0,0.9,4.294,17.8,462,Colson Montgomery,Drew Rasmussen,4.0,SS,4:10p,1785615000000.0,False,False,,,,,,,
2026-08-01,682829,677952,PIT@CIN,Middle Fastball Crusher,4.12,3.13,1.011,1.033,0.915,4.041,17.7,465,Elly De La Cruz,Braxton Ashcraft,1.0,SS,6:40p,1785624000000.0,True,False,,,,,,,
2026-08-01,665019,669302,MIN@SEA,Middle Fastball Crusher (LH),4.48,3.02,1.0,1.0,0.935,4.147,17.3,478,Kody Clemens,Logan Gilbert,3.0,2B,4:10p,1785615000000.0,False,False,,,,,,,
2026-08-01,680777,669302,MIN@SEA,Middle Fastball Crusher,4.3,3.02,1.002,1.0,0.935,3.986,17.1,486,Ryan Jeffers,Logan Gilbert,2.0,DH,4:10p,1785615000000.0,False,False,,,,,,,
2026-08-01,666160,679883,KC@COL,Inside Breaking Ball Specialist (LH),5.33,2.37,0.956,0.999,1.066,4.203,16.8,494,Mickey Moniak,Luinder Avila,5.0,DH,8:10p,1785629400000.0,True,False,,,,,,,
2026-08-01,663993,677952,PIT@CIN,Oppo Fastball Hunter (LH),4.03,3.13,1.011,1.033,0.915,3.951,16.5,507,Nathaniel Lowe,Braxton Ashcraft,4.0,1B,6:40p,1785624000000.0,True,False,,,,,,,
2026-08-01,686611,625643,WSH@ATL,Middle Fastball Crusher,3.48,3.2,0.991,1.031,1.045,3.892,16.3,513,Dylan Crews,Reynaldo López,3.0,RF,7:15p,1785626100000.0,True,False,,,,,,,
2026-08-01,678246,656876,CWS@TB,Middle Fastball Crusher,4.5,2.81,1.0,1.0,0.9,3.738,15.7,536,Miguel Vargas,Drew Rasmussen,3.0,3B,4:10p,1785615000000.0,False,False,,,,,,,
2026-08-01,668804,671096,PIT@CIN,Middle Fastball Crusher,3.09,3.29,1.011,1.033,1.057,3.689,15.5,544,Bryan Reynolds,Andrew Abbott,3.0,LF,6:40p,1785624000000.0,True,False,,,,,,,
2026-08-01,553993,677952,PIT@CIN,Middle Slider Crusher,4.05,3.13,1.011,1.033,0.915,3.975,15.5,547,Eugenio Suárez,Braxton Ashcraft,6.0,3B,6:40p,1785624000000.0,True,False,,,,,,,
2026-08-01,665052,804267,MIA@NYM,Middle Fastball Crusher (LH),4.97,2.53,0.99,1.052,1.037,4.445,15.0,565,Griffin Conine,Zach Thornton,9.0,DH,4:10p,1785615000000.0,False,False,,,,,,,
2026-08-01,673237,594798,TEX@HOU,Oppo Fastball Hunter,3.54,3.44,1.004,1.0,0.924,3.702,14.9,569,Yainer Diaz,Jacob Degrom,5.0,C,7:10p,1785625800000.0,True,False,,,,,,,
2026-08-01,669065,804267,MIA@NYM,Middle Slider Crusher (LH),4.05,2.53,0.99,1.052,1.037,3.629,14.2,605,Kyle Stowers,Zach Thornton,6.0,1B,4:10p,1785615000000.0,False,False,,,,,,,
2026-08-01,680779,671096,PIT@CIN,Inside Breaking Ball Specialist,3.45,3.29,1.012,1.033,1.057,4.117,14.0,615,Henry Davis,Andrew Abbott,9.0,C,6:40p,1785624000000.0,True,False,,,,,,,
2026-08-01,691406,663855,CWS@TB,Oppo Fastball Hunter,5.62,1.94,1.0,1.0,0.9,3.221,13.7,632,Junior Caminero,Jordan Hicks,3.0,3B,4:10p,1785615000000.0,False,False,,,,,,,
2026-08-01,542303,671096,PIT@CIN,Middle Fastball Crusher,2.94,3.29,1.011,1.033,1.057,3.502,13.7,629,Marcell Ozuna,Andrew Abbott,6.0,DH,6:40p,1785624000000.0,True,False,,,,,,,
2026-08-01,691723,650911,PHI@BAL,Middle Fastball Crusher,4.44,2.28,1.006,1.014,0.901,3.044,13.6,637,Coby Mayo,Cristopher Sánchez,1.0,DH,7:05p,1785625500000.0,True,False,,,,,,,
2026-08-01,514888,594798,TEX@HOU,Middle Fastball Crusher,3.2,3.44,1.034,1.0,0.924,3.438,13.5,642,José Altuve,Jacob Degrom,6.0,2B,7:10p,1785625800000.0,True,False,,,,,,,
2026-08-01,686797,669302,MIN@SEA,Middle Fastball Crusher,3.59,3.02,1.002,1.0,0.935,3.335,13.5,638,Brooks Lee,Logan Gilbert,5.0,3B,4:10p,1785615000000.0,False,False,,,,,,,
2026-08-01,668904,669302,MIN@SEA,Middle Fastball Crusher,3.42,3.02,1.002,1.0,0.935,3.171,13.4,646,Royce Lewis,Logan Gilbert,4.0,1B,4:10p,1785615000000.0,False,False,,,,,,,
2026-08-01,682622,677952,PIT@CIN,Inside Breaking Ball Specialist,3.34,3.13,1.012,1.033,0.915,3.284,13.3,649,Noelvi Marte,Braxton Ashcraft,5.0,RF,6:40p,1785624000000.0,True,False,,,,,,,
2026-08-01,677594,687570,MIN@SEA,Middle Fastball Crusher,3.56,2.72,1.002,1.0,0.982,3.115,13.2,659,Julio Rodríguez,Connor Prielipp,4.0,CF,4:10p,1785615000000.0,False,False,,,,,,,
2026-08-01,543760,663969,MIA@NYM,Middle Fastball Crusher,3.26,2.84,0.991,1.052,1.052,3.325,13.1,666,Marcus Semien,Tyler Phillips,6.0,2B,4:10p,1785615000000.0,False,False,,,,,,,
2026-08-01,624413,650911,PHI@BAL,Oppo Fastball Hunter,4.44,2.28,1.015,1.014,0.901,3.07,13.0,669,Pete Alonso,Cristopher Sánchez,4.0,1B,7:05p,1785625500000.0,True,False,,,,,,,
2026-08-01,695734,625643,WSH@ATL,Inside Breaking Ball Specialist (LH),2.89,3.2,1.009,1.031,1.045,3.29,12.9,674,Daylen Lile,Reynaldo López,6.0,LF,7:15p,1785626100000.0,True,False,,,,,,,
2026-08-01,547180,669358,PHI@BAL,Middle Fastball Crusher (LH),4.4,2.01,1.015,1.014,1.013,3.02,12.9,678,Bryce Harper,Shane Baz,3.0,1B,7:05p,1785625500000.0,True,False,,,,,,,
2026-08-01,666211,594798,TEX@HOU,Oppo Fastball Hunter (LH),3.14,3.44,1.025,1.0,0.924,3.346,12.5,697,Taylor Trammell,Jacob Degrom,7.0,CF,7:10p,1785625800000.0,True,False,,,,,,,
2026-08-01,701358,594798,TEX@HOU,Middle Fastball Crusher,3.19,3.44,1.034,1.0,0.924,3.433,12.4,708,Cam Smith,Jacob Degrom,8.0,RF,7:10p,1785625800000.0,True,False,,,,,,,
2026-08-01,606466,800048,AZ@CLE,Inside Breaking Ball Specialist,3.87,2.41,1.018,1.017,0.9,2.852,12.1,725,Ketel Marte,Parker Messick,4.0,2B,7:15p,1785626100000.0,True,False,,,,,,,
2026-08-01,624431,677952,PIT@CIN,Middle Fastball Crusher,3.27,3.13,1.011,1.033,0.915,3.205,12.0,731,Jose Trevino,Braxton Ashcraft,7.0,C,6:40p,1785624000000.0,True,False,,,,,,,
2026-08-01,663728,687570,MIN@SEA,Middle Slider Crusher,3.24,2.72,1.002,1.0,0.982,2.835,11.6,761,Cal Raleigh,Connor Prielipp,5.0,DH,4:10p,1785615000000.0,False,False,,,,,,,
2026-08-01,668227,687570,MIN@SEA,Oppo Fastball Hunter,2.97,2.72,1.0,1.0,0.982,2.597,11.4,778,Randy Arozarena,Connor Prielipp,2.0,LF,4:10p,1785615000000.0,False,False,,,,,,,
2026-08-01,643217,656876,CWS@TB,High Zone Fastball Hitter (LH),3.23,2.81,1.0,1.0,0.9,2.681,11.0,809,Andrew Benintendi,Drew Rasmussen,5.0,DH,4:10p,1785615000000.0,False,False,,,,,,,
2026-08-01,696285,625643,WSH@ATL,Middle Fastball Crusher,2.83,3.2,0.991,1.031,1.045,3.162,10.9,819,Jacob Young,Reynaldo López,9.0,CF,7:15p,1785626100000.0,True,False,,,,,,,
2026-08-01,682998,800048,AZ@CLE,Oppo Fastball Hunter (LH),3.22,2.41,1.011,1.017,0.9,2.357,10.6,839,Corbin Carroll,Parker Messick,1.0,RF,7:15p,1785626100000.0,True,False,,,,,,,
2026-08-01,671056,592332,STL@TOR,Middle Slider Crusher,2.59,2.94,1.009,1.0,0.972,2.445,10.5,856,Iván Herrera,Kevin Gausman,4.0,DH,3:07p,1785611220000.0,False,False,,,,,,,
2026-08-01,683002,650911,PHI@BAL,Middle Slider Crusher (LH),3.49,2.28,1.015,1.014,0.901,2.414,10.4,863,Gunnar Henderson,Cristopher Sánchez,3.0,SS,7:05p,1785625500000.0,True,False,,,,,,,
2026-08-01,607208,669358,PHI@BAL,Middle Fastball Crusher,3.32,2.01,1.006,1.014,1.013,2.255,10.2,880,Trea Turner,Shane Baz,1.0,SS,7:05p,1785625500000.0,True,False,,,,,,,
2026-08-01,664983,679883,KC@COL,Middle Fastball Crusher (LH),2.84,2.37,0.966,0.999,1.066,2.265,10.2,876,Jake Mccarthy,Luinder Avila,1.0,LF,8:10p,1785629400000.0,True,False,,,,,,,
2026-08-01,666182,663969,MIA@NYM,Middle Fastball Crusher,2.3,2.84,0.991,1.052,1.052,2.34,10.1,892,Bo Bichette,Tyler Phillips,3.0,DH,4:10p,1785615000000.0,False,False,,,,,,,
2026-08-01,642215,687570,MIN@SEA,Middle Fastball Crusher,3.1,2.72,1.002,1.0,0.982,2.715,9.9,912,Weston Wilson,Connor Prielipp,8.0,3B,4:10p,1785615000000.0,False,False,,,,,,,
2026-08-01,641933,650911,PHI@BAL,Middle Slider Crusher,3.33,2.28,1.006,1.014,0.901,2.286,9.4,959,Tyler O'Neill,Cristopher Sánchez,5.0,RF,7:05p,1785625500000.0,True,False,,,,,,,
2026-08-01,691720,679883,KC@COL,Middle Fastball Crusher,2.63,2.37,0.963,0.999,1.066,2.093,9.3,979,Kyle Karros,Luinder Avila,2.0,3B,8:10p,1785629400000.0,True,False,,,,,,,
2026-08-01,650489,679883,KC@COL,Middle Fastball Crusher,3.0,2.37,0.963,0.999,1.066,2.384,9.1,1004,Willi Castro,Luinder Avila,7.0,2B,8:10p,1785629400000.0,True,False,,,,,,,
2026-08-01,605170,669302,MIN@SEA,Middle Slider Crusher (LH),2.54,3.02,1.0,1.0,0.935,2.356,9.0,1016,Víctor Caratini,Logan Gilbert,7.0,C,4:10p,1785615000000.0,False,False,,,,,,,
2026-08-01,664761,669358,PHI@BAL,Oppo Fastball Hunter,3.02,2.01,1.015,1.014,1.013,2.075,8.9,1019,Alec Bohm,Shane Baz,4.0,3B,7:05p,1785625500000.0,True,False,,,,,,,
2026-08-01,663457,592332,STL@TOR,Inside Breaking Ball Specialist (LH),2.27,2.94,1.003,1.0,0.972,2.128,8.8,1035,Lars Nootbaar,Kevin Gausman,5.0,LF,3:07p,1785611220000.0,False,False,,,,,,,
2026-08-01,672640,804267,MIA@NYM,Middle Fastball Crusher,2.16,2.53,0.991,1.052,1.037,1.939,8.8,1033,Otto Lopez,Zach Thornton,1.0,SS,4:10p,1785615000000.0,False,False,,,,,,,
2026-08-01,693304,671096,PIT@CIN,Oppo Fastball Hunter,1.74,3.29,1.011,1.033,1.057,2.075,8.6,1062,Nick Gonzales,Andrew Abbott,5.0,3B,6:40p,1785624000000.0,True,False,,,,,,,
2026-08-01,543510,800048,AZ@CLE,Oppo Fastball Hunter,3.22,2.41,1.006,1.017,0.9,2.342,8.6,1067,James Mccann,Parker Messick,8.0,C,7:15p,1785626100000.0,True,False,,,,,,,
2026-08-01,650490,663855,CWS@TB,Oppo Fastball Hunter,3.21,1.94,1.0,1.0,0.9,1.841,8.4,1091,Yandy Díaz,Jordan Hicks,1.0,DH,4:10p,1785615000000.0,False,False,,,,,,,
2026-08-01,663968,671096,PIT@CIN,Inside Breaking Ball Specialist,1.55,3.29,1.012,1.033,1.057,1.849,8.4,1086,Jake Mangum,Andrew Abbott,1.0,CF,6:40p,1785624000000.0,True,False,,,,,,,
2026-08-01,694374,800048,AZ@CLE,Inside Breaking Ball Specialist,2.85,2.41,1.018,1.017,0.9,2.097,8.4,1091,Tim Tawa,Parker Messick,6.0,CF,7:15p,1785626100000.0,True,False,,,,,,,
2026-08-01,683146,663969,MIA@NYM,Middle Fastball Crusher (LH),2.03,2.84,0.99,1.052,1.052,2.062,7.9,1170,Brett Baty,Tyler Phillips,7.0,3B,4:10p,1785615000000.0,False,False,,,,,,,
2026-08-01,678391,625643,WSH@ATL,Oppo Fastball Hunter (LH),1.88,3.2,1.0,1.031,1.045,2.119,7.8,1186,Jorbit Vivas,Reynaldo López,8.0,3B,7:15p,1785626100000.0,True,False,,,,,,,
2026-08-01,702616,650911,PHI@BAL,Middle Slider Crusher (LH),2.8,2.28,1.015,1.014,0.901,1.94,7.1,1301,Jackson Holliday,Cristopher Sánchez,8.0,2B,7:05p,1785625500000.0,True,False,,,,,,,
2026-08-01,668670,650911,PHI@BAL,Middle Fastball Crusher,2.87,2.28,1.006,1.014,0.901,1.97,6.9,1353,Jake Rogers,Cristopher Sánchez,9.0,C,7:05p,1785625500000.0,True,False,,,,,,,
2026-08-01,669364,804267,MIA@NYM,Middle Fastball Crusher (LH),1.65,2.53,0.99,1.052,1.037,1.473,6.4,1459,Xavier Edwards,Zach Thornton,4.0,2B,4:10p,1785615000000.0,False,False,,,,,,,
2026-08-01,620443,663969,MIA@NYM,Middle Fastball Crusher,1.77,2.84,0.991,1.052,1.052,1.803,6.3,1484,Luis Torrens,Tyler Phillips,9.0,C,4:10p,1785615000000.0,False,False,,,,,,,
2026-08-01,669707,671096,PIT@CIN,Middle Slider Crusher,1.27,3.29,1.011,1.033,1.057,1.51,5.8,1620,Jared Triolo,Andrew Abbott,7.0,SS,6:40p,1785624000000.0,True,False,,,,,,,
2026-08-01,691594,804267,MIA@NYM,Middle Fastball Crusher,1.63,2.53,0.991,1.052,1.037,1.456,5.6,1682,Javier Sanoja,Zach Thornton,7.0,RF,4:10p,1785615000000.0,False,False,,,,,,,
2026-08-01,807712,669302,MIN@SEA,Oppo Fastball Hunter,1.47,3.02,1.0,1.0,0.935,1.357,5.5,1720,Luke Keaschall,Logan Gilbert,6.0,CF,4:10p,1785615000000.0,False,False,,,,,,,
2026-08-01,691026,592332,STL@TOR,Middle Slider Crusher,1.43,2.94,1.009,1.0,0.972,1.348,5.5,1731,Masyn Winn,Kevin Gausman,6.0,SS,3:07p,1785611220000.0,False,False,,,,,,,
2026-08-01,686668,679883,KC@COL,Middle Fastball Crusher,1.9,2.37,0.963,0.999,1.066,1.513,5.3,1781,Brenton Doyle,Luinder Avila,9.0,CF,8:10p,1785629400000.0,True,False,,,,,,,
2026-08-01,671289,679883,KC@COL,Oppo Fastball Hunter,1.68,2.37,0.966,0.999,1.066,1.342,5.0,1908,Tyler Freeman,Luinder Avila,8.0,RF,8:10p,1785629400000.0,True,False,,,,,,,
2026-08-01,668885,669302,MIN@SEA,Middle Fastball Crusher,1.34,3.02,1.002,1.0,0.935,1.242,4.4,2183,Austin Martin,Logan Gilbert,9.0,RF,4:10p,1785615000000.0,False,False,,,,,,,
2026-08-01,663743,663855,CWS@TB,Inside Breaking Ball Specialist,2.06,1.94,1.0,1.0,0.9,1.181,4.4,2177,Nick Fortes,Jordan Hicks,8.0,C,4:10p,1785615000000.0,False,False,,,,,,,
2026-08-01,683083,625643,WSH@ATL,Middle Fastball Crusher,0.98,3.2,0.991,1.031,1.045,1.094,4.2,2260,Nasim Nuñez,Reynaldo López,7.0,2B,7:15p,1785626100000.0,True,False,,,,,,,
2026-08-01,810938,663855,CWS@TB,Middle Slider Crusher,1.49,1.94,1.0,1.0,0.9,0.856,3.3,2904,Ben Williamson,Jordan Hicks,7.0,2B,4:10p,1785615000000.0,False,False,,,,,,,
2026-08-01,670764,663855,CWS@TB,Middle Fastball Crusher (LH),0.87,1.94,1.0,1.0,0.9,0.497,1.8,5546,Taylor Walls,Jordan Hicks,9.0,SS,4:10p,1785615000000.0,False,False,,,,,,,
2026-08-02,691023,453286,STL@TOR,Middle Fastball Crusher,4.39,5.09,1.009,1.0,1.12,8.261,32.7,206,Jordan Walker,Max Scherzer,2.0,DH,1:37p,1785692220000.0,False,False,,,,,,,
2026-08-02,700250,607067,NYY@CHC,Middle Fastball Crusher (LH),6.08,3.39,0.976,0.962,1.12,7.109,28.8,248,Ben Rice,Colin Rea,2.0,1B,2:20p,1785694800000.0,False,False,,,,,,,
2026-08-02,695578,702275,WSH@ATL,Middle Fastball Crusher (LH),5.19,3.51,1.009,1.032,1.065,6.614,27.6,262,James Wood,Jr Ritchie,1.0,RF,1:35p,1785692100000.0,False,False,,,,,,,
2026-08-02,672960,669461,STL@TOR,Oppo Fastball Hunter,4.94,3.87,1.004,1.0,1.096,6.897,27.4,264,Kazuma Okamoto,Matthew Liberatore,3.0,1B,1:37p,1785692220000.0,False,False,,,,,,,
2026-08-02,670541,677958,TEX@HOU,Inside Breaking Ball Specialist (LH),6.4,3.0,1.005,1.0,1.04,6.574,26.9,272,Yordan Álvarez,Kumar Rocker,2.0,LF,2:10p,1785694200000.0,False,False,,,,,,,
2026-08-02,695506,607536,KC@COL,Middle Fastball Crusher (LH),4.17,4.24,0.966,1.034,1.12,6.49,26.0,285,Jac Caglianone,Kyle Freeland,3.0,RF,3:10p,1785697800000.0,False,False,,,,,,,
2026-08-02,695657,643377,CWS@TB,Oppo Fastball Hunter (LH),5.14,3.45,1.0,1.0,1.054,6.127,24.6,307,Colson Montgomery,Griffin Jax,4.0,SS,1:40p,1785692400000.0,False,False,,,,,,,
2026-08-02,575929,686218,BOS@LAD,Middle Slider Crusher,4.94,3.95,1.001,1.0,0.954,6.103,24.5,308,Willson Contreras,Emmet Sheehan,4.0,1B,7:20p,1785712800000.0,True,False,,,,,,,
2026-08-02,691406,641743,CWS@TB,Oppo Fastball Hunter,5.58,3.01,1.0,1.0,1.095,6.023,24.3,311,Junior Caminero,Anthony Kay,3.0,3B,1:40p,1785692400000.0,False,False,,,,,,,
2026-08-02,695600,607536,KC@COL,Middle Fastball Crusher (LH),3.51,4.24,0.966,1.034,1.12,5.455,23.3,330,Carter Jensen,Kyle Freeland,1.0,DH,3:10p,1785697800000.0,False,False,,,,,,,
2026-08-02,666160,607625,KC@COL,Inside Breaking Ball Specialist (LH),5.26,2.9,0.956,1.034,1.117,5.523,23.0,335,Mickey Moniak,Seth Lugo,2.0,LF,3:10p,1785697800000.0,False,False,,,,,,,
2026-08-02,521692,607536,KC@COL,Middle Fastball Crusher,3.51,4.24,0.963,1.034,1.12,5.443,22.1,352,Salvador Pérez,Kyle Freeland,4.0,1B,3:10p,1785697800000.0,False,False,,,,,,,
2026-08-02,678246,643377,CWS@TB,Middle Fastball Crusher,4.47,3.45,1.0,1.0,1.054,5.336,21.8,358,Miguel Vargas,Griffin Jax,3.0,3B,1:40p,1785692400000.0,False,False,,,,,,,
2026-08-02,656941,680694,PHI@BAL,Middle Slider Crusher (LH),6.25,2.55,1.015,1.005,0.979,5.204,21.8,359,Kyle Schwarber,Kyle Bradish,2.0,DH,1:35p,1785692100000.0,False,False,,,,,,,
2026-08-02,700932,518876,AZ@CLE,Middle Slider Crusher (LH),3.53,4.25,1.006,0.993,1.12,5.504,21.6,364,Kyle Manzardo,Merrill Kelly,5.0,1B,1:40p,1785692400000.0,False,False,,,,,,,
2026-08-02,686527,671737,MIN@SEA,Middle Slider Crusher (LH),4.98,3.3,1.0,1.0,0.958,5.156,21.1,373,Dominic Canzone,Taj Bradley,3.0,DH,4:10p,1785701400000.0,False,False,,,,,,,
2026-08-02,672356,518876,AZ@CLE,Middle Fastball Crusher,3.52,4.25,1.015,0.993,1.12,5.539,20.1,398,Gabriel Arias,Merrill Kelly,7.0,3B,1:40p,1785692400000.0,False,False,,,,,,,
2026-08-02,668709,656605,PIT@CIN,Middle Fastball Crusher (LH),4.87,2.76,1.011,0.996,1.093,4.849,20.0,400,Jj Bleday,Mitch Keller,3.0,LF,1:40p,1785692400000.0,False,False,,,,,,,
2026-08-02,671056,453286,STL@TOR,Middle Slider Crusher,2.57,5.09,1.009,1.0,1.12,4.843,19.9,403,Iván Herrera,Max Scherzer,4.0,C,1:37p,1785692220000.0,False,False,,,,,,,
2026-08-02,572233,677958,TEX@HOU,Middle Slider Crusher,4.53,3.0,1.034,1.0,1.04,4.791,19.7,408,Christian Walker,Kumar Rocker,4.0,1B,2:10p,1785694200000.0,False,False,,,,,,,
2026-08-02,543807,669461,STL@TOR,Middle Fastball Crusher,3.32,3.87,1.009,1.0,1.096,4.656,19.2,421,George Springer,Matthew Liberatore,4.0,LF,1:37p,1785692220000.0,False,False,,,,,,,
2026-08-02,606466,668909,AZ@CLE,Inside Breaking Ball Specialist,3.83,3.75,1.018,0.993,0.973,4.626,19.1,425,Ketel Marte,Gavin Williams,4.0,DH,1:40p,1785692400000.0,False,False,,,,,,,
2026-08-02,701398,656605,PIT@CIN,Middle Fastball Crusher,4.46,2.76,1.011,0.996,1.093,4.436,18.8,431,Sal Stewart,Mitch Keller,2.0,1B,1:40p,1785692400000.0,False,False,,,,,,,
2026-08-02,693307,695611,DET@ATH,Middle Slider Crusher,4.87,2.76,1.006,1.018,0.98,4.429,18.8,432,Dillon Dingler,Gage Jump,2.0,DH,4:05p,1785701100000.0,False,False,,,,,,,
2026-08-02,665953,702275,WSH@ATL,Inside Breaking Ball Specialist,4.47,3.51,0.99,1.032,1.065,5.597,18.6,436,Andrés Chaparro,Jr Ritchie,9.0,1B,1:35p,1785692100000.0,False,False,,,,,,,
2026-08-02,663457,453286,STL@TOR,Inside Breaking Ball Specialist (LH),2.24,5.09,1.003,1.0,1.12,4.185,18.3,447,Lars Nootbaar,Max Scherzer,1.0,RF,1:37p,1785692220000.0,False,False,,,,,,,
2026-08-02,624413,554430,PHI@BAL,Oppo Fastball Hunter,4.41,3.22,1.015,1.005,0.9,4.268,18.2,450,Pete Alonso,Zack Wheeler,2.0,1B,1:35p,1785692100000.0,False,False,,,,,,,
2026-08-02,665161,677958,TEX@HOU,Middle Fastball Crusher,3.96,3.0,1.034,1.0,1.04,4.179,18.2,448,Jeremy Peña,Kumar Rocker,1.0,DH,2:10p,1785694200000.0,False,False,,,,,,,
2026-08-02,686611,702275,WSH@ATL,Middle Fastball Crusher,3.44,3.51,0.991,1.032,1.065,4.31,17.9,457,Dylan Crews,Jr Ritchie,3.0,CF,1:35p,1785692100000.0,False,False,,,,,,,
2026-08-02,682829,656605,PIT@CIN,Middle Fastball Crusher,4.09,2.76,1.011,0.996,1.093,4.066,17.8,462,Elly De La Cruz,Mitch Keller,1.0,SS,1:40p,1785692400000.0,False,False,,,,,,,
2026-08-02,665019,669923,MIN@SEA,Middle Fastball Crusher (LH),4.44,3.03,1.0,1.0,0.968,4.265,17.7,465,Kody Clemens,George Kirby,4.0,2B,4:10p,1785701400000.0,False,False,,,,,,,
2026-08-02,682998,668909,AZ@CLE,Oppo Fastball Hunter (LH),3.36,3.75,1.011,0.993,0.973,4.027,17.6,467,Corbin Carroll,Gavin Williams,1.0,RF,1:40p,1785692400000.0,False,False,,,,,,,
2026-08-02,665877,453286,STL@TOR,Middle Slider Crusher,2.56,5.09,1.009,1.0,1.12,4.812,17.6,467,José Fermín,Max Scherzer,7.0,2B,1:37p,1785692220000.0,False,False,,,,,,,
2026-08-02,680777,669923,MIN@SEA,Middle Fastball Crusher,4.24,3.03,1.002,1.0,0.968,4.081,17.4,474,Ryan Jeffers,George Kirby,2.0,C,4:10p,1785701400000.0,False,False,,,,,,,
2026-08-02,621566,676917,WSH@ATL,Middle Fastball Crusher (LH),5.55,2.23,1.009,1.032,0.983,4.152,17.3,477,Matt Olson,Cade Cavalli,3.0,1B,1:35p,1785692100000.0,False,False,,,,,,,
2026-08-02,677800,686218,BOS@LAD,Inside Breaking Ball Specialist (LH),3.33,3.95,0.995,1.0,0.954,4.095,17.1,485,Wilyer Abreu,Emmet Sheehan,3.0,RF,7:20p,1785712800000.0,True,False,,,,,,,
2026-08-02,664040,695505,PIT@CIN,Middle Fastball Crusher (LH),4.59,2.91,1.011,0.996,0.9,3.959,17.0,490,Brandon Lowe,Chase Burns,2.0,2B,1:40p,1785692400000.0,False,False,,,,,,,
2026-08-02,665862,607067,NYY@CHC,Middle Fastball Crusher (LH),3.74,3.39,0.976,0.962,1.12,4.37,16.9,492,Jazz Chisholm,Colin Rea,6.0,2B,2:20p,1785694800000.0,False,False,,,,,,,
2026-08-02,678882,686218,BOS@LAD,Middle Slider Crusher,3.18,3.95,1.001,1.0,0.954,3.927,16.8,494,Ceddanne Rafaela,Emmet Sheehan,2.0,CF,7:20p,1785712800000.0,True,False,,,,,,,
2026-08-02,663757,607067,NYY@CHC,Oppo Fastball Hunter (LH),3.08,3.39,0.978,0.962,1.12,3.609,15.9,528,Trent Grisham,Colin Rea,1.0,CF,2:20p,1785694800000.0,False,False,,,,,,,
2026-08-02,663993,656605,PIT@CIN,Oppo Fastball Hunter (LH),3.99,2.76,1.011,0.996,1.093,3.965,15.9,528,Nathaniel Lowe,Mitch Keller,5.0,DH,1:40p,1785692400000.0,False,False,,,,,,,
2026-08-02,695734,702275,WSH@ATL,Inside Breaking Ball Specialist (LH),2.88,3.51,1.009,1.032,1.065,3.676,15.8,532,Daylen Lile,Jr Ritchie,2.0,LF,1:35p,1785692100000.0,False,False,,,,,,,
2026-08-02,679529,695611,DET@ATH,Middle Fastball Crusher,4.29,2.76,1.006,1.018,0.98,3.895,15.7,538,Spencer Torkelson,Gage Jump,5.0,1B,4:05p,1785701100000.0,False,False,,,,,,,
2026-08-02,643217,643377,CWS@TB,High Zone Fastball Hitter (LH),3.22,3.45,1.0,1.0,1.054,3.835,15.4,547,Andrew Benintendi,Griffin Jax,5.0,DH,1:40p,1785692400000.0,False,False,,,,,,,
2026-08-02,677594,671737,MIN@SEA,Middle Fastball Crusher,3.52,3.3,1.002,1.0,0.958,3.656,15.3,553,Julio Rodríguez,Taj Bradley,4.0,CF,4:10p,1785701400000.0,False,False,,,,,,,
2026-08-02,679845,607536,KC@COL,Oppo Fastball Hunter,2.27,4.24,0.966,1.034,1.12,3.535,15.3,556,Nick Loftin,Kyle Freeland,2.0,2B,3:10p,1785697800000.0,False,False,,,,,,,
2026-08-02,547180,680694,PHI@BAL,Middle Fastball Crusher (LH),4.36,2.55,1.015,1.005,0.979,3.637,15.3,553,Bryce Harper,Kyle Bradish,3.0,1B,1:35p,1785692100000.0,False,False,,,,,,,
2026-08-02,686948,676917,WSH@ATL,Oppo Fastball Hunter (LH),4.61,2.23,1.0,1.032,0.983,3.422,15.2,560,Drake Baldwin,Cade Cavalli,1.0,C,1:35p,1785692100000.0,False,False,,,,,,,
2026-08-02,650490,641743,CWS@TB,Oppo Fastball Hunter,3.19,3.01,1.0,1.0,1.095,3.442,15.2,556,Yandy Díaz,Anthony Kay,1.0,DH,1:40p,1785692400000.0,False,False,,,,,,,
2026-08-02,664023,543037,NYY@CHC,Middle Fastball Crusher,3.71,3.63,0.978,0.962,0.9,3.737,15.1,563,Ian Happ,Gerrit Cole,5.0,LF,2:20p,1785694800000.0,False,False,,,,,,,
2026-08-02,672386,669461,STL@TOR,Oppo Fastball Hunter,2.56,3.87,1.004,1.0,1.096,3.578,14.5,591,Alejandro Kirk,Matthew Liberatore,5.0,C,1:37p,1785692220000.0,False,False,,,,,,,
2026-08-02,660271,687562,BOS@LAD,Middle Fastball Crusher (LH),4.72,2.36,0.996,1.0,0.9,3.271,14.5,588,Shohei Ohtani,Jake Bennett,1.0,DH,7:20p,1785712800000.0,True,False,,,,,,,
2026-08-02,683002,554430,PHI@BAL,Middle Slider Crusher (LH),3.47,3.22,1.015,1.005,0.9,3.357,14.2,604,Gunnar Henderson,Zack Wheeler,3.0,SS,1:35p,1785692100000.0,False,False,,,,,,,
2026-08-02,677587,518876,AZ@CLE,Middle Slider Crusher (LH),2.33,4.25,1.006,0.993,1.12,3.629,14.2,605,Brayan Rocchio,Merrill Kelly,6.0,SS,1:40p,1785692400000.0,False,False,,,,,,,
2026-08-02,641680,672456,DET@ATH,Middle Slider Crusher (LH),4.11,2.63,1.009,1.018,0.918,3.334,14.1,608,Jonah Heim,Keider Montero,3.0,C,4:05p,1785701100000.0,False,False,,,,,,,
2026-08-02,672275,518876,AZ@CLE,Inside Breaking Ball Specialist (LH),2.5,4.25,1.008,0.993,1.12,3.9,14.0,616,Patrick Bailey,Merrill Kelly,8.0,C,1:40p,1785692400000.0,False,False,,,,,,,
2026-08-02,668227,671737,MIN@SEA,Oppo Fastball Hunter,3.12,3.3,1.0,1.0,0.958,3.231,14.0,613,Randy Arozarena,Taj Bradley,2.0,LF,4:10p,1785701400000.0,False,False,,,,,,,
2026-08-02,691176,607067,NYY@CHC,Middle Fastball Crusher (LH),2.96,3.39,0.976,0.962,1.12,3.465,14.0,612,Jasson Domínguez,Colin Rea,5.0,RF,2:20p,1785694800000.0,False,False,,,,,,,
2026-08-02,677592,643377,CWS@TB,Middle Fastball Crusher,3.27,3.45,1.0,1.0,1.054,3.896,13.9,617,Everson Pereira,Griffin Jax,8.0,RF,1:40p,1785692400000.0,False,False,,,,,,,
2026-08-02,669394,663567,TEX@HOU,Middle Fastball Crusher,4.14,2.69,1.034,1.0,0.912,3.437,13.9,618,Jake Burger,Peter Lambert,5.0,1B,2:10p,1785694200000.0,False,False,,,,,,,
2026-08-02,691016,672456,DET@ATH,Middle Fastball Crusher (LH),3.88,2.63,1.009,1.018,0.918,3.153,13.7,630,Tyler Soderstrom,Keider Montero,2.0,LF,4:05p,1785701100000.0,False,False,,,,,,,
2026-08-02,671739,676917,WSH@ATL,Middle Fastball Crusher (LH),4.33,2.23,1.009,1.032,0.983,3.244,13.7,630,Michael Harris,Cade Cavalli,4.0,CF,1:35p,1785692100000.0,False,False,,,,,,,
2026-08-02,650489,607625,KC@COL,Middle Fastball Crusher,3.17,2.9,0.963,1.034,1.117,3.355,13.6,634,Willi Castro,Seth Lugo,5.0,3B,3:10p,1785697800000.0,False,False,,,,,,,
2026-08-02,608369,663567,TEX@HOU,Middle Slider Crusher (LH),3.95,2.69,1.004,1.0,0.912,3.187,13.5,639,Corey Seager,Peter Lambert,3.0,SS,2:10p,1785694200000.0,False,False,,,,,,,
2026-08-02,686797,669923,MIN@SEA,Middle Fastball Crusher,3.57,3.03,1.002,1.0,0.968,3.432,13.5,643,Brooks Lee,George Kirby,6.0,3B,4:10p,1785701400000.0,False,False,,,,,,,
2026-08-02,621020,543037,NYY@CHC,Middle Fastball Crusher,3.7,3.63,0.978,0.962,0.9,3.724,13.4,648,Dansby Swanson,Gerrit Cole,8.0,SS,2:20p,1785694800000.0,False,False,,,,,,,
2026-08-02,655316,686218,BOS@LAD,Middle Slider Crusher,2.88,3.95,1.001,1.0,0.954,3.555,13.3,653,Andruw Monasterio,Emmet Sheehan,7.0,SS,7:20p,1785712800000.0,True,False,,,,,,,
2026-08-02,664983,607625,KC@COL,Middle Fastball Crusher (LH),2.81,2.9,0.966,1.034,1.117,2.984,13.3,651,Jake Mccarthy,Seth Lugo,1.0,DH,3:10p,1785697800000.0,False,False,,,,,,,
2026-08-02,656775,641743,CWS@TB,Middle Slider Crusher (LH),3.43,3.01,1.0,1.0,1.095,3.699,13.3,653,Cedric Mullins,Anthony Kay,8.0,CF,1:40p,1785692400000.0,False,False,,,,,,,
2026-08-02,514888,677958,TEX@HOU,Middle Fastball Crusher,3.17,3.0,1.034,1.0,1.04,3.35,13.2,660,José Altuve,Kumar Rocker,6.0,2B,2:10p,1785694200000.0,False,False,,,,,,,
2026-08-02,668904,669923,MIN@SEA,Middle Fastball Crusher,3.39,3.03,1.002,1.0,0.968,3.257,13.2,655,Royce Lewis,George Kirby,5.0,1B,4:10p,1785701400000.0,False,False,,,,,,,
2026-08-02,702332,686218,BOS@LAD,Middle Fastball Crusher,2.71,3.95,1.001,1.0,0.954,3.351,13.2,660,Caleb Durbin,Emmet Sheehan,6.0,3B,7:20p,1785712800000.0,True,False,,,,,,,
2026-08-02,666211,677958,TEX@HOU,Oppo Fastball Hunter (LH),3.09,3.0,1.025,1.0,1.04,3.241,13.2,659,Taylor Trammell,Kumar Rocker,5.0,CF,2:10p,1785694200000.0,False,False,,,,,,,
2026-08-02,677588,702275,WSH@ATL,Middle Fastball Crusher (LH),2.61,3.51,1.009,1.032,1.065,3.327,13.1,665,José Tena,Jr Ritchie,6.0,DH,1:35p,1785692100000.0,False,False,,,,,,,
2026-08-02,680776,686218,BOS@LAD,Middle Fastball Crusher (LH),2.97,3.95,0.996,1.0,0.954,3.653,13.1,662,Jarren Duran,Emmet Sheehan,8.0,LF,7:20p,1785712800000.0,True,False,,,,,,,
2026-08-02,663728,671737,MIN@SEA,Middle Slider Crusher,3.2,3.3,1.002,1.0,0.958,3.321,13.0,667,Cal Raleigh,Taj Bradley,6.0,C,4:10p,1785701400000.0,False,False,,,,,,,
2026-08-02,642715,606996,SF@SD,Middle Fastball Crusher,3.86,2.71,1.007,1.02,0.921,3.238,12.7,685,Willy Adames,Kyle Hart,6.0,SS,4:10p,1785701400000.0,False,False,,,,,,,
2026-08-02,694374,668909,AZ@CLE,Inside Breaking Ball Specialist,2.8,3.75,1.018,0.993,0.973,3.374,12.6,691,Tim Tawa,Gavin Williams,7.0,CF,1:40p,1785692400000.0,False,False,,,,,,,
2026-08-02,676609,607067,NYY@CHC,Middle Fastball Crusher,2.99,3.39,0.978,0.962,1.12,3.502,12.6,693,José Caballero,Colin Rea,8.0,SS,2:20p,1785694800000.0,False,False,,,,,,,
2026-08-02,701358,677958,TEX@HOU,Middle Fastball Crusher,3.17,3.0,1.034,1.0,1.04,3.347,12.5,697,Cam Smith,Kumar Rocker,7.0,RF,2:10p,1785694200000.0,False,False,,,,,,,
2026-08-02,605137,669923,MIN@SEA,Middle Fastball Crusher (LH),3.03,3.03,1.0,1.0,0.968,2.908,12.4,706,Josh Bell,George Kirby,3.0,DH,4:10p,1785701400000.0,False,False,,,,,,,
2026-08-02,682622,656605,PIT@CIN,Inside Breaking Ball Specialist,3.3,2.76,1.012,0.996,1.093,3.284,12.3,712,Noelvi Marte,Mitch Keller,7.0,RF,1:40p,1785692400000.0,False,False,,,,,,,
2026-08-02,664034,694738,SF@SD,Inside Breaking Ball Specialist,4.73,2.01,0.999,1.02,0.917,2.909,12.3,710,Ty France,Landen Roupp,4.0,1B,4:10p,1785701400000.0,False,False,,,,,,,
2026-08-02,607208,680694,PHI@BAL,Middle Fastball Crusher,3.29,2.55,1.006,1.005,0.979,2.716,12.2,721,Trea Turner,Kyle Bradish,1.0,SS,1:35p,1785692100000.0,False,False,,,,,,,
2026-08-02,592518,694738,SF@SD,Middle Slider Crusher,4.6,2.01,1.007,1.02,0.917,2.851,12.2,721,Manny Machado,Landen Roupp,3.0,DH,4:10p,1785701400000.0,False,False,,,,,,,
2026-08-02,682626,645261,MIA@NYM,Oppo Fastball Hunter,3.98,2.78,0.99,1.044,0.953,3.564,12.2,720,Francisco Álvarez,Sandy Alcántara,9.0,C,1:40p,1785692400000.0,False,False,,,,,,,
2026-08-02,571970,687562,BOS@LAD,Oppo Fastball Hunter (LH),4.87,2.36,1.001,1.0,0.9,3.394,12.2,717,Max Muncy,Jake Bennett,8.0,3B,7:20p,1785712800000.0,True,False,,,,,,,
2026-08-02,663886,656605,PIT@CIN,Middle Fastball Crusher,2.78,2.76,1.011,0.996,1.093,2.763,11.8,750,Tyler Stephenson,Mitch Keller,4.0,C,1:40p,1785692400000.0,False,False,,,,,,,
2026-08-02,669224,607067,NYY@CHC,Oppo Fastball Hunter (LH),2.92,3.39,0.978,0.962,1.12,3.422,11.7,752,Austin Wells,Colin Rea,9.0,C,2:20p,1785694800000.0,False,False,,,,,,,
2026-08-02,687462,695505,PIT@CIN,Middle Slider Crusher (LH),3.29,2.91,1.011,0.996,0.9,2.841,11.6,760,Spencer Horwitz,Chase Burns,5.0,1B,1:40p,1785692400000.0,False,False,,,,,,,
2026-08-02,668804,695505,PIT@CIN,Middle Fastball Crusher,3.07,2.91,1.011,0.996,0.9,2.648,11.3,781,Bryan Reynolds,Chase Burns,3.0,DH,1:40p,1785692400000.0,False,False,,,,,,,
2026-08-02,662139,669461,STL@TOR,Oppo Fastball Hunter (LH),2.21,3.87,1.009,1.0,1.096,3.098,11.2,791,Daulton Varsho,Matthew Liberatore,8.0,CF,1:37p,1785692220000.0,False,False,,,,,,,
2026-08-02,516782,607536,KC@COL,Middle Fastball Crusher,1.75,4.24,0.963,1.034,1.12,2.717,11.1,797,Starling Marte,Kyle Freeland,5.0,LF,3:10p,1785697800000.0,False,False,,,,,,,
2026-08-02,650402,695611,DET@ATH,Middle Fastball Crusher,2.7,2.76,1.006,1.018,0.98,2.453,11.1,804,Gleyber Torres,Gage Jump,1.0,2B,4:05p,1785701100000.0,False,False,,,,,,,
2026-08-02,673357,645261,MIA@NYM,Inside Breaking Ball Specialist,3.02,2.78,0.991,1.044,0.953,2.708,11.1,800,Luis Robert,Sandy Alcántara,5.0,CF,1:40p,1785692400000.0,False,False,,,,,,,
2026-08-02,702616,554430,PHI@BAL,Middle Slider Crusher (LH),2.77,3.22,1.015,1.005,0.9,2.68,11.0,809,Jackson Holliday,Zack Wheeler,5.0,2B,1:35p,1785692100000.0,False,False,,,,,,,
2026-08-02,691026,453286,STL@TOR,Middle Slider Crusher,1.42,5.09,1.009,1.0,1.12,2.667,11.0,813,Masyn Winn,Max Scherzer,5.0,SS,1:37p,1785692220000.0,False,False,,,,,,,
2026-08-02,605141,687562,BOS@LAD,Inside Breaking Ball Specialist,3.84,2.36,1.001,1.0,0.9,2.674,11.0,811,Mookie Betts,Jake Bennett,5.0,SS,7:20p,1785712800000.0,True,False,,,,,,,
2026-08-02,543760,645261,MIA@NYM,Middle Fastball Crusher,3.24,2.78,0.991,1.044,0.953,2.904,11.0,813,Marcus Semien,Sandy Alcántara,7.0,2B,1:40p,1785692400000.0,False,False,,,,,,,
2026-08-02,665926,669461,STL@TOR,Middle Slider Crusher (LH),2.26,3.87,1.004,1.0,1.096,3.154,10.9,822,Andrés Giménez,Matthew Liberatore,9.0,SS,1:37p,1785692220000.0,False,False,,,,,,,
2026-08-02,645277,676917,WSH@ATL,Middle Fastball Crusher,3.6,2.23,0.991,1.032,0.983,2.65,10.9,819,Ozzie Albies,Cade Cavalli,5.0,2B,1:35p,1785692100000.0,False,False,,,,,,,
2026-08-02,671218,606996,SF@SD,Inside Breaking Ball Specialist,3.03,2.71,0.999,1.02,0.921,2.52,10.8,824,Heliot Ramos,Kyle Hart,3.0,LF,4:10p,1785701400000.0,False,False,,,,,,,
2026-08-02,664761,680694,PHI@BAL,Oppo Fastball Hunter,3.0,2.55,1.015,1.005,0.979,2.497,10.7,837,Alec Bohm,Kyle Bradish,4.0,3B,1:35p,1785692100000.0,False,False,,,,,,,
2026-08-02,681297,554430,PHI@BAL,Middle Fastball Crusher (LH),3.05,3.22,1.015,1.005,0.9,2.949,10.7,834,Colton Cowser,Zack Wheeler,8.0,CF,1:35p,1785692100000.0,False,False,,,,,,,
2026-08-02,666176,694819,MIL@LAA,Middle Slider Crusher,3.43,2.41,1.003,1.047,0.9,2.552,10.5,853,Jo Adell,Jacob Misiorowski,5.0,RF,3:15p,1785698100000.0,False,False,,,,,,,
2026-08-02,807799,686218,BOS@LAD,Middle Fastball Crusher (LH),2.07,3.95,0.996,1.0,0.954,2.547,10.5,854,Masataka Yoshida,Emmet Sheehan,5.0,DH,7:20p,1785712800000.0,True,False,,,,,,,
2026-08-02,665489,669461,STL@TOR,Oppo Fastball Hunter,1.71,3.87,1.004,1.0,1.096,2.388,10.5,851,Vladimir Guerrero,Matthew Liberatore,2.0,DH,1:37p,1785692220000.0,False,False,,,,,,,
2026-08-02,608324,543037,NYY@CHC,Oppo Fastball Hunter,2.38,3.63,0.976,0.962,0.9,2.393,10.3,875,Alex Bregman,Gerrit Cole,4.0,3B,2:20p,1785694800000.0,False,False,,,,,,,
2026-08-02,666139,694819,MIL@LAA,Middle Fastball Crusher (LH),3.57,2.41,1.006,1.047,0.9,2.665,9.7,930,Josh Lowe,Jacob Misiorowski,8.0,CF,3:15p,1785698100000.0,False,False,,,,,,,
2026-08-02,677649,663567,TEX@HOU,Middle Fastball Crusher,3.09,2.69,1.034,1.0,0.912,2.568,9.7,927,Ezequiel Duran,Peter Lambert,7.0,3B,2:10p,1785694200000.0,False,False,,,,,,,
2026-08-02,543877,677958,TEX@HOU,Middle Slider Crusher,2.59,3.0,1.034,1.0,1.04,2.741,9.5,955,Christian Vázquez,Kumar Rocker,9.0,C,2:10p,1785694200000.0,False,False,,,,,,,
2026-08-02,518692,687562,BOS@LAD,Middle Fastball Crusher (LH),3.18,2.36,0.996,1.0,0.9,2.203,9.5,956,Freddie Freeman,Jake Bennett,4.0,1B,7:20p,1785712800000.0,True,False,,,,,,,
2026-08-02,668670,554430,PHI@BAL,Middle Fastball Crusher,2.84,3.22,1.006,1.005,0.9,2.722,9.4,962,Jake Rogers,Zack Wheeler,9.0,C,1:35p,1785692100000.0,False,False,,,,,,,
2026-08-02,694192,700712,MIL@LAA,Middle Fastball Crusher,3.57,1.92,1.003,1.047,0.9,2.121,9.4,965,Jackson Chourio,Walbert Ureña,2.0,LF,3:15p,1785698100000.0,False,False,,,,,,,
2026-08-02,665966,686218,BOS@LAD,Middle Slider Crusher,2.12,3.95,1.001,1.0,0.954,2.623,9.1,1001,Carlos Narváez,Emmet Sheehan,9.0,C,7:20p,1785712800000.0,True,False,,,,,,,
2026-08-02,666126,672456,DET@ATH,Middle Slider Crusher (LH),2.82,2.63,1.009,1.018,0.918,2.29,9.1,994,Carlos Cortes,Keider Montero,6.0,DH,4:05p,1785701100000.0,False,False,,,,,,,
2026-08-02,668930,700712,MIL@LAA,Inside Breaking Ball Specialist (LH),3.3,1.92,1.002,1.047,0.9,1.96,8.9,1021,Brice Turang,Walbert Ureña,1.0,2B,3:15p,1785698100000.0,False,False,,,,,,,
2026-08-02,666182,645261,MIA@NYM,Middle Fastball Crusher,2.28,2.78,0.991,1.044,0.953,2.047,8.9,1028,Bo Bichette,Sandy Alcántara,3.0,3B,1:40p,1785692400000.0,False,False,,,,,,,
2026-08-02,667472,656605,PIT@CIN,Middle Slider Crusher,2.21,2.76,1.011,0.996,1.093,2.195,8.8,1040,Dane Myers,Mitch Keller,6.0,CF,1:40p,1785692400000.0,False,False,,,,,,,
2026-08-02,694497,663567,TEX@HOU,Middle Fastball Crusher (LH),2.72,2.69,1.004,1.0,0.912,2.194,8.8,1040,Evan Carter,Peter Lambert,6.0,CF,2:10p,1785694200000.0,False,False,,,,,,,
2026-08-02,678391,702275,WSH@ATL,Oppo Fastball Hunter (LH),1.88,3.51,1.0,1.032,1.065,2.372,8.7,1052,Jorbit Vivas,Jr Ritchie,8.0,3B,1:35p,1785692100000.0,False,False,,,,,,,
2026-08-02,606192,687562,BOS@LAD,Middle Fastball Crusher,3.24,2.36,1.001,1.0,0.9,2.255,8.6,1065,Teoscar Hernández,Jake Bennett,7.0,LF,7:20p,1785712800000.0,True,False,,,,,,,
2026-08-02,657757,694738,SF@SD,Middle Fastball Crusher (LH),3.65,2.01,1.002,1.02,0.917,2.252,8.6,1066,Gavin Sheets,Landen Roupp,7.0,RF,4:10p,1785701400000.0,False,False,,,,,,,
2026-08-02,678662,607625,KC@COL,Middle Slider Crusher,2.35,2.9,0.963,1.034,1.117,2.488,8.6,1058,Ezequiel Tovar,Seth Lugo,9.0,SS,3:10p,1785697800000.0,False,False,,,,,,,
2026-08-02,663647,656605,PIT@CIN,Inside Breaking Ball Specialist,2.39,2.76,1.012,0.996,1.093,2.378,8.3,1110,Ke'Bryan Hayes,Mitch Keller,9.0,3B,1:40p,1785692400000.0,False,False,,,,,,,
2026-08-02,701538,694738,SF@SD,Middle Fastball Crusher (LH),3.25,2.01,1.002,1.02,0.917,2.003,8.3,1103,Jackson Merrill,Landen Roupp,5.0,CF,4:10p,1785701400000.0,False,False,,,,,,,
2026-08-02,669397,677958,TEX@HOU,Middle Fastball Crusher,2.04,3.0,1.034,1.0,1.04,2.152,7.9,1167,Nick Allen,Kumar Rocker,8.0,SS,2:10p,1785694200000.0,False,False,,,,,,,
2026-08-02,665804,543037,NYY@CHC,Middle Slider Crusher,2.22,3.63,0.978,0.962,0.9,2.238,7.8,1184,Miguel Amaya,Gerrit Cole,9.0,C,2:20p,1785694800000.0,False,False,,,,,,,
2026-08-02,663743,641743,CWS@TB,Inside Breaking Ball Specialist,2.04,3.01,1.0,1.0,1.095,2.205,7.7,1203,Nick Fortes,Anthony Kay,9.0,C,1:40p,1785692400000.0,False,False,,,,,,,
2026-08-02,663586,676917,WSH@ATL,High Zone Fastball Hitter,2.77,2.23,1.004,1.032,0.983,2.061,7.6,1220,Austin Riley,Cade Cavalli,8.0,3B,1:35p,1785692100000.0,False,False,,,,,,,
2026-08-02,643289,676917,WSH@ATL,Oppo Fastball Hunter,2.47,2.23,1.009,1.032,0.983,1.846,7.4,1247,Mauricio Dubón,Cade Cavalli,6.0,LF,1:35p,1785692100000.0,False,False,,,,,,,
2026-08-02,666397,607625,KC@COL,Middle Slider Crusher (LH),1.73,2.9,0.966,1.034,1.117,1.832,7.0,1324,Edouard Julien,Seth Lugo,7.0,2B,3:10p,1785697800000.0,False,False,,,,,,,
2026-08-02,593871,645261,MIA@NYM,Middle Fastball Crusher (LH),2.01,2.78,0.99,1.044,0.953,1.802,6.6,1405,Jorge Polanco,Sandy Alcántara,8.0,DH,1:40p,1785692400000.0,False,False,,,,,,,
2026-08-02,663538,543037,NYY@CHC,Middle Fastball Crusher,1.6,3.63,0.978,0.962,0.9,1.615,6.5,1435,Nico Hoerner,Gerrit Cole,6.0,2B,2:20p,1785694800000.0,False,False,,,,,,,
2026-08-02,663656,687562,BOS@LAD,Middle Fastball Crusher (LH),2.3,2.36,0.996,1.0,0.9,1.593,6.4,1456,Kyle Tucker,Jake Bennett,6.0,RF,7:20p,1785712800000.0,True,False,,,,,,,
2026-08-02,661388,700712,MIL@LAA,Middle Fastball Crusher,2.45,1.92,1.003,1.047,0.9,1.456,6.3,1478,William Contreras,Walbert Ureña,4.0,C,3:15p,1785698100000.0,False,False,,,,,,,
2026-08-02,645302,671737,MIN@SEA,High Zone Fastball Hitter,1.52,3.3,1.004,1.0,0.958,1.58,6.1,1546,Víctor Robles,Taj Bradley,7.0,RF,4:10p,1785701400000.0,False,False,,,,,,,
2026-08-02,663968,695505,PIT@CIN,Inside Breaking Ball Specialist,1.53,2.91,1.012,0.996,0.9,1.323,6.1,1542,Jake Mangum,Chase Burns,1.0,LF,1:40p,1785692400000.0,False,False,,,,,,,
2026-08-02,810938,641743,CWS@TB,Middle Slider Crusher,1.48,3.01,1.0,1.0,1.095,1.599,6.1,1526,Ben Williamson,Anthony Kay,7.0,SS,1:40p,1785692400000.0,False,False,,,,,,,
2026-08-02,693304,695505,PIT@CIN,Oppo Fastball Hunter,1.73,2.91,1.011,0.996,0.9,1.491,6.0,1559,Nick Gonzales,Chase Burns,6.0,3B,1:40p,1785692400000.0,False,False,,,,,,,
2026-08-02,687859,607625,KC@COL,Inside Breaking Ball Specialist (LH),1.42,2.9,0.956,1.034,1.117,1.496,6.0,1554,Troy Johnston,Seth Lugo,6.0,RF,3:10p,1785697800000.0,False,False,,,,,,,
2026-08-02,656716,695611,DET@ATH,Inside Breaking Ball Specialist (LH),1.84,2.76,1.009,1.018,0.98,1.679,5.9,1599,Zach Mckinstry,Gage Jump,9.0,RF,4:05p,1785701100000.0,False,False,,,,,,,
2026-08-02,807712,669923,MIN@SEA,Oppo Fastball Hunter,1.64,3.03,1.0,1.0,0.968,1.578,5.8,1613,Luke Keaschall,George Kirby,8.0,CF,4:10p,1785701400000.0,False,False,,,,,,,
2026-08-02,683734,700712,MIL@LAA,Inside Breaking Ball Specialist,2.34,1.92,1.004,1.047,0.9,1.39,5.6,1676,Andrew Vaughn,Walbert Ureña,6.0,1B,3:15p,1785698100000.0,False,False,,,,,,,
2026-08-02,593428,694738,SF@SD,Middle Fastball Crusher,2.34,2.01,1.007,1.02,0.917,1.449,5.4,1762,Xander Bogaerts,Landen Roupp,8.0,SS,4:10p,1785701400000.0,False,False,,,,,,,
2026-08-02,630105,694738,SF@SD,Oppo Fastball Hunter (LH),1.96,2.01,0.987,1.02,0.917,1.191,5.4,1765,Jake Cronenworth,Landen Roupp,2.0,2B,4:10p,1785701400000.0,False,False,,,,,,,
2026-08-02,623168,694819,MIL@LAA,Oppo Fastball Hunter,1.9,2.41,1.006,1.047,0.9,1.416,5.0,1907,Tyler Heineman,Jacob Misiorowski,9.0,C,3:15p,1785698100000.0,False,False,,,,,,,
2026-08-02,683083,702275,WSH@ATL,Middle Fastball Crusher,0.97,3.51,0.991,1.032,1.065,1.217,4.7,2025,Nasim Nuñez,Jr Ritchie,7.0,2B,1:35p,1785692100000.0,False,False,,,,,,,
2026-08-02,650859,694738,SF@SD,Middle Slider Crusher,1.48,2.01,1.007,1.02,0.917,0.917,4.3,2250,Luis Rengifo,Landen Roupp,1.0,LF,4:10p,1785701400000.0,False,False,,,,,,,
2026-08-02,666152,700712,MIL@LAA,Middle Fastball Crusher (LH),1.77,1.92,1.006,1.047,0.9,1.057,3.7,2577,David Hamilton,Walbert Ureña,9.0,3B,3:15p,1785698100000.0,False,False,,,,,,,
2026-08-03,700250,700241,STL@NYY,Middle Fastball Crusher (LH),6.04,3.16,1.011,1.027,1.12,7.28,29.4,241,Ben Rice,Michael Mcgreevy,2.0,DH,7:05p,1785798300000.0,True,False,,,,,,,
2026-08-03,671277,700241,STL@NYY,Inside Breaking Ball Specialist (LH),5.4,3.16,1.024,1.027,1.12,6.591,26.4,279,Luis García,Michael Mcgreevy,3.0,1B,7:05p,1785798300000.0,True,False,,,,,,,
2026-08-03,665862,700241,STL@NYY,Middle Fastball Crusher (LH),3.71,3.16,1.011,1.027,1.12,4.472,17.3,480,Jazz Chisholm,Michael Mcgreevy,6.0,2B,7:05p,1785798300000.0,True,False,,,,,,,
2026-08-03,660271,571510,LAD@CHC,Middle Fastball Crusher (LH),4.68,2.49,0.976,0.995,1.013,3.765,16.6,504,Shohei Ohtani,Matt Boyd,1.0,DH,8:05p,1785801900000.0,True,False,,,,,,,
2026-08-03,663757,700241,STL@NYY,Oppo Fastball Hunter (LH),3.05,3.16,1.011,1.027,1.12,3.682,16.2,516,Trent Grisham,Michael Mcgreevy,1.0,CF,7:05p,1785798300000.0,True,False,,,,,,,
2026-08-03,656941,674841,WSH@PHI,Middle Slider Crusher (LH),6.2,1.63,1.006,1.011,1.035,3.494,15.1,563,Kyle Schwarber,Andrew Alvarez,2.0,DH,6:40p,1785796800000.0,True,False,,,,,,,
2026-08-03,691176,700241,STL@NYY,Middle Fastball Crusher (LH),2.93,3.16,1.011,1.027,1.12,3.529,14.3,600,Jasson Domínguez,Michael Mcgreevy,5.0,RF,7:05p,1785798300000.0,True,False,,,,,,,
2026-08-03,691023,693645,STL@NYY,Middle Fastball Crusher,4.35,2.41,0.998,1.027,0.9,3.169,13.8,627,Jordan Walker,Cam Schlittler,2.0,RF,7:05p,1785798300000.0,True,False,,,,,,,
2026-08-03,676609,700241,STL@NYY,Middle Fastball Crusher,3.19,3.16,0.998,1.027,1.12,3.793,13.6,635,José Caballero,Michael Mcgreevy,8.0,SS,7:05p,1785798300000.0,True,False,,,,,,,
2026-08-03,605141,571510,LAD@CHC,Inside Breaking Ball Specialist,3.8,2.49,0.961,0.995,1.013,3.013,12.3,713,Mookie Betts,Matt Boyd,5.0,SS,8:05p,1785801900000.0,True,False,,,,,,,
2026-08-03,669224,700241,STL@NYY,Oppo Fastball Hunter (LH),2.9,3.16,1.011,1.027,1.12,3.502,12.0,734,Austin Wells,Michael Mcgreevy,9.0,C,7:05p,1785798300000.0,True,False,,,,,,,
2026-08-03,694192,696149,PIT@MIL,Middle Fastball Crusher,3.54,2.38,0.99,1.0,0.975,2.663,11.7,757,Jackson Chourio,Bubba Chandler,2.0,LF,7:40p,1785800400000.0,True,False,,,,,,,
2026-08-03,608369,657277,SF@TEX,Middle Slider Crusher (LH),3.9,2.22,1.004,1.0,0.962,2.746,11.7,751,Corey Seager,Logan Webb,3.0,SS,8:05p,1785801900000.0,True,False,,,,,,,
2026-08-03,669394,657277,SF@TEX,Middle Fastball Crusher,4.11,2.22,1.006,1.0,0.962,2.895,11.4,774,Jake Burger,Logan Webb,6.0,1B,8:05p,1785801900000.0,True,False,,,,,,,
2026-08-03,668930,696149,PIT@MIL,Inside Breaking Ball Specialist (LH),3.28,2.38,0.97,1.0,0.975,2.417,10.9,817,Brice Turang,Bubba Chandler,1.0,2B,7:40p,1785800400000.0,True,False,,,,,,,
2026-08-03,547180,674841,WSH@PHI,Middle Fastball Crusher (LH),4.5,1.63,1.006,1.011,1.035,2.537,10.9,818,Bryce Harper,Andrew Alvarez,3.0,1B,6:40p,1785796800000.0,True,False,,,,,,,
2026-08-03,518692,571510,LAD@CHC,Middle Fastball Crusher (LH),3.16,2.49,0.976,0.995,1.013,2.544,10.9,820,Freddie Freeman,Matt Boyd,4.0,1B,8:05p,1785801900000.0,True,False,,,,,,,
2026-08-03,606192,571510,LAD@CHC,Middle Fastball Crusher,3.21,2.49,0.978,0.995,1.013,2.585,9.8,921,Teoscar Hernández,Matt Boyd,7.0,LF,8:05p,1785801900000.0,True,False,,,,,,,
2026-08-03,656537,674841,WSH@PHI,Inside Breaking Ball Specialist,4.15,1.63,1.008,1.011,1.035,2.342,8.6,1067,Derek Hill,Andrew Alvarez,8.0,CF,6:40p,1785796800000.0,True,False,,,,,,,
2026-08-03,607208,674841,WSH@PHI,Middle Fastball Crusher,3.27,1.63,1.008,1.011,1.035,1.843,8.4,1090,Trea Turner,Andrew Alvarez,1.0,SS,6:40p,1785796800000.0,True,False,,,,,,,
2026-08-03,677649,657277,SF@TEX,Middle Fastball Crusher,3.06,2.22,1.006,1.0,0.962,2.161,8.2,1113,Ezequiel Duran,Logan Webb,7.0,3B,8:05p,1785801900000.0,True,False,,,,,,,
2026-08-03,671056,693645,STL@NYY,Middle Slider Crusher,2.55,2.41,0.998,1.027,0.9,1.861,8.0,1143,Iván Herrera,Cam Schlittler,4.0,DH,7:05p,1785798300000.0,True,False,,,,,,,
2026-08-03,694497,657277,SF@TEX,Middle Fastball Crusher (LH),2.69,2.22,1.004,1.0,0.962,1.895,7.9,1169,Evan Carter,Logan Webb,5.0,CF,8:05p,1785801900000.0,True,False,,,,,,,
2026-08-03,661388,696149,PIT@MIL,Middle Fastball Crusher,2.43,2.38,0.99,1.0,0.975,1.83,7.9,1164,William Contreras,Bubba Chandler,4.0,C,7:40p,1785800400000.0,True,False,,,,,,,
2026-08-03,592885,696149,PIT@MIL,Middle Slider Crusher (LH),2.35,2.38,0.982,1.0,0.975,1.757,7.6,1208,Christian Yelich,Bubba Chandler,3.0,DH,7:40p,1785800400000.0,True,False,,,,,,,
2026-08-03,663656,571510,LAD@CHC,Middle Fastball Crusher (LH),2.29,2.49,0.976,0.995,1.013,1.838,7.4,1253,Kyle Tucker,Matt Boyd,6.0,RF,8:05p,1785801900000.0,True,False,,,,,,,
2026-08-03,664761,674841,WSH@PHI,Oppo Fastball Hunter,2.97,1.63,1.006,1.011,1.035,1.676,7.3,1276,Alec Bohm,Andrew Alvarez,4.0,3B,6:40p,1785796800000.0,True,False,,,,,,,
2026-08-03,683734,696149,PIT@MIL,Inside Breaking Ball Specialist,2.31,2.38,0.98,1.0,0.975,1.719,6.9,1344,Andrew Vaughn,Bubba Chandler,6.0,1B,7:40p,1785800400000.0,True,False,,,,,,,
2026-08-03,663457,693645,STL@NYY,Inside Breaking Ball Specialist (LH),2.2,2.41,1.024,1.027,0.9,1.643,6.9,1357,Lars Nootbaar,Cam Schlittler,5.0,LF,7:05p,1785798300000.0,True,False,,,,,,,
2026-08-03,665877,693645,STL@NYY,Middle Slider Crusher,2.52,2.41,0.998,1.027,0.9,1.84,6.8,1375,José Fermín,Cam Schlittler,8.0,3B,7:05p,1785798300000.0,True,False,,,,,,,
2026-08-03,624641,674841,WSH@PHI,Middle Fastball Crusher,2.81,1.63,1.008,1.011,1.035,1.587,6.1,1539,Edmundo Sosa,Andrew Alvarez,7.0,LF,6:40p,1785796800000.0,True,False,,,,,,,
2026-08-03,687401,696149,PIT@MIL,Middle Fastball Crusher,2.18,2.38,0.99,1.0,0.975,1.642,5.8,1636,Joey Ortiz,Bubba Chandler,9.0,SS,7:40p,1785800400000.0,True,False,,,,,,,
2026-08-03,666152,696149,PIT@MIL,Middle Fastball Crusher (LH),1.76,2.38,0.982,1.0,0.975,1.312,4.9,1953,David Hamilton,Bubba Chandler,8.0,3B,7:40p,1785800400000.0,True,False,,,,,,,
2026-08-03,691026,693645,STL@NYY,Middle Slider Crusher,1.41,2.41,0.998,1.027,0.9,1.024,4.2,2298,Masyn Winn,Cam Schlittler,6.0,SS,7:05p,1785798300000.0,True,False,,,,,,,
2026-08-04,665052,656550,MIA@ATL,Middle Fastball Crusher (LH),5.2,3.81,1.009,1.009,1.065,7.018,28.4,252,Griffin Conine,Grant Holmes,2.0,DH,7:15p,1785885300000.0,True,False,,,,,,,
2026-08-04,624413,680570,LAA@BAL,Oppo Fastball Hunter,4.39,3.78,1.015,1.027,1.12,6.347,26.0,284,Pete Alonso,Grayson Rodriguez,2.0,1B,6:35p,1785882900000.0,True,False,,,,,,,
2026-08-04,696100,642547,TB@COL,Middle Fastball Crusher,6.66,3.26,0.963,0.988,0.958,6.469,25.8,287,Hunter Goodman,Freddy Peralta,4.0,C,8:40p,1785890400000.0,True,False,,,,,,,
2026-08-04,641680,663903,ATH@CIN,Middle Slider Crusher (LH),4.06,4.06,1.011,1.022,1.081,6.026,24.2,313,Jonah Heim,Brady Singer,4.0,C,6:40p,1785883200000.0,True,False,,,,,,,
2026-08-04,691723,680570,LAA@BAL,Middle Fastball Crusher,4.41,3.78,1.006,1.027,1.12,6.309,23.6,323,Coby Mayo,Grayson Rodriguez,6.0,DH,6:35p,1785882900000.0,True,False,,,,,,,
2026-08-04,700250,690928,STL@NYY,Middle Fastball Crusher (LH),6.0,2.93,1.011,1.023,0.946,5.624,23.4,328,Ben Rice,Hunter Dobbins,2.0,DH,7:05p,1785884700000.0,True,False,,,,,,,
2026-08-04,691016,663903,ATH@CIN,Middle Fastball Crusher (LH),3.86,4.06,1.011,1.022,1.081,5.718,23.2,331,Tyler Soderstrom,Brady Singer,3.0,LF,6:40p,1785883200000.0,True,False,,,,,,,
2026-08-04,683357,656550,MIA@ATL,Middle Fastball Crusher (LH),4.24,3.81,1.009,1.009,1.065,5.718,23.1,333,Owen Caissie,Grant Holmes,4.0,RF,7:15p,1785885300000.0,True,False,,,,,,,
2026-08-04,669065,656550,MIA@ATL,Middle Slider Crusher (LH),3.98,3.81,1.009,1.009,1.065,5.376,23.0,336,Kyle Stowers,Grant Holmes,1.0,1B,7:15p,1785885300000.0,True,False,,,,,,,
2026-08-04,671277,690928,STL@NYY,Inside Breaking Ball Specialist (LH),5.56,2.93,1.024,1.023,0.946,5.276,21.6,363,Luis García,Hunter Dobbins,3.0,1B,7:05p,1785884700000.0,True,False,,,,,,,
2026-08-04,670541,702056,TOR@HOU,Inside Breaking Ball Specialist (LH),6.3,2.76,1.005,1.0,0.9,5.136,21.5,365,Yordan Álvarez,Trey Yesavage,2.0,DH,8:10p,1785888600000.0,True,False,,,,,,,
2026-08-04,621566,687473,MIA@ATL,Middle Fastball Crusher (LH),5.67,2.64,1.009,1.009,1.048,5.228,21.4,367,Matt Olson,Ryan Gusto,3.0,1B,7:15p,1785885300000.0,True,False,,,,,,,
2026-08-04,666160,642547,TB@COL,Inside Breaking Ball Specialist (LH),5.38,3.26,0.956,0.988,0.958,5.189,21.3,370,Mickey Moniak,Freddy Peralta,3.0,LF,8:40p,1785890400000.0,True,False,,,,,,,
2026-08-04,691023,677960,STL@NYY,Middle Fastball Crusher,4.31,3.42,0.998,1.023,1.021,5.021,21.1,374,Jordan Walker,Ryan Weathers,2.0,RF,7:05p,1785884700000.0,True,False,,,,,,,
2026-08-04,683002,680570,LAA@BAL,Middle Slider Crusher (LH),3.46,3.78,1.015,1.027,1.12,4.993,20.5,387,Gunnar Henderson,Grayson Rodriguez,3.0,SS,6:35p,1785882900000.0,True,False,,,,,,,
2026-08-04,668709,669372,ATH@CIN,Middle Fastball Crusher (LH),4.82,2.89,1.011,1.022,0.977,4.604,19.1,425,Jj Bleday,J. T. Ginn,3.0,LF,6:40p,1785883200000.0,True,False,,,,,,,
2026-08-04,701398,669372,ATH@CIN,Middle Fastball Crusher,4.59,2.89,1.011,1.022,0.977,4.38,18.6,437,Sal Stewart,J. T. Ginn,2.0,1B,6:40p,1785883200000.0,True,False,,,,,,,
2026-08-04,686948,687473,MIA@ATL,Oppo Fastball Hunter (LH),4.58,2.64,1.0,1.009,1.048,4.18,18.3,448,Drake Baldwin,Ryan Gusto,1.0,C,7:15p,1785885300000.0,True,False,,,,,,,
2026-08-04,695506,657746,MIN@KC,Middle Fastball Crusher (LH),4.14,3.32,1.0,1.0,0.916,4.114,17.2,482,Jac Caglianone,Joe Ryan,3.0,1B,7:40p,1785886800000.0,True,False,,,,,,,
2026-08-04,682829,669372,ATH@CIN,Middle Fastball Crusher,4.05,2.89,1.011,1.022,0.977,3.866,17.0,489,Elly De La Cruz,J. T. Ginn,1.0,SS,6:40p,1785883200000.0,True,False,,,,,,,
2026-08-04,671739,687473,MIA@ATL,Middle Fastball Crusher (LH),4.31,2.64,1.009,1.009,1.048,3.972,16.6,504,Michael Harris,Ryan Gusto,4.0,CF,7:15p,1785885300000.0,True,False,,,,,,,
2026-08-04,682657,640455,NYM@CLE,Inside Breaking Ball Specialist (LH),3.79,3.18,1.008,0.994,1.029,4.063,16.3,513,Angel Martínez,Sean Manaea,5.0,LF,6:40p,1785883200000.0,True,False,,,,,,,
2026-08-04,805779,663903,ATH@CIN,Inside Breaking Ball Specialist,2.52,4.06,1.012,1.022,1.081,3.735,16.1,523,Jacob Wilson,Brady Singer,2.0,SS,6:40p,1785883200000.0,True,False,,,,,,,
2026-08-04,665019,677976,MIN@KC,Middle Fastball Crusher (LH),4.4,2.56,1.0,1.0,1.043,3.848,16.1,522,Kody Clemens,Randy Dobnak,4.0,2B,7:40p,1785886800000.0,True,False,,,,,,,
2026-08-04,702616,680570,LAA@BAL,Middle Slider Crusher (LH),2.75,3.78,1.015,1.027,1.12,3.976,16.0,526,Jackson Holliday,Grayson Rodriguez,5.0,2B,6:35p,1785882900000.0,True,False,,,,,,,
2026-08-04,666176,640455,NYM@CLE,Middle Slider Crusher,3.41,3.18,1.015,0.994,1.029,3.679,15.8,532,Jo Adell,Sean Manaea,2.0,RF,6:40p,1785883200000.0,True,False,,,,,,,
2026-08-04,680777,677976,MIN@KC,Middle Fastball Crusher,4.18,2.56,1.0,1.0,1.043,3.654,15.7,536,Ryan Jeffers,Randy Dobnak,2.0,C,7:40p,1785886800000.0,True,False,,,,,,,
2026-08-04,681297,680570,LAA@BAL,Middle Fastball Crusher (LH),3.03,3.78,1.015,1.027,1.12,4.379,15.6,542,Colton Cowser,Grayson Rodriguez,8.0,CF,6:35p,1785882900000.0,True,False,,,,,,,
2026-08-04,642715,669022,SF@TEX,Middle Fastball Crusher,3.8,3.06,1.006,1.0,0.958,3.662,15.4,549,Willy Adames,Mackenzie Gore,3.0,SS,8:05p,1785888300000.0,True,False,,,,,,,
2026-08-04,553993,669372,ATH@CIN,Middle Slider Crusher,4.02,2.89,1.011,1.022,0.977,3.833,15.4,548,Eugenio Suárez,J. T. Ginn,5.0,DH,6:40p,1785883200000.0,True,False,,,,,,,
2026-08-04,695600,657746,MIN@KC,Middle Fastball Crusher (LH),3.48,3.32,1.0,1.0,0.916,3.458,15.3,553,Carter Jensen,Joe Ryan,1.0,C,7:40p,1785886800000.0,True,False,,,,,,,
2026-08-04,665161,702056,TOR@HOU,Middle Fastball Crusher,4.11,2.76,1.034,1.0,0.9,3.445,15.2,556,Jeremy Peña,Trey Yesavage,1.0,SS,8:10p,1785888600000.0,True,False,,,,,,,
2026-08-04,572233,702056,TOR@HOU,Middle Slider Crusher,4.46,2.76,1.034,1.0,0.9,3.739,15.1,563,Christian Walker,Trey Yesavage,5.0,1B,8:10p,1785888600000.0,True,False,,,,,,,
2026-08-04,666126,663903,ATH@CIN,Middle Slider Crusher (LH),2.8,4.06,1.011,1.022,1.081,4.153,14.8,575,Carlos Cortes,Brady Singer,8.0,DH,6:40p,1785883200000.0,True,False,,,,,,,
2026-08-04,521692,657746,MIN@KC,Middle Fastball Crusher,3.49,3.32,1.0,1.0,0.916,3.463,14.6,587,Salvador Pérez,Joe Ryan,4.0,DH,7:40p,1785886800000.0,True,False,,,,,,,
2026-08-04,694192,683003,PIT@MIL,Middle Fastball Crusher,3.5,3.23,0.99,1.0,0.9,3.293,14.3,601,Jackson Chourio,Jared Jones,2.0,LF,7:40p,1785886800000.0,True,False,,,,,,,
2026-08-04,682626,676282,NYM@CLE,Oppo Fastball Hunter,3.94,2.73,1.006,0.994,0.959,3.371,14.2,604,Francisco Álvarez,Joey Cantillo,4.0,DH,6:40p,1785883200000.0,True,False,,,,,,,
2026-08-04,672356,640455,NYM@CLE,Middle Fastball Crusher,3.47,3.18,1.015,0.994,1.029,3.743,13.9,617,Gabriel Arias,Sean Manaea,7.0,3B,6:40p,1785883200000.0,True,False,,,,,,,
2026-08-04,677951,657746,MIN@KC,Middle Slider Crusher,3.12,3.32,1.0,1.0,0.916,3.1,13.5,642,Bobby Witt,Joe Ryan,2.0,SS,7:40p,1785886800000.0,True,False,,,,,,,
2026-08-04,665862,690928,STL@NYY,Middle Fastball Crusher (LH),3.68,2.93,1.011,1.023,0.946,3.454,13.5,639,Jazz Chisholm,Hunter Dobbins,6.0,2B,7:05p,1785884700000.0,True,False,,,,,,,
2026-08-04,663757,690928,STL@NYY,Oppo Fastball Hunter (LH),3.23,2.93,1.011,1.023,0.946,3.029,13.5,640,Trent Grisham,Hunter Dobbins,1.0,CF,7:05p,1785884700000.0,True,False,,,,,,,
2026-08-04,668930,683003,PIT@MIL,Inside Breaking Ball Specialist (LH),3.25,3.23,0.97,1.0,0.9,2.995,13.4,648,Brice Turang,Jared Jones,1.0,2B,7:40p,1785886800000.0,True,False,,,,,,,
2026-08-04,645277,687473,MIA@ATL,Middle Fastball Crusher,3.59,2.64,0.991,1.009,1.048,3.246,13.2,657,Ozzie Albies,Ryan Gusto,5.0,2B,7:15p,1785885300000.0,True,False,,,,,,,
2026-08-04,664983,642547,TB@COL,Middle Fastball Crusher (LH),2.96,3.26,0.966,0.988,0.958,2.884,12.9,675,Jake Mccarthy,Freddy Peralta,1.0,DH,8:40p,1785890400000.0,True,False,,,,,,,
2026-08-04,575929,663436,CWS@BOS,Middle Slider Crusher,4.89,1.82,1.037,0.999,1.013,3.05,12.9,674,Willson Contreras,Davis Martin,4.0,1B,7:10p,1785885000000.0,True,False,,,,,,,
2026-08-04,668904,677976,MIN@KC,Middle Fastball Crusher,3.59,2.56,1.0,1.0,1.043,3.134,12.8,683,Royce Lewis,Randy Dobnak,5.0,1B,7:40p,1785886800000.0,True,False,,,,,,,
2026-08-04,671056,677960,STL@NYY,Middle Slider Crusher,2.54,3.42,0.998,1.023,1.021,2.951,12.6,695,Iván Herrera,Ryan Weathers,3.0,DH,7:05p,1785884700000.0,True,False,,,,,,,
2026-08-04,665877,677960,STL@NYY,Middle Slider Crusher,2.48,3.42,0.998,1.023,1.021,2.891,12.3,715,José Fermín,Ryan Weathers,4.0,3B,7:05p,1785884700000.0,True,False,,,,,,,
2026-08-04,686797,677976,MIN@KC,Middle Fastball Crusher,3.54,2.56,1.0,1.0,1.043,3.098,12.2,719,Brooks Lee,Randy Dobnak,6.0,3B,7:40p,1785886800000.0,True,False,,,,,,,
2026-08-04,672640,656550,MIA@ATL,Middle Fastball Crusher,2.13,3.81,0.991,1.009,1.065,2.829,12.1,728,Otto Lopez,Grant Holmes,3.0,SS,7:15p,1785885300000.0,True,False,,,,,,,
2026-08-04,663886,669372,ATH@CIN,Middle Fastball Crusher,2.98,2.89,1.011,1.022,0.977,2.846,12.1,727,Tyler Stephenson,J. T. Ginn,4.0,C,6:40p,1785883200000.0,True,False,,,,,,,
2026-08-04,671218,690928,STL@NYY,Inside Breaking Ball Specialist,3.0,2.93,1.014,1.023,0.946,2.823,12.0,733,Heliot Ramos,Hunter Dobbins,4.0,LF,7:05p,1785884700000.0,True,False,,,,,,,
2026-08-04,650489,642547,TB@COL,Middle Fastball Crusher,3.12,3.26,0.963,0.988,0.958,3.028,11.4,777,Willi Castro,Freddy Peralta,7.0,2B,8:40p,1785890400000.0,True,False,,,,,,,
2026-08-04,605137,677976,MIN@KC,Middle Fastball Crusher (LH),3.0,2.56,1.0,1.0,1.043,2.625,11.3,789,Josh Bell,Randy Dobnak,3.0,DH,7:40p,1785886800000.0,True,False,,,,,,,
2026-08-04,686681,657746,MIN@KC,Inside Breaking Ball Specialist (LH),2.77,3.32,1.0,1.0,0.916,2.752,11.3,786,Michael Massey,Joe Ryan,5.0,2B,7:40p,1785886800000.0,True,False,,,,,,,
2026-08-04,686780,677960,STL@NYY,Middle Fastball Crusher,2.64,3.42,0.998,1.023,1.021,3.078,10.6,844,Pedro Pagés,Ryan Weathers,9.0,C,7:05p,1785884700000.0,True,False,,,,,,,
2026-08-04,543760,676282,NYM@CLE,Middle Fastball Crusher,3.21,2.73,1.015,0.994,0.959,2.774,10.5,854,Marcus Semien,Joey Cantillo,7.0,2B,6:40p,1785883200000.0,True,False,,,,,,,
2026-08-04,642086,687473,MIA@ATL,High Zone Fastball Hitter (LH),3.05,2.64,1.002,1.009,1.048,2.788,10.5,849,Dominic Smith,Ryan Gusto,7.0,DH,7:15p,1785885300000.0,True,False,,,,,,,
2026-08-04,514888,702056,TOR@HOU,Middle Fastball Crusher,3.12,2.76,1.034,1.0,0.9,2.614,10.4,863,José Altuve,Trey Yesavage,6.0,2B,8:10p,1785888600000.0,True,False,,,,,,,
2026-08-04,665966,680570,LAA@BAL,Middle Slider Crusher,2.1,3.78,1.006,1.027,1.12,3.013,10.4,863,Carlos Narváez,Grayson Rodriguez,9.0,C,6:35p,1785882900000.0,True,False,,,,,,,
2026-08-04,595978,640455,NYM@CLE,Middle Fastball Crusher,2.65,3.18,1.015,0.994,1.029,2.865,10.4,861,Austin Hedges,Sean Manaea,8.0,C,6:40p,1785883200000.0,True,False,,,,,,,
2026-08-04,673237,702056,TOR@HOU,Oppo Fastball Hunter,3.46,2.76,1.004,1.0,0.9,2.821,10.3,875,Yainer Diaz,Trey Yesavage,8.0,C,8:10p,1785888600000.0,True,False,,,,,,,
2026-08-04,669224,690928,STL@NYY,Oppo Fastball Hunter (LH),3.15,2.93,1.011,1.023,0.946,2.949,10.2,883,Austin Wells,Hunter Dobbins,9.0,C,7:05p,1785884700000.0,True,False,,,,,,,
2026-08-04,673357,676282,NYM@CLE,Inside Breaking Ball Specialist,2.97,2.73,1.018,0.994,0.959,2.576,10.2,877,Luis Robert,Joey Cantillo,6.0,CF,6:40p,1785883200000.0,True,False,,,,,,,
2026-08-04,691720,642547,TB@COL,Middle Fastball Crusher,2.58,3.26,0.963,0.988,0.958,2.508,10.0,902,Kyle Karros,Freddy Peralta,6.0,3B,8:40p,1785890400000.0,True,False,,,,,,,
2026-08-04,661388,683003,PIT@MIL,Middle Fastball Crusher,2.42,3.23,0.99,1.0,0.9,2.271,9.7,926,William Contreras,Jared Jones,4.0,C,7:40p,1785886800000.0,True,False,,,,,,,
2026-08-04,666211,702056,TOR@HOU,Oppo Fastball Hunter (LH),3.01,2.76,1.025,1.0,0.9,2.504,9.5,953,Taylor Trammell,Trey Yesavage,7.0,LF,8:10p,1785888600000.0,True,False,,,,,,,
2026-08-04,677800,663436,CWS@BOS,Inside Breaking Ball Specialist (LH),3.47,1.82,1.059,0.999,1.013,2.211,9.5,947,Wilyer Abreu,Davis Martin,3.0,RF,7:10p,1785885000000.0,True,False,,,,,,,
2026-08-04,663647,669372,ATH@CIN,Inside Breaking Ball Specialist,2.71,2.89,1.012,1.022,0.977,2.59,9.4,959,Ke'Bryan Hayes,J. T. Ginn,8.0,3B,6:40p,1785883200000.0,True,False,,,,,,,
2026-08-04,805300,656550,MIA@ATL,Middle Slider Crusher (LH),1.75,3.81,1.009,1.009,1.065,2.361,9.4,962,Jakob Marsee,Grant Holmes,6.0,CF,7:15p,1785885300000.0,True,False,,,,,,,
2026-08-04,678882,663436,CWS@BOS,Middle Slider Crusher,3.33,1.82,1.037,0.999,1.013,2.074,9.2,988,Ceddanne Rafaela,Davis Martin,2.0,CF,7:10p,1785885000000.0,True,False,,,,,,,
2026-08-04,663586,687473,MIA@ATL,High Zone Fastball Hitter,2.75,2.64,1.004,1.009,1.048,2.525,9.2,985,Austin Riley,Ryan Gusto,8.0,3B,7:15p,1785885300000.0,True,False,,,,,,,
2026-08-04,701358,702056,TOR@HOU,Middle Fastball Crusher,3.11,2.76,1.034,1.0,0.9,2.609,9.0,1006,Cam Smith,Trey Yesavage,9.0,RF,8:10p,1785888600000.0,True,False,,,,,,,
2026-08-04,679845,657746,MIN@KC,Oppo Fastball Hunter,2.25,3.32,1.0,1.0,0.916,2.236,8.9,1019,Nick Loftin,Joe Ryan,6.0,3B,7:40p,1785886800000.0,True,False,,,,,,,
2026-08-04,677587,640455,NYM@CLE,Middle Slider Crusher (LH),2.31,3.18,1.006,0.994,1.029,2.473,8.6,1065,Brayan Rocchio,Sean Manaea,9.0,SS,6:40p,1785883200000.0,True,False,,,,,,,
2026-08-04,666182,676282,NYM@CLE,Middle Fastball Crusher,2.27,2.73,1.015,0.994,0.959,1.958,8.5,1078,Bo Bichette,Joey Cantillo,3.0,3B,6:40p,1785883200000.0,True,False,,,,,,,
2026-08-04,678662,642547,TB@COL,Middle Slider Crusher,2.51,3.26,0.963,0.988,0.958,2.444,8.5,1079,Ezequiel Tovar,Freddy Peralta,9.0,SS,8:40p,1785890400000.0,True,False,,,,,,,
2026-08-04,691594,656550,MIA@ATL,Middle Fastball Crusher,1.84,3.81,0.991,1.009,1.065,2.433,8.4,1084,Javier Sanoja,Grant Holmes,9.0,2B,7:15p,1785885300000.0,True,False,,,,,,,
2026-08-04,667472,669372,ATH@CIN,Middle Slider Crusher,2.17,2.89,1.011,1.022,0.977,2.074,8.3,1104,Dane Myers,J. T. Ginn,6.0,CF,6:40p,1785883200000.0,True,False,,,,,,,
2026-08-04,592885,683003,PIT@MIL,Middle Slider Crusher (LH),2.33,3.23,0.982,1.0,0.9,2.178,8.3,1105,Christian Yelich,Jared Jones,7.0,DH,7:40p,1785886800000.0,True,False,,,,,,,
2026-08-04,687597,642547,TB@COL,Middle Fastball Crusher,2.25,3.26,0.963,0.988,0.958,2.183,8.0,1149,Jordan Beck,Freddy Peralta,8.0,RF,8:40p,1785890400000.0,True,False,,,,,,,
2026-08-04,662139,702056,TOR@HOU,Oppo Fastball Hunter (LH),2.17,2.76,1.025,1.0,0.9,1.807,7.8,1179,Daulton Varsho,Trey Yesavage,4.0,CF,8:10p,1785888600000.0,True,False,,,,,,,
2026-08-04,664728,657746,MIN@KC,Middle Fastball Crusher (LH),2.2,3.32,1.0,1.0,0.916,2.186,7.6,1213,Kyle Isbel,Joe Ryan,9.0,CF,7:40p,1785886800000.0,True,False,,,,,,,
2026-08-04,686555,657746,MIN@KC,Inside Breaking Ball Specialist,1.97,3.32,1.0,1.0,0.916,1.952,7.5,1240,Isaac Collins,Joe Ryan,7.0,LF,7:40p,1785886800000.0,True,False,,,,,,,
2026-08-04,680776,663436,CWS@BOS,Middle Fastball Crusher (LH),3.12,1.82,1.044,0.999,1.013,1.959,7.5,1235,Jarren Duran,Davis Martin,7.0,LF,7:10p,1785885000000.0,True,False,,,,,,,
2026-08-04,702332,663436,CWS@BOS,Middle Fastball Crusher,2.69,1.82,1.037,0.999,1.013,1.674,6.7,1382,Caleb Durbin,Davis Martin,6.0,3B,7:10p,1785885000000.0,True,False,,,,,,,
2026-08-04,691026,677960,STL@NYY,Middle Slider Crusher,1.39,3.42,0.998,1.023,1.021,1.623,6.5,1427,Masyn Winn,Ryan Weathers,6.0,SS,7:05p,1785884700000.0,True,False,,,,,,,
2026-08-04,655316,663436,CWS@BOS,Middle Slider Crusher,2.84,1.82,1.037,0.999,1.013,1.768,6.5,1434,Andruw Monasterio,Davis Martin,8.0,SS,7:10p,1785885000000.0,True,False,,,,,,,
2026-08-04,807799,663436,CWS@BOS,Middle Fastball Crusher (LH),2.31,1.82,1.044,0.999,1.013,1.451,6.1,1545,Masataka Yoshida,Davis Martin,5.0,DH,7:10p,1785885000000.0,True,False,,,,,,,
2026-08-04,807712,677976,MIN@KC,Oppo Fastball Hunter,1.82,2.56,1.0,1.0,1.043,1.592,5.9,1599,Luke Keaschall,Randy Dobnak,8.0,CF,7:40p,1785886800000.0,True,False,,,,,,,
2026-08-04,666152,683003,PIT@MIL,Middle Fastball Crusher (LH),1.75,3.23,0.982,1.0,0.9,1.633,5.7,1646,David Hamilton,Jared Jones,9.0,3B,7:40p,1785886800000.0,True,False,,,,,,,
2026-08-04,620443,676282,NYM@CLE,Middle Fastball Crusher,1.76,2.73,1.015,0.994,0.959,1.516,5.3,1777,Luis Torrens,Joey Cantillo,9.0,C,6:40p,1785883200000.0,True,False,,,,,,,
2026-08-04,657136,663436,CWS@BOS,Oppo Fastball Hunter,1.98,1.82,1.044,0.999,1.013,1.244,4.4,2180,Connor Wong,Davis Martin,9.0,C,7:10p,1785885000000.0,True,False,,,,,,,
2026-08-05,670541,592791,TOR@HOU,Inside Breaking Ball Specialist (LH),6.25,6.2,1.005,1.0,1.12,14.27,50.7,-103,Yordan Álvarez,Jameson Taillon,2.0,DH,2:10p,1785953400000.0,False,False,,,,,,,
2026-08-05,665161,592791,TOR@HOU,Middle Fastball Crusher,4.06,6.2,1.034,1.0,1.12,9.531,37.7,165,Jeremy Peña,Jameson Taillon,1.0,SS,2:10p,1785953400000.0,False,False,,,,,,,
2026-08-05,572233,592791,TOR@HOU,Middle Slider Crusher,4.43,6.2,1.034,1.0,1.12,10.401,36.5,174,Christian Walker,Jameson Taillon,6.0,1B,2:10p,1785953400000.0,False,False,,,,,,,
2026-08-05,691406,608372,TB@COL,Oppo Fastball Hunter,5.77,4.42,0.966,1.001,1.12,9.037,34.6,189,Junior Caminero,Tomoyuki Sugano,3.0,3B,3:10p,1785957000000.0,False,False,,,,,,,
2026-08-05,656941,663623,WSH@PHI,Middle Slider Crusher (LH),6.12,3.41,1.006,1.015,1.12,7.818,31.9,213,Kyle Schwarber,Jake Irvin,1.0,DH,6:40p,1785969600000.0,True,False,,,,,,,
2026-08-05,695506,665152,MIN@KC,Middle Fastball Crusher (LH),4.11,5.46,1.0,1.0,1.076,7.895,30.9,224,Jac Caglianone,Dean Kremer,3.0,1B,7:40p,1785973200000.0,True,False,,,,,,,
2026-08-05,666211,592791,TOR@HOU,Oppo Fastball Hunter (LH),3.31,6.2,1.025,1.0,1.12,7.713,29.1,243,Taylor Trammell,Jameson Taillon,5.0,RF,2:10p,1785953400000.0,False,False,,,,,,,
2026-08-05,514888,592791,TOR@HOU,Middle Fastball Crusher,3.09,6.2,1.034,1.0,1.12,7.263,28.7,248,José Altuve,Jameson Taillon,3.0,2B,2:10p,1785953400000.0,False,False,,,,,,,
2026-08-05,695600,665152,MIN@KC,Middle Fastball Crusher (LH),3.45,5.46,1.0,1.0,1.076,6.626,27.6,262,Carter Jensen,Dean Kremer,1.0,DH,7:40p,1785973200000.0,True,False,,,,,,,
2026-08-05,521692,665152,MIN@KC,Middle Fastball Crusher,3.46,5.46,1.0,1.0,1.076,6.649,26.5,278,Salvador Pérez,Dean Kremer,4.0,C,7:40p,1785973200000.0,True,False,,,,,,,
2026-08-05,673237,592791,TOR@HOU,Oppo Fastball Hunter,3.42,6.2,1.004,1.0,1.12,7.808,26.5,278,Yainer Diaz,Jameson Taillon,8.0,C,2:10p,1785953400000.0,False,False,,,,,,,
2026-08-05,660271,684007,LAD@CHC,Middle Fastball Crusher (LH),4.62,4.33,0.976,1.007,0.945,6.079,25.6,290,Shohei Ohtani,Shota Imanaga,1.0,DH,2:20p,1785954000000.0,False,False,,,,,,,
2026-08-05,677951,665152,MIN@KC,Middle Slider Crusher,3.09,5.46,1.0,1.0,1.076,5.938,24.5,308,Bobby Witt,Dean Kremer,2.0,SS,7:40p,1785973200000.0,True,False,,,,,,,
2026-08-05,665052,693821,MIA@ATL,Middle Fastball Crusher (LH),5.12,3.61,1.009,1.007,0.979,6.011,24.2,314,Griffin Conine,Bryce Elder,4.0,RF,7:15p,1785971700000.0,True,False,,,,,,,
2026-08-05,547180,663623,WSH@PHI,Middle Fastball Crusher (LH),4.61,3.41,1.006,1.015,1.12,5.889,23.8,319,Bryce Harper,Jake Irvin,3.0,RF,6:40p,1785969600000.0,True,False,,,,,,,
2026-08-05,571970,684007,LAD@CHC,Oppo Fastball Hunter (LH),4.8,4.33,0.978,1.007,0.945,6.329,22.7,341,Max Muncy,Shota Imanaga,7.0,3B,2:20p,1785954000000.0,False,False,,,,,,,
2026-08-05,666160,607259,TB@COL,Inside Breaking Ball Specialist (LH),5.58,3.03,0.956,1.001,1.043,5.517,22.5,345,Mickey Moniak,Nick Martínez,3.0,DH,3:10p,1785957000000.0,False,False,,,,,,,
2026-08-05,621566,691587,MIA@ATL,Middle Fastball Crusher (LH),5.64,3.06,1.009,1.007,0.958,5.492,22.4,347,Matt Olson,Eury Pérez,3.0,1B,7:15p,1785971700000.0,True,False,,,,,,,
2026-08-05,664023,641778,LAD@CHC,Middle Fastball Crusher,3.67,4.76,0.978,1.007,1.054,5.924,21.4,368,Ian Happ,Eric Lauer,7.0,LF,2:20p,1785954000000.0,False,False,,,,,,,
2026-08-05,621020,641778,LAD@CHC,Middle Fastball Crusher,3.8,4.76,0.978,1.007,1.054,6.139,21.3,369,Dansby Swanson,Eric Lauer,8.0,SS,2:20p,1785954000000.0,False,False,,,,,,,
2026-08-05,701398,682052,ATH@CIN,Middle Fastball Crusher,4.56,3.48,1.011,1.023,0.946,5.082,21.3,369,Sal Stewart,Jacob Lopez,2.0,1B,6:40p,1785969600000.0,True,False,,,,,,,
2026-08-05,686611,691725,WSH@PHI,Middle Fastball Crusher,3.37,4.15,1.008,1.015,1.103,5.163,21.2,372,Dylan Crews,Andrew Painter,3.0,RF,6:40p,1785969600000.0,True,False,,,,,,,
2026-08-05,686681,665152,MIN@KC,Inside Breaking Ball Specialist (LH),2.75,5.46,1.0,1.0,1.076,5.272,20.7,382,Michael Massey,Dean Kremer,5.0,2B,7:40p,1785973200000.0,True,False,,,,,,,
2026-08-05,662139,592791,TOR@HOU,Oppo Fastball Hunter (LH),2.15,6.2,1.025,1.0,1.12,5.021,20.5,387,Daulton Varsho,Jameson Taillon,4.0,CF,2:10p,1785953400000.0,False,False,,,,,,,
2026-08-05,668709,682052,ATH@CIN,Middle Fastball Crusher (LH),4.78,3.48,1.011,1.023,0.946,5.332,20.3,393,Jj Bleday,Jacob Lopez,6.0,LF,6:40p,1785969600000.0,True,False,,,,,,,
2026-08-05,656775,608372,TB@COL,Middle Slider Crusher (LH),3.35,4.42,0.966,1.001,1.12,5.251,20.0,400,Cedric Mullins,Tomoyuki Sugano,6.0,CF,3:10p,1785957000000.0,False,False,,,,,,,
2026-08-05,669065,693821,MIA@ATL,Middle Slider Crusher (LH),3.95,3.61,1.009,1.007,0.979,4.637,19.6,410,Kyle Stowers,Bryce Elder,2.0,1B,7:15p,1785971700000.0,True,False,,,,,,,
2026-08-05,682829,682052,ATH@CIN,Middle Fastball Crusher,4.02,3.48,1.011,1.023,0.946,4.482,19.5,414,Elly De La Cruz,Jacob Lopez,1.0,SS,6:40p,1785969600000.0,True,False,,,,,,,
2026-08-05,686948,691587,MIA@ATL,Oppo Fastball Hunter (LH),4.54,3.06,1.0,1.007,0.958,4.386,19.1,424,Drake Baldwin,Eury Pérez,1.0,DH,7:15p,1785971700000.0,True,False,,,,,,,
2026-08-05,695734,691725,WSH@PHI,Inside Breaking Ball Specialist (LH),3.0,4.15,1.002,1.015,1.103,4.57,18.8,431,Daylen Lile,Andrew Painter,4.0,LF,6:40p,1785969600000.0,True,False,,,,,,,
2026-08-05,683357,693821,MIA@ATL,Middle Fastball Crusher (LH),4.19,3.61,1.009,1.007,0.979,4.919,18.8,431,Owen Caissie,Bryce Elder,6.0,DH,7:15p,1785971700000.0,True,False,,,,,,,
2026-08-05,605141,684007,LAD@CHC,Inside Breaking Ball Specialist,3.75,4.33,0.961,1.007,0.945,4.854,18.6,437,Mookie Betts,Shota Imanaga,6.0,SS,2:20p,1785954000000.0,False,False,,,,,,,
2026-08-05,695657,543243,CWS@BOS,Oppo Fastball Hunter (LH),5.06,2.71,1.037,0.997,0.961,4.453,18.4,443,Colson Montgomery,Sonny Gray,4.0,SS,7:10p,1785971400000.0,True,False,,,,,,,
2026-08-05,553993,682052,ATH@CIN,Middle Slider Crusher,3.98,3.48,1.011,1.023,0.946,4.437,18.3,445,Eugenio Suárez,Jacob Lopez,4.0,DH,6:40p,1785969600000.0,True,False,,,,,,,
2026-08-05,700250,669467,STL@NYY,Middle Fastball Crusher (LH),5.96,2.26,1.011,1.015,0.948,4.281,18.2,449,Ben Rice,Andre Pallante,2.0,DH,7:05p,1785971100000.0,True,False,,,,,,,
2026-08-05,672960,686613,TOR@HOU,Oppo Fastball Hunter,4.84,2.82,1.004,1.0,0.948,4.251,18.1,452,Kazuma Okamoto,Hunter Brown,2.0,1B,2:10p,1785953400000.0,False,False,,,,,,,
2026-08-05,682626,676440,NYM@CLE,Oppo Fastball Hunter,3.9,3.58,1.006,0.996,1.027,4.694,18.0,454,Francisco Álvarez,Tanner Bibee,6.0,C,6:40p,1785969600000.0,True,False,,,,,,,
2026-08-05,665019,702070,MIN@KC,Middle Fastball Crusher (LH),4.37,2.86,1.0,1.0,1.048,4.289,17.8,463,Kody Clemens,Noah Cameron,4.0,CF,7:40p,1785973200000.0,True,False,,,,,,,
2026-08-05,607208,663623,WSH@PHI,Middle Fastball Crusher,3.22,3.41,1.008,1.015,1.12,4.126,17.6,468,Trea Turner,Jake Irvin,2.0,SS,6:40p,1785969600000.0,True,False,,,,,,,
2026-08-05,680777,702070,MIN@KC,Middle Fastball Crusher,4.12,2.86,1.0,1.0,1.048,4.042,17.3,479,Ryan Jeffers,Noah Cameron,2.0,C,7:40p,1785973200000.0,True,False,,,,,,,
2026-08-05,671739,691587,MIA@ATL,Middle Fastball Crusher (LH),4.28,3.06,1.009,1.007,0.958,4.17,17.3,477,Michael Harris,Eury Pérez,4.0,CF,7:15p,1785971700000.0,True,False,,,,,,,
2026-08-05,641680,695076,ATH@CIN,Middle Slider Crusher (LH),4.02,2.77,1.011,1.023,1.107,4.175,17.3,477,Jonah Heim,Rhett Lowder,4.0,C,6:40p,1785969600000.0,True,False,,,,,,,
2026-08-05,518692,684007,LAD@CHC,Middle Fastball Crusher (LH),3.12,4.33,0.976,1.007,0.945,4.108,17.2,483,Freddie Freeman,Shota Imanaga,3.0,1B,2:20p,1785954000000.0,False,False,,,,,,,
2026-08-05,608348,641778,LAD@CHC,Inside Breaking Ball Specialist,2.55,4.76,0.961,1.007,1.054,4.052,16.9,493,Carson Kelly,Eric Lauer,4.0,C,2:20p,1785954000000.0,False,False,,,,,,,
2026-08-05,671277,669467,STL@NYY,Inside Breaking Ball Specialist (LH),5.51,2.26,1.024,1.015,0.948,4.012,16.8,496,Luis García,Andre Pallante,3.0,1B,7:05p,1785971100000.0,True,False,,,,,,,
2026-08-05,678246,543243,CWS@BOS,Middle Fastball Crusher,4.57,2.71,1.037,0.997,0.961,4.028,16.8,494,Miguel Vargas,Sonny Gray,3.0,3B,7:10p,1785971400000.0,True,False,,,,,,,
2026-08-05,575929,680732,CWS@BOS,Middle Slider Crusher,4.86,2.67,1.037,0.997,0.916,4.015,16.7,498,Willson Contreras,Sean Burke,4.0,1B,7:10p,1785971400000.0,True,False,,,,,,,
2026-08-05,624413,672282,LAA@BAL,Oppo Fastball Hunter,4.36,2.95,1.015,0.999,0.906,3.876,16.6,502,Pete Alonso,Reid Detmers,2.0,1B,6:35p,1785969300000.0,True,False,,,,,,,
2026-08-05,691016,695076,ATH@CIN,Middle Fastball Crusher (LH),3.83,2.77,1.011,1.023,1.107,3.976,16.6,501,Tyler Soderstrom,Rhett Lowder,3.0,LF,6:40p,1785969600000.0,True,False,,,,,,,
2026-08-05,669397,592791,TOR@HOU,Middle Fastball Crusher,2.0,6.2,1.034,1.0,1.12,4.707,15.9,530,Nick Allen,Jameson Taillon,9.0,3B,2:10p,1785953400000.0,False,False,,,,,,,
2026-08-05,679845,665152,MIN@KC,Oppo Fastball Hunter,2.23,5.46,1.0,1.0,1.076,4.279,15.8,532,Nick Loftin,Dean Kremer,7.0,3B,7:40p,1785973200000.0,True,False,,,,,,,
2026-08-05,608324,641778,LAD@CHC,Oppo Fastball Hunter,2.33,4.76,0.976,1.007,1.054,3.76,15.8,533,Alex Bregman,Eric Lauer,3.0,3B,2:20p,1785954000000.0,False,False,,,,,,,
2026-08-05,691723,672282,LAA@BAL,Middle Fastball Crusher,4.37,2.95,1.006,0.999,0.906,3.849,15.5,545,Coby Mayo,Reid Detmers,5.0,DH,6:35p,1785969300000.0,True,False,,,,,,,
2026-08-05,624431,682052,ATH@CIN,Middle Fastball Crusher,3.7,3.48,1.011,1.023,0.946,4.13,15.3,554,Jose Trevino,Jacob Lopez,7.0,C,6:40p,1785969600000.0,True,False,,,,,,,
2026-08-05,664761,663623,WSH@PHI,Oppo Fastball Hunter,2.93,3.41,1.006,1.015,1.12,3.748,15.1,562,Alec Bohm,Jake Irvin,5.0,1B,6:40p,1785969600000.0,True,False,,,,,,,
2026-08-05,677588,691725,WSH@PHI,Middle Fastball Crusher (LH),2.54,4.15,1.006,1.015,1.103,3.888,15.1,561,José Tena,Andrew Painter,6.0,DH,6:40p,1785969600000.0,True,False,,,,,,,
2026-08-05,682622,682052,ATH@CIN,Inside Breaking Ball Specialist,3.25,3.48,1.012,1.023,0.946,3.633,14.7,581,Noelvi Marte,Jacob Lopez,5.0,RF,6:40p,1785969600000.0,True,False,,,,,,,
2026-08-05,686555,665152,MIN@KC,Inside Breaking Ball Specialist,1.95,5.46,1.0,1.0,1.076,3.743,14.6,585,Isaac Collins,Dean Kremer,6.0,LF,7:40p,1785973200000.0,True,False,,,,,,,
2026-08-05,645277,691587,MIA@ATL,Middle Fastball Crusher,3.73,3.06,0.991,1.007,0.958,3.568,14.4,593,Ozzie Albies,Eury Pérez,5.0,2B,7:15p,1785971700000.0,True,False,,,,,,,
2026-08-05,696285,691725,WSH@PHI,Middle Fastball Crusher,2.77,4.15,1.008,1.015,1.103,4.239,14.4,596,Jacob Young,Andrew Painter,9.0,CF,6:40p,1785969600000.0,True,False,,,,,,,
2026-08-05,664728,665152,MIN@KC,Middle Fastball Crusher (LH),2.17,5.46,1.0,1.0,1.076,4.17,14.2,606,Kyle Isbel,Dean Kremer,9.0,CF,7:40p,1785973200000.0,True,False,,,,,,,
2026-08-05,668904,702070,MIN@KC,Middle Fastball Crusher,3.55,2.86,1.0,1.0,1.048,3.489,14.1,608,Royce Lewis,Noah Cameron,5.0,2B,7:40p,1785973200000.0,True,False,,,,,,,
2026-08-05,663993,681035,NYM@CLE,Oppo Fastball Hunter (LH),3.92,2.6,1.011,0.996,0.951,3.196,13.5,641,Nathaniel Lowe,Christian Scott,4.0,1B,6:40p,1785969600000.0,True,False,,,,,,,
2026-08-05,677800,680732,CWS@BOS,Inside Breaking Ball Specialist (LH),3.78,2.67,1.059,0.997,0.916,3.189,13.5,639,Wilyer Abreu,Sean Burke,3.0,RF,7:10p,1785971400000.0,True,False,,,,,,,
2026-08-05,641933,672282,LAA@BAL,Middle Slider Crusher,3.59,2.95,1.006,0.999,0.906,3.16,13.4,649,Tyler O'Neill,Reid Detmers,4.0,RF,6:35p,1785969300000.0,True,False,,,,,,,
2026-08-05,605137,702070,MIN@KC,Middle Fastball Crusher (LH),3.16,2.86,1.0,1.0,1.048,3.104,13.2,658,Josh Bell,Noah Cameron,3.0,DH,7:40p,1785973200000.0,True,False,,,,,,,
2026-08-05,543760,676440,NYM@CLE,Middle Fastball Crusher,3.18,3.58,1.015,0.996,1.027,3.869,13.2,658,Marcus Semien,Tanner Bibee,9.0,2B,6:40p,1785969600000.0,True,False,,,,,,,
2026-08-05,680700,608372,TB@COL,Oppo Fastball Hunter (LH),2.24,4.42,0.975,1.001,1.12,3.539,13.2,656,Richie Palacios,Tomoyuki Sugano,7.0,2B,3:10p,1785957000000.0,False,False,,,,,,,
2026-08-05,664983,607259,TB@COL,Middle Fastball Crusher (LH),2.93,3.03,0.966,1.001,1.043,2.923,13.1,665,Jake Mccarthy,Nick Martínez,1.0,LF,3:10p,1785957000000.0,False,False,,,,,,,
2026-08-05,663656,684007,LAD@CHC,Middle Fastball Crusher (LH),2.44,4.33,0.976,1.007,0.945,3.206,13.0,666,Kyle Tucker,Shota Imanaga,5.0,RF,2:20p,1785954000000.0,False,False,,,,,,,
2026-08-05,683002,672282,LAA@BAL,Middle Slider Crusher (LH),3.43,2.95,1.015,0.999,0.906,3.05,13.0,671,Gunnar Henderson,Reid Detmers,3.0,SS,6:35p,1785969300000.0,True,False,,,,,,,
2026-08-05,686797,702070,MIN@KC,Middle Fastball Crusher,3.52,2.86,1.0,1.0,1.048,3.455,12.9,674,Brooks Lee,Noah Cameron,7.0,3B,7:40p,1785973200000.0,True,False,,,,,,,
2026-08-05,643217,543243,CWS@BOS,High Zone Fastball Hitter (LH),3.41,2.71,1.062,0.997,0.961,3.072,12.5,698,Andrew Benintendi,Sonny Gray,5.0,DH,7:10p,1785971400000.0,True,False,,,,,,,
2026-08-05,666182,676440,NYM@CLE,Middle Fastball Crusher,2.42,3.58,1.015,0.996,1.027,2.936,12.5,699,Bo Bichette,Tanner Bibee,3.0,3B,6:40p,1785969600000.0,True,False,,,,,,,
2026-08-05,543807,686613,TOR@HOU,Middle Fastball Crusher,3.24,2.82,1.034,1.0,0.948,2.93,12.4,704,George Springer,Hunter Brown,4.0,DH,2:10p,1785953400000.0,False,False,,,,,,,
2026-08-05,678882,680732,CWS@BOS,Middle Slider Crusher,3.3,2.67,1.037,0.997,0.916,2.731,12.0,736,Ceddanne Rafaela,Sean Burke,2.0,CF,7:10p,1785971400000.0,True,False,,,,,,,
2026-08-05,666176,681035,NYM@CLE,Middle Slider Crusher,3.38,2.6,1.015,0.996,0.951,2.768,11.8,745,Jo Adell,Christian Scott,3.0,RF,6:40p,1785969600000.0,True,False,,,,,,,
2026-08-05,671056,701542,STL@NYY,Middle Slider Crusher,2.52,3.14,0.998,1.015,1.028,2.697,11.8,747,Iván Herrera,Will Warren,2.0,C,7:05p,1785971100000.0,True,False,,,,,,,
2026-08-05,805779,695076,ATH@CIN,Inside Breaking Ball Specialist,2.49,2.77,1.012,1.023,1.107,2.592,11.4,779,Jacob Wilson,Rhett Lowder,2.0,DH,6:40p,1785969600000.0,True,False,,,,,,,
2026-08-05,657041,691587,MIA@ATL,Oppo Fastball Hunter,3.04,3.06,1.009,1.007,0.958,2.959,11.2,797,Lane Thomas,Eury Pérez,7.0,LF,7:15p,1785971700000.0,True,False,,,,,,,
2026-08-05,665877,701542,STL@NYY,Middle Slider Crusher,2.46,3.14,0.998,1.015,1.028,2.636,11.2,789,José Fermín,Will Warren,4.0,RF,7:05p,1785971100000.0,True,False,,,,,,,
2026-08-05,663538,641778,LAD@CHC,Middle Fastball Crusher,1.73,4.76,0.978,1.007,1.054,2.803,11.1,801,Nico Hoerner,Eric Lauer,6.0,2B,2:20p,1785954000000.0,False,False,,,,,,,
2026-08-05,660821,686613,TOR@HOU,Inside Breaking Ball Specialist (LH),2.95,2.82,1.005,1.0,0.948,2.592,11.1,799,Jesús Sánchez,Hunter Brown,3.0,LF,2:10p,1785953400000.0,False,False,,,,,,,
2026-08-05,665862,669467,STL@NYY,Middle Fastball Crusher (LH),3.85,2.26,1.011,1.015,0.948,2.766,11.0,812,Jazz Chisholm,Andre Pallante,6.0,2B,7:05p,1785971100000.0,True,False,,,,,,,
2026-08-05,663647,682052,ATH@CIN,Inside Breaking Ball Specialist,2.68,3.48,1.012,1.023,0.946,2.992,10.9,822,Ke'Bryan Hayes,Jacob Lopez,8.0,3B,6:40p,1785969600000.0,True,False,,,,,,,
2026-08-05,691720,607259,TB@COL,Middle Fastball Crusher,2.55,3.03,0.963,1.001,1.043,2.542,10.9,821,Kyle Karros,Nick Martínez,4.0,3B,3:10p,1785957000000.0,False,False,,,,,,,
2026-08-05,500743,684007,LAD@CHC,Middle Fastball Crusher,2.26,4.33,0.978,1.007,0.945,2.98,10.8,825,Miguel Rojas,Shota Imanaga,8.0,2B,2:20p,1785954000000.0,False,False,,,,,,,
2026-08-05,663743,608372,TB@COL,Inside Breaking Ball Specialist,2.02,4.42,0.96,1.001,1.12,3.148,10.8,823,Nick Fortes,Tomoyuki Sugano,9.0,C,3:10p,1785957000000.0,False,False,,,,,,,
2026-08-05,672640,693821,MIA@ATL,Middle Fastball Crusher,2.12,3.61,0.991,1.007,0.979,2.443,10.5,852,Otto Lopez,Bryce Elder,3.0,SS,7:15p,1785971700000.0,True,False,,,,,,,
2026-08-05,663757,669467,STL@NYY,Oppo Fastball Hunter (LH),3.2,2.26,1.011,1.015,0.948,2.303,10.4,860,Trent Grisham,Andre Pallante,1.0,CF,7:05p,1785971100000.0,True,False,,,,,,,
2026-08-05,667472,682052,ATH@CIN,Middle Slider Crusher,2.14,3.48,1.011,1.023,0.946,2.39,10.3,872,Dane Myers,Jacob Lopez,3.0,CF,6:40p,1785969600000.0,True,False,,,,,,,
2026-08-05,663586,691587,MIA@ATL,High Zone Fastball Hitter,2.91,3.06,1.004,1.007,0.958,2.825,10.3,874,Austin Riley,Eury Pérez,8.0,3B,7:15p,1785971700000.0,True,False,,,,,,,
2026-08-05,678391,691725,WSH@PHI,Oppo Fastball Hunter (LH),1.83,4.15,1.013,1.015,1.103,2.821,10.3,875,Jorbit Vivas,Andrew Painter,8.0,3B,6:40p,1785969600000.0,True,False,,,,,,,
2026-08-05,680776,680732,CWS@BOS,Middle Fastball Crusher (LH),3.27,2.67,1.044,0.997,0.916,2.726,10.3,870,Jarren Duran,Sean Burke,7.0,LF,7:10p,1785971400000.0,True,False,,,,,,,
2026-08-05,666139,669432,LAA@BAL,Middle Fastball Crusher (LH),3.52,2.38,1.015,0.999,0.97,2.695,10.2,881,Josh Lowe,Trevor Rogers,7.0,RF,6:35p,1785969300000.0,True,False,,,,,,,
2026-08-05,605170,702070,MIN@KC,Middle Slider Crusher (LH),2.52,2.86,1.0,1.0,1.048,2.47,9.8,917,Víctor Caratini,Noah Cameron,6.0,1B,7:40p,1785973200000.0,True,False,,,,,,,
2026-08-05,669236,672282,LAA@BAL,Middle Fastball Crusher,3.07,2.95,1.006,0.999,0.906,2.698,9.8,918,Jeremiah Jackson,Reid Detmers,8.0,LF,6:35p,1785969300000.0,True,False,,,,,,,
2026-08-05,643289,691587,MIA@ATL,Oppo Fastball Hunter,2.44,3.06,1.009,1.007,0.958,2.382,9.5,953,Mauricio Dubón,Eury Pérez,6.0,SS,7:15p,1785971700000.0,True,False,,,,,,,
2026-08-05,702332,680732,CWS@BOS,Middle Fastball Crusher,2.86,2.67,1.037,0.997,0.916,2.364,9.4,961,Caleb Durbin,Sean Burke,6.0,3B,7:10p,1785971400000.0,True,False,,,,,,,
2026-08-05,671218,669467,STL@NYY,Inside Breaking Ball Specialist,2.97,2.26,1.014,1.015,0.948,2.143,9.2,984,Heliot Ramos,Andre Pallante,4.0,LF,7:05p,1785971100000.0,True,False,,,,,,,
2026-08-05,702616,672282,LAA@BAL,Middle Slider Crusher (LH),2.73,2.95,1.015,0.999,0.906,2.421,9.2,987,Jackson Holliday,Reid Detmers,7.0,2B,6:35p,1785969300000.0,True,False,,,,,,,
2026-08-05,683146,676440,NYM@CLE,Middle Fastball Crusher (LH),2.01,3.58,1.006,0.996,1.027,2.426,9.2,985,Brett Baty,Tanner Bibee,7.0,LF,6:40p,1785969600000.0,True,False,,,,,,,
2026-08-05,678662,607259,TB@COL,Middle Slider Crusher,2.49,3.03,0.963,1.001,1.043,2.482,9.1,1003,Ezequiel Tovar,Nick Martínez,8.0,SS,3:10p,1785957000000.0,False,False,,,,,,,
2026-08-05,664770,686613,TOR@HOU,Oppo Fastball Hunter (LH),2.18,2.82,1.025,1.0,0.948,1.959,8.9,1022,Nathan Lukes,Hunter Brown,1.0,RF,2:10p,1785953400000.0,False,False,,,,,,,
2026-08-05,687597,607259,TB@COL,Middle Fastball Crusher,2.21,3.03,0.963,1.001,1.043,2.202,8.8,1036,Jordan Beck,Nick Martínez,6.0,RF,3:10p,1785957000000.0,False,False,,,,,,,
2026-08-05,593871,676440,NYM@CLE,Middle Fastball Crusher (LH),1.98,3.58,1.006,0.996,1.027,2.382,8.7,1048,Jorge Polanco,Tanner Bibee,8.0,DH,6:40p,1785969600000.0,True,False,,,,,,,
2026-08-05,669364,693821,MIA@ATL,Middle Fastball Crusher (LH),1.62,3.61,1.009,1.007,0.979,1.905,8.7,1053,Xavier Edwards,Bryce Elder,1.0,2B,7:15p,1785971700000.0,True,False,,,,,,,
2026-08-05,655316,680732,CWS@BOS,Middle Slider Crusher,2.8,2.67,1.037,0.997,0.916,2.316,8.5,1079,Andruw Monasterio,Sean Burke,8.0,SS,7:10p,1785971400000.0,True,False,,,,,,,
2026-08-05,672275,681035,NYM@CLE,Inside Breaking Ball Specialist (LH),2.76,2.6,1.008,0.996,0.951,2.247,8.2,1115,Patrick Bailey,Christian Scott,8.0,C,6:40p,1785969600000.0,True,False,,,,,,,
2026-08-05,807799,680732,CWS@BOS,Middle Fastball Crusher (LH),2.29,2.67,1.044,0.997,0.916,1.903,7.9,1164,Masataka Yoshida,Sean Burke,5.0,DH,7:10p,1785971400000.0,True,False,,,,,,,
2026-08-05,669224,669467,STL@NYY,Oppo Fastball Hunter (LH),3.13,2.26,1.011,1.015,0.948,2.248,7.8,1178,Austin Wells,Andre Pallante,9.0,C,7:05p,1785971100000.0,True,False,,,,,,,
2026-08-05,805300,693821,MIA@ATL,Middle Slider Crusher (LH),1.74,3.61,1.009,1.007,0.979,2.038,7.8,1184,Jakob Marsee,Bryce Elder,7.0,CF,7:15p,1785971700000.0,True,False,,,,,,,
2026-08-05,677587,681035,NYM@CLE,Middle Slider Crusher (LH),2.29,2.6,1.006,0.996,0.951,1.863,7.5,1236,Brayan Rocchio,Christian Scott,6.0,SS,6:40p,1785969600000.0,True,False,,,,,,,
2026-08-05,691594,693821,MIA@ATL,Middle Fastball Crusher,1.82,3.61,0.991,1.007,0.979,2.095,7.3,1268,Javier Sanoja,Bryce Elder,9.0,3B,7:15p,1785971700000.0,True,False,,,,,,,
2026-08-05,665926,686613,TOR@HOU,Middle Slider Crusher (LH),2.22,2.82,1.004,1.0,0.948,1.949,7.2,1294,Andrés Giménez,Hunter Brown,8.0,SS,2:10p,1785953400000.0,False,False,,,,,,,
2026-08-05,666397,607259,TB@COL,Middle Slider Crusher (LH),1.71,3.03,0.966,1.001,1.043,1.707,6.6,1426,Edouard Julien,Nick Martínez,7.0,2B,3:10p,1785957000000.0,False,False,,,,,,,
2026-08-05,665966,672282,LAA@BAL,Middle Slider Crusher,2.08,2.95,1.006,0.999,0.906,1.834,6.4,1458,Carlos Narváez,Reid Detmers,9.0,C,6:35p,1785969300000.0,True,False,,,,,,,
2026-08-05,668885,702070,MIN@KC,Middle Fastball Crusher,1.32,2.86,1.0,1.0,1.048,1.297,6.0,1573,Austin Martin,Noah Cameron,1.0,RF,7:40p,1785973200000.0,True,False,,,,,,,
2026-08-05,657136,680732,CWS@BOS,Oppo Fastball Hunter,1.95,2.67,1.044,0.997,0.916,1.626,5.7,1652,Connor Wong,Sean Burke,9.0,C,7:10p,1785971400000.0,True,False,,,,,,,
2026-08-05,683083,691725,WSH@PHI,Middle Fastball Crusher,0.95,4.15,1.008,1.015,1.103,1.457,5.6,1681,Nasim Nuñez,Andrew Painter,7.0,2B,6:40p,1785969600000.0,True,False,,,,,,,
2026-08-05,670764,608372,TB@COL,Middle Fastball Crusher (LH),0.84,4.42,0.966,1.001,1.12,1.32,4.9,1941,Taylor Walls,Tomoyuki Sugano,8.0,SS,3:10p,1785957000000.0,False,False,,,,,,,
2026-08-06,656941,571945,WSH@PHI,Middle Slider Crusher (LH),6.07,4.99,1.006,1.039,1.118,11.587,44.1,127,Kyle Schwarber,Miles Mikolas,1.0,DH,6:05p,1786053900000.0,False,False,,,,,,,
2026-08-06,547180,571945,WSH@PHI,Middle Fastball Crusher (LH),4.57,4.99,1.006,1.039,1.118,8.728,33.6,197,Bryce Harper,Miles Mikolas,3.0,RF,6:05p,1786053900000.0,False,False,,,,,,,
2026-08-06,624413,696270,LAA@BAL,Oppo Fastball Hunter,4.34,4.58,1.015,0.991,1.114,7.286,29.4,240,Pete Alonso,Ryan Johnson,2.0,1B,12:35p,1786034100000.0,False,False,,,,,,,
2026-08-06,607208,571945,WSH@PHI,Middle Fastball Crusher,3.2,4.99,1.008,1.039,1.118,6.115,25.2,297,Trea Turner,Miles Mikolas,2.0,SS,6:05p,1786053900000.0,False,False,,,,,,,
2026-08-06,621566,676083,MIA@ATL,Middle Fastball Crusher (LH),5.6,3.19,1.009,1.007,0.985,5.862,23.7,321,Matt Olson,Janson Junk,3.0,1B,7:15p,1786058100000.0,True,False,300.0,theScore Bet,23.2,3.0,,,
2026-08-06,693307,682243,DET@SEA,Middle Slider Crusher,5.1,3.82,1.002,1.0,0.9,5.755,23.4,328,Dillon Dingler,Bryce Miller,3.0,C,4:10p,1786047000000.0,False,False,,,,,,,
2026-08-06,683002,696270,LAA@BAL,Middle Slider Crusher (LH),3.41,4.58,1.015,0.991,1.114,5.733,23.3,330,Gunnar Henderson,Ryan Johnson,3.0,DH,12:35p,1786034100000.0,False,False,,,,,,,
2026-08-06,668709,686930,ATH@CIN,Middle Fastball Crusher (LH),4.75,3.47,1.011,1.028,0.976,5.48,22.3,348,Jj Bleday,Mason Barnett,3.0,LF,12:40p,1786034400000.0,False,False,,,,,,,
2026-08-06,701398,686930,ATH@CIN,Middle Fastball Crusher,4.53,3.47,1.011,1.028,0.976,5.222,21.9,358,Sal Stewart,Mason Barnett,2.0,1B,12:40p,1786034400000.0,False,False,,,,,,,
2026-08-06,664761,571945,WSH@PHI,Oppo Fastball Hunter,2.91,4.99,1.006,1.039,1.118,5.551,21.7,360,Alec Bohm,Miles Mikolas,5.0,1B,6:05p,1786053900000.0,False,False,,,,,,,
2026-08-06,677800,622491,CWS@BOS,Inside Breaking Ball Specialist (LH),3.92,3.46,1.059,1.01,1.067,5.073,20.8,380,Wilyer Abreu,Luis Castillo,3.0,RF,7:10p,1786057800000.0,True,False,300.0,theScore Bet,23.2,3.0,,,
2026-08-06,695506,641927,MIN@KC,Middle Fastball Crusher (LH),4.09,3.59,1.0,1.0,1.029,4.952,20.4,391,Jac Caglianone,Bailey Ober,3.0,1B,7:40p,1786059600000.0,True,False,350.0,theScore Bet,20.8,3.0,,,
2026-08-06,686948,676083,MIA@ATL,Oppo Fastball Hunter (LH),4.51,3.19,1.0,1.007,0.985,4.676,20.2,394,Drake Baldwin,Janson Junk,1.0,C,7:15p,1786058100000.0,True,False,425.0,theScore Bet,17.9,3.0,,,
2026-08-06,682829,686930,ATH@CIN,Middle Fastball Crusher,3.99,3.47,1.011,1.028,0.976,4.601,19.9,402,Elly De La Cruz,Mason Barnett,1.0,SS,12:40p,1786034400000.0,False,False,,,,,,,
2026-08-06,641680,671096,ATH@CIN,Middle Slider Crusher (LH),3.97,3.18,1.011,1.028,1.057,4.551,18.9,430,Jonah Heim,Andrew Abbott,3.0,DH,12:40p,1786034400000.0,False,False,,,,,,,
2026-08-06,669236,696270,LAA@BAL,Middle Fastball Crusher,3.05,4.58,1.006,0.991,1.114,5.075,18.5,439,Jeremiah Jackson,Ryan Johnson,7.0,2B,12:35p,1786034100000.0,False,False,,,,,,,
2026-08-06,672960,656849,TOR@CHC,Oppo Fastball Hunter,4.79,2.58,0.976,1.017,1.085,4.356,18.5,440,Kazuma Okamoto,David Peterson,2.0,1B,2:20p,1786040400000.0,False,False,,,,,,,
2026-08-06,671739,676083,MIA@ATL,Middle Fastball Crusher (LH),4.25,3.19,1.009,1.007,0.985,4.447,18.4,444,Michael Harris,Janson Junk,4.0,CF,7:15p,1786058100000.0,True,False,,,,,,,
2026-08-06,695600,641927,MIN@KC,Middle Fastball Crusher (LH),3.42,3.59,1.0,1.0,1.029,4.149,18.1,452,Carter Jensen,Bailey Ober,1.0,C,7:40p,1786059600000.0,True,False,375.0,theScore Bet,19.7,3.0,,,
2026-08-06,679529,682243,DET@SEA,Middle Fastball Crusher,4.18,3.82,1.002,1.0,0.9,4.718,18.1,452,Spencer Torkelson,Bryce Miller,6.0,1B,4:10p,1786047000000.0,False,False,,,,,,,
2026-08-06,553993,686930,ATH@CIN,Middle Slider Crusher,3.95,3.47,1.011,1.028,0.976,4.557,18.1,451,Eugenio Suárez,Mason Barnett,5.0,3B,12:40p,1786034400000.0,False,False,,,,,,,
2026-08-06,702616,696270,LAA@BAL,Middle Slider Crusher (LH),2.7,4.58,1.015,0.991,1.114,4.536,18.1,454,Jackson Holliday,Ryan Johnson,5.0,SS,12:35p,1786034100000.0,False,False,,,,,,,
2026-08-06,691016,671096,ATH@CIN,Middle Fastball Crusher (LH),3.8,3.18,1.011,1.028,1.057,4.35,18.0,455,Tyler Soderstrom,Andrew Abbott,4.0,LF,12:40p,1786034400000.0,False,False,,,,,,,
2026-08-06,681297,696270,LAA@BAL,Middle Fastball Crusher (LH),3.0,4.58,1.015,0.991,1.114,5.039,17.8,463,Colton Cowser,Ryan Johnson,8.0,CF,12:35p,1786034100000.0,False,False,,,,,,,
2026-08-06,678882,622491,CWS@BOS,Middle Slider Crusher,3.28,3.46,1.037,1.01,1.067,4.159,17.7,464,Ceddanne Rafaela,Luis Castillo,2.0,CF,7:10p,1786057800000.0,True,False,575.0,Bally Bet,14.3,3.0,,,
2026-08-06,682626,656492,NYM@CLE,Oppo Fastball Hunter,3.86,3.5,1.006,0.999,0.99,4.396,17.5,470,Francisco Álvarez,Foster Griffin,5.0,DH,1:10p,1786036200000.0,False,False,,,,,,,
2026-08-06,521692,641927,MIN@KC,Middle Fastball Crusher,3.44,3.59,1.0,1.0,1.029,4.172,17.3,477,Salvador Pérez,Bailey Ober,4.0,DH,7:40p,1786059600000.0,True,False,400.0,theScore Bet,18.8,3.0,,,
2026-08-06,665019,608379,MIN@KC,Middle Fastball Crusher (LH),4.33,2.89,1.0,1.0,0.996,4.079,17.0,487,Kody Clemens,Michael Wacha,3.0,2B,7:40p,1786059600000.0,True,False,425.0,theScore Bet,17.9,3.0,,,
2026-08-06,686527,664285,DET@SEA,Middle Slider Crusher (LH),4.84,2.43,1.0,1.0,1.013,3.894,16.3,512,Dominic Canzone,Framber Valdez,3.0,DH,4:10p,1786047000000.0,False,False,,,,,,,
2026-08-06,606466,621111,SD@AZ,Inside Breaking Ball Specialist,3.76,3.07,1.0,1.0,1.03,3.895,16.3,515,Ketel Marte,Walker Buehler,4.0,2B,9:40p,1786066800000.0,True,False,,,,,,,
2026-08-06,677951,641927,MIN@KC,Middle Slider Crusher,3.07,3.59,1.0,1.0,1.029,3.718,16.0,525,Bobby Witt,Bailey Ober,2.0,SS,7:40p,1786059600000.0,True,False,,,,,,,
2026-08-06,682985,682243,DET@SEA,Oppo Fastball Hunter (LH),3.31,3.82,1.0,1.0,0.9,3.728,15.6,541,Riley Greene,Bryce Miller,4.0,LF,4:10p,1786047000000.0,False,False,,,,,,,
2026-08-06,680776,622491,CWS@BOS,Middle Fastball Crusher (LH),3.25,3.46,1.044,1.01,1.067,4.15,15.4,551,Jarren Duran,Luis Castillo,7.0,LF,7:10p,1786057800000.0,True,False,425.0,theScore Bet,17.9,3.0,,,
2026-08-06,702332,622491,CWS@BOS,Middle Fastball Crusher,2.84,3.46,1.037,1.01,1.067,3.596,15.1,563,Caleb Durbin,Luis Castillo,4.0,3B,7:10p,1786057800000.0,True,False,800.0,theScore Bet,10.4,3.0,,,
2026-08-06,669065,527048,MIA@ATL,Middle Slider Crusher (LH),3.92,2.84,1.009,1.007,1.026,3.802,14.8,575,Kyle Stowers,Martín Pérez,6.0,1B,7:15p,1786058100000.0,True,False,475.0,theScore Bet,16.4,3.0,,,
2026-08-06,694192,677952,PIT@MIL,Middle Fastball Crusher,3.65,3.19,0.99,1.0,0.906,3.422,14.8,576,Jackson Chourio,Braxton Ashcraft,2.0,LF,2:10p,1786039800000.0,False,False,,,,,,,
2026-08-06,682998,621111,SD@AZ,Oppo Fastball Hunter (LH),3.27,3.07,1.0,1.0,1.03,3.385,14.6,583,Corbin Carroll,Walker Buehler,2.0,RF,9:40p,1786066800000.0,True,False,,,,,,,
2026-08-06,686681,641927,MIN@KC,Inside Breaking Ball Specialist (LH),2.96,3.59,1.0,1.0,1.029,3.585,14.5,590,Michael Massey,Bailey Ober,5.0,2B,7:40p,1786059600000.0,True,False,525.0,Bally Bet,15.6,3.0,,,
2026-08-06,663886,686930,ATH@CIN,Middle Fastball Crusher,2.95,3.47,1.011,1.028,0.976,3.404,14.3,598,Tyler Stephenson,Mason Barnett,4.0,C,12:40p,1786034400000.0,False,False,,,,,,,
2026-08-06,673357,656492,NYM@CLE,Inside Breaking Ball Specialist,2.91,3.5,1.018,0.999,0.99,3.36,14.2,603,Luis Robert,Foster Griffin,3.0,CF,1:10p,1786036200000.0,False,False,,,,,,,
2026-08-06,543760,656492,NYM@CLE,Middle Fastball Crusher,3.16,3.5,1.015,0.999,0.99,3.631,14.2,605,Marcus Semien,Foster Griffin,6.0,2B,1:10p,1786036200000.0,False,False,,,,,,,
2026-08-06,650402,682243,DET@SEA,Middle Fastball Crusher,2.86,3.82,1.002,1.0,0.9,3.226,14.0,615,Gleyber Torres,Bryce Miller,2.0,2B,4:10p,1786047000000.0,False,False,,,,,,,
2026-08-06,655316,622491,CWS@BOS,Middle Slider Crusher,2.78,3.46,1.037,1.01,1.067,3.521,13.8,625,Andruw Monasterio,Luis Castillo,6.0,SS,7:10p,1786057800000.0,True,False,700.0,theScore Bet,11.7,3.0,,,
2026-08-06,668904,608379,MIN@KC,Middle Fastball Crusher,3.53,2.89,1.0,1.0,0.996,3.32,13.5,641,Royce Lewis,Michael Wacha,5.0,1B,7:40p,1786059600000.0,True,False,375.0,theScore Bet,19.7,3.0,,,
2026-08-06,691777,671096,ATH@CIN,Oppo Fastball Hunter,2.87,3.18,1.011,1.028,1.057,3.285,13.4,649,Max Muncy,Andrew Abbott,5.0,3B,12:40p,1786034400000.0,False,False,,,,,,,
2026-08-06,682622,686930,ATH@CIN,Inside Breaking Ball Specialist,3.22,3.47,1.012,1.028,0.976,3.719,13.3,649,Noelvi Marte,Mason Barnett,8.0,RF,12:40p,1786034400000.0,False,False,,,,,,,
2026-08-06,663993,690997,NYM@CLE,Oppo Fastball Hunter (LH),3.86,2.61,1.011,0.999,0.929,3.097,13.1,663,Nathaniel Lowe,Nolan Mclean,4.0,1B,1:10p,1786036200000.0,False,False,,,,,,,
2026-08-06,668930,677952,PIT@MIL,Inside Breaking Ball Specialist (LH),3.2,3.19,0.97,1.0,0.906,2.942,13.1,661,Brice Turang,Braxton Ashcraft,1.0,2B,2:10p,1786039800000.0,False,False,,,,,,,
2026-08-06,596142,677952,PIT@MIL,High Zone Fastball Hitter,3.73,3.19,0.974,1.0,0.906,3.438,12.9,677,Gary Sánchez,Braxton Ashcraft,7.0,C,2:10p,1786039800000.0,False,False,,,,,,,
2026-08-06,686797,608379,MIN@KC,Middle Fastball Crusher,3.5,2.89,1.0,1.0,0.996,3.293,12.9,673,Brooks Lee,Michael Wacha,6.0,3B,7:40p,1786059600000.0,True,False,750.0,Bally Bet,13.3,3.0,,,
2026-08-06,665953,650911,WSH@PHI,Inside Breaking Ball Specialist,4.26,2.2,1.008,1.039,0.9,2.894,12.6,692,Andrés Chaparro,Cristopher Sánchez,2.0,1B,6:05p,1786053900000.0,False,False,,,,,,,
2026-08-06,605137,608379,MIN@KC,Middle Fastball Crusher (LH),3.14,2.89,1.0,1.0,0.996,2.953,12.5,698,Josh Bell,Michael Wacha,4.0,DH,7:40p,1786059600000.0,True,False,525.0,theScore Bet,15.0,3.0,,,
2026-08-06,694374,621111,SD@AZ,Inside Breaking Ball Specialist,3.32,3.07,1.0,1.0,1.03,3.442,12.4,706,Tim Tawa,Walker Buehler,8.0,1B,9:40p,1786066800000.0,True,False,,,,,,,
2026-08-06,543807,656849,TOR@CHC,Middle Fastball Crusher,3.21,2.58,0.978,1.017,1.085,2.922,12.4,706,George Springer,David Peterson,4.0,DH,2:20p,1786040400000.0,False,False,,,,,,,
2026-08-06,677594,664285,DET@SEA,Middle Fastball Crusher,3.62,2.43,1.002,1.0,1.013,2.92,12.4,707,Julio Rodríguez,Framber Valdez,4.0,CF,4:10p,1786047000000.0,False,False,,,,,,,
2026-08-06,682657,690997,NYM@CLE,Inside Breaking Ball Specialist (LH),3.72,2.61,1.008,0.999,0.929,2.979,12.2,722,Angel Martínez,Nolan Mclean,5.0,LF,1:10p,1786036200000.0,False,False,,,,,,,
2026-08-06,690993,682243,DET@SEA,Middle Fastball Crusher (LH),2.62,3.82,1.0,1.0,0.9,2.952,12.1,729,Colt Keith,Bryce Miller,5.0,DH,4:10p,1786047000000.0,False,False,,,,,,,
2026-08-06,666182,656492,NYM@CLE,Middle Fastball Crusher,2.4,3.5,1.015,0.999,0.99,2.755,12.1,730,Bo Bichette,Foster Griffin,2.0,3B,1:10p,1786036200000.0,False,False,,,,,,,
2026-08-06,642086,676083,MIA@ATL,High Zone Fastball Hitter (LH),3.03,3.19,1.002,1.007,0.985,3.149,11.8,745,Dominic Smith,Janson Junk,7.0,DH,7:15p,1786058100000.0,True,False,700.0,Caesars,11.7,3.0,,,
2026-08-06,807799,622491,CWS@BOS,Middle Fastball Crusher (LH),2.27,3.46,1.044,1.01,1.067,2.895,11.8,744,Masataka Yoshida,Luis Castillo,5.0,DH,7:10p,1786057800000.0,True,False,650.0,Bally Bet,14.3,3.0,,,
2026-08-06,664040,669160,PIT@MIL,Middle Fastball Crusher (LH),4.47,1.89,0.982,1.0,0.97,2.636,11.6,765,Brandon Lowe,Dustin May,2.0,2B,2:10p,1786039800000.0,False,False,,,,,,,
2026-08-06,666139,687064,LAA@BAL,Middle Fastball Crusher (LH),3.49,2.64,1.015,0.991,1.013,3.078,11.2,797,Josh Lowe,Brandon Young,8.0,RF,12:35p,1786034100000.0,False,False,,,,,,,
2026-08-06,695657,624133,CWS@BOS,Oppo Fastball Hunter (LH),5.02,1.71,1.037,1.01,0.906,2.675,11.0,811,Colson Montgomery,Ranger Suarez,5.0,SS,7:10p,1786057800000.0,True,False,480.0,Bally Bet,17.1,3.0,,,
2026-08-06,663586,676083,MIA@ATL,High Zone Fastball Hitter,2.89,3.19,1.004,1.007,0.985,3.013,10.9,815,Austin Riley,Janson Junk,8.0,3B,7:15p,1786058100000.0,True,False,500.0,theScore Bet,15.6,3.0,,,
2026-08-06,672386,656849,TOR@CHC,Oppo Fastball Hunter,2.81,2.58,0.976,1.017,1.085,2.55,10.9,813,Alejandro Kirk,David Peterson,3.0,C,2:20p,1786040400000.0,False,False,,,,,,,
2026-08-06,668227,664285,DET@SEA,Oppo Fastball Hunter,3.05,2.43,1.0,1.0,1.013,2.457,10.8,825,Randy Arozarena,Framber Valdez,2.0,LF,4:10p,1786047000000.0,False,False,,,,,,,
2026-08-06,643289,676083,MIA@ATL,Oppo Fastball Hunter,2.43,3.19,1.009,1.007,0.985,2.541,10.5,857,Mauricio Dubón,Janson Junk,5.0,2B,7:15p,1786058100000.0,True,False,900.0,theScore Bet,9.4,3.0,,,
2026-08-06,678246,624133,CWS@BOS,Middle Fastball Crusher,4.54,1.71,1.037,1.01,0.906,2.421,10.4,860,Miguel Vargas,Ranger Suarez,3.0,3B,7:10p,1786057800000.0,True,False,375.0,theScore Bet,19.7,3.0,,,
2026-08-06,691781,650911,WSH@PHI,Middle Fastball Crusher,3.55,2.2,1.008,1.039,0.9,2.41,10.4,864,Brady House,Cristopher Sánchez,3.0,3B,6:05p,1786053900000.0,False,False,,,,,,,
2026-08-06,595879,682243,DET@SEA,Middle Fastball Crusher,2.52,3.82,1.002,1.0,0.9,2.84,10.3,869,Javier Báez,Bryce Miller,8.0,SS,4:10p,1786047000000.0,False,False,,,,,,,
2026-08-06,686611,650911,WSH@PHI,Middle Fastball Crusher,3.32,2.2,1.008,1.039,0.9,2.253,10.2,881,Dylan Crews,Cristopher Sánchez,1.0,RF,6:05p,1786053900000.0,False,False,,,,,,,
2026-08-06,683734,677952,PIT@MIL,Inside Breaking Ball Specialist,2.52,3.19,0.98,1.0,0.906,2.338,10.0,898,Andrew Vaughn,Braxton Ashcraft,4.0,1B,2:10p,1786039800000.0,False,False,,,,,,,
2026-08-06,642215,664285,DET@SEA,Middle Fastball Crusher,3.04,2.43,1.002,1.0,1.013,2.455,9.8,923,Weston Wilson,Framber Valdez,6.0,1B,4:10p,1786047000000.0,False,False,,,,,,,
2026-08-06,667472,686930,ATH@CIN,Middle Slider Crusher,2.12,3.47,1.011,1.028,0.976,2.44,9.7,929,Dane Myers,Mason Barnett,6.0,CF,12:40p,1786034400000.0,False,False,,,,,,,
2026-08-06,686555,641927,MIN@KC,Inside Breaking Ball Specialist,1.94,3.59,1.0,1.0,1.029,2.346,9.4,969,Isaac Collins,Bailey Ober,6.0,LF,7:40p,1786059600000.0,True,False,750.0,Caesars,11.7,3.0,,,
2026-08-06,682663,527048,MIA@ATL,Inside Breaking Ball Specialist,2.25,2.84,0.99,1.007,1.026,2.14,9.3,981,Agustín Ramírez,Martín Pérez,3.0,DH,7:15p,1786058100000.0,True,False,525.0,theScore Bet,15.0,3.0,,,
2026-08-06,663457,621111,SD@AZ,Inside Breaking Ball Specialist (LH),2.14,3.07,1.0,1.0,1.03,2.213,9.2,992,Lars Nootbaar,Walker Buehler,5.0,DH,9:40p,1786066800000.0,True,False,,,,,,,
2026-08-06,672640,527048,MIA@ATL,Middle Fastball Crusher,2.1,2.84,0.991,1.007,1.026,2.005,9.1,997,Otto Lopez,Martín Pérez,1.0,SS,7:15p,1786058100000.0,True,False,800.0,theScore Bet,10.4,3.0,,,
2026-08-06,664728,641927,MIN@KC,Middle Fastball Crusher (LH),2.15,3.59,1.0,1.0,1.029,2.604,9.0,1008,Kyle Isbel,Bailey Ober,9.0,CF,7:40p,1786059600000.0,True,False,950.0,Caesars,9.4,3.0,,,
2026-08-06,592885,677952,PIT@MIL,Middle Slider Crusher (LH),2.29,3.19,0.982,1.0,0.906,2.133,8.8,1032,Christian Yelich,Braxton Ashcraft,5.0,DH,2:10p,1786039800000.0,False,False,,,,,,,
2026-08-06,657136,622491,CWS@BOS,Oppo Fastball Hunter,1.93,3.46,1.044,1.01,1.067,2.467,8.6,1068,Connor Wong,Luis Castillo,9.0,C,7:10p,1786057800000.0,True,False,900.0,theScore Bet,9.4,3.0,,,
2026-08-06,605170,608379,MIN@KC,Middle Slider Crusher (LH),2.5,2.89,1.0,1.0,0.996,2.35,8.6,1063,Víctor Caratini,Michael Wacha,8.0,C,7:40p,1786059600000.0,True,False,800.0,theScore Bet,10.4,3.0,,,
2026-08-06,620443,656492,NYM@CLE,Middle Fastball Crusher,2.04,3.5,1.015,0.999,0.99,2.343,8.6,1066,Luis Torrens,Foster Griffin,8.0,C,1:10p,1786036200000.0,False,False,,,,,,,
2026-08-06,624424,656302,TOR@CHC,Oppo Fastball Hunter (LH),4.02,1.83,0.978,1.017,0.9,2.156,8.2,1116,Michael Conforto,Dylan Cease,7.0,RF,2:20p,1786040400000.0,False,False,,,,,,,
2026-08-06,656484,608379,MIN@KC,Middle Fastball Crusher (LH),2.51,2.89,1.0,1.0,0.996,2.365,8.2,1117,Tristan Gray,Michael Wacha,9.0,SS,7:40p,1786059600000.0,True,False,850.0,Caesars,10.4,3.0,,,
2026-08-06,664770,656849,TOR@CHC,Oppo Fastball Hunter (LH),2.16,2.58,0.978,1.017,1.085,1.962,8.1,1127,Nathan Lukes,David Peterson,5.0,RF,2:20p,1786040400000.0,False,False,,,,,,,
2026-08-06,664023,656302,TOR@CHC,Middle Fastball Crusher,3.64,1.83,0.978,1.017,0.9,1.953,8.1,1133,Ian Happ,Dylan Cease,5.0,LF,2:20p,1786040400000.0,False,False,,,,,,,
2026-08-06,672275,690997,NYM@CLE,Inside Breaking Ball Specialist (LH),2.72,2.61,1.008,0.999,0.929,2.179,8.0,1151,Patrick Bailey,Nolan Mclean,8.0,C,1:10p,1786036200000.0,False,False,,,,,,,
2026-08-06,672724,687064,LAA@BAL,Inside Breaking Ball Specialist,2.57,2.64,1.003,0.991,1.013,2.238,7.8,1183,Oswald Peraza,Brandon Young,9.0,2B,12:35p,1786034100000.0,False,False,,,,,,,
2026-08-06,687462,669160,PIT@MIL,Middle Slider Crusher (LH),3.19,1.89,0.982,1.0,0.97,1.885,7.8,1176,Spencer Horwitz,Dustin May,5.0,1B,2:10p,1786039800000.0,False,False,,,,,,,
2026-08-06,668804,669160,PIT@MIL,Middle Fastball Crusher,2.99,1.89,0.99,1.0,0.97,1.777,7.7,1193,Bryan Reynolds,Dustin May,3.0,LF,2:10p,1786039800000.0,False,False,,,,,,,
2026-08-06,807712,608379,MIN@KC,Oppo Fastball Hunter,1.81,2.89,1.0,1.0,0.996,1.7,7.6,1219,Luke Keaschall,Michael Wacha,2.0,CF,7:40p,1786059600000.0,True,False,800.0,theScore Bet,10.4,3.0,,,
2026-08-06,621020,656302,TOR@CHC,Middle Fastball Crusher,3.77,1.83,0.978,1.017,0.9,2.022,7.4,1245,Dansby Swanson,Dylan Cease,8.0,SS,2:20p,1786040400000.0,False,False,,,,,,,
2026-08-06,677587,690997,NYM@CLE,Middle Slider Crusher (LH),2.27,2.61,1.006,0.999,0.929,1.816,7.3,1269,Brayan Rocchio,Nolan Mclean,6.0,SS,1:10p,1786036200000.0,False,False,,,,,,,
2026-08-06,696285,650911,WSH@PHI,Middle Fastball Crusher,2.74,2.2,1.008,1.039,0.9,1.859,7.1,1304,Jacob Young,Cristopher Sánchez,7.0,CF,6:05p,1786053900000.0,False,False,,,,,,,
2026-08-06,656716,682243,DET@SEA,Inside Breaking Ball Specialist (LH),1.79,3.82,1.001,1.0,0.9,2.023,7.1,1316,Zach Mckinstry,Bryce Miller,9.0,RF,4:10p,1786047000000.0,False,False,,,,,,,
2026-08-06,665926,656849,TOR@CHC,Middle Slider Crusher (LH),2.2,2.58,0.976,1.017,1.085,1.998,7.0,1334,Andrés Giménez,David Peterson,9.0,SS,2:20p,1786040400000.0,False,False,,,,,,,
2026-08-06,680779,669160,PIT@MIL,Inside Breaking Ball Specialist,3.37,1.89,0.98,1.0,0.97,1.986,6.9,1342,Henry Davis,Dustin May,9.0,C,2:10p,1786039800000.0,False,False,,,,,,,
2026-08-06,669364,527048,MIA@ATL,Middle Fastball Crusher (LH),1.61,2.84,1.009,1.007,1.026,1.563,6.8,1372,Xavier Edwards,Martín Pérez,4.0,2B,7:15p,1786058100000.0,True,False,1300.0,Caesars,7.3,3.0,,,
2026-08-06,663698,624133,CWS@BOS,Middle Fastball Crusher,3.14,1.71,1.037,1.01,0.906,1.674,6.7,1382,Joey Bart,Ranger Suarez,6.0,C,7:10p,1786057800000.0,True,False,700.0,theScore Bet,11.7,3.0,,,
2026-08-06,691594,527048,MIA@ATL,Middle Fastball Crusher,1.8,2.84,0.991,1.007,1.026,1.719,6.6,1416,Javier Sanoja,Martín Pérez,7.0,RF,7:15p,1786058100000.0,True,False,950.0,Caesars,9.4,3.0,,,
2026-08-06,666152,677952,PIT@MIL,Middle Fastball Crusher (LH),1.72,3.19,0.982,1.0,0.906,1.597,5.9,1593,David Hamilton,Braxton Ashcraft,8.0,3B,2:10p,1786039800000.0,False,False,,,,,,,
2026-08-06,608324,656302,TOR@CHC,Oppo Fastball Hunter,2.31,1.83,0.976,1.017,0.9,1.238,5.4,1748,Alex Bregman,Dylan Cease,4.0,3B,2:20p,1786040400000.0,False,False,,,,,,,
2026-08-06,665804,656302,TOR@CHC,Middle Slider Crusher,2.17,1.83,0.978,1.017,0.9,1.164,4.1,2333,Miguel Amaya,Dylan Cease,9.0,C,2:20p,1786040400000.0,False,False,,,,,,,
2026-08-06,663968,669160,PIT@MIL,Inside Breaking Ball Specialist,1.47,1.89,0.98,1.0,0.97,0.868,4.0,2379,Jake Mangum,Dustin May,1.0,CF,2:10p,1786039800000.0,False,False,,,,,,,
2026-08-06,693304,669160,PIT@MIL,Oppo Fastball Hunter,1.68,1.89,0.982,1.0,0.97,0.994,4.0,2370,Nick Gonzales,Dustin May,6.0,3B,2:10p,1786039800000.0,False,False,,,,,,,
2026-08-06,663538,656302,TOR@CHC,Middle Fastball Crusher,1.72,1.83,0.978,1.017,0.9,0.924,3.8,2554,Nico Hoerner,Dylan Cease,6.0,2B,2:20p,1786040400000.0,False,False,,,,,,,
2026-08-06,686668,624133,CWS@BOS,Middle Fastball Crusher,1.85,1.71,1.037,1.01,0.906,0.986,3.8,2513,Brenton Doyle,Ranger Suarez,7.0,CF,7:10p,1786057800000.0,True,False,800.0,theScore Bet,10.4,3.0,,,
2026-08-06,682668,624133,CWS@BOS,Middle Fastball Crusher,1.54,1.71,1.037,1.01,0.906,0.823,2.9,3328,Luisangel Acuña,Ranger Suarez,9.0,LF,7:10p,1786057800000.0,True,False,1300.0,Caesars,7.3,3.0,,,
2026-08-06,683083,650911,WSH@PHI,Middle Fastball Crusher,0.94,2.2,1.008,1.039,0.9,0.638,2.4,4083,Nasim Nuñez,Cristopher Sánchez,8.0,2B,6:05p,1786053900000.0,False,False,,,,,,,
2026-08-07,660271,518876,LAD@AZ,Middle Fastball Crusher (LH),4.91,4.24,1.0,1.0,1.12,7.648,31.3,219,Shohei Ohtani,Merrill Kelly,1.0,DH,9:40p,1786153200000.0,True,False,,,,,,,
2026-08-07,571970,518876,LAD@AZ,Oppo Fastball Hunter (LH),4.95,4.24,1.0,1.0,1.12,7.715,30.1,232,Max Muncy,Merrill Kelly,4.0,3B,9:40p,1786153200000.0,True,False,,,,,,,
2026-08-07,691023,663372,COL@STL,Middle Fastball Crusher,4.31,4.45,0.998,1.036,1.12,7.282,29.4,241,Jordan Walker,Ryan Feltner,2.0,RF,8:15p,1786148100000.0,False,False,,,,,,,
2026-08-07,700250,641816,ATL@NYY,Middle Fastball Crusher (LH),5.9,3.35,1.011,1.042,0.987,6.739,27.4,264,Ben Rice,Tyler Mahle,2.0,DH,7:05p,1786143900000.0,False,False,,,,,,,
2026-08-07,696100,681517,COL@STL,Middle Fastball Crusher,6.58,2.73,0.998,1.036,1.101,6.705,26.6,275,Hunter Goodman,Kyle Leahy,4.0,C,8:15p,1786148100000.0,False,False,,,,,,,
2026-08-07,670541,592662,HOU@SD,Inside Breaking Ball Specialist (LH),6.2,2.95,1.007,1.012,1.026,6.263,25.7,289,Yordan Álvarez,Robbie Ray,2.0,DH,9:40p,1786153200000.0,True,False,,,,,,,
2026-08-07,671277,641816,ATL@NYY,Inside Breaking Ball Specialist (LH),5.47,3.35,1.024,1.042,0.987,6.319,25.3,296,Luis García,Tyler Mahle,4.0,1B,7:05p,1786143900000.0,False,False,,,,,,,
2026-08-07,624413,543135,BAL@TEX,Oppo Fastball Hunter,4.31,4.18,1.004,1.0,0.992,5.876,24.3,311,Pete Alonso,Nathan Eovaldi,2.0,1B,8:15p,1786148100000.0,False,False,,,,,,,
2026-08-07,691406,669302,TB@SEA,Oppo Fastball Hunter,5.89,3.2,1.0,1.0,0.936,5.789,23.5,326,Junior Caminero,Logan Gilbert,3.0,3B,9:45p,1786153500000.0,True,False,,,,,,,
2026-08-07,666160,681517,COL@STL,Inside Breaking Ball Specialist (LH),5.54,2.73,0.989,1.036,1.101,5.594,22.8,339,Mickey Moniak,Kyle Leahy,3.0,LF,8:15p,1786148100000.0,False,False,,,,,,,
2026-08-07,694192,805673,MIN@MIL,Middle Fastball Crusher,3.82,4.18,0.99,1.0,1.048,5.438,22.7,341,Jackson Chourio,Zebby Matthews,2.0,LF,7:40p,1786146000000.0,False,False,,,,,,,
2026-08-07,605141,518876,LAD@AZ,Inside Breaking Ball Specialist,3.7,4.24,1.0,1.0,1.12,5.766,22.5,345,Mookie Betts,Merrill Kelly,5.0,SS,9:40p,1786153200000.0,True,False,,,,,,,
2026-08-07,691723,543135,BAL@TEX,Middle Fastball Crusher,4.56,4.18,1.006,1.0,0.992,6.237,22.4,347,Coby Mayo,Nathan Eovaldi,7.0,3B,8:15p,1786148100000.0,False,False,,,,,,,
2026-08-07,656941,667755,TOR@PHI,Middle Slider Crusher (LH),6.02,2.5,1.006,1.005,1.018,5.084,21.8,358,Kyle Schwarber,José Soriano,1.0,DH,6:40p,1786142400000.0,False,False,,,,,,,
2026-08-07,606466,808963,LAD@AZ,Inside Breaking Ball Specialist,3.73,4.29,1.0,1.0,1.004,5.268,21.5,366,Ketel Marte,Roki Sasaki,4.0,2B,9:40p,1786153200000.0,True,False,,,,,,,
2026-08-07,641933,543135,BAL@TEX,Middle Slider Crusher,3.85,4.18,1.006,1.0,0.992,5.261,21.4,366,Tyler O'Neill,Nathan Eovaldi,4.0,DH,8:15p,1786148100000.0,False,False,,,,,,,
2026-08-07,677800,678022,ATH@BOS,Inside Breaking Ball Specialist (LH),3.87,3.85,1.059,1.004,0.969,5.04,20.7,383,Wilyer Abreu,Jack Perkins,3.0,RF,7:10p,1786144200000.0,False,False,,,,,,,
2026-08-07,683002,543135,BAL@TEX,Middle Slider Crusher (LH),3.39,4.18,1.004,1.0,0.992,4.625,20.0,399,Gunnar Henderson,Nathan Eovaldi,1.0,SS,8:15p,1786148100000.0,False,False,,,,,,,
2026-08-07,518692,518876,LAD@AZ,Middle Fastball Crusher (LH),3.11,4.24,1.0,1.0,1.12,4.836,19.9,401,Freddie Freeman,Merrill Kelly,3.0,1B,9:40p,1786153200000.0,True,False,,,,,,,
2026-08-07,682998,808963,LAD@AZ,Oppo Fastball Hunter (LH),3.24,4.29,1.0,1.0,1.004,4.578,19.4,416,Corbin Carroll,Roki Sasaki,2.0,RF,9:40p,1786153200000.0,True,False,,,,,,,
2026-08-07,668930,805673,MIN@MIL,Inside Breaking Ball Specialist (LH),3.18,4.18,0.97,1.0,1.048,4.432,19.3,419,Brice Turang,Zebby Matthews,1.0,2B,7:40p,1786146000000.0,False,False,,,,,,,
2026-08-07,606192,518876,LAD@AZ,Middle Fastball Crusher,3.38,4.24,1.0,1.0,1.12,5.261,19.2,422,Teoscar Hernández,Merrill Kelly,7.0,LF,9:40p,1786153200000.0,True,False,,,,,,,
2026-08-07,664040,804267,NYM@PIT,Middle Fastball Crusher (LH),4.6,2.67,1.016,0.996,1.068,4.35,18.5,441,Brandon Lowe,Zac Thornton,2.0,2B,6:40p,1786142400000.0,False,False,,,,,,,
2026-08-07,691781,695534,CIN@WSH,Middle Fastball Crusher,3.5,3.42,0.995,1.023,1.109,4.43,18.4,443,Brady House,Chase Petty,3.0,3B,6:45p,1786142700000.0,False,False,,,,,,,
2026-08-07,672960,554430,TOR@PHI,Oppo Fastball Hunter,4.75,3.18,1.006,1.005,0.9,4.505,17.9,457,Kazuma Okamoto,Zack Wheeler,5.0,1B,6:40p,1786142400000.0,False,False,,,,,,,
2026-08-07,572233,592662,HOU@SD,Middle Slider Crusher,4.39,2.95,1.007,1.012,1.026,4.442,17.7,465,Christian Walker,Robbie Ray,5.0,1B,9:40p,1786153200000.0,True,False,,,,,,,
2026-08-07,665161,592662,HOU@SD,Middle Fastball Crusher,4.01,2.95,1.007,1.012,1.026,4.048,17.7,464,Jeremy Peña,Robbie Ray,1.0,SS,9:40p,1786153200000.0,True,False,,,,,,,
2026-08-07,678882,678022,ATH@BOS,Middle Slider Crusher,3.24,3.85,1.037,1.004,0.969,4.129,17.6,467,Ceddanne Rafaela,Jack Perkins,2.0,CF,7:10p,1786144200000.0,False,False,,,,,,,
2026-08-07,671056,663372,COL@STL,Middle Slider Crusher,2.5,4.45,0.998,1.036,1.12,4.218,17.5,471,Iván Herrera,Ryan Feltner,4.0,DH,8:15p,1786148100000.0,False,False,,,,,,,
2026-08-07,693307,664141,DET@SF,Middle Slider Crusher,5.22,2.36,0.988,0.989,1.054,4.165,17.4,475,Dillon Dingler,Jt Brubaker,3.0,C,10:15p,1786155300000.0,True,False,,,,,,,
2026-08-07,665862,641816,ATL@NYY,Middle Fastball Crusher (LH),3.82,3.35,1.011,1.042,0.987,4.359,17.4,475,Jazz Chisholm,Tyler Mahle,5.0,2B,7:05p,1786143900000.0,False,False,,,,,,,
2026-08-07,682657,702273,CLE@CWS,Inside Breaking Ball Specialist (LH),3.67,3.11,0.991,1.008,1.12,4.186,16.8,497,Angel Martínez,Noah Schultz,5.0,LF,7:40p,1786146000000.0,False,False,,,,,,,
2026-08-07,668709,676917,CIN@WSH,Middle Fastball Crusher (LH),4.92,2.45,0.998,1.023,0.985,3.975,16.6,501,Jj Bleday,Cade Cavalli,3.0,LF,6:45p,1786142700000.0,False,False,,,,,,,
2026-08-07,686611,695534,CIN@WSH,Middle Fastball Crusher,3.27,3.42,0.995,1.023,1.109,4.139,16.6,503,Dylan Crews,Chase Petty,5.0,RF,6:45p,1786142700000.0,False,False,,,,,,,
2026-08-07,694374,808963,LAD@AZ,Inside Breaking Ball Specialist,3.27,4.29,1.0,1.0,1.004,4.621,16.4,510,Tim Tawa,Roki Sasaki,8.0,1B,9:40p,1786153200000.0,True,False,,,,,,,
2026-08-07,666176,702273,CLE@CWS,Middle Slider Crusher,3.33,3.11,1.004,1.008,1.12,3.846,16.1,522,Jo Adell,Noah Schultz,4.0,RF,7:40p,1786146000000.0,False,False,,,,,,,
2026-08-07,547180,667755,TOR@PHI,Middle Fastball Crusher (LH),4.54,2.5,1.006,1.005,1.018,3.836,16.1,521,Bryce Harper,José Soriano,3.0,RF,6:40p,1786142400000.0,False,False,,,,,,,
2026-08-07,701398,676917,CIN@WSH,Middle Fastball Crusher,4.66,2.45,0.995,1.023,0.985,3.755,16.1,520,Sal Stewart,Cade Cavalli,2.0,1B,6:45p,1786142700000.0,False,False,,,,,,,
2026-08-07,686527,656876,TB@SEA,Middle Slider Crusher (LH),4.79,2.71,1.0,1.0,0.9,3.835,16.0,524,Dominic Canzone,Drew Rasmussen,4.0,DH,9:45p,1786153500000.0,True,False,,,,,,,
2026-08-07,663757,641816,ATL@NYY,Oppo Fastball Hunter (LH),3.17,3.35,1.011,1.042,0.987,3.618,16.0,526,Trent Grisham,Tyler Mahle,1.0,CF,7:05p,1786143900000.0,False,False,,,,,,,
2026-08-07,695734,695534,CIN@WSH,Inside Breaking Ball Specialist (LH),2.96,3.42,0.991,1.023,1.109,3.727,15.6,541,Daylen Lile,Chase Petty,4.0,LF,6:45p,1786142700000.0,False,False,,,,,,,
2026-08-07,695506,592332,CHC@KC,Middle Fastball Crusher (LH),4.06,2.83,1.0,1.0,0.974,3.668,15.4,548,Jac Caglianone,Kevin Gausman,3.0,1B,8:10p,1786147800000.0,False,False,,,,,,,
2026-08-07,702616,543135,BAL@TEX,Middle Slider Crusher (LH),2.66,4.18,1.004,1.0,0.992,3.636,15.3,553,Jackson Holliday,Nathan Eovaldi,3.0,2B,8:15p,1786148100000.0,False,False,,,,,,,
2026-08-07,680776,678022,ATH@BOS,Middle Fastball Crusher (LH),3.22,3.85,1.044,1.004,0.969,4.128,15.3,554,Jarren Duran,Jack Perkins,7.0,LF,7:10p,1786144200000.0,False,False,,,,,,,
2026-08-07,661388,805673,MIN@MIL,Middle Fastball Crusher,2.55,4.18,0.99,1.0,1.048,3.632,15.2,557,William Contreras,Zebby Matthews,4.0,C,7:40p,1786146000000.0,False,False,,,,,,,
2026-08-07,641680,801139,ATH@BOS,Middle Slider Crusher (LH),3.93,2.93,1.044,1.004,0.9,3.559,15.0,566,Jonah Heim,Payton Tolle,3.0,C,7:10p,1786144200000.0,False,False,,,,,,,
2026-08-07,702332,678022,ATH@BOS,Middle Fastball Crusher,2.79,3.85,1.037,1.004,0.969,3.552,14.9,571,Caleb Durbin,Jack Perkins,4.0,3B,7:10p,1786144200000.0,False,False,,,,,,,
2026-08-07,682829,676917,CIN@WSH,Middle Fastball Crusher,4.14,2.45,0.995,1.023,0.985,3.332,14.8,577,Elly De La Cruz,Cade Cavalli,1.0,SS,6:45p,1786142700000.0,False,False,,,,,,,
2026-08-07,663656,518876,LAD@AZ,Middle Fastball Crusher (LH),2.41,4.24,1.0,1.0,1.12,3.759,14.7,582,Kyle Tucker,Merrill Kelly,6.0,RF,9:40p,1786153200000.0,True,False,,,,,,,
2026-08-07,681297,543135,BAL@TEX,Middle Fastball Crusher (LH),2.97,4.18,1.004,1.0,0.992,4.059,14.5,590,Colton Cowser,Nathan Eovaldi,8.0,CF,8:15p,1786148100000.0,False,False,,,,,,,
2026-08-07,691016,801139,ATH@BOS,Middle Fastball Crusher (LH),3.77,2.93,1.044,1.004,0.9,3.414,14.4,596,Tyler Soderstrom,Payton Tolle,4.0,LF,7:10p,1786144200000.0,False,False,,,,,,,
2026-08-07,671218,641816,ATL@NYY,Inside Breaking Ball Specialist,2.94,3.35,1.014,1.042,0.987,3.37,14.3,601,Heliot Ramos,Tyler Mahle,3.0,LF,7:05p,1786143900000.0,False,False,,,,,,,
2026-08-07,695657,800048,CLE@CWS,Oppo Fastball Hunter (LH),4.96,2.34,1.009,1.008,0.9,3.479,14.1,609,Colson Montgomery,Parker Messick,5.0,3B,7:40p,1786146000000.0,False,False,,,,,,,
2026-08-07,514888,592662,HOU@SD,Middle Fastball Crusher,3.25,2.95,1.007,1.012,1.026,3.289,13.9,621,José Altuve,Robbie Ray,4.0,2B,9:40p,1786153200000.0,True,False,,,,,,,
2026-08-07,695600,592332,CHC@KC,Middle Fastball Crusher (LH),3.4,2.83,1.0,1.0,0.974,3.074,13.7,630,Carter Jensen,Kevin Gausman,1.0,C,8:10p,1786147800000.0,False,False,,,,,,,
2026-08-07,655316,678022,ATH@BOS,Middle Slider Crusher,2.73,3.85,1.037,1.004,0.969,3.478,13.6,634,Andruw Monasterio,Jack Perkins,6.0,SS,7:10p,1786144200000.0,False,False,,,,,,,
2026-08-07,650490,669302,TB@SEA,Oppo Fastball Hunter,3.11,3.2,1.0,1.0,0.936,3.055,13.6,634,Yandy Díaz,Logan Gilbert,1.0,DH,9:45p,1786153500000.0,True,False,,,,,,,
2026-08-07,678246,800048,CLE@CWS,Middle Fastball Crusher,4.49,2.34,1.004,1.008,0.9,3.135,13.3,651,Miguel Vargas,Parker Messick,3.0,1B,7:40p,1786146000000.0,False,False,,,,,,,
2026-08-07,664983,681517,COL@STL,Middle Fastball Crusher (LH),2.9,2.73,0.995,1.036,1.101,2.949,13.2,659,Jake Mccarthy,Kyle Leahy,1.0,DH,8:15p,1786148100000.0,False,False,,,,,,,
2026-08-07,521692,592332,CHC@KC,Middle Fastball Crusher,3.42,2.83,1.0,1.0,0.974,3.092,13.1,664,Salvador Pérez,Kevin Gausman,4.0,DH,8:10p,1786147800000.0,False,False,,,,,,,
2026-08-07,650489,681517,COL@STL,Middle Fastball Crusher,3.28,2.73,0.998,1.036,1.101,3.341,13.1,662,Willi Castro,Kyle Leahy,6.0,3B,8:15p,1786148100000.0,False,False,,,,,,,
2026-08-07,679529,664141,DET@SF,Middle Fastball Crusher,4.14,2.36,0.988,0.989,1.054,3.305,13.0,670,Spencer Torkelson,Jt Brubaker,6.0,1B,10:15p,1786155300000.0,True,False,,,,,,,
2026-08-07,543807,554430,TOR@PHI,Middle Fastball Crusher,3.18,3.18,1.008,1.005,0.9,3.017,12.8,682,George Springer,Zack Wheeler,4.0,DH,6:40p,1786142400000.0,False,False,,,,,,,
2026-08-07,553993,676917,CIN@WSH,Middle Slider Crusher,3.92,2.45,0.995,1.023,0.985,3.155,12.8,678,Eugenio Suárez,Cade Cavalli,5.0,DH,6:45p,1786142700000.0,False,False,,,,,,,
2026-08-07,673237,592662,HOU@SD,Oppo Fastball Hunter,3.37,2.95,1.002,1.012,1.026,3.39,12.7,688,Yainer Diaz,Robbie Ray,7.0,C,9:40p,1786153200000.0,True,False,,,,,,,
2026-08-07,660821,554430,TOR@PHI,Inside Breaking Ball Specialist (LH),3.17,3.18,1.002,1.005,0.9,2.992,12.7,685,Jesús Sánchez,Zack Wheeler,3.0,LF,6:40p,1786142400000.0,False,False,,,,,,,
2026-08-07,592885,805673,MIN@MIL,Middle Slider Crusher (LH),2.27,4.18,0.982,1.0,1.048,3.206,12.6,693,Christian Yelich,Zebby Matthews,6.0,DH,7:40p,1786146000000.0,False,False,,,,,,,
2026-08-07,666139,663969,LAA@MIA,Middle Fastball Crusher (LH),3.45,2.91,0.977,1.0,1.057,3.401,12.3,715,Josh Lowe,Tyler Phillips,8.0,RF,7:10p,1786144200000.0,False,False,,,,,,,
2026-08-07,687462,804267,NYM@PIT,Middle Slider Crusher (LH),3.16,2.67,1.016,0.996,1.068,2.988,12.2,719,Spencer Horwitz,Zac Thornton,5.0,1B,6:40p,1786142400000.0,False,False,,,,,,,
2026-08-07,663457,808963,LAD@AZ,Inside Breaking Ball Specialist (LH),2.11,4.29,1.0,1.0,1.004,2.975,12.2,723,Lars Nootbaar,Roki Sasaki,5.0,DH,9:40p,1786153200000.0,True,False,,,,,,,
2026-08-07,668670,678022,ATH@BOS,Middle Fastball Crusher,2.79,3.85,1.037,1.004,0.969,3.552,12.2,723,Jake Rogers,Jack Perkins,9.0,C,7:10p,1786144200000.0,False,False,,,,,,,
2026-08-07,669224,641816,ATL@NYY,Oppo Fastball Hunter (LH),3.11,3.35,1.011,1.042,0.987,3.549,12.1,723,Austin Wells,Tyler Mahle,9.0,C,7:05p,1786143900000.0,False,False,,,,,,,
2026-08-07,677951,592332,CHC@KC,Middle Slider Crusher,3.05,2.83,1.0,1.0,0.974,2.754,12.1,730,Bobby Witt,Kevin Gausman,2.0,SS,8:10p,1786147800000.0,False,False,,,,,,,
2026-08-07,642715,672456,DET@SF,Middle Fastball Crusher,3.75,2.53,0.988,0.989,0.922,2.803,12.0,735,Willy Adames,Keider Montero,3.0,SS,10:15p,1786155300000.0,True,False,,,,,,,
2026-08-07,668804,804267,NYM@PIT,Middle Fastball Crusher,2.97,2.67,1.007,0.996,1.068,2.779,11.9,742,Bryan Reynolds,Zac Thornton,3.0,LF,6:40p,1786142400000.0,False,False,,,,,,,
2026-08-07,677594,656876,TB@SEA,Middle Fastball Crusher,3.59,2.71,1.002,1.0,0.9,2.881,11.8,748,Julio Rodríguez,Drew Rasmussen,5.0,CF,9:45p,1786153500000.0,True,False,,,,,,,
2026-08-07,696285,695534,CIN@WSH,Middle Fastball Crusher,2.72,3.42,0.995,1.023,1.109,3.437,11.8,749,Jacob Young,Chase Petty,9.0,CF,6:45p,1786142700000.0,False,False,,,,,,,
2026-08-07,807799,678022,ATH@BOS,Middle Fastball Crusher (LH),2.24,3.85,1.044,1.004,0.969,2.872,11.8,751,Masataka Yoshida,Jack Perkins,5.0,DH,7:10p,1786144200000.0,False,False,,,,,,,
2026-08-07,607208,667755,TOR@PHI,Middle Fastball Crusher,3.17,2.5,1.008,1.005,1.018,2.684,11.8,751,Trea Turner,José Soriano,2.0,SS,6:40p,1786142400000.0,False,False,,,,,,,
2026-08-07,680777,675660,MIN@MIL,Middle Fastball Crusher,4.04,2.25,0.99,1.0,0.9,2.658,11.7,758,Ryan Jeffers,Shane Drohan,2.0,C,7:40p,1786146000000.0,False,False,,,,,,,
2026-08-07,677588,695534,CIN@WSH,Middle Fastball Crusher (LH),2.52,3.42,0.998,1.023,1.109,3.195,11.6,766,José Tena,Chase Petty,8.0,2B,6:45p,1786142700000.0,False,False,,,,,,,
2026-08-07,672386,554430,TOR@PHI,Oppo Fastball Hunter,2.76,3.18,1.006,1.005,0.9,2.612,11.5,773,Alejandro Kirk,Zack Wheeler,2.0,C,6:40p,1786142400000.0,False,False,,,,,,,
2026-08-07,665019,675660,MIN@MIL,Middle Fastball Crusher (LH),4.31,2.25,0.982,1.0,0.9,2.811,11.5,769,Kody Clemens,Shane Drohan,5.0,RF,7:40p,1786146000000.0,False,False,,,,,,,
2026-08-07,701358,592662,HOU@SD,Middle Fastball Crusher,3.09,2.95,1.007,1.012,1.026,3.119,11.3,786,Cam Smith,Robbie Ray,8.0,RF,9:40p,1786153200000.0,True,False,,,,,,,
2026-08-07,595978,702273,CLE@CWS,Middle Fastball Crusher,2.61,3.11,1.004,1.008,1.12,3.018,10.9,814,Austin Hedges,Noah Schultz,8.0,C,7:40p,1786146000000.0,False,False,,,,,,,
2026-08-07,663886,676917,CIN@WSH,Middle Fastball Crusher,3.16,2.45,0.995,1.023,0.985,2.542,10.9,821,Tyler Stephenson,Cade Cavalli,4.0,C,6:45p,1786142700000.0,False,False,,,,,,,
2026-08-07,682985,664141,DET@SF,Oppo Fastball Hunter (LH),3.29,2.36,0.958,0.989,1.054,2.543,10.9,821,Riley Greene,Jt Brubaker,4.0,LF,10:15p,1786155300000.0,True,False,,,,,,,
2026-08-07,608369,669358,BAL@TEX,Middle Slider Crusher (LH),3.81,1.93,1.004,1.0,1.014,2.457,10.6,847,Corey Seager,Shane Baz,3.0,SS,8:15p,1786148100000.0,False,False,,,,,,,
2026-08-07,668904,675660,MIN@MIL,Middle Fastball Crusher,3.71,2.25,0.99,1.0,0.9,2.441,10.5,853,Royce Lewis,Shane Drohan,3.0,2B,7:40p,1786146000000.0,False,False,,,,,,,
2026-08-07,668227,656876,TB@SEA,Oppo Fastball Hunter,3.03,2.71,1.0,1.0,0.9,2.424,10.4,859,Randy Arozarena,Drew Rasmussen,3.0,LF,9:45p,1786153500000.0,True,False,,,,,,,
2026-08-07,621566,608331,ATL@NYY,Middle Fastball Crusher (LH),5.71,1.34,1.011,1.042,0.9,2.375,10.2,883,Matt Olson,Max Fried,4.0,1B,7:05p,1786143900000.0,False,False,,,,,,,
2026-08-07,664761,667755,TOR@PHI,Oppo Fastball Hunter,2.89,2.5,1.006,1.005,1.018,2.439,10.1,895,Alec Bohm,José Soriano,5.0,1B,6:40p,1786142400000.0,False,False,,,,,,,
2026-08-07,650402,664141,DET@SF,Middle Fastball Crusher,2.83,2.36,0.988,0.989,1.054,2.255,10.0,904,Gleyber Torres,Jt Brubaker,2.0,2B,10:15p,1786155300000.0,True,False,,,,,,,
2026-08-07,686681,592332,CHC@KC,Inside Breaking Ball Specialist (LH),2.93,2.83,1.0,1.0,0.974,2.65,10.0,897,Michael Massey,Kevin Gausman,7.0,2B,8:10p,1786147800000.0,False,False,,,,,,,
2026-08-07,669394,669358,BAL@TEX,Middle Fastball Crusher,4.04,1.93,1.006,1.0,1.014,2.613,9.9,910,Jake Burger,Shane Baz,7.0,1B,8:15p,1786148100000.0,False,False,,,,,,,
2026-08-07,805779,801139,ATH@BOS,Inside Breaking Ball Specialist,2.47,2.93,1.049,1.004,0.9,2.245,9.9,909,Jacob Wilson,Payton Tolle,2.0,SS,7:10p,1786144200000.0,False,False,,,,,,,
2026-08-07,677587,702273,CLE@CWS,Middle Slider Crusher (LH),2.26,3.11,0.997,1.008,1.12,2.587,9.8,920,Brayan Rocchio,Noah Schultz,7.0,SS,7:40p,1786146000000.0,False,False,,,,,,,
2026-08-07,543760,669387,NYM@PIT,Middle Fastball Crusher,3.32,2.1,1.007,0.996,1.068,2.444,9.7,927,Marcus Semien,Carmen Mlodzinski,6.0,2B,6:40p,1786142400000.0,False,False,,,,,,,
2026-08-07,663728,656876,TB@SEA,Middle Slider Crusher,3.33,2.71,1.002,1.0,0.9,2.672,9.7,927,Cal Raleigh,Drew Rasmussen,8.0,C,9:45p,1786153500000.0,True,False,,,,,,,
2026-08-07,665966,543135,BAL@TEX,Middle Slider Crusher,2.06,4.18,1.006,1.0,0.992,2.819,9.7,927,Carlos Narváez,Nathan Eovaldi,9.0,C,8:15p,1786148100000.0,False,False,,,,,,,
2026-08-07,682622,676917,CIN@WSH,Inside Breaking Ball Specialist,3.18,2.45,0.992,1.023,0.985,2.553,9.7,933,Noelvi Marte,Cade Cavalli,7.0,RF,6:45p,1786142700000.0,False,False,,,,,,,
2026-08-07,678662,681517,COL@STL,Middle Slider Crusher,2.48,2.73,0.998,1.036,1.101,2.524,9.6,944,Ezequiel Tovar,Kyle Leahy,7.0,SS,8:15p,1786148100000.0,False,False,,,,,,,
2026-08-07,672724,663969,LAA@MIA,Inside Breaking Ball Specialist,2.54,2.91,0.97,1.0,1.057,2.49,9.5,958,Oswald Peraza,Tyler Phillips,7.0,2B,7:10p,1786144200000.0,False,False,,,,,,,
2026-08-07,691777,801139,ATH@BOS,Oppo Fastball Hunter,2.83,2.93,1.044,1.004,0.9,2.563,9.4,969,Max Muncy,Payton Tolle,8.0,3B,7:10p,1786144200000.0,False,False,,,,,,,
2026-08-07,691026,663372,COL@STL,Middle Slider Crusher,1.38,4.45,0.998,1.036,1.12,2.331,9.3,975,Masyn Winn,Ryan Feltner,6.0,SS,8:15p,1786148100000.0,False,False,,,,,,,
2026-08-07,664770,554430,TOR@PHI,Oppo Fastball Hunter (LH),2.13,3.18,1.013,1.005,0.9,2.031,9.2,983,Nathan Lukes,Zack Wheeler,1.0,RF,6:40p,1786142400000.0,False,False,,,,,,,
2026-08-07,680977,656876,TB@SEA,Middle Slider Crusher (LH),2.92,2.71,1.0,1.0,0.9,2.338,8.9,1024,Brendan Donovan,Drew Rasmussen,7.0,3B,9:45p,1786153500000.0,True,False,,,,,,,
2026-08-07,605137,675660,MIN@MIL,Middle Fastball Crusher (LH),3.11,2.25,0.982,1.0,0.9,2.032,8.8,1042,Josh Bell,Shane Drohan,4.0,DH,7:40p,1786146000000.0,False,False,,,,,,,
2026-08-07,676694,592662,HOU@SD,Middle Fastball Crusher,2.49,2.95,1.007,1.012,1.026,2.512,8.7,1047,Jake Meyers,Robbie Ray,9.0,CF,9:40p,1786153200000.0,True,False,,,,,,,
2026-08-07,690993,664141,DET@SF,Middle Fastball Crusher (LH),2.59,2.36,0.993,0.989,1.054,2.077,8.6,1061,Colt Keith,Jt Brubaker,5.0,DH,10:15p,1786155300000.0,True,False,,,,,,,
2026-08-07,677649,669358,BAL@TEX,Middle Fastball Crusher,3.18,1.93,1.006,1.0,1.014,2.057,8.5,1072,Ezequiel Duran,Shane Baz,5.0,3B,8:15p,1786148100000.0,False,False,,,,,,,
2026-08-07,662139,592662,HOU@SD,Oppo Fastball Hunter (LH),2.13,2.95,0.987,1.012,1.026,2.112,8.5,1083,Daulton Varsho,Robbie Ray,6.0,LF,9:40p,1786153200000.0,True,False,,,,,,,
2026-08-07,664023,663738,CHC@KC,Middle Fastball Crusher,3.62,1.97,1.0,1.0,0.909,2.127,8.5,1075,Ian Happ,Daniel Lynch,6.0,LF,8:10p,1786147800000.0,False,False,,,,,,,
2026-08-07,666152,805673,MIN@MIL,Middle Fastball Crusher (LH),1.7,4.18,0.982,1.0,1.048,2.403,8.3,1098,David Hamilton,Zebby Matthews,9.0,3B,7:40p,1786146000000.0,False,False,,,,,,,
2026-08-07,686948,608331,ATL@NYY,Oppo Fastball Hunter (LH),4.46,1.34,1.011,1.042,0.9,1.855,8.3,1112,Drake Baldwin,Max Fried,2.0,DH,7:05p,1786143900000.0,False,False,,,,,,,
2026-08-07,665926,554430,TOR@PHI,Middle Slider Crusher (LH),2.18,3.18,1.006,1.005,0.9,2.062,8.3,1110,Andrés Giménez,Zack Wheeler,6.0,SS,6:40p,1786142400000.0,False,False,,,,,,,
2026-08-07,679845,592332,CHC@KC,Oppo Fastball Hunter,2.2,2.83,1.0,1.0,0.974,1.993,8.0,1151,Nick Loftin,Kevin Gausman,6.0,3B,8:10p,1786147800000.0,False,False,,,,,,,
2026-08-07,680700,669302,TB@SEA,Oppo Fastball Hunter (LH),2.23,3.2,1.0,1.0,0.936,2.187,8.0,1147,Richie Palacios,Logan Gilbert,8.0,2B,9:45p,1786153500000.0,True,False,,,,,,,
2026-08-07,663647,676917,CIN@WSH,Inside Breaking Ball Specialist,2.65,2.45,0.992,1.023,0.985,2.129,7.8,1179,Ke'Bryan Hayes,Cade Cavalli,8.0,3B,6:45p,1786142700000.0,False,False,,,,,,,
2026-08-07,621020,663738,CHC@KC,Middle Fastball Crusher,3.74,1.97,1.0,1.0,0.909,2.202,7.7,1204,Dansby Swanson,Daniel Lynch,9.0,SS,8:10p,1786147800000.0,False,False,,,,,,,
2026-08-07,666182,669387,NYM@PIT,Middle Fastball Crusher,2.37,2.1,1.007,0.996,1.068,1.747,7.6,1215,Bo Bichette,Carmen Mlodzinski,3.0,3B,6:40p,1786142400000.0,False,False,,,,,,,
2026-08-07,686555,592332,CHC@KC,Inside Breaking Ball Specialist,1.92,2.83,1.0,1.0,0.974,1.737,7.2,1281,Isaac Collins,Kevin Gausman,5.0,LF,8:10p,1786147800000.0,False,False,,,,,,,
2026-08-07,595879,664141,DET@SF,Middle Fastball Crusher,2.46,2.36,0.988,0.989,1.054,1.963,7.2,1285,Javier Báez,Jt Brubaker,8.0,SS,10:15p,1786155300000.0,True,False,,,,,,,
2026-08-07,694497,669358,BAL@TEX,Middle Fastball Crusher (LH),2.62,1.93,1.004,1.0,1.014,1.692,6.8,1367,Evan Carter,Shane Baz,6.0,CF,8:15p,1786148100000.0,False,False,,,,,,,
2026-08-07,645277,608331,ATL@NYY,Middle Fastball Crusher,3.69,1.34,0.998,1.042,0.9,1.514,6.6,1411,Ozzie Albies,Max Fried,3.0,2B,7:05p,1786143900000.0,False,False,,,,,,,
2026-08-07,593871,669387,NYM@PIT,Middle Fastball Crusher (LH),2.36,2.1,1.016,0.996,1.068,1.753,6.5,1446,Jorge Polanco,Carmen Mlodzinski,8.0,DH,6:40p,1786142400000.0,False,False,,,,,,,
2026-08-07,693304,804267,NYM@PIT,Oppo Fastball Hunter,1.67,2.67,1.016,0.996,1.068,1.58,6.4,1468,Nick Gonzales,Zac Thornton,6.0,3B,6:40p,1786142400000.0,False,False,,,,,,,
2026-08-07,623168,663969,LAA@MIA,Oppo Fastball Hunter,1.86,2.91,0.977,1.0,1.057,1.838,6.4,1455,Tyler Heineman,Tyler Phillips,9.0,C,7:10p,1786144200000.0,False,False,,,,,,,
2026-08-07,663968,804267,NYM@PIT,Inside Breaking Ball Specialist,1.46,2.67,1.012,0.996,1.068,1.375,6.3,1481,Jake Mangum,Zac Thornton,1.0,CF,6:40p,1786142400000.0,False,False,,,,,,,
2026-08-07,683146,669387,NYM@PIT,Middle Fastball Crusher (LH),2.21,2.1,1.016,0.996,1.068,1.64,6.3,1486,Brett Baty,Carmen Mlodzinski,7.0,RF,6:40p,1786142400000.0,False,False,,,,,,,
2026-08-07,608324,663738,CHC@KC,Oppo Fastball Hunter,2.45,1.97,1.0,1.0,0.909,1.444,6.3,1482,Alex Bregman,Daniel Lynch,3.0,3B,8:10p,1786147800000.0,False,False,,,,,,,
2026-08-07,620443,669387,NYM@PIT,Middle Fastball Crusher,2.31,2.1,1.007,0.996,1.068,1.7,6.0,1578,Luis Torrens,Carmen Mlodzinski,9.0,C,6:40p,1786142400000.0,False,False,,,,,,,
2026-08-07,666397,681517,COL@STL,Middle Slider Crusher (LH),1.69,2.73,0.995,1.036,1.101,1.717,6.0,1562,Edouard Julien,Kyle Leahy,9.0,2B,8:15p,1786148100000.0,False,False,,,,,,,
2026-08-07,605170,675660,MIN@MIL,Middle Slider Crusher (LH),2.47,2.25,0.982,1.0,0.9,1.614,6.0,1576,Víctor Caratini,Shane Drohan,8.0,1B,7:40p,1786146000000.0,False,False,,,,,,,
2026-08-07,516782,592332,CHC@KC,Middle Fastball Crusher,1.72,2.83,1.0,1.0,0.974,1.555,5.8,1638,Starling Marte,Kevin Gausman,8.0,RF,8:10p,1786147800000.0,False,False,,,,,,,
2026-08-07,608348,663738,CHC@KC,Inside Breaking Ball Specialist,2.51,1.97,1.0,1.0,0.909,1.479,5.7,1655,Carson Kelly,Daniel Lynch,7.0,C,8:10p,1786147800000.0,False,False,,,,,,,
2026-08-07,687859,681517,COL@STL,Inside Breaking Ball Specialist (LH),1.39,2.73,0.989,1.036,1.101,1.407,5.2,1817,Troy Johnston,Kyle Leahy,8.0,RF,8:15p,1786148100000.0,False,False,,,,,,,
2026-08-07,686668,800048,CLE@CWS,Middle Fastball Crusher,1.84,2.34,1.004,1.008,0.9,1.281,5.2,1824,Brenton Doyle,Parker Messick,6.0,CF,7:40p,1786146000000.0,False,False,,,,,,,
2026-08-07,656716,664141,DET@SF,Inside Breaking Ball Specialist (LH),1.77,2.36,1.015,0.989,1.054,1.453,5.1,1857,Zach Mckinstry,Jt Brubaker,9.0,RF,10:15p,1786155300000.0,True,False,,,,,,,
2026-08-07,657041,608331,ATL@NYY,Oppo Fastball Hunter,3.0,1.34,1.011,1.042,0.9,1.245,5.1,1879,Lane Thomas,Max Fried,6.0,LF,7:05p,1786143900000.0,False,False,,,,,,,
2026-08-07,663586,608331,ATL@NYY,High Zone Fastball Hitter,2.87,1.34,1.024,1.042,0.9,1.209,4.7,2038,Austin Riley,Max Fried,7.0,3B,7:05p,1786143900000.0,False,False,,,,,,,
2026-08-07,807712,675660,MIN@MIL,Oppo Fastball Hunter,1.79,2.25,0.982,1.0,0.9,1.167,4.7,2009,Luke Keaschall,Shane Drohan,6.0,CF,7:40p,1786146000000.0,False,False,,,,,,,
2026-08-07,683083,695534,CIN@WSH,Middle Fastball Crusher,0.93,3.42,0.995,1.023,1.109,1.177,4.6,2096,Nasim Nuñez,Chase Petty,7.0,SS,6:45p,1786142700000.0,False,False,,,,,,,
2026-08-07,669707,804267,NYM@PIT,Middle Slider Crusher,1.23,2.67,1.007,0.996,1.068,1.152,4.3,2233,Jared Triolo,Zac Thornton,8.0,SS,6:40p,1786142400000.0,False,False,,,,,,,
2026-08-07,643289,608331,ATL@NYY,Oppo Fastball Hunter,2.41,1.34,1.011,1.042,0.9,1.0,4.2,2271,Mauricio Dubón,Max Fried,5.0,CF,7:05p,1786143900000.0,False,False,,,,,,,
2026-08-07,663538,663738,CHC@KC,Middle Fastball Crusher,1.71,1.97,1.0,1.0,0.909,1.007,4.2,2254,Nico Hoerner,Daniel Lynch,5.0,2B,8:10p,1786147800000.0,False,False,,,,,,,
2026-08-07,668885,675660,MIN@MIL,Middle Fastball Crusher,1.3,2.25,0.99,1.0,0.9,0.856,4.0,2415,Austin Martin,Shane Drohan,1.0,LF,7:40p,1786146000000.0,False,False,,,,,,,
2026-08-07,682668,800048,CLE@CWS,Middle Fastball Crusher,1.54,2.34,1.004,1.008,0.9,1.074,3.8,2534,Luisangel Acuña,Parker Messick,9.0,SS,7:40p,1786146000000.0,False,False,,,,,,,
2026-08-07,670764,669302,TB@SEA,Middle Fastball Crusher (LH),0.83,3.2,1.0,1.0,0.936,0.819,2.9,3343,Taylor Walls,Logan Gilbert,9.0,SS,9:45p,1786153500000.0,True,False,,,,,,,
2026-08-07,673490,608331,ATL@NYY,Middle Slider Crusher,1.81,1.34,0.998,1.042,0.9,0.744,2.6,3689,Ha-Seong Kim,Max Fried,9.0,SS,7:05p,1786143900000.0,False,False,,,,,,,
2026-08-08,656941,453286,TOR@PHI,Middle Slider Crusher (LH),5.97,4.68,1.006,1.017,1.12,10.497,40.7,145,Kyle Schwarber,Max Scherzer,1.0,1B,6:05p,1786226700000.0,False,False,,,,,,,
2026-08-08,696100,669461,COL@STL,Middle Fastball Crusher,6.54,3.75,0.998,1.033,1.071,8.861,33.9,195,Hunter Goodman,Matthew Liberatore,4.0,C,7:15p,1786230900000.0,False,False,,,,,,,
2026-08-08,547180,453286,TOR@PHI,Middle Fastball Crusher (LH),4.51,4.68,1.006,1.017,1.12,7.92,30.9,223,Bryce Harper,Max Scherzer,3.0,DH,6:05p,1786226700000.0,False,False,,,,,,,
2026-08-08,691023,607536,COL@STL,Middle Fastball Crusher,4.28,4.02,0.998,1.033,1.104,6.417,26.3,280,Jordan Walker,Kyle Freeland,2.0,RF,7:15p,1786230900000.0,False,False,,,,,,,
2026-08-08,621566,543037,ATL@NYY,Middle Fastball Crusher (LH),5.84,3.45,1.011,1.04,0.906,6.278,25.2,296,Matt Olson,Gerrit Cole,3.0,1B,3:05p,1786215900000.0,False,False,,,,,,,
2026-08-08,670541,650633,HOU@SD,Inside Breaking Ball Specialist (LH),6.15,2.69,1.007,0.996,1.04,5.658,23.5,326,Yordan Álvarez,Mike King,2.0,DH,7:15p,1786230900000.0,False,False,,,,,,,
2026-08-08,695657,668909,CLE@CWS,Oppo Fastball Hunter (LH),4.92,3.64,1.009,1.012,0.957,5.746,23.2,331,Colson Montgomery,Gavin Williams,4.0,SS,7:15p,1786230900000.0,False,False,,,,,,,
2026-08-08,607208,453286,TOR@PHI,Middle Fastball Crusher,3.15,4.68,1.008,1.017,1.12,5.541,23.1,334,Trea Turner,Max Scherzer,2.0,SS,6:05p,1786226700000.0,False,False,,,,,,,
2026-08-08,686527,643377,TB@SEA,Middle Slider Crusher (LH),4.75,3.51,1.0,1.0,1.022,5.575,22.6,343,Dominic Canzone,Griffin Jax,4.0,DH,9:50p,1786240200000.0,True,False,,,,,,,
2026-08-08,691406,669923,TB@SEA,Oppo Fastball Hunter,5.86,2.91,1.0,1.0,0.965,5.387,22.0,354,Junior Caminero,George Kirby,3.0,3B,9:50p,1786240200000.0,True,False,,,,,,,
2026-08-08,678246,668909,CLE@CWS,Middle Fastball Crusher,4.46,3.64,1.004,1.012,0.957,5.18,21.2,371,Miguel Vargas,Gavin Williams,3.0,3B,7:15p,1786230900000.0,False,False,,,,,,,
2026-08-08,660821,605400,TOR@PHI,Inside Breaking Ball Specialist (LH),3.14,4.84,1.002,1.017,1.015,5.156,21.0,375,Jesús Sánchez,Aaron Nola,4.0,DH,6:05p,1786226700000.0,False,False,,,,,,,
2026-08-08,686948,543037,ATL@NYY,Oppo Fastball Hunter (LH),4.43,3.45,1.011,1.04,0.906,4.765,20.6,386,Drake Baldwin,Gerrit Cole,1.0,C,3:05p,1786215900000.0,False,False,,,,,,,
2026-08-08,680777,688107,MIN@MIL,Middle Fastball Crusher,3.98,3.77,0.99,1.0,0.962,4.686,19.8,405,Ryan Jeffers,Robert Gasser,2.0,C,7:10p,1786230600000.0,False,False,,,,,,,
2026-08-08,665019,688107,MIN@MIL,Middle Fastball Crusher (LH),4.27,3.77,0.982,1.0,0.962,4.98,19.7,408,Kody Clemens,Robert Gasser,5.0,2B,7:10p,1786230600000.0,False,False,,,,,,,
2026-08-08,671739,543037,ATL@NYY,Middle Fastball Crusher (LH),4.2,3.45,1.011,1.04,0.906,4.511,18.6,437,Michael Harris,Gerrit Cole,4.0,CF,3:05p,1786215900000.0,False,False,,,,,,,
2026-08-08,624413,594798,BAL@TEX,Oppo Fastball Hunter,4.28,3.31,1.004,1.0,0.931,4.342,18.5,442,Pete Alonso,Jacob Degrom,2.0,1B,7:15p,1786230900000.0,False,False,,,,,,,
2026-08-08,677592,607536,COL@STL,Middle Fastball Crusher,3.68,4.02,0.998,1.033,1.104,5.518,18.4,443,Everson Pereira,Kyle Freeland,9.0,LF,7:15p,1786230900000.0,False,False,,,,,,,
2026-08-08,668904,688107,MIN@MIL,Middle Fastball Crusher,3.67,3.77,0.99,1.0,0.962,4.318,18.0,456,Royce Lewis,Robert Gasser,3.0,1B,7:10p,1786230600000.0,False,False,,,,,,,
2026-08-08,575929,695611,ATH@BOS,Middle Slider Crusher,4.84,2.63,1.037,0.986,1.002,4.272,17.7,465,Willson Contreras,Gage Jump,4.0,1B,4:10p,1786219800000.0,False,False,,,,,,,
2026-08-08,677594,643377,TB@SEA,Middle Fastball Crusher,3.74,3.51,1.002,1.0,1.022,4.4,17.6,470,Julio Rodríguez,Griffin Jax,5.0,CF,9:50p,1786240200000.0,True,False,,,,,,,
2026-08-08,660271,694297,LAD@AZ,Middle Fastball Crusher (LH),4.88,2.6,1.0,1.0,0.958,3.989,17.5,472,Shohei Ohtani,Brandon Pfaadt,1.0,DH,8:10p,1786234200000.0,False,False,,,,,,,
2026-08-08,664983,669461,COL@STL,Middle Fastball Crusher (LH),2.88,3.75,0.995,1.033,1.071,3.894,17.1,485,Jake Mccarthy,Matthew Liberatore,1.0,LF,7:15p,1786230900000.0,False,False,,,,,,,
2026-08-08,694192,671737,MIN@MIL,Middle Fastball Crusher,3.99,3.16,0.99,1.0,0.972,3.974,17.0,488,Jackson Chourio,Taj Bradley,2.0,LF,7:10p,1786230600000.0,False,False,,,,,,,
2026-08-08,650489,669461,COL@STL,Middle Fastball Crusher,3.25,3.75,0.998,1.033,1.071,4.413,17.0,487,Willi Castro,Matthew Liberatore,6.0,2B,7:15p,1786230900000.0,False,False,,,,,,,
2026-08-08,571970,694297,LAD@AZ,Oppo Fastball Hunter (LH),4.93,2.6,1.0,1.0,0.958,4.028,16.8,496,Max Muncy,Brandon Pfaadt,4.0,3B,8:10p,1786234200000.0,False,False,,,,,,,
2026-08-08,671056,607536,COL@STL,Middle Slider Crusher,2.64,4.02,0.998,1.033,1.104,3.955,16.6,504,Iván Herrera,Kyle Freeland,3.0,C,7:15p,1786230900000.0,False,False,,,,,,,
2026-08-08,682657,641743,CLE@CWS,Inside Breaking Ball Specialist (LH),3.88,2.88,0.991,1.012,1.086,3.983,16.6,503,Angel Martínez,Anthony Kay,4.0,LF,7:15p,1786230900000.0,False,False,,,,,,,
2026-08-08,641933,594798,BAL@TEX,Middle Slider Crusher,3.8,3.31,1.006,1.0,0.931,3.866,16.1,520,Tyler O'Neill,Jacob Degrom,4.0,DH,7:15p,1786230900000.0,False,False,,,,,,,
2026-08-08,572233,650633,HOU@SD,Middle Slider Crusher,4.36,2.69,1.007,0.996,1.04,4.011,16.1,521,Christian Walker,Mike King,5.0,1B,7:15p,1786230900000.0,False,False,,,,,,,
2026-08-08,665161,650633,HOU@SD,Middle Fastball Crusher,3.96,2.69,1.007,0.996,1.04,3.643,16.1,522,Jeremy Peña,Mike King,1.0,SS,7:15p,1786230900000.0,False,False,,,,,,,
2026-08-08,605137,688107,MIN@MIL,Middle Fastball Crusher (LH),3.26,3.77,0.982,1.0,0.962,3.807,15.9,528,Josh Bell,Robert Gasser,4.0,DH,7:10p,1786230600000.0,False,False,,,,,,,
2026-08-08,645277,543037,ATL@NYY,Middle Fastball Crusher,3.67,3.45,0.998,1.04,0.906,3.893,15.7,538,Ozzie Albies,Gerrit Cole,5.0,2B,3:05p,1786215900000.0,False,False,,,,,,,
2026-08-08,643217,668909,CLE@CWS,High Zone Fastball Hitter (LH),3.35,3.64,0.999,1.012,0.957,3.866,15.6,543,Andrew Benintendi,Gavin Williams,5.0,DH,7:15p,1786230900000.0,False,False,,,,,,,
2026-08-08,700250,519242,ATL@NYY,Middle Fastball Crusher (LH),5.86,2.02,1.011,1.04,0.9,3.671,15.5,547,Ben Rice,Chris Sale,3.0,DH,3:05p,1786215900000.0,False,False,,,,,,,
2026-08-08,664770,605400,TOR@PHI,Oppo Fastball Hunter (LH),2.1,4.84,1.013,1.017,1.015,3.486,15.4,549,Nathan Lukes,Aaron Nola,1.0,RF,6:05p,1786226700000.0,False,False,,,,,,,
2026-08-08,683002,594798,BAL@TEX,Middle Slider Crusher (LH),3.37,3.31,1.004,1.0,0.931,3.418,15.1,561,Gunnar Henderson,Jacob Degrom,1.0,SS,7:15p,1786230900000.0,False,False,,,,,,,
2026-08-08,665926,605400,TOR@PHI,Middle Slider Crusher (LH),2.36,4.84,1.006,1.017,1.015,3.887,15.1,561,Andrés Giménez,Aaron Nola,6.0,SS,6:05p,1786226700000.0,False,False,,,,,,,
2026-08-08,666176,641743,CLE@CWS,Middle Slider Crusher,3.3,2.88,1.004,1.012,1.086,3.44,14.9,573,Jo Adell,Anthony Kay,2.0,RF,7:15p,1786230900000.0,False,False,,,,,,,
2026-08-08,668227,643377,TB@SEA,Oppo Fastball Hunter,3.01,3.51,1.0,1.0,1.022,3.531,14.9,571,Randy Arozarena,Griffin Jax,3.0,LF,9:50p,1786240200000.0,True,False,,,,,,,
2026-08-08,664023,607625,CHC@KC,Middle Fastball Crusher,3.59,2.8,1.0,1.0,1.116,3.679,14.9,573,Ian Happ,Seth Lugo,5.0,LF,7:10p,1786230600000.0,False,False,,,,,,,
2026-08-08,691720,669461,COL@STL,Middle Fastball Crusher,2.52,3.75,0.998,1.033,1.071,3.42,14.8,576,Kyle Karros,Matthew Liberatore,2.0,3B,7:15p,1786230900000.0,False,False,,,,,,,
2026-08-08,665877,607536,COL@STL,Middle Slider Crusher,2.43,4.02,0.998,1.033,1.104,3.634,14.7,581,José Fermín,Kyle Freeland,5.0,DH,7:15p,1786230900000.0,False,False,,,,,,,
2026-08-08,686797,688107,MIN@MIL,Middle Fastball Crusher,3.47,3.77,0.99,1.0,0.962,4.087,14.6,585,Brooks Lee,Robert Gasser,8.0,3B,7:10p,1786230600000.0,False,False,,,,,,,
2026-08-08,592518,663567,HOU@SD,Middle Slider Crusher,4.41,2.6,1.007,0.996,0.903,3.403,14.4,595,Manny Machado,Peter Lambert,3.0,3B,7:15p,1786230900000.0,False,False,,,,,,,
2026-08-08,664034,663567,HOU@SD,Inside Breaking Ball Specialist,4.46,2.6,0.999,0.996,0.903,3.415,14.4,596,Ty France,Peter Lambert,4.0,1B,7:15p,1786230900000.0,False,False,,,,,,,
2026-08-08,663728,643377,TB@SEA,Middle Slider Crusher,3.31,3.51,1.002,1.0,1.022,3.894,13.9,617,Cal Raleigh,Griffin Jax,8.0,C,9:50p,1786240200000.0,True,False,,,,,,,
2026-08-08,668930,671737,MIN@MIL,Inside Breaking Ball Specialist (LH),3.16,3.16,0.97,1.0,0.972,3.081,13.7,628,Brice Turang,Taj Bradley,1.0,2B,7:10p,1786230600000.0,False,False,,,,,,,
2026-08-08,606466,808967,LAD@AZ,Inside Breaking Ball Specialist,3.71,2.97,1.0,1.0,0.9,3.249,13.7,629,Ketel Marte,Yoshinobu Yamamoto,4.0,2B,8:10p,1786234200000.0,False,False,,,,,,,
2026-08-08,608369,680694,BAL@TEX,Middle Slider Crusher (LH),3.77,2.65,1.004,1.0,0.983,3.236,13.7,629,Corey Seager,Kyle Bradish,3.0,SS,7:15p,1786230900000.0,False,False,,,,,,,
2026-08-08,693307,694738,DET@SF,Middle Slider Crusher,5.18,2.09,0.988,0.993,0.932,3.234,13.7,629,Dillon Dingler,Landen Roupp,3.0,C,7:15p,1786230900000.0,False,False,,,,,,,
2026-08-08,621020,607625,CHC@KC,Middle Fastball Crusher,3.72,2.8,1.0,1.0,1.116,3.806,13.6,633,Dansby Swanson,Seth Lugo,8.0,SS,7:10p,1786230600000.0,False,False,,,,,,,
2026-08-08,669394,680694,BAL@TEX,Middle Fastball Crusher,4.02,2.65,1.006,1.0,0.983,3.452,12.9,674,Jake Burger,Kyle Bradish,7.0,1B,7:15p,1786230900000.0,False,False,,,,,,,
2026-08-08,680977,643377,TB@SEA,Middle Slider Crusher (LH),2.88,3.51,1.0,1.0,1.022,3.385,12.7,689,Brendan Donovan,Griffin Jax,7.0,3B,9:50p,1786240200000.0,True,False,,,,,,,
2026-08-08,650490,669923,TB@SEA,Oppo Fastball Hunter,3.08,2.91,1.0,1.0,0.965,2.838,12.7,687,Yandy Díaz,George Kirby,1.0,DH,9:50p,1786240200000.0,True,False,,,,,,,
2026-08-08,514888,650633,HOU@SD,Middle Fastball Crusher,3.22,2.69,1.007,0.996,1.04,2.967,12.6,695,José Altuve,Mike King,4.0,2B,7:15p,1786230900000.0,False,False,,,,,,,
2026-08-08,678882,695611,ATH@BOS,Middle Slider Crusher,3.21,2.63,1.037,0.986,1.002,2.836,12.4,707,Ceddanne Rafaela,Gage Jump,2.0,CF,4:10p,1786219800000.0,False,False,,,,,,,
2026-08-08,682998,808967,LAD@AZ,Oppo Fastball Hunter (LH),3.22,2.97,1.0,1.0,0.9,2.824,12.3,710,Corbin Carroll,Yoshinobu Yamamoto,2.0,RF,8:10p,1786234200000.0,False,False,,,,,,,
2026-08-08,605141,694297,LAD@AZ,Inside Breaking Ball Specialist,3.67,2.6,1.0,1.0,0.958,3.001,12.3,716,Mookie Betts,Brandon Pfaadt,5.0,SS,8:10p,1786234200000.0,False,False,,,,,,,
2026-08-08,656775,669923,TB@SEA,Middle Slider Crusher (LH),3.33,2.91,1.0,1.0,0.965,3.059,12.1,729,Cedric Mullins,George Kirby,6.0,CF,9:50p,1786240200000.0,True,False,,,,,,,
2026-08-08,663586,543037,ATL@NYY,High Zone Fastball Hitter,3.02,3.45,1.024,1.04,0.906,3.294,11.9,741,Austin Riley,Gerrit Cole,8.0,3B,3:05p,1786215900000.0,False,False,,,,,,,
2026-08-08,701358,650633,HOU@SD,Middle Fastball Crusher,3.43,2.69,1.007,0.996,1.04,3.158,11.9,743,Cam Smith,Mike King,7.0,RF,7:15p,1786230900000.0,False,False,,,,,,,
2026-08-08,665489,605400,TOR@PHI,Oppo Fastball Hunter,1.67,4.84,1.006,1.017,1.015,2.757,11.8,748,Vladimir Guerrero,Aaron Nola,3.0,1B,6:05p,1786226700000.0,False,False,,,,,,,
2026-08-08,686611,695505,CIN@WSH,Middle Fastball Crusher,3.24,2.8,0.995,1.026,0.9,2.733,11.7,755,Dylan Crews,Chase Burns,3.0,RF,6:45p,1786229100000.0,False,False,,,,,,,
2026-08-08,678662,669461,COL@STL,Middle Slider Crusher,2.46,3.75,0.998,1.033,1.071,3.334,11.4,774,Ezequiel Tovar,Matthew Liberatore,9.0,SS,7:15p,1786230900000.0,False,False,,,,,,,
2026-08-08,702616,594798,BAL@TEX,Middle Slider Crusher (LH),2.63,3.31,1.004,1.0,0.931,2.672,11.4,774,Jackson Holliday,Jacob Degrom,3.0,2B,7:15p,1786230900000.0,False,False,,,,,,,
2026-08-08,695506,605280,CHC@KC,Middle Fastball Crusher (LH),4.03,2.08,1.0,1.0,0.97,2.657,11.4,778,Jac Caglianone,Clay Holmes,3.0,1B,7:10p,1786230600000.0,False,False,,,,,,,
2026-08-08,641680,687562,ATH@BOS,Middle Slider Crusher (LH),3.9,2.23,1.044,0.986,0.9,2.637,11.3,785,Jonah Heim,Jake Bennett,3.0,DH,4:10p,1786219800000.0,False,False,,,,,,,
2026-08-08,691016,687562,ATH@BOS,Middle Fastball Crusher (LH),3.93,2.23,1.044,0.986,0.9,2.658,11.3,782,Tyler Soderstrom,Jake Bennett,4.0,LF,4:10p,1786219800000.0,False,False,,,,,,,
2026-08-08,642201,695611,ATH@BOS,Middle Fastball Crusher,3.24,2.63,1.037,0.986,1.002,2.865,11.3,782,Eli White,Gage Jump,6.0,RF,4:10p,1786219800000.0,False,False,,,,,,,
2026-08-08,695734,695505,CIN@WSH,Inside Breaking Ball Specialist (LH),3.11,2.8,0.991,1.026,0.9,2.61,11.1,798,Daylen Lile,Chase Burns,4.0,LF,6:45p,1786229100000.0,False,False,,,,,,,
2026-08-08,677649,680694,BAL@TEX,Middle Fastball Crusher,3.16,2.65,1.006,1.0,0.983,2.716,11.1,797,Ezequiel Duran,Kyle Bradish,5.0,3B,7:15p,1786230900000.0,False,False,,,,,,,
2026-08-08,687597,669461,COL@STL,Middle Fastball Crusher,2.15,3.75,0.998,1.033,1.071,2.913,11.0,810,Jordan Beck,Matthew Liberatore,7.0,RF,7:15p,1786230900000.0,False,False,,,,,,,
2026-08-08,681297,594798,BAL@TEX,Middle Fastball Crusher (LH),2.96,3.31,1.004,1.0,0.931,3.003,10.9,818,Colton Cowser,Jacob Degrom,8.0,CF,7:15p,1786230900000.0,False,False,,,,,,,
2026-08-08,701398,674841,CIN@WSH,Middle Fastball Crusher,4.63,1.54,0.995,1.026,1.039,2.479,10.9,817,Sal Stewart,Andrew Alvarez,2.0,1B,6:45p,1786229100000.0,False,False,,,,,,,
2026-08-08,543510,808967,LAD@AZ,Oppo Fastball Hunter,3.42,2.97,1.0,1.0,0.9,2.997,10.9,820,James Mccann,Yoshinobu Yamamoto,8.0,C,8:10p,1786234200000.0,False,False,,,,,,,
2026-08-08,680776,695611,ATH@BOS,Middle Fastball Crusher (LH),3.36,2.63,1.044,0.986,1.002,2.988,10.8,823,Jarren Duran,Gage Jump,8.0,LF,4:10p,1786219800000.0,False,False,,,,,,,
2026-08-08,518692,694297,LAD@AZ,Middle Fastball Crusher (LH),3.08,2.6,1.0,1.0,0.958,2.522,10.8,823,Freddie Freeman,Brandon Pfaadt,3.0,1B,8:10p,1786234200000.0,False,False,,,,,,,
2026-08-08,661388,671737,MIN@MIL,Middle Fastball Crusher,2.53,3.16,0.99,1.0,0.972,2.523,10.8,827,William Contreras,Taj Bradley,4.0,C,7:10p,1786230600000.0,False,False,,,,,,,
2026-08-08,665052,700712,LAA@MIA,Middle Fastball Crusher (LH),4.93,1.85,0.977,1.0,0.9,2.623,10.8,828,Griffin Conine,Walbert Ureña,5.0,RF,4:10p,1786219800000.0,False,False,,,,,,,
2026-08-08,668709,674841,CIN@WSH,Middle Fastball Crusher (LH),4.88,1.54,0.998,1.026,1.039,2.62,10.8,829,Jj Bleday,Andrew Alvarez,5.0,LF,6:45p,1786229100000.0,False,False,,,,,,,
2026-08-08,694374,808967,LAD@AZ,Inside Breaking Ball Specialist,3.23,2.97,1.0,1.0,0.9,2.831,10.7,835,Tim Tawa,Yoshinobu Yamamoto,7.0,1B,8:10p,1786234200000.0,False,False,,,,,,,
2026-08-08,608324,607625,CHC@KC,Oppo Fastball Hunter,2.44,2.8,1.0,1.0,1.116,2.494,10.7,838,Alex Bregman,Seth Lugo,4.0,3B,7:10p,1786230600000.0,False,False,,,,,,,
2026-08-08,666211,650633,HOU@SD,Oppo Fastball Hunter (LH),3.26,2.69,0.987,0.996,1.04,2.945,10.7,836,Taylor Trammell,Mike King,8.0,LF,7:15p,1786230900000.0,False,False,,,,,,,
2026-08-08,695600,605280,CHC@KC,Middle Fastball Crusher (LH),3.56,2.08,1.0,1.0,0.97,2.347,10.6,843,Carter Jensen,Clay Holmes,1.0,C,7:10p,1786230600000.0,False,False,,,,,,,
2026-08-08,702332,695611,ATH@BOS,Middle Fastball Crusher,2.76,2.63,1.037,0.986,1.002,2.438,10.5,854,Caleb Durbin,Gage Jump,3.0,3B,4:10p,1786219800000.0,False,False,,,,,,,
2026-08-08,657757,663567,HOU@SD,Middle Fastball Crusher (LH),3.58,2.6,1.002,0.996,0.903,2.747,10.4,863,Gavin Sheets,Peter Lambert,7.0,DH,7:15p,1786230900000.0,False,False,,,,,,,
2026-08-08,682829,674841,CIN@WSH,Middle Fastball Crusher,4.29,1.54,0.995,1.026,1.039,2.295,10.4,863,Elly De La Cruz,Andrew Alvarez,1.0,SS,6:45p,1786229100000.0,False,False,,,,,,,
2026-08-08,701538,663567,HOU@SD,Middle Fastball Crusher (LH),3.27,2.6,1.002,0.996,0.903,2.514,10.3,867,Jackson Merrill,Peter Lambert,5.0,CF,7:15p,1786230900000.0,False,False,,,,,,,
2026-08-08,679529,694738,DET@SF,Middle Fastball Crusher,4.12,2.09,0.988,0.993,0.932,2.571,10.2,879,Spencer Torkelson,Landen Roupp,6.0,1B,7:15p,1786230900000.0,False,False,,,,,,,
2026-08-08,643289,543037,ATL@NYY,Oppo Fastball Hunter,2.39,3.45,1.011,1.04,0.906,2.568,10.2,880,Mauricio Dubón,Gerrit Cole,6.0,LF,3:05p,1786215900000.0,False,False,,,,,,,
2026-08-08,666139,645261,LAA@MIA,Middle Fastball Crusher (LH),3.42,2.69,0.977,1.0,0.952,2.806,10.2,880,Josh Lowe,Sandy Alcántara,8.0,RF,4:10p,1786219800000.0,False,False,,,,,,,
2026-08-08,543760,696149,NYM@PIT,Middle Fastball Crusher,3.49,2.29,1.007,1.025,0.993,2.683,10.2,885,Marcus Semien,Bubba Chandler,7.0,2B,6:40p,1786228800000.0,False,False,,,,,,,
2026-08-08,682626,696149,NYM@PIT,Oppo Fastball Hunter,3.8,2.29,1.016,1.025,0.993,2.948,10.2,883,Francisco Álvarez,Bubba Chandler,9.0,C,6:40p,1786228800000.0,False,False,,,,,,,
2026-08-08,606192,694297,LAD@AZ,Middle Fastball Crusher,3.35,2.6,1.0,1.0,0.958,2.737,10.0,904,Teoscar Hernández,Brandon Pfaadt,8.0,LF,8:10p,1786234200000.0,False,False,,,,,,,
2026-08-08,595978,641743,CLE@CWS,Middle Fastball Crusher,2.58,2.88,1.004,1.012,1.086,2.686,9.8,922,Austin Hedges,Anthony Kay,8.0,C,7:15p,1786230900000.0,False,False,,,,,,,
2026-08-08,655316,695611,ATH@BOS,Middle Slider Crusher,2.69,2.63,1.037,0.986,1.002,2.376,9.8,920,Andruw Monasterio,Gage Jump,5.0,SS,4:10p,1786219800000.0,False,False,,,,,,,
2026-08-08,683734,671737,MIN@MIL,Inside Breaking Ball Specialist,2.49,3.16,0.98,1.0,0.972,2.455,9.8,923,Andrew Vaughn,Taj Bradley,6.0,1B,7:10p,1786230600000.0,False,False,,,,,,,
2026-08-08,608348,607625,CHC@KC,Inside Breaking Ball Specialist,2.49,2.8,1.0,1.0,1.116,2.551,9.7,934,Carson Kelly,Seth Lugo,7.0,C,7:10p,1786230600000.0,False,False,,,,,,,
2026-08-08,553993,674841,CIN@WSH,Middle Slider Crusher,4.1,1.54,0.995,1.026,1.039,2.196,9.4,959,Eugenio Suárez,Andrew Alvarez,4.0,DH,6:45p,1786229100000.0,False,False,,,,,,,
2026-08-08,677587,641743,CLE@CWS,Middle Slider Crusher (LH),2.24,2.88,0.997,1.012,1.086,2.317,9.2,982,Brayan Rocchio,Anthony Kay,6.0,SS,7:15p,1786230900000.0,False,False,,,,,,,
2026-08-08,673357,696149,NYM@PIT,Inside Breaking Ball Specialist,2.85,2.29,1.012,1.025,0.993,2.2,9.1,998,Luis Robert,Bubba Chandler,5.0,CF,6:40p,1786228800000.0,False,False,,,,,,,
2026-08-08,694497,680694,BAL@TEX,Middle Fastball Crusher (LH),2.6,2.65,1.004,1.0,0.983,2.232,8.9,1021,Evan Carter,Kyle Bradish,6.0,CF,7:15p,1786230900000.0,False,False,,,,,,,
2026-08-08,669065,700712,LAA@MIA,Middle Slider Crusher (LH),3.85,1.85,0.977,1.0,0.9,2.047,8.9,1028,Kyle Stowers,Walbert Ureña,3.0,1B,4:10p,1786219800000.0,False,False,,,,,,,
2026-08-08,677951,605280,CHC@KC,Middle Slider Crusher,3.02,2.08,1.0,1.0,0.97,1.996,8.9,1030,Bobby Witt,Clay Holmes,2.0,SS,7:10p,1786230600000.0,False,False,,,,,,,
2026-08-08,592885,671737,MIN@MIL,Middle Slider Crusher (LH),2.25,3.16,0.982,1.0,0.972,2.228,8.5,1078,Christian Yelich,Taj Bradley,7.0,DH,7:10p,1786230600000.0,False,False,,,,,,,
2026-08-08,682985,694738,DET@SF,Oppo Fastball Hunter (LH),3.26,2.09,0.958,0.993,0.932,1.975,8.5,1073,Riley Greene,Landen Roupp,4.0,LF,7:15p,1786230900000.0,False,False,,,,,,,
2026-08-08,807712,688107,MIN@MIL,Oppo Fastball Hunter,1.77,3.77,0.982,1.0,0.962,2.069,8.3,1107,Luke Keaschall,Robert Gasser,6.0,RF,7:10p,1786230600000.0,False,False,,,,,,,
2026-08-08,683357,700712,LAA@MIA,Middle Fastball Crusher (LH),4.11,1.85,0.977,1.0,0.9,2.187,8.3,1100,Owen Caissie,Walbert Ureña,7.0,DH,4:10p,1786219800000.0,False,False,,,,,,,
2026-08-08,691026,607536,COL@STL,Middle Slider Crusher,1.37,4.02,0.998,1.033,1.104,2.053,8.2,1116,Masyn Winn,Kyle Freeland,6.0,SS,7:15p,1786230900000.0,False,False,,,,,,,
2026-08-08,663757,519242,ATL@NYY,Oppo Fastball Hunter (LH),3.15,2.02,1.011,1.04,0.9,1.976,8.2,1119,Trent Grisham,Chris Sale,5.0,CF,3:05p,1786215900000.0,False,False,,,,,,,
2026-08-08,543877,650633,HOU@SD,Middle Slider Crusher,2.57,2.69,1.007,0.996,1.04,2.366,8.2,1116,Christian Vázquez,Mike King,9.0,C,7:15p,1786230900000.0,False,False,,,,,,,
2026-08-08,671289,669461,COL@STL,Oppo Fastball Hunter,1.64,3.75,0.995,1.033,1.071,2.218,8.1,1130,Tyler Freeman,Matthew Liberatore,8.0,DH,7:15p,1786230900000.0,False,False,,,,,,,
2026-08-08,671218,519242,ATL@NYY,Inside Breaking Ball Specialist,2.91,2.02,1.014,1.04,0.9,1.831,8.1,1128,Heliot Ramos,Chris Sale,2.0,LF,3:05p,1786215900000.0,False,False,,,,,,,
2026-08-08,686681,605280,CHC@KC,Inside Breaking Ball Specialist (LH),2.9,2.08,1.0,1.0,0.97,1.917,8.0,1155,Michael Massey,Clay Holmes,5.0,2B,7:10p,1786230600000.0,False,False,,,,,,,
2026-08-08,663656,694297,LAD@AZ,Middle Fastball Crusher (LH),2.4,2.6,1.0,1.0,0.958,1.96,7.9,1171,Kyle Tucker,Brandon Pfaadt,6.0,RF,8:10p,1786234200000.0,False,False,,,,,,,
2026-08-08,696285,695505,CIN@WSH,Middle Fastball Crusher,2.7,2.8,0.995,1.026,0.9,2.279,7.9,1161,Jacob Young,Chase Burns,9.0,CF,6:45p,1786229100000.0,False,False,,,,,,,
2026-08-08,666182,696149,NYM@PIT,Middle Fastball Crusher,2.35,2.29,1.007,1.025,0.993,1.809,7.9,1171,Bo Bichette,Bubba Chandler,3.0,3B,6:40p,1786228800000.0,False,False,,,,,,,
2026-08-08,650402,694738,DET@SF,Middle Fastball Crusher,2.79,2.09,0.988,0.993,0.932,1.744,7.8,1187,Gleyber Torres,Landen Roupp,2.0,2B,7:15p,1786230900000.0,False,False,,,,,,,
2026-08-08,677588,695505,CIN@WSH,Middle Fastball Crusher (LH),2.5,2.8,0.998,1.026,0.9,2.113,7.8,1189,José Tena,Chase Burns,8.0,DH,6:45p,1786229100000.0,False,False,,,,,,,
2026-08-08,676609,519242,ATL@NYY,Middle Fastball Crusher,3.37,2.02,0.998,1.04,0.9,2.085,7.7,1206,José Caballero,Chris Sale,8.0,2B,3:05p,1786215900000.0,False,False,,,,,,,
2026-08-08,662139,650633,HOU@SD,Oppo Fastball Hunter (LH),2.12,2.69,0.987,0.996,1.04,1.909,7.7,1205,Daulton Varsho,Mike King,6.0,CF,7:15p,1786230900000.0,False,False,,,,,,,
2026-08-08,680700,669923,TB@SEA,Oppo Fastball Hunter (LH),2.2,2.91,1.0,1.0,0.965,2.028,7.7,1191,Richie Palacios,George Kirby,7.0,2B,9:50p,1786240200000.0,True,False,,,,,,,
2026-08-08,663457,808967,LAD@AZ,Inside Breaking Ball Specialist (LH),2.09,2.97,1.0,1.0,0.9,1.83,7.6,1213,Lars Nootbaar,Yoshinobu Yamamoto,5.0,LF,8:10p,1786234200000.0,False,False,,,,,,,
2026-08-08,687401,671737,MIN@MIL,Middle Fastball Crusher,2.16,3.16,0.99,1.0,0.972,2.153,7.5,1233,Joey Ortiz,Taj Bradley,9.0,3B,7:10p,1786230600000.0,False,False,,,,,,,
2026-08-08,624431,674841,CIN@WSH,Middle Fastball Crusher,3.65,1.54,0.995,1.026,1.039,1.954,7.5,1238,Jose Trevino,Andrew Alvarez,7.0,C,6:45p,1786229100000.0,False,False,,,,,,,
2026-08-08,805779,687562,ATH@BOS,Inside Breaking Ball Specialist,2.45,2.23,1.049,0.986,0.9,1.665,7.4,1246,Jacob Wilson,Jake Bennett,2.0,SS,4:10p,1786219800000.0,False,False,,,,,,,
2026-08-08,665966,594798,BAL@TEX,Middle Slider Crusher,2.04,3.31,1.006,1.0,0.931,2.078,7.2,1280,Carlos Narváez,Jacob Degrom,9.0,C,7:15p,1786230900000.0,False,False,,,,,,,
2026-08-08,691777,687562,ATH@BOS,Oppo Fastball Hunter,2.8,2.23,1.044,0.986,0.9,1.896,7.0,1333,Max Muncy,Jake Bennett,8.0,3B,4:10p,1786219800000.0,False,False,,,,,,,
2026-08-08,663538,607625,CHC@KC,Middle Fastball Crusher,1.7,2.8,1.0,1.0,1.116,1.739,7.0,1328,Nico Hoerner,Seth Lugo,6.0,2B,7:10p,1786230600000.0,False,False,,,,,,,
2026-08-08,668885,688107,MIN@MIL,Middle Fastball Crusher,1.29,3.77,0.99,1.0,0.962,1.514,6.9,1339,Austin Martin,Robert Gasser,1.0,LF,7:10p,1786230600000.0,False,False,,,,,,,
2026-08-08,657136,695611,ATH@BOS,Oppo Fastball Hunter,2.24,2.63,1.044,0.986,1.002,1.987,6.9,1341,Connor Wong,Gage Jump,9.0,C,4:10p,1786219800000.0,False,False,,,,,,,
2026-08-08,663743,669923,TB@SEA,Inside Breaking Ball Specialist,2.01,2.91,1.002,1.0,0.965,1.849,6.8,1368,Nick Fortes,George Kirby,8.0,C,9:50p,1786240200000.0,True,False,,,,,,,
2026-08-08,690993,694738,DET@SF,Middle Fastball Crusher (LH),2.57,2.09,0.993,0.993,0.932,1.617,6.8,1381,Colt Keith,Landen Roupp,5.0,DH,7:15p,1786230900000.0,False,False,,,,,,,
2026-08-08,683146,696149,NYM@PIT,Middle Fastball Crusher (LH),2.19,2.29,1.016,1.025,0.993,1.698,6.8,1362,Brett Baty,Bubba Chandler,6.0,RF,6:40p,1786228800000.0,False,False,,,,,,,
2026-08-08,669224,519242,ATL@NYY,Oppo Fastball Hunter (LH),3.08,2.02,1.011,1.04,0.9,1.929,6.7,1383,Austin Wells,Chris Sale,9.0,C,3:05p,1786215900000.0,False,False,,,,,,,
2026-08-08,593871,696149,NYM@PIT,Middle Fastball Crusher (LH),2.32,2.29,1.016,1.025,0.993,1.8,6.6,1407,Jorge Polanco,Bubba Chandler,8.0,DH,6:40p,1786228800000.0,False,False,,,,,,,
2026-08-08,593428,663567,HOU@SD,Middle Fastball Crusher,2.25,2.6,1.007,0.996,0.903,1.734,6.4,1463,Xander Bogaerts,Peter Lambert,8.0,SS,7:15p,1786230900000.0,False,False,,,,,,,
2026-08-08,678391,695505,CIN@WSH,Oppo Fastball Hunter (LH),1.82,2.8,1.001,1.026,0.9,1.546,6.2,1502,Jorbit Vivas,Chase Burns,6.0,3B,6:45p,1786229100000.0,False,False,,,,,,,
2026-08-08,682622,674841,CIN@WSH,Inside Breaking Ball Specialist,3.14,1.54,0.992,1.026,1.039,1.675,6.2,1517,Noelvi Marte,Andrew Alvarez,8.0,RF,6:45p,1786229100000.0,False,False,,,,,,,
2026-08-08,630105,663567,HOU@SD,Oppo Fastball Hunter (LH),1.82,2.6,0.987,0.996,0.903,1.378,6.2,1518,Jake Cronenworth,Peter Lambert,2.0,2B,7:15p,1786230900000.0,False,False,,,,,,,
2026-08-08,595879,694738,DET@SF,Middle Fastball Crusher,2.42,2.09,0.988,0.993,0.932,1.512,5.6,1686,Javier Báez,Landen Roupp,8.0,SS,7:15p,1786230900000.0,False,False,,,,,,,
2026-08-08,679845,605280,CHC@KC,Oppo Fastball Hunter,2.18,2.08,1.0,1.0,0.97,1.44,5.6,1702,Nick Loftin,Clay Holmes,7.0,3B,7:10p,1786230600000.0,False,False,,,,,,,
2026-08-08,686555,605280,CHC@KC,Inside Breaking Ball Specialist,1.91,2.08,1.0,1.0,0.97,1.258,5.5,1720,Isaac Collins,Clay Holmes,4.0,LF,7:10p,1786230600000.0,False,False,,,,,,,
2026-08-08,623168,645261,LAA@MIA,Oppo Fastball Hunter,1.84,2.69,0.977,1.0,0.952,1.506,5.3,1789,Tyler Heineman,Sandy Alcántara,9.0,C,4:10p,1786219800000.0,False,False,,,,,,,
2026-08-08,663647,674841,CIN@WSH,Inside Breaking Ball Specialist,2.62,1.54,0.992,1.026,1.039,1.401,4.9,1929,Ke'Bryan Hayes,Andrew Alvarez,9.0,3B,6:45p,1786229100000.0,False,False,,,,,,,
2026-08-08,664728,605280,CHC@KC,Middle Fastball Crusher (LH),2.12,2.08,1.0,1.0,0.97,1.4,4.9,1929,Kyle Isbel,Clay Holmes,9.0,CF,7:10p,1786230600000.0,False,False,,,,,,,
2026-08-08,667472,674841,CIN@WSH,Middle Slider Crusher,2.09,1.54,0.995,1.026,1.039,1.118,4.9,1932,Dane Myers,Andrew Alvarez,3.0,CF,6:45p,1786229100000.0,False,False,,,,,,,
2026-08-08,672640,700712,LAA@MIA,Middle Fastball Crusher,2.07,1.85,0.974,1.0,0.9,1.097,4.8,1981,Otto Lopez,Walbert Ureña,4.0,SS,4:10p,1786219800000.0,False,False,,,,,,,
2026-08-08,805300,700712,LAA@MIA,Middle Slider Crusher (LH),1.72,1.85,0.977,1.0,0.9,0.913,4.2,2261,Jakob Marsee,Walbert Ureña,1.0,CF,4:10p,1786219800000.0,False,False,,,,,,,
2026-08-08,656716,694738,DET@SF,Inside Breaking Ball Specialist (LH),1.76,2.09,1.015,0.993,0.932,1.131,4.0,2405,Zach Mckinstry,Landen Roupp,9.0,RF,7:15p,1786230900000.0,False,False,,,,,,,
2026-08-08,669364,700712,LAA@MIA,Middle Fastball Crusher (LH),1.59,1.85,0.977,1.0,0.9,0.844,3.8,2517,Xavier Edwards,Walbert Ureña,2.0,2B,4:10p,1786219800000.0,False,False,,,,,,,
2026-08-08,650859,663567,HOU@SD,Middle Slider Crusher,1.38,2.6,1.007,0.996,0.903,1.069,3.8,2547,Luis Rengifo,Peter Lambert,9.0,LF,7:15p,1786230900000.0,False,False,,,,,,,
2026-08-08,691594,700712,LAA@MIA,Middle Fastball Crusher,1.78,1.85,0.974,1.0,0.9,0.943,3.3,2897,Javier Sanoja,Walbert Ureña,9.0,3B,4:10p,1786219800000.0,False,False,,,,,,,
2026-08-08,683083,695505,CIN@WSH,Middle Fastball Crusher,0.93,2.8,0.995,1.026,0.9,0.781,3.0,3191,Nasim Nuñez,Chase Burns,7.0,2B,6:45p,1786229100000.0,False,False,,,,,,,
2026-08-08,670764,669923,TB@SEA,Middle Fastball Crusher (LH),0.83,2.91,1.0,1.0,0.965,0.761,2.7,3606,Taylor Walls,George Kirby,9.0,SS,9:50p,1786240200000.0,True,False,,,,,,,
2026-08-09,656941,669456,TOR@PHI,Middle Slider Crusher (LH),5.93,3.63,1.006,1.023,1.12,8.139,33.0,203,Kyle Schwarber,Shane Bieber,1.0,DH,1:35p,1786296900000.0,False,False,,,,,,,
2026-08-09,700250,656550,ATL@NYY,Middle Fastball Crusher (LH),5.98,3.66,1.011,1.031,1.054,7.904,31.5,217,Ben Rice,Grant Holmes,2.0,DH,1:35p,1786296900000.0,False,False,,,,,,,
2026-08-09,696100,700241,COL@STL,Middle Fastball Crusher,6.49,3.23,0.998,1.058,1.12,8.132,31.5,217,Hunter Goodman,Michael Mcgreevy,4.0,DH,2:15p,1786299300000.0,False,False,,,,,,,
2026-08-09,670541,681190,HOU@SD,Inside Breaking Ball Specialist (LH),6.11,3.17,1.007,1.007,1.12,7.214,29.1,243,Yordan Álvarez,Randy Vásquez,2.0,DH,8:20p,1786321200000.0,False,False,,,,,,,
2026-08-09,671277,656550,ATL@NYY,Inside Breaking Ball Specialist (LH),5.41,3.66,1.024,1.031,1.054,7.243,28.5,251,Luis García,Grant Holmes,4.0,1B,1:35p,1786296900000.0,False,False,,,,,,,
2026-08-09,666160,700241,COL@STL,Inside Breaking Ball Specialist (LH),5.47,3.23,0.989,1.058,1.12,6.797,26.1,284,Mickey Moniak,Michael Mcgreevy,5.0,LF,2:15p,1786299300000.0,False,False,,,,,,,
2026-08-09,547180,669456,TOR@PHI,Middle Fastball Crusher (LH),4.63,3.63,1.006,1.023,1.12,6.352,25.5,292,Bryce Harper,Shane Bieber,3.0,RF,1:35p,1786296900000.0,False,False,,,,,,,
2026-08-09,665052,680570,LAA@MIA,Middle Fastball Crusher (LH),4.86,3.52,0.977,1.0,1.12,6.152,24.7,305,Griffin Conine,Grayson Rodriguez,4.0,DH,1:40p,1786297200000.0,False,False,,,,,,,
2026-08-09,691406,676106,TB@SEA,Oppo Fastball Hunter,5.82,3.18,1.0,1.0,0.992,6.021,24.2,313,Junior Caminero,Emerson Hancock,4.0,3B,4:10p,1786306200000.0,False,False,,,,,,,
2026-08-09,691023,547179,COL@STL,Middle Fastball Crusher,4.41,3.22,0.998,1.058,1.12,5.515,22.4,347,Jordan Walker,Michael Lorenzen,4.0,RF,2:15p,1786299300000.0,False,False,,,,,,,
2026-08-09,669065,680570,LAA@MIA,Middle Slider Crusher (LH),3.82,3.52,0.977,1.0,1.12,4.832,20.8,380,Kyle Stowers,Grayson Rodriguez,1.0,1B,1:40p,1786297200000.0,False,False,,,,,,,
2026-08-09,592518,664299,HOU@SD,Middle Slider Crusher,4.38,3.12,1.007,1.007,1.097,4.981,20.5,388,Manny Machado,Cristian Javier,3.0,3B,8:20p,1786321200000.0,False,False,,,,,,,
2026-08-09,686527,693855,TB@SEA,Middle Slider Crusher (LH),4.71,3.52,1.0,1.0,0.919,4.998,20.5,389,Dominic Canzone,Ian Seymour,4.0,DH,4:10p,1786306200000.0,False,False,,,,,,,
2026-08-09,664034,664299,HOU@SD,Inside Breaking Ball Specialist,4.42,3.12,0.999,1.007,1.097,4.987,20.4,390,Ty France,Cristian Javier,4.0,1B,8:20p,1786321200000.0,False,False,,,,,,,
2026-08-09,665161,681190,HOU@SD,Middle Fastball Crusher,3.92,3.17,1.007,1.007,1.12,4.629,20.0,399,Jeremy Peña,Randy Vásquez,1.0,SS,8:20p,1786321200000.0,False,False,,,,,,,
2026-08-09,665862,656550,ATL@NYY,Middle Fastball Crusher (LH),3.8,3.66,1.011,1.031,1.054,5.017,19.8,405,Jazz Chisholm,Grant Holmes,5.0,2B,1:35p,1786296900000.0,False,False,,,,,,,
2026-08-09,608369,700249,BAL@TEX,Middle Slider Crusher (LH),4.0,3.36,1.004,1.0,1.054,4.674,19.8,406,Corey Seager,Cade Povich,2.0,DH,2:35p,1786300500000.0,False,False,,,,,,,
2026-08-09,683357,680570,LAA@MIA,Middle Fastball Crusher (LH),4.06,3.52,0.977,1.0,1.12,5.134,19.6,410,Owen Caissie,Grayson Rodriguez,6.0,RF,1:40p,1786297200000.0,False,False,,,,,,,
2026-08-09,668709,695418,CIN@WSH,Middle Fastball Crusher (LH),4.84,2.89,0.998,1.021,1.009,4.709,19.5,414,Jj Bleday,Brad Lord,3.0,LF,12:15p,1786292100000.0,False,False,,,,,,,
2026-08-09,572233,681190,HOU@SD,Middle Slider Crusher,4.33,3.17,1.007,1.007,1.12,5.111,19.5,412,Christian Walker,Randy Vásquez,6.0,1B,8:20p,1786321200000.0,False,False,,,,,,,
2026-08-09,664040,640455,NYM@PIT,Middle Fastball Crusher (LH),4.69,3.02,1.016,1.016,1.049,5.039,19.3,419,Brandon Lowe,Sean Manaea,6.0,2B,1:35p,1786296900000.0,False,False,,,,,,,
2026-08-09,607208,669456,TOR@PHI,Middle Fastball Crusher,3.28,3.63,1.008,1.023,1.12,4.508,19.1,423,Trea Turner,Shane Bieber,2.0,SS,1:35p,1786296900000.0,False,False,,,,,,,
2026-08-09,701398,695418,CIN@WSH,Middle Fastball Crusher,4.6,2.89,0.995,1.021,1.009,4.464,18.9,428,Sal Stewart,Brad Lord,2.0,1B,12:15p,1786292100000.0,False,False,,,,,,,
2026-08-09,669394,700249,BAL@TEX,Middle Fastball Crusher,4.0,3.36,1.006,1.0,1.054,4.673,18.6,439,Jake Burger,Cade Povich,5.0,1B,2:35p,1786300500000.0,False,False,,,,,,,
2026-08-09,624413,677958,BAL@TEX,Oppo Fastball Hunter,4.25,3.02,1.004,1.0,1.029,4.361,18.5,439,Pete Alonso,Kumar Rocker,2.0,1B,2:35p,1786300500000.0,False,False,,,,,,,
2026-08-09,621566,693645,ATL@NYY,Middle Fastball Crusher (LH),5.8,2.49,1.011,1.031,0.9,4.451,18.5,441,Matt Olson,Cam Schlittler,3.0,1B,1:35p,1786296900000.0,False,False,,,,,,,
2026-08-09,660271,593958,LAD@AZ,Middle Fastball Crusher (LH),4.84,2.46,1.0,1.0,1.072,4.193,18.3,446,Shohei Ohtani,Eduardo Rodríguez,1.0,DH,4:10p,1786306200000.0,False,False,,,,,,,
2026-08-09,575929,669372,ATH@BOS,Middle Slider Crusher,4.79,2.78,1.037,0.99,0.975,4.378,18.1,452,Willson Contreras,J. T. Ginn,4.0,1B,1:35p,1786296900000.0,False,False,,,,,,,
2026-08-09,686611,663903,CIN@WSH,Middle Fastball Crusher,3.2,3.91,0.995,1.021,1.08,4.509,18.0,457,Dylan Crews,Brady Singer,5.0,RF,12:15p,1786292100000.0,False,False,,,,,,,
2026-08-09,682829,695418,CIN@WSH,Middle Fastball Crusher,4.25,2.89,0.995,1.021,1.009,4.129,18.0,454,Elly De La Cruz,Brad Lord,1.0,SS,12:15p,1786292100000.0,False,False,,,,,,,
2026-08-09,663757,656550,ATL@NYY,Oppo Fastball Hunter (LH),3.13,3.66,1.011,1.031,1.054,4.129,18.0,454,Trent Grisham,Grant Holmes,1.0,CF,1:35p,1786296900000.0,False,False,,,,,,,
2026-08-09,695734,663903,CIN@WSH,Inside Breaking Ball Specialist (LH),3.08,3.91,0.991,1.021,1.08,4.322,17.9,459,Daylen Lile,Brady Singer,4.0,LF,12:15p,1786292100000.0,False,False,,,,,,,
2026-08-09,695657,676282,CLE@CWS,Oppo Fastball Hunter (LH),4.89,2.93,1.009,0.999,0.979,4.639,17.8,460,Colson Montgomery,Joey Cantillo,6.0,DH,2:10p,1786299000000.0,False,False,,,,,,,
2026-08-09,664983,700241,COL@STL,Middle Fastball Crusher (LH),3.24,3.23,0.995,1.058,1.12,4.049,17.7,464,Jake Mccarthy,Michael Mcgreevy,1.0,RF,2:15p,1786299300000.0,False,False,,,,,,,
2026-08-09,678246,676282,CLE@CWS,Middle Fastball Crusher,4.43,2.93,1.004,0.999,0.979,4.184,17.5,473,Miguel Vargas,Joey Cantillo,3.0,3B,2:10p,1786299000000.0,False,False,,,,,,,
2026-08-09,695506,571510,CHC@KC,Middle Fastball Crusher (LH),4.36,2.78,1.0,1.0,1.041,4.145,17.3,478,Jac Caglianone,Matt Boyd,3.0,RF,2:10p,1786299000000.0,False,False,,,,,,,
2026-08-09,691723,677958,BAL@TEX,Middle Fastball Crusher,4.52,3.02,1.006,1.0,1.029,4.643,17.1,486,Coby Mayo,Kumar Rocker,7.0,3B,2:35p,1786300500000.0,False,False,,,,,,,
2026-08-09,606466,680736,LAD@AZ,Inside Breaking Ball Specialist,3.68,3.3,1.0,1.0,1.035,4.125,17.1,483,Ketel Marte,Justin Wrobleski,4.0,DH,4:10p,1786306200000.0,False,False,,,,,,,
2026-08-09,666211,681190,HOU@SD,Oppo Fastball Hunter (LH),3.58,3.17,0.987,1.007,1.12,4.14,16.6,503,Taylor Trammell,Randy Vásquez,5.0,RF,8:20p,1786321200000.0,False,False,,,,,,,
2026-08-09,553993,695418,CIN@WSH,Middle Slider Crusher,4.28,2.89,0.995,1.021,1.009,4.156,16.6,501,Eugenio Suárez,Brad Lord,5.0,DH,12:15p,1786292100000.0,False,False,,,,,,,
2026-08-09,641933,677958,BAL@TEX,Middle Slider Crusher,3.76,3.02,1.006,1.0,1.029,3.86,16.1,520,Tyler O'Neill,Kumar Rocker,4.0,DH,2:35p,1786300500000.0,False,False,,,,,,,
2026-08-09,671218,656550,ATL@NYY,Inside Breaking Ball Specialist,2.88,3.66,1.014,1.031,1.054,3.82,16.0,523,Heliot Ramos,Grant Holmes,3.0,LF,1:35p,1786296900000.0,False,False,,,,,,,
2026-08-09,677594,693855,TB@SEA,Middle Fastball Crusher,3.71,3.52,1.002,1.0,0.919,3.952,15.9,530,Julio Rodríguez,Ian Seymour,5.0,CF,4:10p,1786306200000.0,False,False,,,,,,,
2026-08-09,514888,681190,HOU@SD,Middle Fastball Crusher,3.2,3.17,1.007,1.007,1.12,3.776,15.8,533,José Altuve,Randy Vásquez,4.0,2B,8:20p,1786321200000.0,False,False,,,,,,,
2026-08-09,701538,664299,HOU@SD,Middle Fastball Crusher (LH),3.41,3.12,1.002,1.007,1.097,3.866,15.6,543,Jackson Merrill,Cristian Javier,5.0,CF,8:20p,1786321200000.0,False,False,,,,,,,
2026-08-09,694192,687570,MIN@MIL,Middle Fastball Crusher,3.96,2.79,0.99,1.0,0.986,3.53,15.6,541,Jackson Chourio,Connor Prielipp,1.0,LF,2:10p,1786299000000.0,False,False,,,,,,,
2026-08-09,682998,680736,LAD@AZ,Oppo Fastball Hunter (LH),3.2,3.3,1.0,1.0,1.035,3.584,15.5,547,Corbin Carroll,Justin Wrobleski,2.0,RF,4:10p,1786306200000.0,False,False,,,,,,,
2026-08-09,677649,700249,BAL@TEX,Middle Fastball Crusher,3.14,3.36,1.006,1.0,1.054,3.676,15.5,546,Ezequiel Duran,Cade Povich,3.0,SS,2:35p,1786300500000.0,False,False,,,,,,,
2026-08-09,683002,677958,BAL@TEX,Middle Slider Crusher (LH),3.35,3.02,1.004,1.0,1.029,3.433,15.2,558,Gunnar Henderson,Kumar Rocker,1.0,SS,2:35p,1786300500000.0,False,False,,,,,,,
2026-08-09,677800,669372,ATH@BOS,Inside Breaking Ball Specialist (LH),3.85,2.78,1.059,0.99,0.975,3.593,15.1,560,Wilyer Abreu,J. T. Ginn,3.0,DH,1:35p,1786296900000.0,False,False,,,,,,,
2026-08-09,650489,700241,COL@STL,Middle Fastball Crusher,3.23,3.23,0.998,1.058,1.12,4.046,15.0,566,Willi Castro,Michael Mcgreevy,7.0,2B,2:15p,1786299300000.0,False,False,,,,,,,
2026-08-09,686948,693645,ATL@NYY,Oppo Fastball Hunter (LH),4.39,2.49,1.011,1.031,0.9,3.368,14.9,570,Drake Baldwin,Cam Schlittler,1.0,C,1:35p,1786296900000.0,False,False,,,,,,,
2026-08-09,657757,664299,HOU@SD,Middle Fastball Crusher (LH),3.55,3.12,1.002,1.007,1.097,4.023,14.9,570,Gavin Sheets,Cristian Javier,7.0,DH,8:20p,1786321200000.0,False,False,,,,,,,
2026-08-09,677588,663903,CIN@WSH,Middle Fastball Crusher (LH),2.48,3.91,0.998,1.021,1.08,3.501,14.8,577,José Tena,Brady Singer,3.0,DH,12:15p,1786292100000.0,False,False,,,,,,,
2026-08-09,693307,657277,DET@SF,Middle Slider Crusher,5.13,2.14,0.988,1.001,0.948,3.374,14.3,601,Dillon Dingler,Logan Webb,3.0,DH,4:05p,1786305900000.0,False,False,,,,,,,
2026-08-09,671056,547179,COL@STL,Middle Slider Crusher,2.62,3.22,0.998,1.058,1.12,3.273,14.2,605,Iván Herrera,Michael Lorenzen,2.0,DH,2:15p,1786299300000.0,False,False,,,,,,,
2026-08-09,650490,676106,TB@SEA,Oppo Fastball Hunter,3.06,3.18,1.0,1.0,0.992,3.165,14.1,610,Yandy Díaz,Emerson Hancock,1.0,DH,4:10p,1786306200000.0,False,False,,,,,,,
2026-08-09,664761,669456,TOR@PHI,Oppo Fastball Hunter,2.86,3.63,1.006,1.023,1.12,3.92,14.0,613,Alec Bohm,Shane Bieber,8.0,1B,1:35p,1786296900000.0,False,False,,,,,,,
2026-08-09,682626,683003,NYM@PIT,Oppo Fastball Hunter,3.77,3.57,1.016,1.016,0.9,4.108,14.0,617,Francisco Álvarez,Jared Jones,9.0,C,1:35p,1786296900000.0,False,False,,,,,,,
2026-08-09,673237,681190,HOU@SD,Oppo Fastball Hunter,3.31,3.17,1.002,1.007,1.12,3.892,13.9,617,Yainer Diaz,Randy Vásquez,8.0,C,8:20p,1786321200000.0,False,False,,,,,,,
2026-08-09,642715,675512,DET@SF,Middle Fastball Crusher,3.87,2.89,0.988,1.001,0.9,3.269,13.9,622,Willy Adames,Troy Melton,3.0,SS,4:05p,1786305900000.0,False,False,,,,,,,
2026-08-09,543760,683003,NYM@PIT,Middle Fastball Crusher,3.47,3.57,1.007,1.016,0.9,3.744,13.9,617,Marcus Semien,Jared Jones,7.0,2B,1:35p,1786296900000.0,False,False,,,,,,,
2026-08-09,672960,666200,TOR@PHI,Oppo Fastball Hunter,4.69,2.3,1.006,1.023,0.9,3.284,13.9,622,Kazuma Okamoto,Jesús Luzardo,4.0,1B,1:35p,1786296900000.0,False,False,,,,,,,
2026-08-09,669224,656550,ATL@NYY,Oppo Fastball Hunter (LH),3.05,3.66,1.011,1.031,1.054,4.032,13.7,629,Austin Wells,Grant Holmes,9.0,C,1:35p,1786296900000.0,False,False,,,,,,,
2026-08-09,521692,571510,CHC@KC,Middle Fastball Crusher,3.39,2.78,1.0,1.0,1.041,3.224,13.6,635,Salvador Pérez,Matt Boyd,4.0,1B,2:10p,1786299000000.0,False,False,,,,,,,
2026-08-09,671739,693645,ATL@NYY,Middle Fastball Crusher (LH),4.16,2.49,1.011,1.031,0.9,3.196,13.5,641,Michael Harris,Cam Schlittler,4.0,CF,1:35p,1786296900000.0,False,False,,,,,,,
2026-08-09,668227,693855,TB@SEA,Oppo Fastball Hunter,2.99,3.52,1.0,1.0,0.919,3.172,13.5,643,Randy Arozarena,Ian Seymour,3.0,LF,4:10p,1786306200000.0,False,False,,,,,,,
2026-08-09,624424,677976,CHC@KC,Oppo Fastball Hunter (LH),3.96,2.36,1.0,1.0,1.071,3.285,13.4,649,Michael Conforto,Randy Dobnak,5.0,RF,2:10p,1786299000000.0,False,False,,,,,,,
2026-08-09,694374,680736,LAD@AZ,Inside Breaking Ball Specialist,3.18,3.3,1.0,1.0,1.035,3.562,13.3,651,Tim Tawa,Justin Wrobleski,7.0,CF,4:10p,1786306200000.0,False,False,,,,,,,
2026-08-09,668804,640455,NYM@PIT,Middle Fastball Crusher,2.92,3.02,1.007,1.016,1.049,3.104,13.2,658,Bryan Reynolds,Sean Manaea,3.0,DH,1:35p,1786296900000.0,False,False,,,,,,,
2026-08-09,596142,687570,MIN@MIL,High Zone Fastball Hitter,4.01,2.79,0.974,1.0,0.986,3.517,13.1,661,Gary Sánchez,Connor Prielipp,7.0,C,2:10p,1786299000000.0,False,False,,,,,,,
2026-08-09,663728,693855,TB@SEA,Middle Slider Crusher,3.29,3.52,1.002,1.0,0.919,3.499,13.1,664,Cal Raleigh,Ian Seymour,7.0,C,4:10p,1786306200000.0,False,False,,,,,,,
2026-08-09,664023,677976,CHC@KC,Middle Fastball Crusher,3.73,2.36,1.0,1.0,1.071,3.101,13.1,662,Ian Happ,Randy Dobnak,4.0,LF,2:10p,1786299000000.0,False,False,,,,,,,
2026-08-09,663993,663436,CLE@CWS,Oppo Fastball Hunter (LH),4.05,2.2,1.009,0.999,1.043,3.073,13.0,669,Nathaniel Lowe,Davis Martin,4.0,1B,2:10p,1786299000000.0,False,False,,,,,,,
2026-08-09,696285,663903,CIN@WSH,Middle Fastball Crusher,2.68,3.91,0.995,1.021,1.08,3.766,12.9,678,Jacob Young,Brady Singer,9.0,CF,12:15p,1786292100000.0,False,False,,,,,,,
2026-08-09,665019,694819,MIN@MIL,Middle Fastball Crusher (LH),4.23,2.47,0.982,1.0,0.9,3.036,12.9,678,Kody Clemens,Jacob Misiorowski,4.0,2B,2:10p,1786299000000.0,False,False,,,,,,,
2026-08-09,605141,593958,LAD@AZ,Inside Breaking Ball Specialist,3.64,2.46,1.0,1.0,1.072,3.152,12.8,679,Mookie Betts,Eduardo Rodríguez,5.0,SS,4:10p,1786306200000.0,False,False,,,,,,,
2026-08-09,656775,676106,TB@SEA,Middle Slider Crusher (LH),3.3,3.18,1.0,1.0,0.992,3.42,12.8,681,Cedric Mullins,Emerson Hancock,7.0,CF,4:10p,1786306200000.0,False,False,,,,,,,
2026-08-09,663886,695418,CIN@WSH,Middle Fastball Crusher,3.13,2.89,0.995,1.021,1.009,3.033,12.8,678,Tyler Stephenson,Brad Lord,4.0,C,12:15p,1786292100000.0,False,False,,,,,,,
2026-08-09,678882,669372,ATH@BOS,Middle Slider Crusher,3.18,2.78,1.037,0.99,0.975,2.908,12.7,688,Ceddanne Rafaela,J. T. Ginn,2.0,CF,1:35p,1786296900000.0,False,False,,,,,,,
2026-08-09,702616,677958,BAL@TEX,Middle Slider Crusher (LH),2.9,3.02,1.004,1.0,1.029,2.975,12.7,689,Jackson Holliday,Kumar Rocker,3.0,2B,2:35p,1786300500000.0,False,False,,,,,,,
2026-08-09,677951,571510,CHC@KC,Middle Slider Crusher,3.0,2.78,1.0,1.0,1.041,2.85,12.5,703,Bobby Witt,Matt Boyd,2.0,DH,2:10p,1786299000000.0,False,False,,,,,,,
2026-08-09,673357,683003,NYM@PIT,Inside Breaking Ball Specialist,2.81,3.57,1.012,1.016,0.9,3.053,12.5,703,Luis Robert,Jared Jones,5.0,CF,1:35p,1786296900000.0,False,False,,,,,,,
2026-08-09,691720,700241,COL@STL,Middle Fastball Crusher,2.5,3.23,0.998,1.058,1.12,3.129,12.3,711,Kyle Karros,Michael Mcgreevy,6.0,3B,2:15p,1786299300000.0,False,False,,,,,,,
2026-08-09,680779,640455,NYM@PIT,Inside Breaking Ball Specialist,3.28,3.02,1.012,1.016,1.049,3.514,12.0,731,Henry Davis,Sean Manaea,9.0,C,1:35p,1786296900000.0,False,False,,,,,,,
2026-08-09,668930,687570,MIN@MIL,Inside Breaking Ball Specialist (LH),3.14,2.79,0.97,1.0,0.986,2.742,12.0,733,Brice Turang,Connor Prielipp,2.0,2B,2:10p,1786299000000.0,False,False,,,,,,,
2026-08-09,642215,693855,TB@SEA,Middle Fastball Crusher,3.0,3.52,1.002,1.0,0.919,3.19,11.5,767,Weston Wilson,Ian Seymour,8.0,3B,4:10p,1786306200000.0,False,False,,,,,,,
2026-08-09,621020,677976,CHC@KC,Middle Fastball Crusher,3.69,2.36,1.0,1.0,1.071,3.064,11.5,767,Dansby Swanson,Randy Dobnak,7.0,SS,2:10p,1786299000000.0,False,False,,,,,,,
2026-08-09,668904,694819,MIN@MIL,Middle Fastball Crusher,3.64,2.47,0.99,1.0,0.9,2.628,11.5,768,Royce Lewis,Jacob Misiorowski,2.0,1B,2:10p,1786299000000.0,False,False,,,,,,,
2026-08-09,666139,687473,LAA@MIA,Middle Fastball Crusher (LH),3.39,2.75,0.977,1.0,1.026,3.066,11.5,767,Josh Lowe,Ryan Gusto,7.0,RF,1:40p,1786297200000.0,False,False,,,,,,,
2026-08-09,680776,669372,ATH@BOS,Middle Fastball Crusher (LH),3.34,2.78,1.044,0.99,0.975,3.068,11.5,766,Jarren Duran,J. T. Ginn,7.0,LF,1:35p,1786296900000.0,False,False,,,,,,,
2026-08-09,691016,669062,ATH@BOS,Middle Fastball Crusher (LH),4.07,2.18,1.044,0.99,0.9,2.707,11.5,767,Tyler Soderstrom,Erik Miller,4.0,DH,1:35p,1786296900000.0,False,False,,,,,,,
2026-08-09,518692,593958,LAD@AZ,Middle Fastball Crusher (LH),3.06,2.46,1.0,1.0,1.072,2.655,11.4,779,Freddie Freeman,Eduardo Rodríguez,3.0,1B,4:10p,1786306200000.0,False,False,,,,,,,
2026-08-09,645277,693645,ATL@NYY,Middle Fastball Crusher,3.64,2.49,0.998,1.031,0.9,2.759,11.3,784,Ozzie Albies,Cam Schlittler,5.0,2B,1:35p,1786296900000.0,False,False,,,,,,,
2026-08-09,672640,680570,LAA@MIA,Middle Fastball Crusher,2.05,3.52,0.974,1.0,1.12,2.593,11.1,799,Otto Lopez,Grayson Rodriguez,3.0,SS,1:40p,1786297200000.0,False,False,,,,,,,
2026-08-09,641680,669062,ATH@BOS,Middle Slider Crusher (LH),3.85,2.18,1.044,0.99,0.9,2.555,11.0,812,Jonah Heim,Erik Miller,3.0,C,1:35p,1786296900000.0,False,False,,,,,,,
2026-08-09,681297,677958,BAL@TEX,Middle Fastball Crusher (LH),2.94,3.02,1.004,1.0,1.029,3.012,10.9,816,Colton Cowser,Kumar Rocker,8.0,CF,2:35p,1786300500000.0,False,False,,,,,,,
2026-08-09,666182,683003,NYM@PIT,Middle Fastball Crusher,2.35,3.57,1.007,1.016,0.9,2.531,10.9,820,Bo Bichette,Jared Jones,3.0,3B,1:35p,1786296900000.0,False,False,,,,,,,
2026-08-09,606192,593958,LAD@AZ,Middle Fastball Crusher,3.32,2.46,1.0,1.0,1.072,2.874,10.8,822,Teoscar Hernández,Eduardo Rodríguez,7.0,LF,4:10p,1786306200000.0,False,False,,,,,,,
2026-08-09,686681,571510,CHC@KC,Inside Breaking Ball Specialist (LH),2.88,2.78,1.0,1.0,1.041,2.732,10.8,823,Michael Massey,Matt Boyd,6.0,2B,2:10p,1786299000000.0,False,False,,,,,,,
2026-08-09,665877,547179,COL@STL,Middle Slider Crusher,2.39,3.22,0.998,1.058,1.12,2.988,10.8,823,José Fermín,Michael Lorenzen,8.0,3B,2:15p,1786299300000.0,False,False,,,,,,,
2026-08-09,679529,657277,DET@SF,Middle Fastball Crusher,4.08,2.14,0.988,1.001,0.948,2.682,10.6,840,Spencer Torkelson,Logan Webb,6.0,1B,4:05p,1786305900000.0,False,False,,,,,,,
2026-08-09,642201,669372,ATH@BOS,Middle Fastball Crusher,3.18,2.78,1.037,0.99,0.975,2.906,10.6,848,Eli White,J. T. Ginn,8.0,RF,1:35p,1786296900000.0,False,False,,,,,,,
2026-08-09,678662,700241,COL@STL,Middle Slider Crusher,2.44,3.23,0.998,1.058,1.12,3.056,10.5,850,Ezequiel Tovar,Michael Mcgreevy,9.0,SS,2:15p,1786299300000.0,False,False,,,,,,,
2026-08-09,682663,680570,LAA@MIA,Inside Breaking Ball Specialist,2.19,3.52,0.97,1.0,1.12,2.755,10.4,860,Agustín Ramírez,Grayson Rodriguez,7.0,C,1:40p,1786297200000.0,False,False,,,,,,,
2026-08-09,686797,694819,MIN@MIL,Middle Fastball Crusher,3.45,2.47,0.99,1.0,0.9,2.492,10.3,874,Brooks Lee,Jacob Misiorowski,5.0,3B,2:10p,1786299000000.0,False,False,,,,,,,
2026-08-09,666176,663436,CLE@CWS,Middle Slider Crusher,3.28,2.2,1.004,0.999,1.043,2.471,10.2,882,Jo Adell,Davis Martin,5.0,LF,2:10p,1786299000000.0,False,False,,,,,,,
2026-08-09,678391,663903,CIN@WSH,Oppo Fastball Hunter (LH),1.8,3.91,1.001,1.021,1.08,2.547,10.1,887,Jorbit Vivas,Brady Singer,6.0,3B,12:15p,1786292100000.0,False,False,,,,,,,
2026-08-09,655316,669372,ATH@BOS,Middle Slider Crusher,2.65,2.78,1.037,0.99,0.975,2.423,10.0,901,Andruw Monasterio,J. T. Ginn,5.0,SS,1:35p,1786296900000.0,False,False,,,,,,,
2026-08-09,605137,694819,MIN@MIL,Middle Fastball Crusher (LH),3.24,2.47,0.982,1.0,0.9,2.322,10.0,899,Josh Bell,Jacob Misiorowski,3.0,DH,2:10p,1786299000000.0,False,False,,,,,,,
2026-08-09,661388,687570,MIN@MIL,Middle Fastball Crusher,2.51,2.79,0.99,1.0,0.986,2.244,9.6,938,William Contreras,Connor Prielipp,4.0,DH,2:10p,1786299000000.0,False,False,,,,,,,
2026-08-09,666023,664299,HOU@SD,Inside Breaking Ball Specialist,2.42,3.12,0.999,1.007,1.097,2.727,9.4,960,Freddy Fermin,Cristian Javier,9.0,C,8:20p,1786321200000.0,False,False,,,,,,,
2026-08-09,683734,687570,MIN@MIL,Inside Breaking Ball Specialist,2.46,2.79,0.98,1.0,0.986,2.173,9.4,965,Andrew Vaughn,Connor Prielipp,3.0,3B,2:10p,1786299000000.0,False,False,,,,,,,
2026-08-09,593428,664299,HOU@SD,Middle Fastball Crusher,2.23,3.12,1.007,1.007,1.097,2.54,9.3,979,Xander Bogaerts,Cristian Javier,8.0,SS,8:20p,1786321200000.0,False,False,,,,,,,
2026-08-09,642086,693645,ATL@NYY,High Zone Fastball Hitter (LH),3.0,2.49,1.024,1.031,0.9,2.329,9.3,976,Dominic Smith,Cam Schlittler,6.0,DH,1:35p,1786296900000.0,False,False,,,,,,,
2026-08-09,679845,571510,CHC@KC,Oppo Fastball Hunter,2.16,2.78,1.0,1.0,1.041,2.05,9.3,974,Nick Loftin,Matt Boyd,1.0,3B,2:10p,1786299000000.0,False,False,,,,,,,
2026-08-09,662139,681190,HOU@SD,Oppo Fastball Hunter (LH),2.1,3.17,0.987,1.007,1.12,2.429,9.2,984,Daulton Varsho,Randy Vásquez,7.0,CF,8:20p,1786321200000.0,False,False,,,,,,,
2026-08-09,630105,664299,HOU@SD,Oppo Fastball Hunter (LH),1.79,3.12,0.987,1.007,1.097,2.001,8.9,1027,Jake Cronenworth,Cristian Javier,2.0,2B,8:20p,1786321200000.0,False,False,,,,,,,
2026-08-09,682985,657277,DET@SF,Oppo Fastball Hunter (LH),3.23,2.14,0.958,1.001,0.948,2.061,8.9,1026,Riley Greene,Logan Webb,4.0,LF,4:05p,1786305900000.0,False,False,,,,,,,
2026-08-09,663656,593958,LAD@AZ,Middle Fastball Crusher (LH),2.55,2.46,1.0,1.0,1.072,2.213,8.8,1031,Kyle Tucker,Eduardo Rodríguez,6.0,RF,4:10p,1786306200000.0,False,False,,,,,,,
2026-08-09,669364,680570,LAA@MIA,Middle Fastball Crusher (LH),1.58,3.52,0.977,1.0,1.12,1.994,8.8,1031,Xavier Edwards,Grayson Rodriguez,2.0,2B,1:40p,1786297200000.0,False,False,,,,,,,
2026-08-09,608324,677976,CHC@KC,Oppo Fastball Hunter,2.42,2.36,1.0,1.0,1.071,2.01,8.7,1048,Alex Bregman,Randy Dobnak,3.0,3B,2:10p,1786299000000.0,False,False,,,,,,,
2026-08-09,668670,669372,ATH@BOS,Middle Fastball Crusher,2.74,2.78,1.037,0.99,0.975,2.502,8.7,1052,Jake Rogers,J. T. Ginn,9.0,C,1:35p,1786296900000.0,False,False,,,,,,,
2026-08-09,663647,695418,CIN@WSH,Inside Breaking Ball Specialist,2.6,2.89,0.992,1.021,1.009,2.52,8.7,1044,Ke'Bryan Hayes,Brad Lord,9.0,3B,12:15p,1786292100000.0,False,False,,,,,,,
2026-08-09,683146,683003,NYM@PIT,Middle Fastball Crusher (LH),2.17,3.57,1.016,1.016,0.9,2.368,8.7,1054,Brett Baty,Jared Jones,8.0,DH,1:35p,1786296900000.0,False,False,,,,,,,
2026-08-09,663586,693645,ATL@NYY,High Zone Fastball Hitter,3.0,2.49,1.024,1.031,0.9,2.334,8.5,1071,Austin Riley,Cam Schlittler,8.0,3B,1:35p,1786296900000.0,False,False,,,,,,,
2026-08-09,680700,676106,TB@SEA,Oppo Fastball Hunter (LH),2.18,3.18,1.0,1.0,0.992,2.256,8.3,1110,Richie Palacios,Emerson Hancock,8.0,2B,4:10p,1786306200000.0,False,False,,,,,,,
2026-08-09,672386,666200,TOR@PHI,Oppo Fastball Hunter,2.7,2.3,1.006,1.023,0.9,1.889,8.2,1119,Alejandro Kirk,Jesús Luzardo,3.0,C,1:35p,1786296900000.0,False,False,,,,,,,
2026-08-09,650402,657277,DET@SF,Middle Fastball Crusher,2.75,2.14,0.988,1.001,0.948,1.811,8.1,1141,Gleyber Torres,Logan Webb,2.0,2B,4:05p,1786305900000.0,False,False,,,,,,,
2026-08-09,805300,680570,LAA@MIA,Middle Slider Crusher (LH),1.7,3.52,0.977,1.0,1.12,2.152,7.9,1166,Jakob Marsee,Grayson Rodriguez,8.0,CF,1:40p,1786297200000.0,False,False,,,,,,,
2026-08-09,686668,676282,CLE@CWS,Middle Fastball Crusher,1.8,2.93,1.004,0.999,0.979,1.704,7.8,1184,Brenton Doyle,Joey Cantillo,1.0,CF,2:10p,1786299000000.0,False,False,,,,,,,
2026-08-09,693304,640455,NYM@PIT,Oppo Fastball Hunter,1.65,3.02,1.016,1.016,1.049,1.767,7.7,1207,Nick Gonzales,Sean Manaea,4.0,3B,1:35p,1786296900000.0,False,False,,,,,,,
2026-08-09,691594,680570,LAA@MIA,Middle Fastball Crusher,1.76,3.52,0.974,1.0,1.12,2.221,7.7,1193,Javier Sanoja,Grayson Rodriguez,9.0,3B,1:40p,1786297200000.0,False,False,,,,,,,
2026-08-09,667472,695418,CIN@WSH,Middle Slider Crusher,2.06,2.89,0.995,1.021,1.009,2.0,7.6,1208,Dane Myers,Brad Lord,7.0,CF,12:15p,1786292100000.0,False,False,,,,,,,
2026-08-09,665966,677958,BAL@TEX,Middle Slider Crusher,2.02,3.02,1.006,1.0,1.029,2.079,7.3,1279,Carlos Narváez,Kumar Rocker,9.0,C,2:35p,1786300500000.0,False,False,,,,,,,
2026-08-09,672275,663436,CLE@CWS,Inside Breaking Ball Specialist (LH),2.67,2.2,0.991,0.999,1.043,1.992,7.3,1265,Patrick Bailey,Davis Martin,8.0,C,2:10p,1786299000000.0,False,False,,,,,,,
2026-08-09,805779,669062,ATH@BOS,Inside Breaking Ball Specialist,2.42,2.18,1.049,0.99,0.9,1.616,7.2,1285,Jacob Wilson,Erik Miller,2.0,SS,1:35p,1786296900000.0,False,False,,,,,,,
2026-08-09,663968,640455,NYM@PIT,Inside Breaking Ball Specialist,1.43,3.02,1.012,1.016,1.049,1.529,7.0,1326,Jake Mangum,Sean Manaea,1.0,CF,1:35p,1786296900000.0,False,False,,,,,,,
2026-08-09,690993,657277,DET@SF,Middle Fastball Crusher (LH),2.56,2.14,0.993,1.001,0.948,1.689,7.0,1319,Colt Keith,Logan Webb,5.0,3B,4:05p,1786305900000.0,False,False,,,,,,,
2026-08-09,664728,571510,CHC@KC,Middle Fastball Crusher (LH),2.09,2.78,1.0,1.0,1.041,1.988,6.9,1340,Kyle Isbel,Matt Boyd,9.0,CF,2:10p,1786299000000.0,False,False,,,,,,,
2026-08-09,691026,547179,COL@STL,Middle Slider Crusher,1.36,3.22,0.998,1.058,1.12,1.696,6.8,1363,Masyn Winn,Michael Lorenzen,6.0,SS,2:15p,1786299300000.0,False,False,,,,,,,
2026-08-09,691777,669062,ATH@BOS,Oppo Fastball Hunter,2.78,2.18,1.044,0.99,0.9,1.849,6.8,1368,Max Muncy,Erik Miller,8.0,3B,1:35p,1786296900000.0,False,False,,,,,,,
2026-08-09,605170,694819,MIN@MIL,Middle Slider Crusher (LH),2.45,2.47,0.982,1.0,0.9,1.756,6.7,1384,Víctor Caratini,Jacob Misiorowski,7.0,C,2:10p,1786299000000.0,False,False,,,,,,,
2026-08-09,516782,571510,CHC@KC,Middle Fastball Crusher,1.7,2.78,1.0,1.0,1.041,1.614,6.7,1383,Starling Marte,Matt Boyd,5.0,LF,2:10p,1786299000000.0,False,False,,,,,,,
2026-08-09,665804,677976,CHC@KC,Middle Slider Crusher,2.15,2.36,1.0,1.0,1.071,1.789,6.6,1415,Miguel Amaya,Randy Dobnak,8.0,C,2:10p,1786299000000.0,False,False,,,,,,,
2026-08-09,665926,666200,TOR@PHI,Middle Slider Crusher (LH),2.34,2.3,1.006,1.023,0.9,1.637,6.6,1415,Andrés Giménez,Jesús Luzardo,6.0,SS,1:35p,1786296900000.0,False,False,,,,,,,
2026-08-09,677587,663436,CLE@CWS,Middle Slider Crusher (LH),2.22,2.2,0.997,0.999,1.043,1.666,6.4,1462,Brayan Rocchio,Davis Martin,7.0,SS,2:10p,1786299000000.0,False,False,,,,,,,
2026-08-09,650859,664299,HOU@SD,Middle Slider Crusher,1.37,3.12,1.007,1.007,1.097,1.562,6.3,1485,Luis Rengifo,Cristian Javier,6.0,LF,8:20p,1786321200000.0,False,False,,,,,,,
2026-08-09,665489,666200,TOR@PHI,Oppo Fastball Hunter,1.83,2.3,1.006,1.023,0.9,1.283,5.8,1635,Vladimir Guerrero,Jesús Luzardo,2.0,DH,1:35p,1786296900000.0,False,False,,,,,,,
2026-08-09,663538,677976,CHC@KC,Middle Fastball Crusher,1.69,2.36,1.0,1.0,1.071,1.401,5.7,1664,Nico Hoerner,Randy Dobnak,6.0,2B,2:10p,1786299000000.0,False,False,,,,,,,
2026-08-09,663604,687570,MIN@MIL,Inside Breaking Ball Specialist,1.68,2.79,0.98,1.0,0.986,1.482,5.5,1722,Brandon Lockridge,Connor Prielipp,8.0,CF,2:10p,1786299000000.0,False,False,,,,,,,
2026-08-09,666152,687570,MIN@MIL,Middle Fastball Crusher (LH),1.68,2.79,0.982,1.0,0.986,1.485,5.2,1816,David Hamilton,Connor Prielipp,9.0,SS,2:10p,1786299000000.0,False,False,,,,,,,
2026-08-09,807712,694819,MIN@MIL,Oppo Fastball Hunter,1.76,2.47,0.982,1.0,0.9,1.261,5.1,1855,Luke Keaschall,Jacob Misiorowski,6.0,CF,2:10p,1786299000000.0,False,False,,,,,,,
2026-08-09,683083,663903,CIN@WSH,Middle Fastball Crusher,0.92,3.91,0.995,1.021,1.08,1.29,5.0,1907,Nasim Nuñez,Brady Singer,7.0,2B,12:15p,1786292100000.0,False,False,,,,,,,
2026-08-09,682668,676282,CLE@CWS,Middle Fastball Crusher,1.52,2.93,1.004,0.999,0.979,1.432,5.0,1885,Luisangel Acuña,Joey Cantillo,9.0,SS,2:10p,1786299000000.0,False,False,,,,,,,
2026-08-09,669707,640455,NYM@PIT,Middle Slider Crusher,1.22,3.02,1.007,1.016,1.049,1.298,4.8,1975,Jared Triolo,Sean Manaea,8.0,SS,1:35p,1786296900000.0,False,False,,,,,,,
2026-08-09,656716,657277,DET@SF,Inside Breaking Ball Specialist (LH),1.74,2.14,1.015,1.001,0.948,1.175,4.1,2310,Zach Mckinstry,Logan Webb,9.0,RF,4:05p,1786305900000.0,False,False,,,,,,,
2026-08-09,670764,676106,TB@SEA,Middle Fastball Crusher (LH),0.82,3.18,1.0,1.0,0.992,0.852,3.0,3211,Taylor Walls,Emerson Hancock,9.0,SS,4:10p,1786306200000.0,False,False,,,,,,,
2026-08-10,575929,592791,BOS@TOR,Middle Slider Crusher,4.76,6.15,1.009,1.0,1.12,10.864,40.2,149,Willson Contreras,Jameson Taillon,4.0,1B,7:07p,1786403220000.0,False,False,,,,,,,
2026-08-10,677800,592791,BOS@TOR,Inside Breaking Ball Specialist (LH),3.83,6.15,1.003,1.0,1.12,8.685,33.5,199,Wilyer Abreu,Jameson Taillon,3.0,RF,7:07p,1786403220000.0,False,False,,,,,,,
2026-08-10,624413,665152,BAL@MIN,Oppo Fastball Hunter,4.53,5.13,1.009,1.013,1.039,8.113,32.2,210,Pete Alonso,Dean Kremer,2.0,1B,7:40p,1786405200000.0,False,False,,,,,,,
2026-08-10,678882,592791,BOS@TOR,Middle Slider Crusher,3.16,6.15,1.009,1.0,1.12,7.205,29.1,244,Ceddanne Rafaela,Jameson Taillon,2.0,CF,7:07p,1786403220000.0,False,False,,,,,,,
2026-08-10,641933,665152,BAL@MIN,Middle Slider Crusher,3.99,5.13,0.99,1.013,1.039,7.01,27.7,261,Tyler O'Neill,Dean Kremer,4.0,DH,7:40p,1786405200000.0,False,False,,,,,,,
2026-08-10,691723,665152,BAL@MIN,Middle Fastball Crusher,4.46,5.13,0.99,1.013,1.039,7.835,27.5,264,Coby Mayo,Dean Kremer,7.0,3B,7:40p,1786405200000.0,False,False,,,,,,,
2026-08-10,656941,690928,PHI@STL,Middle Slider Crusher (LH),6.19,3.31,0.995,1.032,0.942,6.519,27.3,267,Kyle Schwarber,Hunter Dobbins,1.0,1B,7:45p,1786405500000.0,False,False,,,,,,,
2026-08-10,680776,592791,BOS@TOR,Middle Fastball Crusher (LH),3.32,6.15,1.004,1.0,1.12,7.54,26.6,277,Jarren Duran,Jameson Taillon,7.0,LF,7:07p,1786403220000.0,False,False,,,,,,,
2026-08-10,691406,682052,TB@ATH,Oppo Fastball Hunter,5.77,3.55,1.009,1.046,0.922,6.549,26.2,281,Junior Caminero,Jacob Lopez,3.0,3B,9:40p,1786412400000.0,True,False,,,,,,,
2026-08-10,691023,691725,PHI@STL,Middle Fastball Crusher,4.38,4.0,0.998,1.032,1.096,6.503,25.9,286,Jordan Walker,Andrew Painter,4.0,RF,7:45p,1786405500000.0,False,False,,,,,,,
2026-08-10,683002,665152,BAL@MIN,Middle Slider Crusher (LH),3.32,5.13,1.009,1.013,1.039,5.943,25.1,298,Gunnar Henderson,Dean Kremer,1.0,SS,7:40p,1786405200000.0,False,False,,,,,,,
2026-08-10,702332,592791,BOS@TOR,Middle Fastball Crusher,2.73,6.15,1.009,1.0,1.12,6.229,23.4,328,Caleb Durbin,Jameson Taillon,6.0,3B,7:07p,1786403220000.0,False,False,,,,,,,
2026-08-10,702616,665152,BAL@MIN,Middle Slider Crusher (LH),2.86,5.13,1.009,1.013,1.039,5.111,21.0,377,Jackson Holliday,Dean Kremer,3.0,2B,7:40p,1786405200000.0,False,False,,,,,,,
2026-08-10,547180,690928,PHI@STL,Middle Fastball Crusher (LH),4.58,3.31,0.995,1.032,0.942,4.825,19.9,402,Bryce Harper,Hunter Dobbins,3.0,DH,7:45p,1786405500000.0,False,False,,,,,,,
2026-08-10,691016,642547,TB@ATH,Middle Fastball Crusher (LH),4.05,3.46,1.009,1.046,0.973,4.721,19.9,402,Tyler Soderstrom,Freddy Peralta,2.0,DH,9:40p,1786412400000.0,True,False,,,,,,,
2026-08-10,807799,592791,BOS@TOR,Middle Fastball Crusher (LH),2.21,6.15,1.004,1.0,1.12,5.014,19.8,405,Masataka Yoshida,Jameson Taillon,5.0,DH,7:07p,1786403220000.0,False,False,,,,,,,
2026-08-10,681297,665152,BAL@MIN,Middle Fastball Crusher (LH),3.15,5.13,1.009,1.013,1.039,5.633,19.7,408,Colton Cowser,Dean Kremer,8.0,CF,7:40p,1786405200000.0,False,False,,,,,,,
2026-08-10,660271,702070,KC@LAD,Middle Fastball Crusher (LH),4.81,2.74,0.996,1.026,1.022,4.523,19.6,410,Shohei Ohtani,Noah Cameron,1.0,DH,10:10p,1786414200000.0,True,False,,,,,,,
2026-08-10,621566,681035,NYM@ATL,Middle Fastball Crusher (LH),5.92,2.47,1.009,1.027,0.955,4.747,19.6,410,Matt Olson,Christian Scott,3.0,1B,7:15p,1786403700000.0,False,False,,,,,,,
2026-08-10,696100,647336,COL@AZ,Middle Fastball Crusher,6.62,2.18,1.0,1.0,0.98,4.652,19.2,422,Hunter Goodman,Michael Soroka,4.0,C,9:40p,1786412400000.0,True,False,,,,,,,
2026-08-10,592518,701656,MIL@SD,Middle Slider Crusher,4.35,3.37,1.007,1.024,0.9,4.469,18.6,439,Manny Machado,Logan Henderson,3.0,3B,9:40p,1786412400000.0,True,False,,,,,,,
2026-08-10,664034,701656,MIL@SD,Inside Breaking Ball Specialist,4.38,3.37,0.999,1.024,0.9,4.463,18.4,442,Ty France,Logan Henderson,4.0,1B,9:40p,1786412400000.0,True,False,,,,,,,
2026-08-10,656537,690928,PHI@STL,Inside Breaking Ball Specialist,4.36,3.31,0.994,1.032,0.942,4.588,17.7,466,Derek Hill,Hunter Dobbins,6.0,RF,7:45p,1786405500000.0,False,False,,,,,,,
2026-08-10,641680,642547,TB@ATH,Middle Slider Crusher (LH),3.81,3.46,1.009,1.046,0.973,4.442,17.1,483,Jonah Heim,Freddy Peralta,6.0,C,9:40p,1786412400000.0,True,False,,,,,,,
2026-08-10,608369,672282,TEX@LAA,Middle Slider Crusher (LH),3.96,3.17,1.006,1.042,0.92,3.976,17.0,488,Corey Seager,Reid Detmers,2.0,SS,9:38p,1786412280000.0,True,False,,,,,,,
2026-08-10,657136,592791,BOS@TOR,Oppo Fastball Hunter,2.2,6.15,1.004,1.0,1.12,5.004,16.8,495,Connor Wong,Jameson Taillon,9.0,C,7:07p,1786403220000.0,False,False,,,,,,,
2026-08-10,671056,691725,PHI@STL,Middle Slider Crusher,2.6,4.0,0.998,1.032,1.096,3.854,16.5,505,Iván Herrera,Andrew Painter,2.0,DH,7:45p,1786405500000.0,False,False,,,,,,,
2026-08-10,571970,702070,KC@LAD,Oppo Fastball Hunter (LH),4.88,2.74,1.001,1.026,1.022,4.613,16.4,511,Max Muncy,Noah Cameron,8.0,3B,10:10p,1786414200000.0,True,False,,,,,,,
2026-08-10,669394,672282,TEX@LAA,Middle Fastball Crusher,3.97,3.17,1.003,1.042,0.92,3.971,16.0,527,Jake Burger,Reid Detmers,5.0,1B,9:38p,1786412280000.0,True,False,,,,,,,
2026-08-10,680869,642547,TB@ATH,Middle Fastball Crusher,3.99,3.46,1.006,1.046,0.973,4.646,15.7,538,Zack Gelof,Freddy Peralta,9.0,3B,9:40p,1786412400000.0,True,False,,,,,,,
2026-08-10,695506,669373,KC@LAD,Middle Fastball Crusher (LH),4.33,2.84,0.996,1.026,0.9,3.71,15.6,541,Jac Caglianone,Tarik Skubal,3.0,1B,10:10p,1786414200000.0,True,False,,,,,,,
2026-08-10,666160,647336,COL@AZ,Inside Breaking Ball Specialist (LH),5.42,2.18,1.0,1.0,0.98,3.81,15.4,551,Mickey Moniak,Michael Soroka,5.0,LF,9:40p,1786412400000.0,True,False,,,,,,,
2026-08-10,682626,693821,NYM@ATL,Oppo Fastball Hunter,3.97,3.47,1.009,1.027,0.97,4.544,15.4,551,Francisco Álvarez,Bryce Elder,9.0,C,7:15p,1786403700000.0,False,False,,,,,,,
2026-08-10,686948,681035,NYM@ATL,Oppo Fastball Hunter (LH),4.36,2.47,1.0,1.027,0.955,3.462,15.3,553,Drake Baldwin,Christian Scott,1.0,DH,7:15p,1786403700000.0,False,False,,,,,,,
2026-08-10,650490,682052,TB@ATH,Oppo Fastball Hunter,3.03,3.55,1.009,1.046,0.922,3.441,15.2,556,Yandy Díaz,Jacob Lopez,1.0,DH,9:40p,1786412400000.0,True,False,,,,,,,
2026-08-10,543760,693821,NYM@ATL,Middle Fastball Crusher,3.43,3.47,0.991,1.027,0.97,3.866,15.1,564,Marcus Semien,Bryce Elder,6.0,2B,7:15p,1786403700000.0,False,False,,,,,,,
2026-08-10,701538,701656,MIL@SD,Middle Fastball Crusher (LH),3.56,3.37,1.002,1.024,0.9,3.637,14.7,581,Jackson Merrill,Logan Henderson,5.0,CF,9:40p,1786412400000.0,True,False,,,,,,,
2026-08-10,657757,701656,MIL@SD,Middle Fastball Crusher (LH),3.73,3.37,1.002,1.024,0.9,3.816,14.2,604,Gavin Sheets,Logan Henderson,7.0,DH,9:40p,1786412400000.0,True,False,,,,,,,
2026-08-10,671739,681035,NYM@ATL,Middle Fastball Crusher (LH),4.14,2.47,1.009,1.027,0.955,3.316,14.0,615,Michael Harris,Christian Scott,4.0,CF,7:15p,1786403700000.0,False,False,,,,,,,
2026-08-10,605141,702070,KC@LAD,Inside Breaking Ball Specialist,3.6,2.74,1.001,1.026,1.022,3.409,13.8,623,Mookie Betts,Noah Cameron,5.0,SS,10:10p,1786414200000.0,True,False,,,,,,,
2026-08-10,666126,642547,TB@ATH,Middle Slider Crusher (LH),2.77,3.46,1.009,1.046,0.973,3.23,13.6,633,Carlos Cortes,Freddy Peralta,4.0,LF,9:40p,1786412400000.0,True,False,,,,,,,
2026-08-10,677649,672282,TEX@LAA,Middle Fastball Crusher,3.11,3.17,1.003,1.042,0.92,3.116,13.2,655,Ezequiel Duran,Reid Detmers,3.0,LF,9:38p,1786412280000.0,True,False,,,,,,,
2026-08-10,665877,691725,PHI@STL,Middle Slider Crusher,2.36,4.0,0.998,1.032,1.096,3.507,13.1,663,José Fermín,Andrew Painter,7.0,LF,7:45p,1786405500000.0,False,False,,,,,,,
2026-08-10,680777,669432,BAL@MIN,Middle Fastball Crusher,3.9,2.45,0.99,1.013,0.952,2.998,13.1,666,Ryan Jeffers,Trevor Rogers,2.0,C,7:40p,1786405200000.0,False,False,,,,,,,
2026-08-10,695600,669373,KC@LAD,Middle Fastball Crusher (LH),3.53,2.84,0.996,1.026,0.9,3.022,12.3,711,Carter Jensen,Tarik Skubal,5.0,DH,10:10p,1786414200000.0,True,False,,,,,,,
2026-08-10,521692,669373,KC@LAD,Middle Fastball Crusher,3.37,2.84,1.001,1.026,0.9,2.902,12.3,712,Salvador Pérez,Tarik Skubal,4.0,C,10:10p,1786414200000.0,True,False,,,,,,,
2026-08-10,518692,702070,KC@LAD,Middle Fastball Crusher (LH),3.04,2.74,0.996,1.026,1.022,2.864,12.2,718,Freddie Freeman,Noah Cameron,3.0,1B,10:10p,1786414200000.0,True,False,,,,,,,
2026-08-10,665966,665152,BAL@MIN,Middle Slider Crusher,1.99,5.13,0.99,1.013,1.039,3.498,12.0,735,Carlos Narváez,Dean Kremer,9.0,C,7:40p,1786405200000.0,False,False,,,,,,,
2026-08-10,805779,642547,TB@ATH,Inside Breaking Ball Specialist,2.4,3.46,1.006,1.046,0.973,2.792,11.9,738,Jacob Wilson,Freddy Peralta,3.0,SS,9:40p,1786412400000.0,True,False,,,,,,,
2026-08-10,668904,669432,BAL@MIN,Middle Fastball Crusher,3.6,2.45,0.99,1.013,0.952,2.764,11.8,746,Royce Lewis,Trevor Rogers,3.0,2B,7:40p,1786405200000.0,False,False,,,,,,,
2026-08-10,606192,702070,KC@LAD,Middle Fastball Crusher,3.29,2.74,1.001,1.026,1.022,3.115,11.7,754,Teoscar Hernández,Noah Cameron,7.0,RF,10:10p,1786414200000.0,True,False,,,,,,,
2026-08-10,645277,681035,NYM@ATL,Middle Fastball Crusher,3.62,2.47,0.991,1.027,0.955,2.85,11.7,757,Ozzie Albies,Christian Scott,5.0,2B,7:15p,1786403700000.0,False,False,,,,,,,
2026-08-10,694192,663554,MIL@SD,Middle Fastball Crusher,4.11,2.06,1.007,1.024,0.9,2.578,11.3,784,Jackson Chourio,Casey Mize,2.0,LF,9:40p,1786412400000.0,True,False,,,,,,,
2026-08-10,677951,669373,KC@LAD,Middle Slider Crusher,2.98,2.84,1.001,1.026,0.9,2.564,11.3,788,Bobby Witt,Tarik Skubal,2.0,SS,10:10p,1786414200000.0,True,False,,,,,,,
2026-08-10,666182,693821,NYM@ATL,Middle Fastball Crusher,2.32,3.47,0.991,1.027,0.97,2.614,11.2,792,Bo Bichette,Bryce Elder,3.0,3B,7:15p,1786403700000.0,False,False,,,,,,,
2026-08-10,543807,543243,BOS@TOR,Middle Fastball Crusher,3.14,2.61,1.009,1.0,0.944,2.565,11.0,813,George Springer,Sonny Gray,4.0,DH,7:07p,1786403220000.0,False,False,,,,,,,
2026-08-10,686797,669432,BAL@MIN,Middle Fastball Crusher,3.59,2.45,0.99,1.013,0.952,2.76,10.9,814,Brooks Lee,Trevor Rogers,6.0,3B,7:40p,1786405200000.0,False,False,,,,,,,
2026-08-10,605137,669432,BAL@MIN,Middle Fastball Crusher (LH),3.21,2.45,1.009,1.013,0.952,2.514,10.7,830,Josh Bell,Trevor Rogers,4.0,DH,7:40p,1786405200000.0,False,False,,,,,,,
2026-08-10,624641,690928,PHI@STL,Middle Fastball Crusher,2.77,3.31,0.998,1.032,0.942,2.928,10.6,841,Edmundo Sosa,Hunter Dobbins,8.0,SS,7:45p,1786405500000.0,False,False,,,,,,,
2026-08-10,660821,543243,BOS@TOR,Inside Breaking Ball Specialist (LH),3.11,2.61,1.003,1.0,0.944,2.521,10.4,864,Jesús Sánchez,Sonny Gray,5.0,LF,7:07p,1786403220000.0,False,False,,,,,,,
2026-08-10,664983,647336,COL@AZ,Middle Fastball Crusher (LH),3.21,2.18,1.0,1.0,0.98,2.256,10.2,879,Jake Mccarthy,Michael Soroka,1.0,CF,9:40p,1786412400000.0,True,False,,,,,,,
2026-08-10,606466,687312,COL@AZ,Inside Breaking Ball Specialist,3.82,2.05,1.0,1.0,0.9,2.317,9.9,906,Ketel Marte,Gabriel Hughes,4.0,2B,9:40p,1786412400000.0,True,False,,,,,,,
2026-08-10,593871,693821,NYM@ATL,Middle Fastball Crusher (LH),2.29,3.47,1.009,1.027,0.97,2.623,9.6,946,Jorge Polanco,Bryce Elder,8.0,DH,7:15p,1786403700000.0,False,False,,,,,,,
2026-08-10,683146,693821,NYM@ATL,Middle Fastball Crusher (LH),2.15,3.47,1.009,1.027,0.97,2.467,9.4,968,Brett Baty,Bryce Elder,7.0,LF,7:15p,1786403700000.0,False,False,,,,,,,
2026-08-10,672724,669022,TEX@LAA,Inside Breaking Ball Specialist,2.51,2.95,1.004,1.042,0.959,2.444,9.3,977,Oswald Peraza,Mackenzie Gore,7.0,2B,9:38p,1786412280000.0,True,False,,,,,,,
2026-08-10,686681,669373,KC@LAD,Inside Breaking Ball Specialist (LH),2.85,2.84,0.995,1.026,0.9,2.438,9.3,980,Michael Massey,Tarik Skubal,7.0,2B,10:10p,1786414200000.0,True,False,,,,,,,
2026-08-10,663586,681035,NYM@ATL,High Zone Fastball Hitter,2.99,2.47,1.004,1.027,0.955,2.383,9.1,1004,Austin Riley,Christian Scott,7.0,3B,7:15p,1786403700000.0,False,False,,,,,,,
2026-08-10,668930,663554,MIL@SD,Inside Breaking Ball Specialist (LH),3.11,2.06,1.007,1.024,0.9,1.949,8.9,1027,Brice Turang,Casey Mize,1.0,2B,9:40p,1786412400000.0,True,False,,,,,,,
2026-08-10,666023,701656,MIL@SD,Inside Breaking Ball Specialist,2.38,3.37,0.999,1.024,0.9,2.431,8.9,1025,Freddy Fermin,Logan Henderson,8.0,C,9:40p,1786412400000.0,True,False,,,,,,,
2026-08-10,664770,543243,BOS@TOR,Oppo Fastball Hunter (LH),2.3,2.61,1.009,1.0,0.944,1.876,8.6,1070,Nathan Lukes,Sonny Gray,1.0,RF,7:07p,1786403220000.0,False,False,,,,,,,
2026-08-10,650489,647336,COL@AZ,Middle Fastball Crusher,3.2,2.18,1.0,1.0,0.98,2.252,8.6,1066,Willi Castro,Michael Soroka,7.0,2B,9:40p,1786412400000.0,True,False,,,,,,,
2026-08-10,682998,687312,COL@AZ,Oppo Fastball Hunter (LH),3.18,2.05,1.0,1.0,0.9,1.928,8.6,1068,Corbin Carroll,Gabriel Hughes,2.0,RF,9:40p,1786412400000.0,True,False,,,,,,,
2026-08-10,663743,682052,TB@ATH,Inside Breaking Ball Specialist,1.99,3.55,1.006,1.046,0.922,2.255,8.6,1065,Nick Fortes,Jacob Lopez,7.0,C,9:40p,1786412400000.0,True,False,,,,,,,
2026-08-10,500743,702070,KC@LAD,Middle Fastball Crusher,2.21,2.74,1.001,1.026,1.022,2.091,8.4,1094,Miguel Rojas,Noah Cameron,6.0,2B,10:10p,1786414200000.0,True,False,,,,,,,
2026-08-10,679845,669373,KC@LAD,Oppo Fastball Hunter,2.14,2.84,0.996,1.026,0.9,1.83,8.3,1098,Nick Loftin,Tarik Skubal,1.0,3B,10:10p,1786414200000.0,True,False,,,,,,,
2026-08-10,691026,691725,PHI@STL,Middle Slider Crusher,1.35,4.0,0.998,1.032,1.096,1.999,8.0,1147,Masyn Winn,Andrew Painter,6.0,SS,7:45p,1786405500000.0,False,False,,,,,,,
2026-08-10,630105,701656,MIL@SD,Oppo Fastball Hunter (LH),1.77,3.37,0.987,1.024,0.9,1.788,8.0,1156,Jake Cronenworth,Logan Henderson,2.0,2B,9:40p,1786412400000.0,True,False,,,,,,,
2026-08-10,643289,681035,NYM@ATL,Oppo Fastball Hunter,2.37,2.47,1.009,1.027,0.955,1.901,7.6,1210,Mauricio Dubón,Christian Scott,6.0,LF,7:15p,1786403700000.0,False,False,,,,,,,
2026-08-10,665926,543243,BOS@TOR,Middle Slider Crusher (LH),2.31,2.61,1.004,1.0,0.944,1.878,7.5,1225,Andrés Giménez,Sonny Gray,6.0,SS,7:07p,1786403220000.0,False,False,,,,,,,
2026-08-10,516782,669373,KC@LAD,Middle Fastball Crusher,2.03,2.84,1.001,1.026,0.9,1.751,7.0,1319,Starling Marte,Tarik Skubal,6.0,RF,10:10p,1786414200000.0,True,False,,,,,,,
2026-08-10,694374,687312,COL@AZ,Inside Breaking Ball Specialist,3.13,2.05,1.0,1.0,0.9,1.903,7.0,1327,Tim Tawa,Gabriel Hughes,8.0,1B,9:40p,1786412400000.0,True,False,,,,,,,
2026-08-10,605170,669432,BAL@MIN,Middle Slider Crusher (LH),2.43,2.45,1.009,1.013,0.952,1.901,7.0,1329,Víctor Caratini,Trevor Rogers,8.0,1B,7:40p,1786405200000.0,False,False,,,,,,,
2026-08-10,691720,647336,COL@AZ,Middle Fastball Crusher,2.48,2.18,1.0,1.0,0.98,1.741,7.0,1327,Kyle Karros,Michael Soroka,6.0,3B,9:40p,1786412400000.0,True,False,,,,,,,
2026-08-10,683734,663554,MIL@SD,Inside Breaking Ball Specialist,2.44,2.06,0.999,1.024,0.9,1.52,6.6,1413,Andrew Vaughn,Casey Mize,4.0,3B,9:40p,1786412400000.0,True,False,,,,,,,
2026-08-10,665489,543243,BOS@TOR,Oppo Fastball Hunter,1.81,2.61,1.004,1.0,0.944,1.474,6.4,1451,Vladimir Guerrero,Sonny Gray,3.0,1B,7:07p,1786403220000.0,False,False,,,,,,,
2026-08-10,661388,663554,MIL@SD,Middle Fastball Crusher,2.49,2.06,1.007,1.024,0.9,1.562,6.3,1486,William Contreras,Casey Mize,6.0,C,9:40p,1786412400000.0,True,False,,,,,,,
2026-08-10,664728,669373,KC@LAD,Middle Fastball Crusher (LH),2.07,2.84,0.996,1.026,0.9,1.775,6.2,1508,Kyle Isbel,Tarik Skubal,9.0,CF,10:10p,1786414200000.0,True,False,,,,,,,
2026-08-10,686555,669373,KC@LAD,Inside Breaking Ball Specialist,1.89,2.84,1.001,1.026,0.9,1.626,6.0,1564,Isaac Collins,Tarik Skubal,8.0,LF,10:10p,1786414200000.0,True,False,,,,,,,
2026-08-10,807712,669432,BAL@MIN,Oppo Fastball Hunter,1.75,2.45,1.009,1.013,0.952,1.367,5.7,1644,Luke Keaschall,Trevor Rogers,5.0,RF,7:40p,1786405200000.0,False,False,,,,,,,
2026-08-10,650859,701656,MIL@SD,Middle Slider Crusher,1.36,3.37,1.007,1.024,0.9,1.397,5.7,1668,Luis Rengifo,Logan Henderson,6.0,LF,9:40p,1786412400000.0,True,False,,,,,,,
2026-08-10,592885,663554,MIL@SD,Middle Slider Crusher (LH),2.23,2.06,1.002,1.024,0.9,1.393,5.4,1762,Christian Yelich,Casey Mize,7.0,DH,9:40p,1786412400000.0,True,False,,,,,,,
2026-08-10,687597,647336,COL@AZ,Middle Fastball Crusher,2.11,2.18,1.0,1.0,0.98,1.481,5.2,1821,Jordan Beck,Michael Soroka,9.0,RF,9:40p,1786412400000.0,True,False,,,,,,,
2026-08-10,663457,687312,COL@AZ,Inside Breaking Ball Specialist (LH),2.05,2.05,1.0,1.0,0.9,1.247,5.2,1808,Lars Nootbaar,Gabriel Hughes,5.0,DH,9:40p,1786412400000.0,True,False,,,,,,,
2026-08-10,668885,669432,BAL@MIN,Middle Fastball Crusher,1.27,2.45,0.99,1.013,0.952,0.974,4.5,2115,Austin Martin,Trevor Rogers,1.0,LF,7:40p,1786405200000.0,False,False,,,,,,,
2026-08-10,666152,663554,MIL@SD,Middle Fastball Crusher (LH),1.66,2.06,1.002,1.024,0.9,1.035,3.7,2634,David Hamilton,Casey Mize,9.0,SS,9:40p,1786412400000.0,True,False,,,,,,,
2026-08-10,687859,647336,COL@AZ,Inside Breaking Ball Specialist (LH),1.39,2.18,1.0,1.0,0.98,0.975,3.6,2651,Troy Johnston,Michael Soroka,8.0,DH,9:40p,1786412400000.0,True,False,,,,,,,
2026-08-10,670764,682052,TB@ATH,Middle Fastball Crusher (LH),0.82,3.55,1.009,1.046,0.922,0.925,3.5,2795,Taylor Walls,Jacob Lopez,8.0,SS,9:40p,1786412400000.0,True,False,,,,,,,
2026-08-11,693307,676440,CLE@DET,Middle Slider Crusher,5.09,3.89,0.979,1.024,1.025,6.694,26.7,274,Dillon Dingler,Tanner Bibee,3.0,C,6:40p,1786488000000.0,True,False,425.0,theScore Bet,17.9,3.0,DET,R,R
2026-08-11,665953,684007,CHC@WSH,Inside Breaking Ball Specialist,4.11,4.33,0.992,1.013,0.949,5.574,23.2,331,Andrés Chaparro,Shota Imanaga,2.0,1B,6:45p,1786488300000.0,True,False,510.0,Bally Bet,15.6,3.0,WSH,R,L
2026-08-11,624413,641927,BAL@MIN,Oppo Fastball Hunter,4.5,3.44,1.009,1.029,1.023,5.409,22.6,343,Pete Alonso,Bailey Ober,2.0,1B,7:40p,1786491600000.0,True,False,300.0,theScore Bet,23.2,3.0,BAL,R,R
2026-08-11,695657,666157,CIN@CWS,Oppo Fastball Hunter (LH),5.03,3.15,1.009,1.006,1.12,5.911,22.3,349,Colson Montgomery,Nick Lodolo,6.0,DH,7:40p,1786491600000.0,True,False,450.0,theScore Bet,17.1,3.0,CWS,L,L
2026-08-11,686527,677960,SEA@NYY,Middle Slider Crusher (LH),4.67,3.3,1.011,1.024,1.02,5.351,21.8,359,Dominic Canzone,Ryan Weathers,4.0,DH,7:05p,1786489500000.0,True,False,475.0,theScore Bet,16.4,3.0,SEA,L,L
2026-08-11,678246,666157,CIN@CWS,Middle Fastball Crusher,4.4,3.15,1.004,1.006,1.12,5.145,21.1,374,Miguel Vargas,Nick Lodolo,3.0,3B,7:40p,1786491600000.0,True,False,400.0,theScore Bet,18.8,3.0,CWS,R,L
2026-08-11,700250,693433,SEA@NYY,Middle Fastball Crusher (LH),5.94,2.61,1.011,1.024,0.936,4.943,20.8,381,Ben Rice,Bryan Woo,2.0,DH,7:05p,1786489500000.0,True,False,290.0,Bally Bet,24.6,3.0,NYY,L,R
2026-08-11,621566,690997,NYM@ATL,Middle Fastball Crusher (LH),5.87,2.66,1.009,1.017,0.939,4.943,20.3,391,Matt Olson,Nolan Mclean,3.0,1B,7:15p,1786490100000.0,True,False,350.0,theScore Bet,20.8,3.0,ATL,L,R
2026-08-11,679529,676440,CLE@DET,Middle Fastball Crusher,4.05,3.89,0.979,1.024,1.025,5.321,20.2,394,Spencer Torkelson,Tanner Bibee,6.0,1B,6:40p,1786488000000.0,True,False,410.0,Bally Bet,18.8,3.0,DET,R,R
2026-08-11,691723,641927,BAL@MIN,Middle Fastball Crusher,4.42,3.44,0.99,1.029,1.023,5.207,19.9,404,Coby Mayo,Bailey Ober,6.0,DH,7:40p,1786491600000.0,True,False,425.0,theScore Bet,17.9,3.0,BAL,R,R
2026-08-11,664023,663623,CHC@WSH,Middle Fastball Crusher,3.86,3.48,0.995,1.013,1.12,4.997,19.7,407,Ian Happ,Jake Irvin,5.0,LF,6:45p,1786488300000.0,True,False,440.0,Bally Bet,17.9,3.0,CHC,R,R
2026-08-11,691781,684007,CHC@WSH,Middle Fastball Crusher,3.44,4.33,0.995,1.013,0.949,4.679,19.3,417,Brady House,Shota Imanaga,3.0,3B,6:45p,1786488300000.0,True,False,550.0,theScore Bet,14.3,3.0,WSH,R,L
2026-08-11,641933,641927,BAL@MIN,Middle Slider Crusher,3.94,3.44,0.99,1.029,1.023,4.648,19.1,422,Tyler O'Neill,Bailey Ober,4.0,RF,7:40p,1786491600000.0,True,False,410.0,Bally Bet,20.8,3.0,BAL,R,R
2026-08-11,686611,684007,CHC@WSH,Middle Fastball Crusher,3.17,4.33,0.995,1.013,0.949,4.316,18.8,432,Dylan Crews,Shota Imanaga,1.0,RF,6:45p,1786488300000.0,True,False,420.0,Bally Bet,18.8,3.0,WSH,R,L
2026-08-11,671277,693433,SEA@NYY,Inside Breaking Ball Specialist (LH),5.37,2.61,1.024,1.024,0.936,4.524,18.7,436,Luis García,Bryan Woo,4.0,1B,7:05p,1786489500000.0,True,False,,,,,NYY,L,R
2026-08-11,624424,663623,CHC@WSH,Oppo Fastball Hunter (LH),3.89,3.48,1.001,1.013,1.12,5.064,18.5,441,Michael Conforto,Jake Irvin,7.0,DH,6:45p,1786488300000.0,True,False,510.0,Bally Bet,17.1,3.0,CHC,L,R
2026-08-11,664040,691587,PIT@MIA,Middle Fastball Crusher (LH),4.67,2.93,0.977,1.0,0.955,4.204,17.9,458,Brandon Lowe,Eury Pérez,2.0,2B,6:40p,1786488000000.0,True,False,450.0,theScore Bet,17.1,3.0,PIT,L,R
2026-08-11,682985,676440,CLE@DET,Oppo Fastball Hunter (LH),3.21,3.89,0.983,1.024,1.025,4.236,17.6,469,Riley Greene,Tanner Bibee,4.0,LF,6:40p,1786488000000.0,True,False,430.0,Bally Bet,18.8,3.0,DET,L,R
2026-08-11,683002,641927,BAL@MIN,Middle Slider Crusher (LH),3.3,3.44,1.009,1.029,1.023,3.963,17.4,476,Gunnar Henderson,Bailey Ober,1.0,SS,7:40p,1786491600000.0,True,False,350.0,theScore Bet,20.8,3.0,BAL,L,R
2026-08-11,677594,677960,SEA@NYY,Middle Fastball Crusher,3.69,3.3,0.998,1.024,1.02,4.176,17.4,474,Julio Rodríguez,Ryan Weathers,3.0,CF,7:05p,1786489500000.0,True,False,400.0,theScore Bet,18.8,3.0,SEA,R,L
2026-08-11,665019,687064,BAL@MIN,Middle Fastball Crusher (LH),4.38,2.72,1.009,1.029,1.011,4.104,17.1,486,Kody Clemens,Brandon Young,4.0,2B,7:40p,1786491600000.0,True,False,350.0,theScore Bet,20.8,3.0,MIN,L,R
2026-08-11,665052,694973,PIT@MIA,Middle Fastball Crusher (LH),5.47,2.57,0.977,1.0,0.9,4.062,17.0,489,Griffin Conine,Paul Skenes,3.0,1B,6:40p,1786488000000.0,True,False,575.0,Bally Bet,14.3,3.0,MIA,L,R
2026-08-11,672960,663776,BOS@TOR,Oppo Fastball Hunter,4.65,2.92,1.004,1.0,1.03,4.612,17.0,490,Kazuma Okamoto,Patrick Sandoval,7.0,3B,7:07p,1786489620000.0,True,False,500.0,theScore Bet,15.6,3.0,TOR,R,L
2026-08-11,668709,680732,CIN@CWS,Middle Fastball Crusher (LH),4.8,2.73,0.997,1.006,0.933,4.034,16.9,493,Jj Bleday,Sean Burke,3.0,LF,7:40p,1786491600000.0,True,False,450.0,theScore Bet,17.1,3.0,CIN,L,R
2026-08-11,701398,680732,CIN@CWS,Middle Fastball Crusher,4.57,2.73,1.004,1.006,0.933,3.869,16.6,503,Sal Stewart,Sean Burke,2.0,1B,7:40p,1786491600000.0,True,False,425.0,theScore Bet,17.9,3.0,CIN,R,R
2026-08-11,686948,690997,NYM@ATL,Oppo Fastball Hunter (LH),4.32,2.66,1.0,1.017,0.939,3.599,15.9,529,Drake Baldwin,Nolan Mclean,1.0,C,7:15p,1786490100000.0,True,False,475.0,theScore Bet,16.4,3.0,ATL,L,R
2026-08-11,621020,663623,CHC@WSH,Middle Fastball Crusher,3.65,3.48,0.995,1.013,1.12,4.726,15.9,528,Dansby Swanson,Jake Irvin,9.0,SS,6:45p,1786488300000.0,True,False,550.0,Bally Bet,15.0,3.0,CHC,R,R
2026-08-11,682829,680732,CIN@CWS,Middle Fastball Crusher,4.22,2.73,1.004,1.006,0.933,3.576,15.8,533,Elly De La Cruz,Sean Burke,1.0,SS,7:40p,1786491600000.0,True,False,450.0,theScore Bet,17.1,3.0,CIN,R,R
2026-08-11,663993,623454,CLE@DET,Oppo Fastball Hunter (LH),4.02,3.08,0.983,1.024,0.906,3.718,15.6,542,Nathaniel Lowe,Drew Anderson,4.0,1B,6:40p,1786488000000.0,True,False,525.0,theScore Bet,15.0,3.0,CLE,L,R
2026-08-11,650402,676440,CLE@DET,Middle Fastball Crusher,2.72,3.89,0.979,1.024,1.025,3.579,15.4,548,Gleyber Torres,Tanner Bibee,2.0,2B,6:40p,1786488000000.0,True,False,800.0,Bally Bet,11.7,3.0,DET,R,R
2026-08-11,695734,684007,CHC@WSH,Inside Breaking Ball Specialist (LH),3.06,4.33,0.991,1.013,0.949,4.153,15.4,550,Daylen Lile,Shota Imanaga,7.0,DH,6:45p,1786488300000.0,True,False,625.0,Caesars,15.0,3.0,WSH,L,L
2026-08-11,680777,687064,BAL@MIN,Middle Fastball Crusher,3.84,2.72,0.99,1.029,1.011,3.536,15.3,556,Ryan Jeffers,Brandon Young,2.0,C,7:40p,1786491600000.0,True,False,500.0,theScore Bet,15.6,3.0,MIN,R,R
2026-08-11,668227,677960,SEA@NYY,Oppo Fastball Hunter,2.97,3.3,1.011,1.024,1.02,3.402,14.7,580,Randy Arozarena,Ryan Weathers,2.0,LF,7:05p,1786489500000.0,True,False,475.0,theScore Bet,16.4,3.0,SEA,R,L
2026-08-11,553993,680732,CIN@CWS,Middle Slider Crusher,4.25,2.73,1.004,1.006,0.933,3.602,14.6,587,Eugenio Suárez,Sean Burke,5.0,DH,7:40p,1786491600000.0,True,False,450.0,theScore Bet,17.1,3.0,CIN,R,R
2026-08-11,671739,690997,NYM@ATL,Middle Fastball Crusher (LH),4.1,2.66,1.009,1.017,0.939,3.449,14.5,589,Michael Harris,Nolan Mclean,4.0,CF,7:15p,1786490100000.0,True,False,,,,,ATL,L,R
2026-08-11,663728,677960,SEA@NYY,Middle Slider Crusher,3.26,3.3,0.998,1.024,1.02,3.691,14.4,594,Cal Raleigh,Ryan Weathers,6.0,C,7:05p,1786489500000.0,True,False,325.0,Bally Bet,24.3,3.0,SEA,R,L
2026-08-11,702616,641927,BAL@MIN,Middle Slider Crusher (LH),2.82,3.44,1.009,1.029,1.023,3.388,14.3,598,Jackson Holliday,Bailey Ober,3.0,2B,7:40p,1786491600000.0,True,False,500.0,theScore Bet,15.6,3.0,BAL,L,R
2026-08-11,696285,684007,CHC@WSH,Middle Fastball Crusher,2.65,4.33,0.995,1.013,0.949,3.611,14.1,608,Jacob Young,Shota Imanaga,6.0,CF,6:45p,1786488300000.0,True,False,900.0,theScore Bet,9.4,3.0,WSH,R,L
2026-08-11,690993,676440,CLE@DET,Middle Fastball Crusher (LH),2.54,3.89,0.999,1.024,1.025,3.403,13.8,624,Colt Keith,Tanner Bibee,5.0,DH,6:40p,1786488000000.0,True,False,800.0,theScore Bet,10.4,3.0,DET,L,R
2026-08-11,682657,623454,CLE@DET,Inside Breaking Ball Specialist (LH),3.84,3.08,0.999,1.024,0.906,3.604,13.5,643,Angel Martínez,Drew Anderson,7.0,LF,6:40p,1786488000000.0,True,False,700.0,theScore Bet,11.7,3.0,CLE,L,R
2026-08-11,605137,687064,BAL@MIN,Middle Fastball Crusher (LH),3.35,2.72,1.009,1.029,1.011,3.143,13.4,649,Josh Bell,Brandon Young,3.0,DH,7:40p,1786491600000.0,True,False,450.0,theScore Bet,17.1,3.0,MIN,L,R
2026-08-11,668904,687064,BAL@MIN,Middle Fastball Crusher,3.56,2.72,0.99,1.029,1.011,3.271,13.3,652,Royce Lewis,Brandon Young,5.0,1B,7:40p,1786491600000.0,True,False,420.0,Bally Bet,19.7,3.0,MIN,R,R
2026-08-11,608324,663623,CHC@WSH,Oppo Fastball Hunter,2.4,3.48,0.998,1.013,1.12,3.109,13.2,660,Alex Bregman,Jake Irvin,4.0,3B,6:45p,1786488300000.0,True,False,750.0,Bally Bet,13.3,3.0,CHC,R,R
2026-08-11,543807,663776,BOS@TOR,Middle Fastball Crusher,3.12,2.92,1.009,1.0,1.03,3.109,13.2,660,George Springer,Patrick Sandoval,4.0,DH,7:07p,1786489620000.0,True,False,550.0,theScore Bet,14.3,3.0,TOR,R,L
2026-08-11,691023,650911,PHI@STL,Middle Fastball Crusher,4.35,2.26,0.998,1.046,0.903,3.056,13.0,669,Jordan Walker,Cristopher Sánchez,3.0,RF,7:45p,1786491900000.0,True,False,575.0,Bally Bet,15.6,3.0,STL,R,L
2026-08-11,686797,687064,BAL@MIN,Middle Fastball Crusher,3.56,2.72,0.99,1.029,1.011,3.274,12.9,677,Brooks Lee,Brandon Young,6.0,3B,7:40p,1786491600000.0,True,False,625.0,Caesars,13.3,3.0,MIN,R,R
2026-08-11,665862,693433,SEA@NYY,Middle Fastball Crusher (LH),3.77,2.61,1.011,1.024,0.936,3.135,12.8,683,Jazz Chisholm,Bryan Woo,5.0,2B,7:05p,1786489500000.0,True,False,,,,,NYY,L,R
2026-08-11,669236,641927,BAL@MIN,Middle Fastball Crusher,2.97,3.44,0.99,1.029,1.023,3.505,12.6,692,Jeremiah Jackson,Bailey Ober,8.0,LF,7:40p,1786491600000.0,True,False,550.0,theScore Bet,14.3,3.0,BAL,R,R
2026-08-11,663757,693433,SEA@NYY,Oppo Fastball Hunter (LH),3.3,2.61,1.011,1.024,0.936,2.743,12.3,713,Trent Grisham,Bryan Woo,1.0,CF,7:05p,1786489500000.0,True,False,310.0,Bally Bet,23.2,3.0,NYY,L,R
2026-08-11,680977,677960,SEA@NYY,Middle Slider Crusher (LH),2.83,3.3,1.011,1.024,1.02,3.245,12.2,721,Brendan Donovan,Ryan Weathers,7.0,3B,7:05p,1786489500000.0,True,False,1000.0,theScore Bet,8.6,3.0,SEA,L,L
2026-08-11,666176,623454,CLE@DET,Middle Slider Crusher,3.25,3.08,0.979,1.024,0.906,2.995,12.2,718,Jo Adell,Drew Anderson,5.0,DH,6:40p,1786488000000.0,True,False,550.0,Bally Bet,15.6,3.0,CLE,R,R
2026-08-11,645277,690997,NYM@ATL,Middle Fastball Crusher,3.59,2.66,0.991,1.017,0.939,2.967,12.1,725,Ozzie Albies,Nolan Mclean,5.0,2B,7:15p,1786490100000.0,True,False,600.0,theScore Bet,13.3,3.0,ATL,R,R
2026-08-11,642215,677960,SEA@NYY,Middle Fastball Crusher,2.94,3.3,0.998,1.024,1.02,3.331,12.0,732,Weston Wilson,Ryan Weathers,8.0,1B,7:05p,1786489500000.0,True,False,700.0,theScore Bet,11.7,3.0,SEA,R,L
2026-08-11,687462,691587,PIT@MIA,Middle Slider Crusher (LH),3.1,2.93,0.977,1.0,0.955,2.784,11.8,744,Spencer Horwitz,Eury Pérez,4.0,1B,6:40p,1786488000000.0,True,False,625.0,Caesars,13.3,3.0,PIT,L,R
2026-08-11,608348,663623,CHC@WSH,Inside Breaking Ball Specialist,2.47,3.48,0.992,1.013,1.12,3.186,11.5,768,Carson Kelly,Jake Irvin,8.0,C,6:45p,1786488300000.0,True,False,800.0,Bally Bet,13.3,3.0,CHC,R,R
2026-08-11,595879,676440,CLE@DET,Middle Fastball Crusher,2.36,3.89,0.979,1.024,1.025,3.106,11.2,789,Javier Báez,Tanner Bibee,8.0,SS,6:40p,1786488000000.0,True,False,1050.0,Bally Bet,10.4,3.0,DET,R,R
2026-08-11,668804,691587,PIT@MIA,Middle Fastball Crusher,2.9,2.93,0.974,1.0,0.955,2.601,11.2,796,Bryan Reynolds,Eury Pérez,3.0,LF,6:40p,1786488000000.0,True,False,550.0,theScore Bet,14.3,3.0,PIT,R,R
2026-08-11,663886,680732,CIN@CWS,Middle Fastball Crusher,3.1,2.73,1.004,1.006,0.933,2.621,11.2,794,Tyler Stephenson,Sean Burke,4.0,C,7:40p,1786491600000.0,True,False,525.0,theScore Bet,15.0,3.0,CIN,R,R
2026-08-11,683357,694973,PIT@MIA,Middle Fastball Crusher (LH),4.0,2.57,0.977,1.0,0.9,2.971,11.2,793,Owen Caissie,Paul Skenes,7.0,DH,6:40p,1786488000000.0,True,False,625.0,Caesars,13.3,3.0,MIA,L,R
2026-08-11,672386,663776,BOS@TOR,Oppo Fastball Hunter,2.64,2.92,1.004,1.0,1.03,2.618,10.8,830,Alejandro Kirk,Patrick Sandoval,5.0,C,7:07p,1786489620000.0,True,False,700.0,theScore Bet,11.7,3.0,TOR,R,L
2026-08-11,671218,693433,SEA@NYY,Inside Breaking Ball Specialist,2.86,2.61,1.014,1.024,0.936,2.382,10.3,875,Heliot Ramos,Bryan Woo,3.0,LF,7:05p,1786489500000.0,True,False,500.0,theScore Bet,15.6,3.0,NYY,R,R
2026-08-11,680779,691587,PIT@MIA,Inside Breaking Ball Specialist,3.25,2.93,0.97,1.0,0.955,2.906,10.0,897,Henry Davis,Eury Pérez,9.0,C,6:40p,1786488000000.0,True,False,750.0,Caesars,11.7,3.0,PIT,R,R
2026-08-11,686668,666157,CIN@CWS,Middle Fastball Crusher,1.77,3.15,1.004,1.006,1.12,2.069,9.4,964,Brenton Doyle,Nick Lodolo,1.0,CF,7:40p,1786491600000.0,True,False,550.0,theScore Bet,14.3,3.0,CWS,R,L
2026-08-11,677592,650911,PHI@STL,Middle Fastball Crusher,3.61,2.26,0.998,1.046,0.903,2.532,9.2,982,Everson Pereira,Cristopher Sánchez,8.0,CF,7:45p,1786491900000.0,True,False,850.0,Caesars,10.5,2.0,STL,R,L
2026-08-11,672275,623454,CLE@DET,Inside Breaking Ball Specialist (LH),2.64,3.08,0.999,1.024,0.906,2.484,9.1,1002,Patrick Bailey,Drew Anderson,8.0,C,6:40p,1786488000000.0,True,False,900.0,theScore Bet,9.4,3.0,CLE,L,R
2026-08-11,663586,690997,NYM@ATL,High Zone Fastball Hitter,2.97,2.66,1.004,1.017,0.939,2.484,9.1,1002,Austin Riley,Nolan Mclean,8.0,3B,7:15p,1786490100000.0,True,False,525.0,theScore Bet,15.0,3.0,ATL,R,R
2026-08-11,663538,663623,CHC@WSH,Middle Fastball Crusher,1.67,3.48,0.995,1.013,1.12,2.165,8.7,1055,Nico Hoerner,Jake Irvin,6.0,2B,6:45p,1786488300000.0,True,False,1100.0,Bally Bet,8.6,3.0,CHC,R,R
2026-08-11,669224,693433,SEA@NYY,Oppo Fastball Hunter (LH),3.03,2.61,1.011,1.024,0.936,2.517,8.7,1045,Austin Wells,Bryan Woo,9.0,C,7:05p,1786489500000.0,True,False,475.0,theScore Bet,16.4,3.0,NYY,L,R
2026-08-11,665926,663776,BOS@TOR,Middle Slider Crusher (LH),2.29,2.92,1.004,1.0,1.03,2.276,8.3,1100,Andrés Giménez,Patrick Sandoval,8.0,SS,7:07p,1786489620000.0,True,False,1200.0,theScore Bet,7.3,3.0,TOR,L,L
2026-08-11,671056,650911,PHI@STL,Middle Slider Crusher,2.58,2.26,0.998,1.046,0.903,1.809,8.0,1142,Iván Herrera,Cristopher Sánchez,2.0,DH,7:45p,1786491900000.0,True,False,900.0,theScore Bet,9.4,3.0,STL,R,L
2026-08-11,656716,676440,CLE@DET,Inside Breaking Ball Specialist (LH),1.72,3.89,0.999,1.024,1.025,2.31,8.0,1145,Zach Mckinstry,Tanner Bibee,9.0,RF,6:40p,1786488000000.0,True,False,1150.0,Bally Bet,7.9,3.0,DET,L,R
2026-08-11,643289,690997,NYM@ATL,Oppo Fastball Hunter,2.35,2.66,1.009,1.017,0.939,1.977,7.9,1161,Mauricio Dubón,Nolan Mclean,6.0,LF,7:15p,1786490100000.0,True,False,1100.0,theScore Bet,7.9,3.0,ATL,R,R
2026-08-11,665489,663776,BOS@TOR,Oppo Fastball Hunter,1.8,2.92,1.004,1.0,1.03,1.788,7.8,1185,Vladimir Guerrero,Patrick Sandoval,3.0,1B,7:07p,1786489620000.0,True,False,,,,,TOR,R,L
2026-08-11,663647,680732,CIN@CWS,Inside Breaking Ball Specialist,2.58,2.73,1.005,1.006,0.933,2.191,7.6,1211,Ke'Bryan Hayes,Sean Burke,9.0,3B,7:40p,1786491600000.0,True,False,1000.0,theScore Bet,8.6,3.0,CIN,R,R
2026-08-11,677587,623454,CLE@DET,Middle Slider Crusher (LH),2.21,3.08,0.999,1.024,0.906,2.074,7.2,1282,Brayan Rocchio,Drew Anderson,9.0,SS,6:40p,1786488000000.0,True,False,1050.0,Bally Bet,8.6,3.0,CLE,L,R
2026-08-11,665877,650911,PHI@STL,Middle Slider Crusher,2.34,2.26,0.998,1.046,0.903,1.64,6.9,1360,José Fermín,Cristopher Sánchez,5.0,LF,7:45p,1786491900000.0,True,False,1100.0,theScore Bet,7.9,3.0,STL,R,L
2026-08-11,672640,694973,PIT@MIA,Middle Fastball Crusher,2.04,2.57,0.974,1.0,0.9,1.508,6.7,1382,Otto Lopez,Paul Skenes,2.0,SS,6:40p,1786488000000.0,True,False,900.0,theScore Bet,9.4,3.0,MIA,R,R
2026-08-11,663968,691587,PIT@MIA,Inside Breaking Ball Specialist,1.63,2.93,0.97,1.0,0.955,1.454,6.7,1398,Jake Mangum,Eury Pérez,1.0,CF,6:40p,1786488000000.0,True,False,1300.0,Caesars,7.3,3.0,PIT,R,R
2026-08-11,667472,680732,CIN@CWS,Middle Slider Crusher,2.04,2.73,1.004,1.006,0.933,1.727,6.6,1408,Dane Myers,Sean Burke,7.0,CF,7:40p,1786491600000.0,True,False,900.0,theScore Bet,9.4,3.0,CIN,R,R
2026-08-11,686780,650911,PHI@STL,Middle Fastball Crusher,2.61,2.26,0.998,1.046,0.903,1.832,6.4,1460,Pedro Pagés,Cristopher Sánchez,9.0,C,7:45p,1786491900000.0,True,False,1100.0,theScore Bet,7.9,3.0,STL,R,L
2026-08-11,693304,691587,PIT@MIA,Oppo Fastball Hunter,1.63,2.93,0.977,1.0,0.955,1.469,6.2,1526,Nick Gonzales,Eury Pérez,5.0,3B,6:40p,1786488000000.0,True,False,1000.0,theScore Bet,8.6,3.0,PIT,R,R
2026-08-11,807712,687064,BAL@MIN,Oppo Fastball Hunter,1.73,2.72,1.009,1.029,1.011,1.621,6.2,1505,Luke Keaschall,Brandon Young,7.0,CF,7:40p,1786491600000.0,True,False,800.0,theScore Bet,10.4,3.0,MIN,R,R
2026-08-11,682668,666157,CIN@CWS,Middle Fastball Crusher,1.49,3.15,1.004,1.006,1.12,1.75,6.1,1531,Luisangel Acuña,Nick Lodolo,9.0,SS,7:40p,1786491600000.0,True,False,1200.0,theScore Bet,7.3,3.0,CWS,R,L
2026-08-11,669364,694973,PIT@MIA,Middle Fastball Crusher (LH),1.56,2.57,0.977,1.0,0.9,1.159,5.4,1768,Xavier Edwards,Paul Skenes,1.0,2B,6:40p,1786488000000.0,True,False,1300.0,Caesars,7.3,3.0,MIA,L,R
2026-08-11,805300,694973,PIT@MIA,Middle Slider Crusher (LH),1.68,2.57,0.977,1.0,0.9,1.25,5.3,1803,Jakob Marsee,Paul Skenes,5.0,CF,6:40p,1786488000000.0,True,False,900.0,theScore Bet,9.4,3.0,MIA,L,R
2026-08-11,691594,694973,PIT@MIA,Middle Fastball Crusher,1.74,2.57,0.974,1.0,0.9,1.29,5.2,1812,Javier Sanoja,Paul Skenes,6.0,3B,6:40p,1786488000000.0,True,False,1100.0,theScore Bet,7.9,3.0,MIA,R,R
2026-08-11,683083,684007,CHC@WSH,Middle Fastball Crusher,0.91,4.33,0.995,1.013,0.949,1.236,4.6,2076,Nasim Nuñez,Shota Imanaga,8.0,2B,6:45p,1786488300000.0,True,False,1100.0,theScore Bet,7.9,3.0,WSH,R,L
2026-08-11,691026,650911,PHI@STL,Middle Slider Crusher,1.34,2.26,0.998,1.046,0.903,0.938,3.8,2513,Masyn Winn,Cristopher Sánchez,6.0,SS,7:45p,1786491900000.0,True,False,1100.0,theScore Bet,7.9,3.0,STL,R,L
2026-08-12,696100,518876,COL@AZ,Middle Fastball Crusher,6.54,4.1,1.0,1.0,1.12,9.864,37.1,170,Hunter Goodman,Merrill Kelly,4.0,DH,3:40p,1786563600000.0,False,False,,,,,COL,R,R
2026-08-12,691406,678022,TB@ATH,Oppo Fastball Hunter,6.0,3.92,1.009,1.032,0.987,7.947,31.0,222,Junior Caminero,Jack Perkins,3.0,3B,3:05p,1786561500000.0,False,False,,,,,TB,R,R
2026-08-12,666160,518876,COL@AZ,Inside Breaking Ball Specialist (LH),5.32,4.1,1.0,1.0,1.12,8.024,30.2,232,Mickey Moniak,Merrill Kelly,5.0,LF,3:40p,1786563600000.0,False,False,,,,,COL,L,R
2026-08-12,670541,605288,HOU@SF,Inside Breaking Ball Specialist (LH),5.98,3.41,1.015,1.012,1.09,7.501,30.1,232,Yordan Álvarez,Adrian Houser,2.0,DH,3:45p,1786563900000.0,False,False,,,,,HOU,L,R
2026-08-12,700250,682243,SEA@NYY,Middle Fastball Crusher (LH),5.9,3.85,1.011,1.025,0.9,6.965,28.2,254,Ben Rice,Bryce Miller,2.0,DH,7:05p,1786575900000.0,True,False,260.0,theScore Bet,25.8,3.0,NYY,L,R
2026-08-12,624413,805673,BAL@MIN,Oppo Fastball Hunter,4.63,4.18,1.009,1.018,1.062,6.929,28.1,256,Pete Alonso,Zebby Matthews,2.0,1B,1:40p,1786556400000.0,False,False,,,,,BAL,R,R
2026-08-12,671277,682243,SEA@NYY,Inside Breaking Ball Specialist (LH),5.33,3.85,1.024,1.025,0.9,6.368,25.5,293,Luis García,Bryce Miller,4.0,1B,7:05p,1786575900000.0,True,False,,,,,NYY,L,R
2026-08-12,606466,663372,COL@AZ,Inside Breaking Ball Specialist,3.92,4.43,1.0,1.0,1.116,6.367,25.5,293,Ketel Marte,Ryan Feltner,4.0,2B,3:40p,1786563600000.0,False,False,,,,,AZ,R,R
2026-08-12,656941,681517,PHI@STL,Middle Slider Crusher (LH),6.11,2.63,0.995,1.022,1.104,5.931,25.1,299,Kyle Schwarber,Kyle Leahy,1.0,DH,2:15p,1786558500000.0,False,False,,,,,PHI,L,R
2026-08-12,668709,622491,CIN@CWS,Middle Fastball Crusher (LH),4.76,3.52,0.997,1.002,1.069,5.885,23.8,320,Jj Bleday,Luis Castillo,3.0,LF,7:40p,1786578000000.0,True,False,325.0,theScore Bet,22.0,3.0,CIN,L,R
2026-08-12,701398,622491,CIN@CWS,Middle Fastball Crusher,4.53,3.52,1.004,1.002,1.069,5.645,23.4,327,Sal Stewart,Luis Castillo,2.0,DH,7:40p,1786578000000.0,True,False,475.0,theScore Bet,16.4,3.0,CIN,R,R
2026-08-12,641933,805673,BAL@MIN,Middle Slider Crusher,3.9,4.18,0.99,1.018,1.062,5.733,23.2,332,Tyler O'Neill,Zebby Matthews,4.0,DH,1:40p,1786556400000.0,False,False,,,,,BAL,R,R
2026-08-12,553993,622491,CIN@CWS,Middle Slider Crusher,4.43,3.52,1.004,1.002,1.069,5.519,22.4,347,Eugenio Suárez,Luis Castillo,4.0,3B,7:40p,1786578000000.0,True,False,450.0,theScore Bet,17.1,3.0,CIN,R,R
2026-08-12,682998,663372,COL@AZ,Oppo Fastball Hunter (LH),3.29,4.43,1.0,1.0,1.116,5.351,22.3,348,Corbin Carroll,Ryan Feltner,2.0,RF,3:40p,1786563600000.0,False,False,,,,,AZ,L,R
2026-08-12,682829,622491,CIN@CWS,Middle Fastball Crusher,4.19,3.52,1.004,1.002,1.069,5.213,22.3,348,Elly De La Cruz,Luis Castillo,1.0,SS,7:40p,1786578000000.0,True,False,325.0,theScore Bet,22.0,3.0,CIN,R,R
2026-08-12,683002,805673,BAL@MIN,Middle Slider Crusher (LH),3.43,4.18,1.009,1.018,1.062,5.133,22.0,354,Gunnar Henderson,Zebby Matthews,1.0,SS,1:40p,1786556400000.0,False,False,,,,,BAL,L,R
2026-08-12,621566,804267,NYM@ATL,Middle Fastball Crusher (LH),5.99,2.5,1.009,1.011,1.045,5.238,21.5,366,Matt Olson,Zac Thornton,3.0,1B,7:15p,1786576500000.0,True,False,275.0,theScore Bet,24.6,3.0,ATL,L,L
2026-08-12,664040,676083,PIT@MIA,Middle Fastball Crusher (LH),4.64,3.31,0.977,1.0,1.002,4.937,20.8,381,Brandon Lowe,Janson Junk,2.0,2B,6:40p,1786574400000.0,True,False,310.0,Bally Bet,23.1,3.0,PIT,L,R
2026-08-12,664983,518876,COL@AZ,Middle Fastball Crusher (LH),3.16,4.1,1.0,1.0,1.12,4.768,20.6,386,Jake Mccarthy,Merrill Kelly,1.0,CF,3:40p,1786563600000.0,False,False,,,,,COL,L,R
2026-08-12,695657,695076,CIN@CWS,Oppo Fastball Hunter (LH),4.99,2.83,1.009,1.002,1.113,5.219,20.5,387,Colson Montgomery,Rhett Lowder,5.0,3B,7:40p,1786578000000.0,True,False,255.0,Bally Bet,26.1,3.0,CWS,L,R
2026-08-12,686527,701542,SEA@NYY,Middle Slider Crusher (LH),4.63,3.03,1.011,1.025,1.037,4.944,20.3,394,Dominic Canzone,Will Warren,4.0,RF,7:05p,1786575900000.0,True,False,300.0,theScore Bet,23.2,3.0,SEA,L,R
2026-08-12,665161,605288,HOU@SF,Middle Fastball Crusher,3.79,3.41,0.988,1.012,1.09,4.629,20.0,399,Jeremy Peña,Adrian Houser,1.0,SS,3:45p,1786563900000.0,False,False,,,,,HOU,R,R
2026-08-12,650490,678022,TB@ATH,Oppo Fastball Hunter,3.3,3.92,1.009,1.032,0.987,4.375,19.0,425,Yandy Díaz,Jack Perkins,1.0,DH,3:05p,1786561500000.0,False,False,,,,,TB,R,R
2026-08-12,694192,592662,MIL@SD,Middle Fastball Crusher,4.07,2.99,1.007,1.016,1.043,4.252,18.5,439,Jackson Chourio,Robbie Ray,1.0,LF,4:10p,1786565400000.0,False,False,,,,,MIL,R,L
2026-08-12,650489,518876,COL@AZ,Middle Fastball Crusher,3.16,4.1,1.0,1.0,1.12,4.768,18.3,446,Willi Castro,Merrill Kelly,6.0,3B,3:40p,1786563600000.0,False,False,,,,,COL,R,R
2026-08-12,547180,681517,PHI@STL,Middle Fastball Crusher (LH),4.52,2.63,0.995,1.022,1.104,4.389,18.2,448,Bryce Harper,Kyle Leahy,3.0,RF,2:15p,1786558500000.0,False,False,,,,,PHI,L,R
2026-08-12,694374,663372,COL@AZ,Inside Breaking Ball Specialist,3.05,4.43,1.0,1.0,1.116,4.962,17.5,471,Tim Tawa,Ryan Feltner,8.0,1B,3:40p,1786563600000.0,False,False,,,,,AZ,R,R
2026-08-12,702616,805673,BAL@MIN,Middle Slider Crusher (LH),2.78,4.18,1.009,1.018,1.062,4.167,17.4,475,Jackson Holliday,Zebby Matthews,3.0,2B,1:40p,1786556400000.0,False,False,,,,,BAL,L,R
2026-08-12,691023,554430,PHI@STL,Middle Fastball Crusher,4.33,3.2,0.998,1.022,0.9,4.175,17.3,477,Jordan Walker,Zack Wheeler,4.0,RF,2:15p,1786558500000.0,False,False,,,,,STL,R,R
2026-08-12,665052,669387,PIT@MIA,Middle Fastball Crusher (LH),5.4,2.21,0.977,1.0,1.077,4.128,17.2,480,Griffin Conine,Carmen Mlodzinski,3.0,1B,6:40p,1786574400000.0,True,False,475.0,theScore Bet,16.4,3.0,MIA,L,R
2026-08-12,663757,682243,SEA@NYY,Oppo Fastball Hunter (LH),3.27,3.85,1.011,1.025,0.9,3.861,17.0,490,Trent Grisham,Bryce Miller,1.0,CF,7:05p,1786575900000.0,True,False,275.0,theScore Bet,24.6,3.0,NYY,L,R
2026-08-12,665862,682243,SEA@NYY,Middle Fastball Crusher (LH),3.74,3.85,1.011,1.025,0.9,4.415,17.0,487,Jazz Chisholm,Bryce Miller,6.0,2B,7:05p,1786575900000.0,True,False,,,,,NYY,L,R
2026-08-12,642715,687911,HOU@SF,Middle Fastball Crusher,3.79,3.15,0.988,1.012,0.992,3.895,16.7,499,Willy Adames,Bryan King,2.0,SS,3:45p,1786563900000.0,False,False,,,,,SF,R,L
2026-08-12,701358,605288,HOU@SF,Middle Fastball Crusher,3.53,3.41,0.988,1.012,1.09,4.313,16.7,500,Cam Smith,Adrian Houser,6.0,RF,3:45p,1786563900000.0,False,False,,,,,HOU,R,R
2026-08-12,624431,622491,CIN@CWS,Middle Fastball Crusher,3.58,3.52,1.004,1.002,1.069,4.453,16.4,509,Jose Trevino,Luis Castillo,7.0,C,7:40p,1786578000000.0,True,False,900.0,theScore Bet,9.4,2.0,CIN,R,R
2026-08-12,575929,667755,BOS@TOR,Middle Slider Crusher,4.69,2.43,1.009,1.0,1.02,3.852,16.1,522,Willson Contreras,José Soriano,4.0,1B,7:07p,1786576020000.0,True,False,500.0,theScore Bet,15.6,3.0,BOS,R,R
2026-08-12,686948,804267,NYM@ATL,Oppo Fastball Hunter (LH),4.29,2.5,1.0,1.011,1.045,3.712,16.0,526,Drake Baldwin,Zac Thornton,2.0,DH,7:15p,1786576500000.0,True,False,450.0,theScore Bet,17.1,3.0,ATL,L,L
2026-08-12,596142,592662,MIL@SD,High Zone Fastball Hitter,3.94,2.99,1.01,1.016,1.043,4.135,16.0,524,Gary Sánchez,Robbie Ray,6.0,C,4:10p,1786565400000.0,False,False,,,,,MIL,R,L
2026-08-12,656775,678022,TB@ATH,Middle Slider Crusher (LH),3.24,3.92,1.009,1.032,0.987,4.29,15.9,531,Cedric Mullins,Jack Perkins,7.0,CF,3:05p,1786561500000.0,False,False,,,,,TB,L,R
2026-08-12,665953,656849,CHC@WSH,Inside Breaking Ball Specialist,4.06,2.48,0.992,1.031,1.081,3.651,15.7,536,Andrés Chaparro,David Peterson,2.0,1B,6:45p,1786574700000.0,True,False,500.0,theScore Bet,15.6,3.0,WSH,R,L
2026-08-12,677594,701542,SEA@NYY,Middle Fastball Crusher,3.66,3.03,0.998,1.025,1.037,3.865,15.6,543,Julio Rodríguez,Will Warren,5.0,CF,7:05p,1786575900000.0,True,False,425.0,theScore Bet,17.9,3.0,SEA,R,R
2026-08-12,682626,641816,NYM@ATL,Oppo Fastball Hunter,3.9,3.21,1.009,1.011,0.981,4.118,15.3,555,Francisco Álvarez,Tyler Mahle,7.0,DH,7:15p,1786576500000.0,True,False,390.0,Bally Bet,20.4,2.0,NYM,R,R
2026-08-12,666211,605288,HOU@SF,Oppo Fastball Hunter (LH),3.48,3.41,0.958,1.012,1.09,4.119,15.3,555,Taylor Trammell,Adrian Houser,7.0,LF,3:45p,1786563900000.0,False,False,,,,,HOU,L,R
2026-08-12,643217,695076,CIN@CWS,High Zone Fastball Hitter (LH),3.31,2.83,0.999,1.002,1.113,3.426,14.5,591,Andrew Benintendi,Rhett Lowder,3.0,DH,7:40p,1786578000000.0,True,False,500.0,Bally Bet,16.4,3.0,CWS,L,R
2026-08-12,671739,804267,NYM@ATL,Middle Fastball Crusher (LH),4.07,2.5,1.009,1.011,1.045,3.558,14.4,595,Michael Harris,Zac Thornton,5.0,CF,7:15p,1786576500000.0,True,False,,,,,ATL,L,L
2026-08-12,680869,656876,TB@ATH,Middle Fastball Crusher,4.17,2.61,1.006,1.032,0.9,3.342,14.1,607,Zack Gelof,Drew Rasmussen,3.0,2B,3:05p,1786561500000.0,False,False,,,,,ATH,R,R
2026-08-12,668227,701542,SEA@NYY,Oppo Fastball Hunter,3.11,3.03,1.011,1.025,1.037,3.328,14.1,610,Randy Arozarena,Will Warren,3.0,LF,7:05p,1786575900000.0,True,False,500.0,theScore Bet,15.6,3.0,SEA,R,R
2026-08-12,691016,656876,TB@ATH,Middle Fastball Crusher (LH),4.01,2.61,1.009,1.032,0.9,3.219,14.0,616,Tyler Soderstrom,Drew Rasmussen,2.0,DH,3:05p,1786561500000.0,False,False,,,,,ATH,L,R
2026-08-12,668930,592662,MIL@SD,Inside Breaking Ball Specialist (LH),3.07,2.99,1.007,1.016,1.043,3.206,13.9,619,Brice Turang,Robbie Ray,2.0,2B,4:10p,1786565400000.0,False,False,,,,,MIL,L,L
2026-08-12,687462,676083,PIT@MIA,Middle Slider Crusher (LH),3.07,3.31,0.977,1.0,1.002,3.262,13.8,627,Spencer Horwitz,Janson Junk,4.0,1B,6:40p,1786574400000.0,True,False,550.0,theScore Bet,14.3,3.0,PIT,L,R
2026-08-12,607208,681517,PHI@STL,Middle Fastball Crusher,3.23,2.63,0.998,1.022,1.104,3.144,13.7,632,Trea Turner,Kyle Leahy,2.0,SS,2:15p,1786558500000.0,False,False,,,,,PHI,R,R
2026-08-12,671218,682243,SEA@NYY,Inside Breaking Ball Specialist,2.83,3.85,1.014,1.025,0.9,3.35,13.6,635,Heliot Ramos,Bryce Miller,5.0,LF,7:05p,1786575900000.0,True,False,475.0,theScore Bet,16.4,3.0,NYY,R,R
2026-08-12,686611,656849,CHC@WSH,Middle Fastball Crusher,3.38,2.48,0.995,1.031,1.081,3.052,13.6,635,Dylan Crews,David Peterson,1.0,RF,6:45p,1786574700000.0,True,False,400.0,theScore Bet,18.8,3.0,WSH,R,L
2026-08-12,645277,804267,NYM@ATL,Middle Fastball Crusher,3.72,2.5,0.991,1.011,1.045,3.198,13.5,640,Ozzie Albies,Zac Thornton,4.0,2B,7:15p,1786576500000.0,True,False,500.0,theScore Bet,15.6,3.0,ATL,R,L
2026-08-12,663457,663372,COL@AZ,Inside Breaking Ball Specialist (LH),2.01,4.43,1.0,1.0,1.116,3.265,13.3,653,Lars Nootbaar,Ryan Feltner,5.0,DH,3:40p,1786563600000.0,False,False,,,,,AZ,L,R
2026-08-12,677800,667755,BOS@TOR,Inside Breaking Ball Specialist (LH),3.94,2.43,1.003,1.0,1.02,3.214,13.1,665,Wilyer Abreu,José Soriano,5.0,RF,7:07p,1786576020000.0,True,False,450.0,theScore Bet,17.1,3.0,BOS,L,R
2026-08-12,668804,676083,PIT@MIA,Middle Fastball Crusher,2.88,3.31,0.974,1.0,1.002,3.056,13.0,669,Bryan Reynolds,Janson Junk,3.0,LF,6:40p,1786574400000.0,True,False,550.0,theScore Bet,14.3,3.0,PIT,R,R
2026-08-12,691781,656849,CHC@WSH,Middle Fastball Crusher,3.39,2.48,0.995,1.031,1.081,3.059,13.0,668,Brady House,David Peterson,3.0,3B,6:45p,1786574700000.0,True,False,525.0,theScore Bet,15.0,3.0,WSH,R,L
2026-08-12,673357,641816,NYM@ATL,Inside Breaking Ball Specialist,3.06,3.21,0.99,1.011,0.981,3.168,12.9,675,Luis Robert,Tyler Mahle,5.0,CF,7:15p,1786576500000.0,True,False,,,,,NYM,R,R
2026-08-12,669224,682243,SEA@NYY,Oppo Fastball Hunter (LH),3.0,3.85,1.011,1.025,0.9,3.535,12.7,686,Austin Wells,Bryce Miller,8.0,C,7:05p,1786575900000.0,True,False,425.0,theScore Bet,17.9,3.0,NYY,L,R
2026-08-12,664034,669160,MIL@SD,Inside Breaking Ball Specialist,4.52,1.98,0.999,1.016,0.987,2.944,12.5,701,Ty France,Dustin May,4.0,1B,4:10p,1786565400000.0,False,False,,,,,SD,R,R
2026-08-12,665019,669358,BAL@MIN,Middle Fastball Crusher (LH),4.35,2.0,1.009,1.018,0.997,2.917,12.4,708,Kody Clemens,Shane Baz,4.0,2B,1:40p,1786556400000.0,False,False,,,,,MIN,L,R
2026-08-12,663728,701542,SEA@NYY,Middle Slider Crusher,3.23,3.03,0.998,1.025,1.037,3.412,12.3,713,Cal Raleigh,Will Warren,8.0,C,7:05p,1786575900000.0,True,False,275.0,theScore Bet,24.6,3.0,SEA,R,R
2026-08-12,682657,664285,CLE@DET,Inside Breaking Ball Specialist (LH),3.8,2.34,0.999,1.021,1.013,3.016,12.3,712,Angel Martínez,Framber Valdez,5.0,LF,6:40p,1786574400000.0,True,False,800.0,theScore Bet,10.4,3.0,CLE,L,L
2026-08-12,592518,669160,MIL@SD,Middle Slider Crusher,4.29,1.98,1.007,1.016,0.987,2.818,12.0,731,Manny Machado,Dustin May,3.0,3B,4:10p,1786565400000.0,False,False,,,,,SD,R,R
2026-08-12,678882,667755,BOS@TOR,Middle Slider Crusher,3.28,2.43,1.009,1.0,1.02,2.689,11.8,749,Ceddanne Rafaela,José Soriano,2.0,CF,7:07p,1786576020000.0,True,False,900.0,theScore Bet,9.4,3.0,BOS,R,R
2026-08-12,681393,518876,COL@AZ,Oppo Fastball Hunter,2.15,4.1,1.0,1.0,1.12,3.244,11.7,753,Connor Norby,Merrill Kelly,8.0,2B,3:40p,1786563600000.0,False,False,,,,,COL,R,R
2026-08-12,680779,676083,PIT@MIA,Inside Breaking Ball Specialist,3.23,3.31,0.97,1.0,1.002,3.407,11.7,756,Henry Davis,Janson Junk,9.0,C,6:40p,1786574400000.0,True,False,700.0,Caesars,13.3,3.0,PIT,R,R
2026-08-12,683357,669387,PIT@MIA,Middle Fastball Crusher (LH),3.97,2.21,0.977,1.0,1.077,3.038,11.4,774,Owen Caissie,Carmen Mlodzinski,7.0,RF,6:40p,1786574400000.0,True,False,550.0,theScore Bet,14.3,3.0,MIA,L,R
2026-08-12,666176,664285,CLE@DET,Middle Slider Crusher,3.39,2.34,0.979,1.021,1.013,2.638,11.3,789,Jo Adell,Framber Valdez,4.0,RF,6:40p,1786574400000.0,True,False,500.0,theScore Bet,15.6,3.0,CLE,R,L
2026-08-12,680977,701542,SEA@NYY,Middle Slider Crusher (LH),2.8,3.03,1.011,1.025,1.037,2.987,11.3,788,Brendan Donovan,Will Warren,7.0,3B,7:05p,1786575900000.0,True,False,600.0,theScore Bet,13.3,3.0,SEA,L,R
2026-08-12,662139,605288,HOU@SF,Oppo Fastball Hunter (LH),2.25,3.41,0.958,1.012,1.09,2.657,11.3,783,Daulton Varsho,Adrian Houser,4.0,CF,3:45p,1786563900000.0,False,False,,,,,HOU,L,R
2026-08-12,671056,554430,PHI@STL,Middle Slider Crusher,2.56,3.2,0.998,1.022,0.9,2.468,10.9,821,Iván Herrera,Zack Wheeler,2.0,DH,2:15p,1786558500000.0,False,False,,,,,STL,R,R
2026-08-12,672960,624133,BOS@TOR,Oppo Fastball Hunter,4.65,1.84,1.004,1.0,0.929,2.621,10.8,829,Kazuma Okamoto,Ranger Suarez,5.0,DH,7:07p,1786576020000.0,True,False,460.0,Bally Bet,17.1,3.0,TOR,R,L
2026-08-12,683734,592662,MIL@SD,Inside Breaking Ball Specialist,2.4,2.99,0.999,1.016,1.043,2.487,10.7,836,Andrew Vaughn,Robbie Ray,3.0,1B,4:10p,1786565400000.0,False,False,,,,,MIL,R,L
2026-08-12,543877,605288,HOU@SF,Middle Slider Crusher,2.53,3.41,0.988,1.012,1.09,3.087,10.6,841,Christian Vázquez,Adrian Houser,9.0,C,3:45p,1786563900000.0,False,False,,,,,HOU,R,R
2026-08-12,661388,592662,MIL@SD,Middle Fastball Crusher,2.46,2.99,1.007,1.016,1.043,2.571,10.6,846,William Contreras,Robbie Ray,5.0,DH,4:10p,1786565400000.0,False,False,,,,,MIL,R,L
2026-08-12,680700,678022,TB@ATH,Oppo Fastball Hunter (LH),2.14,3.92,1.007,1.032,0.987,2.823,10.3,874,Richie Palacios,Jack Perkins,8.0,2B,3:05p,1786561500000.0,False,False,,,,,TB,L,R
2026-08-12,666182,641816,NYM@ATL,Middle Fastball Crusher,2.29,3.21,0.991,1.011,0.981,2.375,10.2,878,Bo Bichette,Tyler Mahle,3.0,3B,7:15p,1786576500000.0,True,False,700.0,theScore Bet,11.7,3.0,NYM,R,R
2026-08-12,668904,669358,BAL@MIN,Middle Fastball Crusher,3.53,2.0,0.99,1.018,0.997,2.322,10.2,876,Royce Lewis,Shane Baz,2.0,1B,1:40p,1786556400000.0,False,False,,,,,MIN,R,R
2026-08-12,668939,667755,BOS@TOR,Middle Fastball Crusher,2.85,2.43,1.009,1.0,1.02,2.339,10.1,892,Adley Rutschman,José Soriano,3.0,C,7:07p,1786576020000.0,True,False,,,,,BOS,R,R
2026-08-12,680776,667755,BOS@TOR,Middle Fastball Crusher (LH),3.28,2.43,1.004,1.0,1.02,2.676,10.1,887,Jarren Duran,José Soriano,7.0,LF,7:07p,1786576020000.0,True,False,700.0,Caesars,11.7,2.0,BOS,L,R
2026-08-12,665966,805673,BAL@MIN,Middle Slider Crusher,1.96,4.18,0.99,1.018,1.062,2.884,10.0,904,Carlos Narváez,Zebby Matthews,9.0,C,1:40p,1786556400000.0,False,False,,,,,BAL,R,R
2026-08-12,695734,656849,CHC@WSH,Inside Breaking Ball Specialist (LH),3.04,2.48,0.991,1.031,1.081,2.737,10.0,904,Daylen Lile,David Peterson,8.0,DH,6:45p,1786574700000.0,True,False,750.0,Bally Bet,11.7,3.0,WSH,L,L
2026-08-12,664761,681517,PHI@STL,Oppo Fastball Hunter,2.81,2.63,0.995,1.022,1.104,2.728,9.9,907,Alec Bohm,Kyle Leahy,8.0,1B,2:15p,1786558500000.0,False,False,,,,,PHI,R,R
2026-08-12,657041,804267,NYM@ATL,Oppo Fastball Hunter,2.97,2.5,1.009,1.011,1.045,2.6,9.9,915,Lane Thomas,Zac Thornton,7.0,LF,7:15p,1786576500000.0,True,False,525.0,theScore Bet,15.0,3.0,ATL,R,L
2026-08-12,701538,669160,MIL@SD,Middle Fastball Crusher (LH),3.68,1.98,1.002,1.016,0.987,2.403,9.9,909,Jackson Merrill,Dustin May,5.0,CF,4:10p,1786565400000.0,False,False,,,,,SD,L,R
2026-08-12,696285,656849,CHC@WSH,Middle Fastball Crusher,2.84,2.48,0.995,1.031,1.081,2.568,9.7,927,Jacob Young,David Peterson,7.0,CF,6:45p,1786574700000.0,True,False,1100.0,theScore Bet,7.9,3.0,WSH,R,L
2026-08-12,686797,669358,BAL@MIN,Middle Fastball Crusher,3.54,2.0,0.99,1.018,0.997,2.328,9.6,940,Brooks Lee,Shane Baz,5.0,3B,1:40p,1786556400000.0,False,False,,,,,MIN,R,R
2026-08-12,605137,669358,BAL@MIN,Middle Fastball Crusher (LH),3.33,2.0,1.009,1.018,0.997,2.231,9.6,938,Josh Bell,Shane Baz,3.0,DH,1:40p,1786556400000.0,False,False,,,,,MIN,L,R
2026-08-12,663586,804267,NYM@ATL,High Zone Fastball Hitter,2.95,2.5,1.004,1.011,1.045,2.567,9.4,968,Austin Riley,Zac Thornton,8.0,3B,7:15p,1786576500000.0,True,False,475.0,theScore Bet,16.4,3.0,ATL,R,L
2026-08-12,666126,656876,TB@ATH,Middle Slider Crusher (LH),2.71,2.61,1.009,1.032,0.9,2.177,9.4,969,Carlos Cortes,Drew Rasmussen,4.0,LF,3:05p,1786561500000.0,False,False,,,,,ATH,L,R
2026-08-12,657757,669160,MIL@SD,Middle Fastball Crusher (LH),3.7,1.98,1.002,1.016,0.987,2.418,9.2,989,Gavin Sheets,Dustin May,7.0,DH,4:10p,1786565400000.0,False,False,,,,,SD,L,R
2026-08-12,683146,641816,NYM@ATL,Middle Fastball Crusher (LH),2.34,3.21,1.009,1.011,0.981,2.466,9.0,1010,Brett Baty,Tyler Mahle,8.0,2B,7:15p,1786576500000.0,True,False,550.0,theScore Bet,14.3,2.0,NYM,L,R
2026-08-12,702332,667755,BOS@TOR,Middle Fastball Crusher,2.69,2.43,1.009,1.0,1.02,2.207,8.8,1033,Caleb Durbin,José Soriano,6.0,3B,7:07p,1786576020000.0,True,False,1100.0,theScore Bet,7.9,3.0,BOS,R,R
2026-08-12,669397,605288,HOU@SF,Middle Fastball Crusher,1.94,3.41,0.988,1.012,1.09,2.366,8.7,1055,Nick Allen,Adrian Houser,8.0,2B,3:45p,1786563900000.0,False,False,,,,,HOU,R,R
2026-08-12,691777,656876,TB@ATH,Oppo Fastball Hunter,2.74,2.61,1.009,1.032,0.9,2.199,8.4,1093,Max Muncy,Drew Rasmussen,7.0,3B,3:05p,1786561500000.0,False,False,,,,,ATH,R,R
2026-08-12,665877,554430,PHI@STL,Middle Slider Crusher,2.32,3.2,0.998,1.022,0.9,2.235,8.2,1121,José Fermín,Zack Wheeler,8.0,LF,2:15p,1786558500000.0,False,False,,,,,STL,R,R
2026-08-12,643289,804267,NYM@ATL,Oppo Fastball Hunter,2.34,2.5,1.009,1.011,1.045,2.043,8.2,1121,Mauricio Dubón,Zac Thornton,6.0,SS,7:15p,1786576500000.0,True,False,900.0,theScore Bet,9.4,3.0,ATL,R,L
2026-08-12,620443,641816,NYM@ATL,Middle Fastball Crusher,2.28,3.21,0.991,1.011,0.981,2.362,8.2,1118,Luis Torrens,Tyler Mahle,9.0,C,7:15p,1786576500000.0,True,False,900.0,theScore Bet,9.4,2.0,NYM,R,R
2026-08-12,686668,695076,CIN@CWS,Middle Fastball Crusher,2.13,2.83,1.004,1.002,1.113,2.211,8.1,1134,Brenton Doyle,Rhett Lowder,8.0,CF,7:40p,1786578000000.0,True,False,700.0,theScore Bet,11.7,2.0,CWS,R,R
2026-08-12,807799,667755,BOS@TOR,Middle Fastball Crusher (LH),2.16,2.43,1.004,1.0,1.02,1.763,8.1,1142,Masataka Yoshida,José Soriano,1.0,DH,7:07p,1786576020000.0,True,False,800.0,theScore Bet,10.4,2.0,BOS,L,R
2026-08-12,655316,667755,BOS@TOR,Middle Slider Crusher,2.59,2.43,1.009,1.0,1.02,2.125,7.8,1182,Andruw Monasterio,José Soriano,8.0,SS,7:07p,1786576020000.0,True,False,750.0,Caesars,11.7,2.0,BOS,R,R
2026-08-12,663968,676083,PIT@MIA,Inside Breaking Ball Specialist,1.61,3.31,0.97,1.0,1.002,1.704,7.8,1183,Jake Mangum,Janson Junk,1.0,CF,6:40p,1786574400000.0,True,False,1500.0,Caesars,6.4,2.0,PIT,R,R
2026-08-12,687401,592662,MIL@SD,Middle Fastball Crusher,2.15,2.99,1.007,1.016,1.043,2.251,7.8,1176,Joey Ortiz,Robbie Ray,9.0,3B,4:10p,1786565400000.0,False,False,,,,,MIL,R,L
2026-08-12,595978,664285,CLE@DET,Middle Fastball Crusher,2.56,2.34,0.979,1.021,1.013,1.991,7.3,1266,Austin Hedges,Framber Valdez,8.0,C,6:40p,1786574400000.0,True,False,1000.0,theScore Bet,8.6,3.0,CLE,R,L
2026-08-12,693304,676083,PIT@MIA,Oppo Fastball Hunter,1.63,3.31,0.977,1.0,1.002,1.728,7.2,1288,Nick Gonzales,Janson Junk,5.0,3B,6:40p,1786574400000.0,True,False,950.0,Caesars,9.4,3.0,PIT,R,R
2026-08-12,672640,669387,PIT@MIA,Middle Fastball Crusher,2.02,2.21,0.974,1.0,1.077,1.544,6.9,1349,Otto Lopez,Carmen Mlodzinski,2.0,SS,6:40p,1786574400000.0,True,False,900.0,theScore Bet,9.4,3.0,MIA,R,R
2026-08-12,682663,669387,PIT@MIA,Inside Breaking Ball Specialist,2.17,2.21,0.97,1.0,1.077,1.651,6.7,1402,Agustín Ramírez,Carmen Mlodzinski,6.0,DH,6:40p,1786574400000.0,True,False,700.0,theScore Bet,11.7,3.0,MIA,R,R
2026-08-12,663604,592662,MIL@SD,Inside Breaking Ball Specialist,1.64,2.99,0.999,1.016,1.043,1.7,6.5,1432,Brandon Lockridge,Robbie Ray,7.0,CF,4:10p,1786565400000.0,False,False,,,,,MIL,R,L
2026-08-12,660821,624133,BOS@TOR,Inside Breaking Ball Specialist (LH),3.08,1.84,1.003,1.0,0.929,1.737,6.4,1460,Jesús Sánchez,Ranger Suarez,8.0,LF,7:07p,1786576020000.0,True,False,700.0,theScore Bet,11.7,3.0,TOR,L,L
2026-08-12,672386,624133,BOS@TOR,Oppo Fastball Hunter,2.6,1.84,1.004,1.0,0.929,1.468,6.4,1465,Alejandro Kirk,Ranger Suarez,4.0,C,7:07p,1786576020000.0,True,False,900.0,theScore Bet,9.4,3.0,TOR,R,L
2026-08-12,666152,592662,MIL@SD,Middle Fastball Crusher (LH),1.63,2.99,1.002,1.016,1.043,1.697,6.3,1496,David Hamilton,Robbie Ray,8.0,SS,4:10p,1786565400000.0,False,False,,,,,MIL,L,L
2026-08-12,605170,669358,BAL@MIN,Middle Slider Crusher (LH),2.4,2.0,1.009,1.018,0.997,1.613,6.2,1512,Víctor Caratini,Shane Baz,7.0,C,1:40p,1786556400000.0,False,False,,,,,MIN,L,R
2026-08-12,677587,664285,CLE@DET,Middle Slider Crusher (LH),2.19,2.34,0.999,1.021,1.013,1.741,6.1,1540,Brayan Rocchio,Framber Valdez,9.0,SS,6:40p,1786574400000.0,True,False,1000.0,theScore Bet,8.6,2.0,CLE,L,L
2026-08-12,670764,678022,TB@ATH,Middle Fastball Crusher (LH),1.24,3.92,1.009,1.032,0.987,1.642,5.8,1637,Taylor Walls,Jack Perkins,9.0,SS,3:05p,1786561500000.0,False,False,,,,,TB,L,R
2026-08-12,669364,669387,PIT@MIA,Middle Fastball Crusher (LH),1.55,2.21,0.977,1.0,1.077,1.187,5.5,1725,Xavier Edwards,Carmen Mlodzinski,1.0,2B,6:40p,1786574400000.0,True,False,1200.0,theScore Bet,7.3,3.0,MIA,L,R
2026-08-12,666023,669160,MIL@SD,Inside Breaking Ball Specialist,2.36,1.98,0.999,1.016,0.987,1.539,5.4,1750,Freddy Fermin,Dustin May,9.0,C,4:10p,1786565400000.0,False,False,,,,,SD,R,R
2026-08-12,805300,669387,PIT@MIA,Middle Slider Crusher (LH),1.68,2.21,0.977,1.0,1.077,1.282,5.4,1757,Jakob Marsee,Carmen Mlodzinski,5.0,CF,6:40p,1786574400000.0,True,False,900.0,theScore Bet,9.4,3.0,MIA,L,R
2026-08-12,593428,669160,MIL@SD,Middle Fastball Crusher,2.2,1.98,1.007,1.016,0.987,1.442,5.3,1771,Xander Bogaerts,Dustin May,8.0,SS,4:10p,1786565400000.0,False,False,,,,,SD,R,R
2026-08-12,691026,554430,PHI@STL,Middle Slider Crusher,1.33,3.2,0.998,1.022,0.9,1.282,5.2,1823,Masyn Winn,Zack Wheeler,6.0,SS,2:15p,1786558500000.0,False,False,,,,,STL,R,R
2026-08-12,665926,624133,BOS@TOR,Middle Slider Crusher (LH),2.28,1.84,1.004,1.0,0.929,1.283,5.2,1821,Andrés Giménez,Ranger Suarez,6.0,SS,7:07p,1786576020000.0,True,False,1100.0,Caesars,7.9,3.0,TOR,L,L
2026-08-12,630105,669160,MIL@SD,Oppo Fastball Hunter (LH),1.74,1.98,0.987,1.016,0.987,1.118,5.0,1885,Jake Cronenworth,Dustin May,2.0,2B,4:10p,1786565400000.0,False,False,,,,,SD,L,R
2026-08-12,650859,669160,MIL@SD,Middle Slider Crusher,1.57,1.98,1.007,1.016,0.987,1.03,4.8,1996,Luis Rengifo,Dustin May,1.0,LF,4:10p,1786565400000.0,False,False,,,,,SD,R,R
2026-08-12,807712,669358,BAL@MIN,Oppo Fastball Hunter,1.72,2.0,1.009,1.018,0.997,1.152,4.7,2035,Luke Keaschall,Shane Baz,6.0,CF,1:40p,1786556400000.0,False,False,,,,,MIN,R,R
2026-08-12,665489,624133,BOS@TOR,Oppo Fastball Hunter,1.79,1.84,1.004,1.0,0.929,1.01,4.5,2146,Vladimir Guerrero,Ranger Suarez,3.0,1B,7:07p,1786576020000.0,True,False,,,,,TOR,R,L
2026-08-12,683083,656849,CHC@WSH,Middle Fastball Crusher,0.9,2.48,0.995,1.031,1.081,0.814,2.9,3363,Nasim Nuñez,David Peterson,9.0,2B,6:45p,1786574700000.0,True,False,1300.0,Caesars,7.3,3.0,WSH,R,L
2026-08-13,621439,605400,PHI@MIN,Oppo Fastball Hunter,5.95,4.83,1.009,1.013,1.008,9.71,37.5,167,Byron Buxton,Aaron Nola,2.0,CF,7:30p,1786663800000.0,True,False,260.0,Bally Bet,26.3,3.0,MIN,R,R
2026-08-13,575929,453286,BOS@TOR,Middle Slider Crusher,4.83,5.01,1.009,1.0,1.12,8.978,34.3,192,Willson Contreras,Max Scherzer,4.0,1B,3:07p,1786648020000.0,False,False,,,,,BOS,R,R
2026-08-13,677800,453286,BOS@TOR,Inside Breaking Ball Specialist (LH),3.91,5.01,1.003,1.0,1.12,7.224,28.6,250,Wilyer Abreu,Max Scherzer,3.0,RF,3:07p,1786648020000.0,False,False,,,,,BOS,L,R
2026-08-13,665019,605400,PHI@MIN,Middle Fastball Crusher (LH),4.31,4.83,1.009,1.013,1.008,7.038,26.1,284,Kody Clemens,Aaron Nola,6.0,2B,7:30p,1786663800000.0,True,False,400.0,theScore Bet,18.8,3.0,MIN,L,R
2026-08-13,700250,669302,SEA@NYY,Middle Fastball Crusher (LH),5.85,3.36,1.011,1.023,0.947,6.325,26.0,285,Ben Rice,Logan Gilbert,2.0,DH,1:35p,1786642500000.0,False,False,,,,,NYY,L,R
2026-08-13,656941,671737,PHI@MIN,Middle Slider Crusher (LH),6.07,3.06,1.009,1.013,0.967,6.012,25.4,294,Kyle Schwarber,Taj Bradley,1.0,DH,7:30p,1786663800000.0,True,False,230.0,theScore Bet,28.0,3.0,PHI,L,R
2026-08-13,678882,453286,BOS@TOR,Middle Slider Crusher,3.25,5.01,1.009,1.0,1.12,6.043,24.9,301,Ceddanne Rafaela,Max Scherzer,2.0,CF,3:07p,1786648020000.0,False,False,,,,,BOS,R,R
2026-08-13,680777,605400,PHI@MIN,Middle Fastball Crusher,3.79,4.83,0.99,1.013,1.008,6.079,24.5,308,Ryan Jeffers,Aaron Nola,3.0,C,7:30p,1786663800000.0,True,False,525.0,theScore Bet,15.0,3.0,MIN,R,R
2026-08-13,671277,669302,SEA@NYY,Inside Breaking Ball Specialist (LH),5.29,3.36,1.024,1.023,0.947,5.786,23.4,328,Luis García,Logan Gilbert,4.0,1B,1:35p,1786642500000.0,False,False,,,,,NYY,L,R
2026-08-13,665052,677952,PIT@MIA,Middle Fastball Crusher (LH),5.65,3.39,0.977,1.0,0.913,5.595,22.7,341,Griffin Conine,Braxton Ashcraft,4.0,DH,1:10p,1786641000000.0,False,False,,,,,MIA,L,R
2026-08-13,605137,605400,PHI@MIN,Middle Fastball Crusher (LH),3.3,4.83,1.009,1.013,1.008,5.386,21.9,357,Josh Bell,Aaron Nola,4.0,DH,7:30p,1786663800000.0,True,False,475.0,theScore Bet,16.4,3.0,MIN,L,R
2026-08-13,668904,605400,PHI@MIN,Middle Fastball Crusher,3.49,4.83,0.99,1.013,1.008,5.596,21.9,357,Royce Lewis,Aaron Nola,5.0,1B,7:30p,1786663800000.0,True,False,425.0,theScore Bet,17.9,3.0,MIN,R,R
2026-08-13,680776,453286,BOS@TOR,Middle Fastball Crusher (LH),3.25,5.01,1.004,1.0,1.12,6.013,21.7,362,Jarren Duran,Max Scherzer,7.0,LF,3:07p,1786648020000.0,False,False,,,,,BOS,L,R
2026-08-13,695657,671096,CIN@CWS,Oppo Fastball Hunter (LH),4.96,3.06,1.009,1.016,1.058,5.398,20.5,387,Colson Montgomery,Andrew Abbott,6.0,3B,1:10p,1786641000000.0,False,False,,,,,CWS,L,L
2026-08-13,678246,671096,CIN@CWS,Middle Fastball Crusher,4.53,3.06,1.004,1.016,1.058,4.904,20.2,395,Miguel Vargas,Andrew Abbott,3.0,1B,1:10p,1786641000000.0,False,False,,,,,CWS,R,L
2026-08-13,664040,663969,PIT@MIA,Middle Fastball Crusher (LH),4.61,3.0,0.977,1.0,1.076,4.772,20.1,397,Brandon Lowe,Tyler Phillips,2.0,DH,1:10p,1786641000000.0,False,False,,,,,PIT,L,R
2026-08-13,686797,605400,PHI@MIN,Middle Fastball Crusher,3.51,4.83,0.99,1.013,1.008,5.629,19.7,408,Brooks Lee,Aaron Nola,8.0,3B,7:30p,1786663800000.0,True,False,625.0,Caesars,13.3,3.0,MIN,R,R
2026-08-13,702332,453286,BOS@TOR,Middle Fastball Crusher,2.67,5.01,1.009,1.0,1.12,4.957,19.0,427,Caleb Durbin,Max Scherzer,6.0,3B,3:07p,1786648020000.0,False,False,,,,,BOS,R,R
2026-08-13,547180,671737,PHI@MIN,Middle Fastball Crusher (LH),4.49,3.06,1.009,1.013,0.967,4.45,18.5,441,Bryce Harper,Taj Bradley,3.0,RF,7:30p,1786663800000.0,True,False,400.0,theScore Bet,18.8,3.0,PHI,L,R
2026-08-13,663757,669302,SEA@NYY,Oppo Fastball Hunter (LH),3.63,3.36,1.011,1.023,0.947,3.921,17.2,481,Trent Grisham,Logan Gilbert,1.0,CF,1:35p,1786642500000.0,False,False,,,,,NYY,L,R
2026-08-13,655316,453286,BOS@TOR,Middle Slider Crusher,2.56,5.01,1.009,1.0,1.12,4.756,16.8,494,Andruw Monasterio,Max Scherzer,8.0,SS,3:07p,1786648020000.0,False,False,,,,,BOS,R,R
2026-08-13,672960,801139,BOS@TOR,Oppo Fastball Hunter,4.62,3.0,1.004,1.0,0.9,4.105,16.5,508,Kazuma Okamoto,Payton Tolle,5.0,3B,3:07p,1786648020000.0,False,False,,,,,TOR,R,L
2026-08-13,693307,800048,CLE@DET,Middle Slider Crusher,5.02,2.54,0.979,1.03,0.9,3.795,16.3,514,Dillon Dingler,Parker Messick,2.0,C,1:10p,1786641000000.0,False,False,,,,,DET,R,L
2026-08-13,807799,453286,BOS@TOR,Middle Fastball Crusher (LH),2.14,5.01,1.004,1.0,1.12,3.949,15.9,530,Masataka Yoshida,Max Scherzer,5.0,DH,3:07p,1786648020000.0,False,False,,,,,BOS,L,R
2026-08-13,665862,669302,SEA@NYY,Middle Fastball Crusher (LH),3.72,3.36,1.011,1.023,0.947,4.014,15.6,541,Jazz Chisholm,Logan Gilbert,6.0,2B,1:35p,1786642500000.0,False,False,,,,,NYY,L,R
2026-08-13,668709,663436,CIN@CWS,Middle Fastball Crusher (LH),4.72,2.18,0.997,1.016,1.046,3.577,15.1,563,Jj Bleday,Davis Martin,3.0,LF,1:10p,1786641000000.0,False,False,,,,,CIN,L,R
2026-08-13,701398,663436,CIN@CWS,Middle Fastball Crusher,4.51,2.18,1.004,1.016,1.046,3.437,14.9,573,Sal Stewart,Davis Martin,2.0,1B,1:10p,1786641000000.0,False,False,,,,,CIN,R,R
2026-08-13,683357,677952,PIT@MIA,Middle Fastball Crusher (LH),3.96,3.39,0.977,1.0,0.913,3.928,14.6,585,Owen Caissie,Braxton Ashcraft,7.0,RF,1:10p,1786641000000.0,False,False,,,,,MIA,L,R
2026-08-13,663993,672456,CLE@DET,Oppo Fastball Hunter (LH),3.98,2.74,0.983,1.03,0.924,3.339,14.1,611,Nathaniel Lowe,Keider Montero,4.0,1B,1:10p,1786641000000.0,False,False,,,,,CLE,L,R
2026-08-13,664023,676917,CHC@WSH,Middle Fastball Crusher,3.82,2.79,0.995,1.009,0.993,3.48,14.1,609,Ian Happ,Cade Cavalli,5.0,LF,4:05p,1786651500000.0,False,False,,,,,CHC,R,R
2026-08-13,682829,663436,CIN@CWS,Middle Fastball Crusher,4.16,2.18,1.004,1.016,1.046,3.172,14.1,609,Elly De La Cruz,Davis Martin,1.0,SS,1:10p,1786641000000.0,False,False,,,,,CIN,R,R
2026-08-13,687462,663969,PIT@MIA,Middle Slider Crusher (LH),3.04,3.0,0.977,1.0,1.076,3.145,14.0,614,Spencer Horwitz,Tyler Phillips,1.0,1B,1:10p,1786641000000.0,False,False,,,,,PIT,L,R
2026-08-13,657136,453286,BOS@TOR,Oppo Fastball Hunter,2.18,5.01,1.004,1.0,1.12,4.032,13.7,629,Connor Wong,Max Scherzer,9.0,C,3:07p,1786648020000.0,False,False,,,,,BOS,R,R
2026-08-13,553993,663436,CIN@CWS,Middle Slider Crusher,4.39,2.18,1.004,1.016,1.046,3.353,13.6,635,Eugenio Suárez,Davis Martin,5.0,DH,1:10p,1786641000000.0,False,False,,,,,CIN,R,R
2026-08-13,607208,671737,PHI@MIN,Middle Fastball Crusher,3.21,3.06,0.99,1.013,0.967,3.118,13.6,638,Trea Turner,Taj Bradley,2.0,SS,7:30p,1786663800000.0,True,False,550.0,theScore Bet,14.3,3.0,PHI,R,R
2026-08-13,665953,592332,CHC@WSH,Inside Breaking Ball Specialist,4.01,2.87,0.992,1.009,0.96,3.624,13.5,639,Andrés Chaparro,Kevin Gausman,7.0,DH,4:05p,1786651500000.0,False,False,,,,,WSH,R,R
2026-08-13,676609,669302,SEA@NYY,Middle Fastball Crusher,3.34,3.36,0.998,1.023,0.947,3.56,13.3,652,José Caballero,Logan Gilbert,7.0,RF,1:35p,1786642500000.0,False,False,,,,,NYY,R,R
2026-08-13,621020,676917,CHC@WSH,Middle Fastball Crusher,3.77,2.79,0.995,1.009,0.993,3.441,12.9,677,Dansby Swanson,Cade Cavalli,7.0,SS,4:05p,1786651500000.0,False,False,,,,,CHC,R,R
2026-08-13,686611,592332,CHC@WSH,Middle Fastball Crusher,3.34,2.87,0.995,1.009,0.96,3.029,12.9,676,Dylan Crews,Kevin Gausman,3.0,RF,4:05p,1786651500000.0,False,False,,,,,WSH,R,R
2026-08-13,624424,676917,CHC@WSH,Oppo Fastball Hunter (LH),3.84,2.79,1.001,1.009,0.993,3.519,12.7,689,Michael Conforto,Cade Cavalli,8.0,DH,4:05p,1786651500000.0,False,False,,,,,CHC,L,R
2026-08-13,668804,663969,PIT@MIA,Middle Fastball Crusher,2.87,3.0,0.974,1.0,1.076,2.955,12.6,694,Bryan Reynolds,Tyler Phillips,3.0,LF,1:10p,1786641000000.0,False,False,,,,,PIT,R,R
2026-08-13,691781,592332,CHC@WSH,Middle Fastball Crusher,3.34,2.87,0.995,1.009,0.96,3.03,12.4,709,Brady House,Kevin Gausman,5.0,3B,4:05p,1786651500000.0,False,False,,,,,WSH,R,R
2026-08-13,679529,800048,CLE@DET,Middle Fastball Crusher,4.0,2.54,0.979,1.03,0.9,3.022,12.3,711,Spencer Torkelson,Parker Messick,5.0,1B,1:10p,1786641000000.0,False,False,,,,,DET,R,L
2026-08-13,666176,672456,CLE@DET,Middle Slider Crusher,3.53,2.74,0.979,1.03,0.924,2.95,12.1,729,Jo Adell,Keider Montero,5.0,LF,1:10p,1786641000000.0,False,False,,,,,CLE,R,R
2026-08-13,543807,801139,BOS@TOR,Middle Fastball Crusher,3.09,3.0,1.009,1.0,0.9,2.759,11.7,751,George Springer,Payton Tolle,4.0,DH,3:07p,1786648020000.0,False,False,,,,,TOR,R,L
2026-08-13,695734,592332,CHC@WSH,Inside Breaking Ball Specialist (LH),3.02,2.87,0.991,1.009,0.96,2.732,11.6,759,Daylen Lile,Kevin Gausman,4.0,LF,4:05p,1786651500000.0,False,False,,,,,WSH,L,R
2026-08-13,608324,676917,CHC@WSH,Oppo Fastball Hunter,2.96,2.79,0.998,1.009,0.993,2.712,11.6,766,Alex Bregman,Cade Cavalli,4.0,3B,4:05p,1786651500000.0,False,False,,,,,CHC,R,R
2026-08-13,664761,671737,PHI@MIN,Oppo Fastball Hunter,2.79,3.06,1.009,1.013,0.967,2.769,11.0,812,Alec Bohm,Taj Bradley,6.0,1B,7:30p,1786663800000.0,True,False,800.0,theScore Bet,10.4,3.0,PHI,R,R
2026-08-13,807712,605400,PHI@MIN,Oppo Fastball Hunter,1.71,4.83,1.009,1.013,1.008,2.786,10.5,850,Luke Keaschall,Aaron Nola,7.0,RF,7:30p,1786663800000.0,True,False,900.0,theScore Bet,9.4,3.0,MIN,R,R
2026-08-13,663886,663436,CIN@CWS,Middle Fastball Crusher,3.06,2.18,1.004,1.016,1.046,2.336,10.0,898,Tyler Stephenson,Davis Martin,4.0,C,1:10p,1786641000000.0,False,False,,,,,CIN,R,R
2026-08-13,650402,800048,CLE@DET,Middle Fastball Crusher,2.91,2.54,0.979,1.03,0.9,2.204,10.0,902,Gleyber Torres,Parker Messick,1.0,2B,1:10p,1786641000000.0,False,False,,,,,DET,R,L
2026-08-13,686668,671096,CIN@CWS,Middle Fastball Crusher,2.09,3.06,1.004,1.016,1.058,2.269,9.4,966,Brenton Doyle,Andrew Abbott,5.0,CF,1:10p,1786641000000.0,False,False,,,,,CWS,R,L
2026-08-13,682663,677952,PIT@MIA,Inside Breaking Ball Specialist,2.13,3.39,0.97,1.0,0.913,2.1,8.7,1049,Agustín Ramírez,Braxton Ashcraft,5.0,C,1:10p,1786641000000.0,False,False,,,,,MIA,R,R
2026-08-13,672640,677952,PIT@MIA,Middle Fastball Crusher,2.01,3.39,0.974,1.0,0.913,1.985,8.6,1062,Otto Lopez,Braxton Ashcraft,3.0,SS,1:10p,1786641000000.0,False,False,,,,,MIA,R,R
2026-08-13,665926,801139,BOS@TOR,Middle Slider Crusher (LH),2.26,3.0,1.004,1.0,0.9,2.009,8.1,1142,Andrés Giménez,Payton Tolle,6.0,SS,3:07p,1786648020000.0,False,False,,,,,TOR,L,L
2026-08-13,686527,608331,SEA@NYY,Middle Slider Crusher (LH),4.79,1.27,1.011,1.023,0.9,1.857,8.1,1140,Dominic Canzone,Max Fried,3.0,RF,1:35p,1786642500000.0,False,False,,,,,SEA,L,L
2026-08-13,595978,672456,CLE@DET,Middle Fastball Crusher,2.52,2.74,0.979,1.03,0.924,2.107,7.7,1193,Austin Hedges,Keider Montero,8.0,C,1:10p,1786641000000.0,False,False,,,,,CLE,R,R
2026-08-13,665804,676917,CHC@WSH,Middle Slider Crusher,2.44,2.79,0.995,1.009,0.993,2.224,7.7,1192,Miguel Amaya,Cade Cavalli,9.0,C,4:05p,1786651500000.0,False,False,,,,,CHC,R,R
2026-08-13,805300,677952,PIT@MIA,Middle Slider Crusher (LH),1.66,3.39,0.977,1.0,0.913,1.647,7.5,1227,Jakob Marsee,Braxton Ashcraft,1.0,CF,1:10p,1786641000000.0,False,False,,,,,MIA,L,R
2026-08-13,693304,663969,PIT@MIA,Oppo Fastball Hunter,1.61,3.0,0.977,1.0,1.076,1.67,7.2,1281,Nick Gonzales,Tyler Phillips,4.0,2B,1:10p,1786641000000.0,False,False,,,,,PIT,R,R
2026-08-13,664770,801139,BOS@TOR,Oppo Fastball Hunter (LH),2.26,3.0,1.009,1.0,0.9,2.016,7.0,1321,Nathan Lukes,Payton Tolle,9.0,RF,3:07p,1786648020000.0,False,False,,,,,TOR,L,L
2026-08-13,665489,801139,BOS@TOR,Oppo Fastball Hunter,1.78,3.0,1.004,1.0,0.9,1.579,6.9,1350,Vladimir Guerrero,Payton Tolle,3.0,1B,3:07p,1786648020000.0,False,False,,,,,TOR,R,L
2026-08-13,663647,663436,CIN@CWS,Inside Breaking Ball Specialist,2.57,2.18,1.005,1.016,1.046,1.962,6.9,1359,Ke'Bryan Hayes,Davis Martin,9.0,3B,1:10p,1786641000000.0,False,False,,,,,CIN,R,R
2026-08-13,669364,677952,PIT@MIA,Middle Fastball Crusher (LH),1.54,3.39,0.977,1.0,0.913,1.526,6.8,1365,Xavier Edwards,Braxton Ashcraft,2.0,2B,1:10p,1786641000000.0,False,False,,,,,MIA,L,R
2026-08-13,678391,592332,CHC@WSH,Oppo Fastball Hunter (LH),1.77,2.87,1.001,1.009,0.96,1.62,6.5,1430,Jorbit Vivas,Kevin Gausman,6.0,2B,4:05p,1786651500000.0,False,False,,,,,WSH,L,R
2026-08-13,677587,672456,CLE@DET,Middle Slider Crusher (LH),2.17,2.74,0.999,1.03,0.924,1.856,6.5,1440,Brayan Rocchio,Keider Montero,9.0,SS,1:10p,1786641000000.0,False,False,,,,,CLE,L,R
2026-08-13,677594,608331,SEA@NYY,Middle Fastball Crusher,3.8,1.27,0.998,1.023,0.9,1.454,6.5,1435,Julio Rodríguez,Max Fried,2.0,CF,1:35p,1786642500000.0,False,False,,,,,SEA,R,L
2026-08-13,595879,800048,CLE@DET,Middle Fastball Crusher,2.3,2.54,0.979,1.03,0.9,1.739,6.4,1458,Javier Báez,Parker Messick,8.0,LF,1:10p,1786641000000.0,False,False,,,,,DET,R,L
2026-08-13,663968,663969,PIT@MIA,Inside Breaking Ball Specialist,1.6,3.0,0.97,1.0,1.076,1.645,6.3,1482,Jake Mangum,Tyler Phillips,7.0,CF,1:10p,1786641000000.0,False,False,,,,,PIT,R,R
2026-08-13,691594,677952,PIT@MIA,Middle Fastball Crusher,1.72,3.39,0.974,1.0,0.913,1.7,6.3,1493,Javier Sanoja,Braxton Ashcraft,8.0,3B,1:10p,1786641000000.0,False,False,,,,,MIA,R,R
2026-08-13,667472,663436,CIN@CWS,Middle Slider Crusher,2.01,2.18,1.004,1.016,1.046,1.534,6.2,1514,Dane Myers,Davis Martin,6.0,CF,1:10p,1786641000000.0,False,False,,,,,CIN,R,R
2026-08-13,668227,608331,SEA@NYY,Oppo Fastball Hunter,3.25,1.27,1.011,1.023,0.9,1.261,5.8,1620,Randy Arozarena,Max Fried,1.0,LF,1:35p,1786642500000.0,False,False,,,,,SEA,R,L
2026-08-13,682668,671096,CIN@CWS,Middle Fastball Crusher,1.48,3.06,1.004,1.016,1.058,1.601,5.6,1679,Luisangel Acuña,Andrew Abbott,9.0,SS,1:10p,1786641000000.0,False,False,,,,,CWS,R,L
2026-08-13,663728,608331,SEA@NYY,Middle Slider Crusher,3.21,1.27,0.998,1.023,0.9,1.228,5.4,1764,Cal Raleigh,Max Fried,4.0,DH,1:35p,1786642500000.0,False,False,,,,,SEA,R,L
2026-08-13,669707,663969,PIT@MIA,Middle Slider Crusher,1.21,3.0,0.974,1.0,1.076,1.247,4.6,2058,Jared Triolo,Tyler Phillips,8.0,3B,1:10p,1786641000000.0,False,False,,,,,PIT,R,R
2026-08-13,642215,608331,SEA@NYY,Middle Fastball Crusher,2.91,1.27,0.998,1.023,0.9,1.112,4.3,2222,Weston Wilson,Max Fried,7.0,3B,1:35p,1786642500000.0,False,False,,,,,SEA,R,L
2026-08-13,680977,608331,SEA@NYY,Middle Slider Crusher (LH),2.75,1.27,1.011,1.023,0.9,1.066,4.3,2205,Brendan Donovan,Max Fried,6.0,2B,1:35p,1786642500000.0,False,False,,,,,SEA,L,L
2026-08-14,700250,669456,NYY@TOR,Middle Fastball Crusher (LH),5.82,3.93,1.004,1.0,1.12,8.449,33.4,200,Ben Rice,Shane Bieber,2.0,DH,7:15p,1786749300000.0,False,False,,,,,NYY,L,R
2026-08-14,671277,669456,NYY@TOR,Inside Breaking Ball Specialist (LH),5.25,3.93,1.003,1.0,1.12,7.615,29.8,236,Luis García,Shane Bieber,4.0,1B,7:15p,1786749300000.0,False,False,,,,,NYY,L,R
2026-08-14,624413,571927,BAL@TB,Oppo Fastball Hunter,4.6,3.99,1.0,1.0,1.096,6.611,27.6,262,Pete Alonso,Steven Matz,1.0,1B,7:10p,1786749000000.0,False,False,,,,,BAL,R,L
2026-08-14,691723,571927,BAL@TB,Middle Fastball Crusher,4.37,3.99,1.0,1.0,1.096,6.281,25.3,296,Coby Mayo,Steven Matz,3.0,DH,7:10p,1786749000000.0,False,False,,,,,BAL,R,L
2026-08-14,660271,688107,MIL@LAD,Middle Fastball Crusher (LH),4.83,3.57,0.996,1.023,0.997,5.763,24.4,309,Shohei Ohtani,Robert Gasser,1.0,DH,10:10p,1786759800000.0,True,False,,,,,LAD,L,L
2026-08-14,670541,669923,SEA@HOU,Inside Breaking Ball Specialist (LH),5.95,2.97,1.005,1.0,0.964,5.617,23.3,328,Yordan Álvarez,George Kirby,2.0,DH,8:10p,1786752600000.0,True,False,,,,,HOU,L,R
2026-08-14,695506,680570,KC@LAA,Middle Fastball Crusher (LH),4.41,3.35,1.006,1.035,1.12,5.66,23.0,335,Jac Caglianone,Grayson Rodriguez,3.0,1B,9:38p,1786757880000.0,True,False,,,,,KC,L,R
2026-08-14,641933,571927,BAL@TB,Middle Slider Crusher,3.86,3.99,1.0,1.0,1.096,5.546,22.5,345,Tyler O'Neill,Steven Matz,4.0,RF,7:10p,1786749000000.0,False,False,,,,,BAL,R,L
2026-08-14,663757,669456,NYY@TOR,Oppo Fastball Hunter (LH),3.6,3.93,1.009,1.0,1.12,5.257,22.5,344,Trent Grisham,Shane Bieber,1.0,CF,7:15p,1786749300000.0,False,False,,,,,NYY,L,R
2026-08-14,691406,605135,BAL@TB,Oppo Fastball Hunter,5.96,2.56,1.0,1.0,1.091,5.46,22.2,351,Junior Caminero,Chris Bassitt,4.0,3B,7:10p,1786749000000.0,False,False,,,,,TB,R,R
2026-08-14,571970,688107,MIL@LAD,Oppo Fastball Hunter (LH),4.94,3.57,1.001,1.023,0.997,5.913,21.3,369,Max Muncy,Robert Gasser,7.0,3B,10:10p,1786759800000.0,True,False,,,,,LAD,L,L
2026-08-14,664034,668909,SD@CLE,Inside Breaking Ball Specialist,4.47,3.67,1.018,1.004,0.944,5.198,21.2,372,Ty France,Gavin Williams,4.0,1B,7:10p,1786749000000.0,False,False,,,,,SD,R,R
2026-08-14,665862,669456,NYY@TOR,Middle Fastball Crusher (LH),3.69,3.93,1.004,1.0,1.12,5.357,21.0,375,Jazz Chisholm,Shane Bieber,5.0,2B,7:15p,1786749300000.0,False,False,,,,,NYY,L,R
2026-08-14,680869,677958,TEX@ATH,Middle Fastball Crusher,4.39,3.25,1.006,1.021,1.049,5.063,20.7,383,Zack Gelof,Kumar Rocker,4.0,3B,9:40p,1786758000000.0,True,False,,,,,ATH,R,R
2026-08-14,592518,668909,SD@CLE,Middle Slider Crusher,4.26,3.67,1.015,1.004,0.944,4.936,20.3,392,Manny Machado,Gavin Williams,3.0,3B,7:10p,1786749000000.0,False,False,,,,,SD,R,R
2026-08-14,621566,694297,AZ@ATL,Middle Fastball Crusher (LH),5.96,2.48,1.009,1.024,0.938,4.708,19.5,414,Matt Olson,Brandon Pfaadt,3.0,1B,7:15p,1786749300000.0,False,False,,,,,ATL,L,R
2026-08-14,605141,688107,MIL@LAD,Inside Breaking Ball Specialist,3.93,3.57,1.001,1.023,0.997,4.704,19.4,417,Mookie Betts,Robert Gasser,4.0,SS,10:10p,1786759800000.0,True,False,,,,,LAD,R,L
2026-08-14,683002,571927,BAL@TB,Middle Slider Crusher (LH),3.4,3.99,1.0,1.0,1.096,4.891,19.4,417,Gunnar Henderson,Steven Matz,5.0,SS,7:10p,1786749000000.0,False,False,,,,,BAL,L,L
2026-08-14,695600,680570,KC@LAA,Middle Fastball Crusher (LH),3.45,3.35,1.006,1.035,1.12,4.432,19.3,419,Carter Jensen,Grayson Rodriguez,1.0,C,9:38p,1786757880000.0,True,False,,,,,KC,L,R
2026-08-14,691016,677958,TEX@ATH,Middle Fastball Crusher (LH),3.98,3.25,1.009,1.021,1.049,4.601,19.1,425,Tyler Soderstrom,Kumar Rocker,3.0,LF,9:40p,1786758000000.0,True,False,,,,,ATH,L,R
2026-08-14,665052,695505,MIA@CIN,Middle Fastball Crusher (LH),5.61,2.69,1.011,1.006,0.9,4.543,18.7,433,Griffin Conine,Chase Burns,4.0,DH,6:10p,1786745400000.0,False,False,,,,,MIA,L,R
2026-08-14,664023,669461,STL@CHC,Middle Fastball Crusher,3.8,3.76,0.978,0.987,1.085,4.912,18.0,456,Ian Happ,Matthew Liberatore,7.0,LF,2:20p,1786731600000.0,False,False,,,,,CHC,R,L
2026-08-14,702616,571927,BAL@TB,Middle Slider Crusher (LH),2.75,3.99,1.0,1.0,1.096,3.954,16.9,491,Jackson Holliday,Steven Matz,2.0,2B,7:10p,1786749000000.0,False,False,,,,,BAL,L,L
2026-08-14,701538,668909,SD@CLE,Middle Fastball Crusher (LH),3.65,3.67,1.006,1.004,0.944,4.192,16.8,496,Jackson Merrill,Gavin Williams,5.0,CF,7:10p,1786749000000.0,False,False,,,,,SD,L,R
2026-08-14,672960,543037,NYY@TOR,Oppo Fastball Hunter,4.59,3.25,1.004,1.0,0.909,4.475,16.5,506,Kazuma Okamoto,Gerrit Cole,7.0,3B,7:15p,1786749300000.0,False,False,,,,,TOR,R,R
2026-08-14,621020,669461,STL@CHC,Middle Fastball Crusher,3.75,3.76,0.978,0.987,1.085,4.856,16.3,512,Dansby Swanson,Matthew Liberatore,9.0,SS,2:20p,1786731600000.0,False,False,,,,,CHC,R,L
2026-08-14,701398,645261,MIA@CIN,Middle Fastball Crusher,4.63,2.61,1.011,1.006,0.938,3.785,16.3,515,Sal Stewart,Sandy Alcántara,2.0,3B,6:10p,1786745400000.0,False,False,,,,,CIN,R,R
2026-08-14,606192,688107,MIL@LAD,Middle Fastball Crusher,3.23,3.57,1.001,1.023,0.997,3.866,16.2,517,Teoscar Hernández,Robert Gasser,3.0,LF,10:10p,1786759800000.0,True,False,,,,,LAD,R,L
2026-08-14,665161,669923,SEA@HOU,Middle Fastball Crusher,3.76,2.97,1.034,1.0,0.964,3.653,16.1,521,Jeremy Peña,George Kirby,1.0,SS,8:10p,1786752600000.0,True,False,,,,,HOU,R,R
2026-08-14,668709,645261,MIA@CIN,Middle Fastball Crusher (LH),4.67,2.61,1.011,1.006,0.938,3.825,16.1,523,Jj Bleday,Sandy Alcántara,3.0,LF,6:10p,1786745400000.0,False,False,,,,,CIN,L,R
2026-08-14,608324,669461,STL@CHC,Oppo Fastball Hunter,2.95,3.76,0.976,0.987,1.085,3.81,16.0,525,Alex Bregman,Matthew Liberatore,3.0,3B,2:20p,1786731600000.0,False,False,,,,,CHC,R,L
2026-08-14,677951,680570,KC@LAA,Middle Slider Crusher,2.91,3.35,1.003,1.035,1.12,3.719,16.0,525,Bobby Witt,Grayson Rodriguez,2.0,SS,9:38p,1786757880000.0,True,False,,,,,KC,R,R
2026-08-14,686527,663567,SEA@HOU,Middle Slider Crusher (LH),4.75,2.66,1.004,1.0,0.913,3.804,16.0,526,Dominic Canzone,Peter Lambert,3.0,RF,8:10p,1786752600000.0,True,False,,,,,SEA,L,R
2026-08-14,671218,669456,NYY@TOR,Inside Breaking Ball Specialist,2.8,3.93,1.01,1.0,1.12,4.091,15.9,530,Heliot Ramos,Shane Bieber,6.0,LF,7:15p,1786749300000.0,False,False,,,,,NYY,R,R
2026-08-14,681297,571927,BAL@TB,Middle Fastball Crusher (LH),3.11,3.99,1.0,1.0,1.096,4.47,15.9,530,Colton Cowser,Steven Matz,8.0,CF,7:10p,1786749000000.0,False,False,,,,,BAL,L,L
2026-08-14,657757,668909,SD@CLE,Middle Fastball Crusher (LH),3.68,3.67,1.006,1.004,0.944,4.227,15.6,539,Gavin Sheets,Gavin Williams,7.0,DH,7:10p,1786749000000.0,False,False,,,,,SD,L,R
2026-08-14,663993,650633,SD@CLE,Oppo Fastball Hunter (LH),3.94,2.75,1.011,1.004,1.024,3.701,15.5,545,Nathaniel Lowe,Mike King,4.0,1B,7:10p,1786749000000.0,False,False,,,,,CLE,L,R
2026-08-14,669224,669456,NYY@TOR,Oppo Fastball Hunter (LH),2.98,3.93,1.009,1.0,1.12,4.351,15.5,546,Austin Wells,Shane Bieber,8.0,C,7:15p,1786749300000.0,False,False,,,,,NYY,L,R
2026-08-14,641680,677958,TEX@ATH,Middle Slider Crusher (LH),3.73,3.25,1.009,1.021,1.049,4.309,15.3,552,Jonah Heim,Kumar Rocker,8.0,C,9:40p,1786758000000.0,True,False,,,,,ATH,L,R
2026-08-14,572233,669923,SEA@HOU,Middle Slider Crusher,4.25,2.97,1.034,1.0,0.964,4.127,15.3,554,Christian Walker,George Kirby,7.0,1B,8:10p,1786752600000.0,True,False,,,,,HOU,R,R
2026-08-14,553993,645261,MIA@CIN,Middle Slider Crusher,4.56,2.61,1.011,1.006,0.938,3.73,15.0,565,Eugenio Suárez,Sandy Alcántara,5.0,DH,6:10p,1786745400000.0,False,False,,,,,CIN,R,R
2026-08-14,694192,808967,MIL@LAD,Middle Fastball Crusher,3.98,2.86,1.001,1.023,0.9,3.452,14.9,571,Jackson Chourio,Yoshinobu Yamamoto,2.0,LF,10:10p,1786759800000.0,True,False,,,,,MIL,R,R
2026-08-14,682829,645261,MIA@CIN,Middle Fastball Crusher,4.12,2.61,1.011,1.006,0.938,3.372,14.9,569,Elly De La Cruz,Sandy Alcántara,1.0,SS,6:10p,1786745400000.0,False,False,,,,,CIN,R,R
2026-08-14,682657,650633,SD@CLE,Inside Breaking Ball Specialist (LH),3.74,2.75,1.008,1.004,1.024,3.51,14.8,575,Angel Martínez,Mike King,3.0,LF,7:10p,1786749000000.0,False,False,,,,,CLE,L,R
2026-08-14,575929,696149,BOS@PIT,Middle Slider Crusher,4.79,2.21,1.007,1.012,0.993,3.528,14.8,575,Willson Contreras,Bubba Chandler,4.0,1B,6:40p,1786747200000.0,False,False,,,,,BOS,R,R
2026-08-14,686948,694297,AZ@ATL,Oppo Fastball Hunter (LH),4.25,2.48,1.0,1.024,0.938,3.333,14.8,576,Drake Baldwin,Brandon Pfaadt,1.0,C,7:15p,1786749300000.0,False,False,,,,,ATL,L,R
2026-08-14,686681,680570,KC@LAA,Inside Breaking Ball Specialist (LH),2.79,3.35,1.002,1.035,1.12,3.57,14.4,592,Michael Massey,Grayson Rodriguez,5.0,2B,9:38p,1786757880000.0,True,False,,,,,KC,L,R
2026-08-14,666160,694738,COL@SF,Inside Breaking Ball Specialist (LH),5.27,2.01,1.015,1.0,0.925,3.269,14.2,606,Mickey Moniak,Landen Roupp,2.0,LF,10:15p,1786760100000.0,True,False,,,,,COL,L,R
2026-08-14,608369,695611,TEX@ATH,Middle Slider Crusher (LH),4.06,2.48,1.009,1.021,0.986,3.353,14.2,605,Corey Seager,Gage Jump,3.0,SS,9:40p,1786758000000.0,True,False,,,,,TEX,L,L
2026-08-14,666211,669923,SEA@HOU,Oppo Fastball Hunter (LH),3.45,2.97,1.025,1.0,0.964,3.321,14.0,614,Taylor Trammell,George Kirby,4.0,LF,8:10p,1786752600000.0,True,False,,,,,HOU,L,R
2026-08-14,671739,694297,AZ@ATL,Middle Fastball Crusher (LH),4.04,2.48,1.009,1.024,0.938,3.196,13.5,641,Michael Harris,Brandon Pfaadt,4.0,CF,7:15p,1786749300000.0,False,False,,,,,ATL,L,R
2026-08-14,650490,605135,BAL@TB,Oppo Fastball Hunter,3.28,2.56,1.0,1.0,1.091,3.006,13.4,646,Yandy Díaz,Chris Bassitt,1.0,DH,7:10p,1786749000000.0,False,False,,,,,TB,R,R
2026-08-14,677594,663567,SEA@HOU,Middle Fastball Crusher,3.78,2.66,1.034,1.0,0.913,3.114,13.2,659,Julio Rodríguez,Peter Lambert,4.0,DH,8:10p,1786752600000.0,True,False,,,,,SEA,R,R
2026-08-14,666139,607625,KC@LAA,Middle Fastball Crusher (LH),3.28,2.84,1.006,1.035,1.107,3.535,13.2,657,Josh Lowe,Seth Lugo,7.0,RF,9:38p,1786757880000.0,True,False,,,,,LAA,L,R
2026-08-14,691023,605280,STL@CHC,Middle Fastball Crusher,4.31,2.24,0.978,0.987,1.005,3.069,13.0,670,Jordan Walker,Clay Holmes,4.0,RF,2:20p,1786731600000.0,False,False,,,,,STL,R,R
2026-08-14,669394,695611,TEX@ATH,Middle Fastball Crusher,3.88,2.48,1.006,1.021,0.986,3.198,13.0,668,Jake Burger,Gage Jump,5.0,1B,9:40p,1786758000000.0,True,False,,,,,TEX,R,L
2026-08-14,543807,543037,NYY@TOR,Middle Fastball Crusher,3.07,3.25,1.009,1.0,0.909,3.005,12.7,685,George Springer,Gerrit Cole,4.0,DH,7:15p,1786749300000.0,False,False,,,,,TOR,R,R
2026-08-14,683357,695505,MIA@CIN,Middle Fastball Crusher (LH),4.18,2.69,1.011,1.006,0.9,3.39,12.7,688,Owen Caissie,Chase Burns,7.0,RF,6:10p,1786745400000.0,False,False,,,,,MIA,L,R
2026-08-14,514888,669923,SEA@HOU,Middle Fastball Crusher,3.14,2.97,1.034,1.0,0.964,3.053,12.5,703,José Altuve,George Kirby,5.0,2B,8:10p,1786752600000.0,True,False,,,,,HOU,R,R
2026-08-14,701358,669923,SEA@HOU,Middle Fastball Crusher,3.52,2.97,1.034,1.0,0.964,3.417,12.3,712,Cam Smith,George Kirby,8.0,RF,8:10p,1786752600000.0,True,False,,,,,HOU,R,R
2026-08-14,666126,677958,TEX@ATH,Middle Slider Crusher (LH),2.68,3.25,1.009,1.021,1.049,3.101,12.2,718,Carlos Cortes,Kumar Rocker,6.0,DH,9:40p,1786758000000.0,True,False,,,,,ATH,L,R
2026-08-14,608348,669461,STL@CHC,Inside Breaking Ball Specialist,2.42,3.76,0.961,0.987,1.085,3.071,12.1,726,Carson Kelly,Matthew Liberatore,6.0,C,2:20p,1786731600000.0,False,False,,,,,CHC,R,L
2026-08-14,805779,677958,TEX@ATH,Inside Breaking Ball Specialist,2.36,3.25,1.006,1.021,1.049,2.716,11.9,741,Jacob Wilson,Kumar Rocker,2.0,SS,9:40p,1786758000000.0,True,False,,,,,ATH,R,R
2026-08-14,664040,687562,BOS@PIT,Middle Fastball Crusher (LH),4.57,2.1,1.016,1.012,0.9,2.921,11.9,737,Brandon Lowe,Jake Bennett,5.0,2B,6:40p,1786747200000.0,False,False,,,,,PIT,L,L
2026-08-14,645277,694297,AZ@ATL,Middle Fastball Crusher,3.7,2.48,0.991,1.024,0.938,2.874,11.8,750,Ozzie Albies,Brandon Pfaadt,5.0,2B,7:15p,1786749300000.0,False,False,,,,,ATL,R,R
2026-08-14,677800,696149,BOS@PIT,Inside Breaking Ball Specialist (LH),3.88,2.21,1.02,1.012,0.993,2.895,11.8,744,Wilyer Abreu,Bubba Chandler,5.0,RF,6:40p,1786747200000.0,False,False,,,,,BOS,L,R
2026-08-14,663656,688107,MIL@LAD,Middle Fastball Crusher (LH),2.47,3.57,0.996,1.023,0.997,2.945,11.6,759,Kyle Tucker,Robert Gasser,6.0,RF,10:10p,1786759800000.0,True,False,,,,,LAD,L,L
2026-08-14,668227,663567,SEA@HOU,Oppo Fastball Hunter,3.23,2.66,1.004,1.0,0.913,2.589,11.4,780,Randy Arozarena,Peter Lambert,2.0,LF,8:10p,1786752600000.0,True,False,,,,,SEA,R,R
2026-08-14,663886,645261,MIA@CIN,Middle Fastball Crusher,3.25,2.61,1.011,1.006,0.938,2.658,11.3,782,Tyler Stephenson,Sandy Alcántara,4.0,C,6:10p,1786745400000.0,False,False,,,,,CIN,R,R
2026-08-14,679845,680570,KC@LAA,Oppo Fastball Hunter,2.07,3.35,1.006,1.035,1.12,2.65,11.3,785,Nick Loftin,Grayson Rodriguez,4.0,3B,9:38p,1786757880000.0,True,False,,,,,KC,R,R
2026-08-14,656775,605135,BAL@TB,Middle Slider Crusher (LH),3.21,2.56,1.0,1.0,1.091,2.942,11.1,802,Cedric Mullins,Chris Bassitt,7.0,CF,7:10p,1786749000000.0,False,False,,,,,TB,L,R
2026-08-14,693307,656794,CWS@DET,Middle Slider Crusher,4.98,1.59,0.979,1.003,0.974,2.489,10.9,814,Dillon Dingler,Sean Newcomb,2.0,C,6:40p,1786747200000.0,False,False,,,,,DET,R,L
2026-08-14,660821,543037,NYY@TOR,Inside Breaking Ball Specialist (LH),3.06,3.25,1.003,1.0,0.909,2.977,10.8,826,Jesús Sánchez,Gerrit Cole,8.0,LF,7:15p,1786749300000.0,False,False,,,,,TOR,L,R
2026-08-14,677649,695611,TEX@ATH,Middle Fastball Crusher,3.02,2.48,1.006,1.021,0.986,2.487,10.6,840,Ezequiel Duran,Gage Jump,4.0,3B,9:40p,1786758000000.0,True,False,,,,,TEX,R,L
2026-08-14,672386,543037,NYY@TOR,Oppo Fastball Hunter,2.57,3.25,1.004,1.0,0.909,2.502,10.3,871,Alejandro Kirk,Gerrit Cole,5.0,C,7:15p,1786749300000.0,False,False,,,,,TOR,R,R
2026-08-14,664728,680570,KC@LAA,Middle Fastball Crusher (LH),2.33,3.35,1.006,1.035,1.12,2.985,10.3,872,Kyle Isbel,Grayson Rodriguez,9.0,CF,9:38p,1786757880000.0,True,False,,,,,KC,L,R
2026-08-14,593428,668909,SD@CLE,Middle Fastball Crusher,2.35,3.67,1.015,1.004,0.944,2.729,9.9,907,Xander Bogaerts,Gavin Williams,8.0,SS,7:10p,1786749000000.0,False,False,,,,,SD,R,R
2026-08-14,663728,663567,SEA@HOU,Middle Slider Crusher,3.18,2.66,1.034,1.0,0.913,2.624,9.9,906,Cal Raleigh,Peter Lambert,7.0,C,8:10p,1786752600000.0,True,False,,,,,SEA,R,R
2026-08-14,606466,519242,AZ@ATL,Inside Breaking Ball Specialist,3.89,1.95,0.99,1.024,0.9,2.271,9.7,926,Ketel Marte,Chris Sale,4.0,2B,7:15p,1786749300000.0,False,False,,,,,AZ,R,L
2026-08-14,664770,543037,NYY@TOR,Oppo Fastball Hunter (LH),2.24,3.25,1.009,1.0,0.909,2.193,9.7,932,Nathan Lukes,Gerrit Cole,2.0,RF,7:15p,1786749300000.0,False,False,,,,,TOR,L,R
2026-08-14,665966,571927,BAL@TB,Middle Slider Crusher,1.95,3.99,1.0,1.0,1.096,2.797,9.7,934,Carlos Narváez,Steven Matz,9.0,C,7:10p,1786749000000.0,False,False,,,,,BAL,R,L
2026-08-14,686555,680570,KC@LAA,Inside Breaking Ball Specialist,1.86,3.35,1.004,1.035,1.12,2.378,9.5,955,Isaac Collins,Grayson Rodriguez,6.0,LF,9:38p,1786757880000.0,True,False,,,,,KC,R,R
2026-08-14,682622,645261,MIA@CIN,Inside Breaking Ball Specialist,3.09,2.61,1.012,1.006,0.938,2.534,9.2,981,Noelvi Marte,Sandy Alcántara,8.0,RF,6:10p,1786745400000.0,False,False,,,,,CIN,R,R
2026-08-14,680776,696149,BOS@PIT,Middle Fastball Crusher (LH),3.23,2.21,1.016,1.012,0.993,2.397,9.1,998,Jarren Duran,Bubba Chandler,7.0,LF,6:40p,1786747200000.0,False,False,,,,,BOS,L,R
2026-08-14,668939,696149,BOS@PIT,Middle Fastball Crusher,2.82,2.21,1.007,1.012,0.993,2.077,9.0,1012,Adley Rutschman,Bubba Chandler,3.0,C,6:40p,1786747200000.0,False,False,,,,,BOS,R,R
2026-08-14,672275,650633,SD@CLE,Inside Breaking Ball Specialist (LH),2.62,2.75,1.008,1.004,1.024,2.452,9.0,1016,Patrick Bailey,Mike King,8.0,C,7:10p,1786749000000.0,False,False,,,,,CLE,L,R
2026-08-14,682998,519242,AZ@ATL,Oppo Fastball Hunter (LH),3.43,1.95,1.0,1.024,0.9,2.021,9.0,1016,Corbin Carroll,Chris Sale,2.0,RF,7:15p,1786749300000.0,False,False,,,,,AZ,L,L
2026-08-14,663586,694297,AZ@ATL,High Zone Fastball Hitter,3.1,2.48,1.004,1.024,0.938,2.437,8.9,1023,Austin Riley,Brandon Pfaadt,8.0,3B,7:15p,1786749300000.0,False,False,,,,,ATL,R,R
2026-08-14,630105,668909,SD@CLE,Oppo Fastball Hunter (LH),1.71,3.67,1.011,1.004,0.944,1.98,8.8,1038,Jake Cronenworth,Gavin Williams,2.0,2B,7:10p,1786749000000.0,False,False,,,,,SD,L,R
2026-08-14,663538,669461,STL@CHC,Middle Fastball Crusher,1.65,3.76,0.978,0.987,1.085,2.134,8.8,1031,Nico Hoerner,Matthew Liberatore,5.0,2B,2:20p,1786731600000.0,False,False,,,,,CHC,R,L
2026-08-14,665926,543037,NYY@TOR,Middle Slider Crusher (LH),2.25,3.25,1.004,1.0,0.909,2.187,8.7,1043,Andrés Giménez,Gerrit Cole,6.0,SS,7:15p,1786749300000.0,False,False,,,,,TOR,L,R
2026-08-14,683734,808967,MIL@LAD,Inside Breaking Ball Specialist,2.34,2.86,1.001,1.023,0.9,2.028,8.7,1044,Andrew Vaughn,Yoshinobu Yamamoto,4.0,3B,10:10p,1786759800000.0,True,False,,,,,MIL,R,R
2026-08-14,664983,694738,COL@SF,Middle Fastball Crusher (LH),3.13,2.01,0.993,1.0,0.925,1.901,8.7,1055,Jake Mccarthy,Landen Roupp,1.0,CF,10:15p,1786760100000.0,True,False,,,,,COL,L,R
2026-08-14,680977,663567,SEA@HOU,Middle Slider Crusher (LH),2.7,2.66,1.004,1.0,0.913,2.166,8.7,1054,Brendan Donovan,Peter Lambert,6.0,3B,8:10p,1786752600000.0,True,False,,,,,SEA,L,R
2026-08-14,662139,669923,SEA@HOU,Oppo Fastball Hunter (LH),2.23,2.97,1.025,1.0,0.964,2.146,8.6,1064,Daulton Varsho,George Kirby,6.0,CF,8:10p,1786752600000.0,True,False,,,,,HOU,L,R
2026-08-14,592885,808967,MIL@LAD,Middle Slider Crusher (LH),2.38,2.86,0.996,1.023,0.9,2.057,8.5,1072,Christian Yelich,Yoshinobu Yamamoto,5.0,DH,10:10p,1786759800000.0,True,False,,,,,MIL,L,R
2026-08-14,543877,669923,SEA@HOU,Middle Slider Crusher,2.51,2.97,1.034,1.0,0.964,2.437,8.5,1082,Christian Vázquez,George Kirby,9.0,C,8:10p,1786752600000.0,True,False,,,,,HOU,R,R
2026-08-14,661388,808967,MIL@LAD,Middle Fastball Crusher,2.42,2.86,1.001,1.023,0.9,2.101,8.4,1089,William Contreras,Yoshinobu Yamamoto,6.0,C,10:10p,1786759800000.0,True,False,,,,,MIL,R,R
2026-08-14,702332,696149,BOS@PIT,Middle Fastball Crusher,2.83,2.21,1.007,1.012,0.993,2.08,8.3,1100,Caleb Durbin,Bubba Chandler,6.0,3B,6:40p,1786747200000.0,False,False,,,,,BOS,R,R
2026-08-14,650489,694738,COL@SF,Middle Fastball Crusher,3.14,2.01,0.988,1.0,0.925,1.895,8.2,1116,Willi Castro,Landen Roupp,3.0,3B,10:15p,1786760100000.0,True,False,,,,,COL,R,R
2026-08-14,671056,605280,STL@CHC,Middle Slider Crusher,2.54,2.24,0.978,0.987,1.005,1.812,8.1,1140,Iván Herrera,Clay Holmes,2.0,C,2:20p,1786731600000.0,False,False,,,,,STL,R,R
2026-08-14,679529,656794,CWS@DET,Middle Fastball Crusher,3.97,1.59,0.979,1.003,0.974,1.982,8.0,1158,Spencer Torkelson,Sean Newcomb,6.0,1B,6:40p,1786747200000.0,False,False,,,,,DET,R,L
2026-08-14,642201,696149,BOS@PIT,Middle Fastball Crusher,3.14,2.21,1.007,1.012,0.993,2.308,8.0,1146,Eli White,Bubba Chandler,9.0,CF,6:40p,1786747200000.0,False,False,,,,,BOS,R,R
2026-08-14,682626,674841,WSH@NYM,Oppo Fastball Hunter,3.86,1.47,0.99,1.03,1.018,1.935,7.8,1187,Francisco Álvarez,Andrew Alvarez,6.0,DH,7:10p,1786749000000.0,False,False,,,,,NYM,R,L
2026-08-14,668804,687562,BOS@PIT,Middle Fastball Crusher,2.84,2.1,1.007,1.012,0.9,1.801,7.8,1177,Bryan Reynolds,Jake Bennett,3.0,LF,6:40p,1786747200000.0,False,False,,,,,PIT,R,L
2026-08-14,665489,543037,NYY@TOR,Oppo Fastball Hunter,1.76,3.25,1.004,1.0,0.909,1.718,7.5,1236,Vladimir Guerrero,Gerrit Cole,3.0,1B,7:15p,1786749300000.0,False,False,,,,,TOR,R,R
2026-08-14,643289,694297,AZ@ATL,Oppo Fastball Hunter,2.32,2.48,1.009,1.024,0.938,1.835,7.4,1255,Mauricio Dubón,Brandon Pfaadt,6.0,LF,7:15p,1786749300000.0,False,False,,,,,ATL,R,R
2026-08-14,673357,674841,WSH@NYM,Inside Breaking Ball Specialist,3.36,1.47,0.991,1.03,1.018,1.686,7.3,1267,Luis Robert,Andrew Alvarez,4.0,CF,7:10p,1786749000000.0,False,False,,,,,NYM,R,L
2026-08-14,694497,695611,TEX@ATH,Middle Fastball Crusher (LH),2.51,2.48,1.009,1.021,0.986,2.077,7.2,1280,Evan Carter,Gage Jump,9.0,CF,9:40p,1786758000000.0,True,False,,,,,TEX,L,L
2026-08-14,672640,695505,MIA@CIN,Middle Fastball Crusher,2.0,2.69,1.011,1.006,0.9,1.619,7.1,1315,Otto Lopez,Chase Burns,3.0,SS,6:10p,1786745400000.0,False,False,,,,,MIA,R,R
2026-08-14,677587,650633,SD@CLE,Middle Slider Crusher (LH),2.16,2.75,1.006,1.004,1.024,2.023,7.1,1316,Brayan Rocchio,Mike King,9.0,SS,7:10p,1786749000000.0,False,False,,,,,CLE,L,R
2026-08-14,680700,605135,BAL@TB,Oppo Fastball Hunter (LH),2.12,2.56,1.0,1.0,1.091,1.94,7.1,1301,Richie Palacios,Chris Bassitt,8.0,2B,7:10p,1786749000000.0,False,False,,,,,TB,L,R
2026-08-14,680779,687562,BOS@PIT,Inside Breaking Ball Specialist,3.2,2.1,1.012,1.012,0.9,2.038,7.1,1306,Henry Davis,Jake Bennett,9.0,C,6:40p,1786747200000.0,False,False,,,,,PIT,R,L
2026-08-14,807799,696149,BOS@PIT,Middle Fastball Crusher (LH),2.11,2.21,1.016,1.012,0.993,1.568,7.0,1327,Masataka Yoshida,Bubba Chandler,2.0,DH,6:40p,1786747200000.0,False,False,,,,,BOS,L,R
2026-08-14,655316,696149,BOS@PIT,Middle Slider Crusher,2.53,2.21,1.007,1.012,0.993,1.865,6.9,1355,Andruw Monasterio,Bubba Chandler,8.0,SS,6:40p,1786747200000.0,False,False,,,,,BOS,R,R
2026-08-14,694374,519242,AZ@ATL,Inside Breaking Ball Specialist,3.03,1.95,0.99,1.024,0.9,1.767,6.8,1375,Tim Tawa,Chris Sale,7.0,CF,7:15p,1786749300000.0,False,False,,,,,AZ,R,L
2026-08-14,623168,607625,KC@LAA,Oppo Fastball Hunter,1.78,2.84,1.006,1.035,1.107,1.92,6.7,1390,Tyler Heineman,Seth Lugo,9.0,C,9:38p,1786757880000.0,True,False,,,,,LAA,R,R
2026-08-14,650402,656794,CWS@DET,Middle Fastball Crusher,2.88,1.59,0.979,1.003,0.974,1.441,6.6,1411,Gleyber Torres,Sean Newcomb,1.0,2B,6:40p,1786747200000.0,False,False,,,,,DET,R,L
2026-08-14,543760,674841,WSH@NYM,Middle Fastball Crusher,3.37,1.47,0.991,1.03,1.018,1.689,6.5,1442,Marcus Semien,Andrew Alvarez,7.0,2B,7:10p,1786749000000.0,False,False,,,,,NYM,R,L
2026-08-14,687401,808967,MIL@LAD,Middle Fastball Crusher,2.11,2.86,1.001,1.023,0.9,1.826,6.4,1465,Joey Ortiz,Yoshinobu Yamamoto,9.0,SS,10:10p,1786759800000.0,True,False,,,,,MIL,R,R
2026-08-14,650859,668909,SD@CLE,Middle Slider Crusher,1.55,3.67,1.015,1.004,0.944,1.798,6.3,1489,Luis Rengifo,Gavin Williams,9.0,LF,7:10p,1786749000000.0,False,False,,,,,SD,R,R
2026-08-14,667472,645261,MIA@CIN,Middle Slider Crusher,1.98,2.61,1.011,1.006,0.938,1.62,6.2,1506,Dane Myers,Sandy Alcántara,7.0,CF,6:10p,1786745400000.0,False,False,,,,,CIN,R,R
2026-08-14,805300,695505,MIA@CIN,Middle Slider Crusher (LH),1.65,2.69,1.011,1.006,0.9,1.335,6.1,1528,Jakob Marsee,Chase Burns,1.0,CF,6:10p,1786745400000.0,False,False,,,,,MIA,L,R
2026-08-14,665877,605280,STL@CHC,Middle Slider Crusher,2.3,2.24,0.978,0.987,1.005,1.641,6.1,1549,José Fermín,Clay Holmes,8.0,LF,2:20p,1786731600000.0,False,False,,,,,STL,R,R
2026-08-14,688363,695505,MIA@CIN,Oppo Fastball Hunter (LH),2.05,2.69,1.011,1.006,0.9,1.661,5.8,1617,Graham Pauley,Chase Burns,9.0,1B,6:10p,1786745400000.0,False,False,,,,,MIA,L,R
2026-08-14,691594,695505,MIA@CIN,Middle Fastball Crusher,1.71,2.69,1.011,1.006,0.9,1.384,5.6,1684,Javier Sanoja,Chase Burns,6.0,3B,6:10p,1786745400000.0,False,False,,,,,MIA,R,R
2026-08-14,669364,695505,MIA@CIN,Middle Fastball Crusher (LH),1.53,2.69,1.011,1.006,0.9,1.241,5.6,1692,Xavier Edwards,Chase Burns,2.0,2B,6:10p,1786745400000.0,False,False,,,,,MIA,L,R
2026-08-14,666182,674841,WSH@NYM,Middle Fastball Crusher,2.43,1.47,0.991,1.03,1.018,1.219,5.4,1768,Bo Bichette,Andrew Alvarez,3.0,3B,7:10p,1786749000000.0,False,False,,,,,NYM,R,L
2026-08-14,678662,694738,COL@SF,Middle Slider Crusher,2.4,2.01,0.988,1.0,0.925,1.45,5.4,1761,Ezequiel Tovar,Landen Roupp,8.0,SS,10:15p,1786760100000.0,True,False,,,,,COL,R,R
2026-08-14,690993,656794,CWS@DET,Middle Fastball Crusher (LH),2.51,1.59,0.999,1.003,0.974,1.277,5.4,1764,Colt Keith,Sean Newcomb,5.0,3B,6:40p,1786747200000.0,False,False,,,,,DET,L,L
2026-08-14,681393,694738,COL@SF,Oppo Fastball Hunter,2.13,2.01,0.993,1.0,0.925,1.291,5.2,1811,Connor Norby,Landen Roupp,6.0,2B,10:15p,1786760100000.0,True,False,,,,,COL,R,R
2026-08-14,666152,808967,MIL@LAD,Middle Fastball Crusher (LH),1.6,2.86,0.996,1.023,0.9,1.377,5.1,1858,David Hamilton,Yoshinobu Yamamoto,8.0,2B,10:10p,1786759800000.0,True,False,,,,,MIL,L,R
2026-08-14,693304,687562,BOS@PIT,Oppo Fastball Hunter,1.6,2.1,1.016,1.012,0.9,1.023,4.7,2011,Nick Gonzales,Jake Bennett,1.0,3B,6:40p,1786747200000.0,False,False,,,,,PIT,R,L
2026-08-14,645302,663567,SEA@HOU,High Zone Fastball Hitter,1.49,2.66,1.012,1.0,0.913,1.199,4.5,2143,Víctor Robles,Peter Lambert,8.0,CF,8:10p,1786752600000.0,True,False,,,,,SEA,R,R
2026-08-14,620443,674841,WSH@NYM,Middle Fastball Crusher,2.55,1.47,0.991,1.03,1.018,1.28,4.5,2117,Luis Torrens,Andrew Alvarez,9.0,C,7:10p,1786749000000.0,False,False,,,,,NYM,R,L
2026-08-14,670764,605135,BAL@TB,Middle Fastball Crusher (LH),1.23,2.56,1.0,1.0,1.091,1.127,4.0,2413,Taylor Walls,Chris Bassitt,9.0,SS,7:10p,1786749000000.0,False,False,,,,,TB,L,R
2026-08-14,663968,687562,BOS@PIT,Inside Breaking Ball Specialist,1.58,2.1,1.012,1.012,0.9,1.009,3.9,2456,Jake Mangum,Jake Bennett,7.0,CF,6:40p,1786747200000.0,False,False,,,,,PIT,R,L
2026-08-14,691026,605280,STL@CHC,Middle Slider Crusher,1.32,2.24,0.978,0.987,1.005,0.942,3.8,2503,Masyn Winn,Clay Holmes,6.0,SS,2:20p,1786731600000.0,False,False,,,,,STL,R,R
2026-08-14,687859,694738,COL@SF,Inside Breaking Ball Specialist (LH),1.38,2.01,1.015,1.0,0.925,0.855,3.6,2665,Troy Johnston,Landen Roupp,5.0,DH,10:15p,1786760100000.0,True,False,,,,,COL,L,R
2026-08-14,669707,687562,BOS@PIT,Middle Slider Crusher,1.45,2.1,1.007,1.012,0.9,0.918,3.4,2817,Jared Triolo,Jake Bennett,8.0,SS,6:40p,1786747200000.0,False,False,,,,,PIT,R,L
2026-08-14,656716,656794,CWS@DET,Inside Breaking Ball Specialist (LH),1.7,1.59,0.999,1.003,0.974,0.865,3.4,2874,Zach Mckinstry,Sean Newcomb,7.0,RF,6:40p,1786747200000.0,False,False,,,,,DET,L,L
2026-08-15,665052,663903,MIA@CIN,Middle Fastball Crusher (LH),5.55,3.9,1.011,1.015,1.085,7.921,30.8,224,Griffin Conine,Brady Singer,4.0,1B,6:40p,1786833600000.0,False,False,,,,,MIA,L,R
2026-08-15,656941,687570,PHI@MIN,Middle Slider Crusher (LH),6.33,3.07,1.009,1.024,1.003,6.622,27.6,262,Kyle Schwarber,Connor Prielipp,1.0,DH,7:10p,1786835400000.0,False,False,,,,,PHI,L,L
2026-08-15,670541,676106,SEA@HOU,Inside Breaking Ball Specialist (LH),6.05,3.05,1.005,1.0,0.987,6.025,24.9,302,Yordan Álvarez,Emerson Hancock,2.0,DH,7:10p,1786835400000.0,False,False,,,,,HOU,L,R
2026-08-15,683357,663903,MIA@CIN,Middle Fastball Crusher (LH),4.16,3.9,1.011,1.015,1.085,5.941,22.4,347,Owen Caissie,Brady Singer,6.0,DH,6:40p,1786833600000.0,False,False,,,,,MIA,L,R
2026-08-15,575929,683003,BOS@PIT,Middle Slider Crusher,4.76,3.64,1.007,1.005,0.935,5.388,21.9,356,Willson Contreras,Jared Jones,4.0,1B,7:15p,1786835700000.0,False,False,,,,,BOS,R,R
2026-08-15,693307,641743,CWS@DET,Middle Slider Crusher,4.94,2.92,0.979,1.015,1.092,5.136,21.1,375,Dillon Dingler,Anthony Kay,3.0,DH,1:10p,1786813800000.0,False,False,,,,,DET,R,L
2026-08-15,621566,593958,AZ@ATL,Middle Fastball Crusher (LH),5.92,2.37,1.009,1.012,1.063,5.006,20.6,386,Matt Olson,Eduardo Rodríguez,3.0,1B,7:15p,1786835700000.0,False,False,,,,,ATL,L,L
2026-08-15,700250,680755,NYY@TOR,Middle Fastball Crusher (LH),5.78,2.65,1.004,1.0,0.959,4.839,20.4,390,Ben Rice,Braydon Fisher,2.0,DH,3:07p,1786820820000.0,False,False,,,,,NYY,L,R
2026-08-15,694192,680736,MIL@LAD,Middle Fastball Crusher,3.95,3.35,1.001,1.019,1.046,4.642,20.1,398,Jackson Chourio,Justin Wrobleski,1.0,LF,7:15p,1786835700000.0,False,False,,,,,MIL,R,L
2026-08-15,691406,680694,BAL@TB,Oppo Fastball Hunter,5.91,2.56,1.0,1.0,0.977,4.863,20.0,399,Junior Caminero,Kyle Bradish,3.0,3B,6:10p,1786831800000.0,False,False,,,,,TB,R,R
2026-08-15,624413,693855,BAL@TB,Oppo Fastball Hunter,4.56,3.35,1.0,1.0,0.924,4.645,19.6,409,Pete Alonso,Ian Seymour,2.0,1B,6:10p,1786831800000.0,False,False,,,,,BAL,R,L
2026-08-15,547180,687570,PHI@MIN,Middle Fastball Crusher (LH),4.46,3.07,1.009,1.024,1.003,4.66,19.3,419,Bryce Harper,Connor Prielipp,3.0,RF,7:10p,1786835400000.0,False,False,,,,,PHI,L,L
2026-08-15,701398,687473,MIA@CIN,Middle Fastball Crusher,4.6,2.89,1.011,1.015,1.016,4.546,19.3,419,Sal Stewart,Ryan Gusto,2.0,1B,6:40p,1786833600000.0,False,False,,,,,CIN,R,R
2026-08-15,596142,680736,MIL@LAD,High Zone Fastball Hitter,4.1,3.35,1.007,1.019,1.046,4.848,19.2,421,Gary Sánchez,Justin Wrobleski,5.0,1B,7:15p,1786835700000.0,False,False,,,,,MIL,R,L
2026-08-15,668709,687473,MIA@CIN,Middle Fastball Crusher (LH),4.64,2.89,1.011,1.015,1.016,4.586,19.0,426,Jj Bleday,Ryan Gusto,3.0,LF,6:40p,1786833600000.0,False,False,,,,,CIN,L,R
2026-08-15,695506,672282,KC@LAA,Middle Fastball Crusher (LH),4.56,3.06,1.006,1.039,0.917,4.397,18.3,447,Jac Caglianone,Reid Detmers,3.0,1B,9:38p,1786844280000.0,True,False,,,,,KC,L,L
2026-08-15,691723,693855,BAL@TB,Middle Fastball Crusher,4.33,3.35,1.0,1.0,0.924,4.407,18.2,449,Coby Mayo,Ian Seymour,4.0,DH,6:10p,1786831800000.0,False,False,,,,,BAL,R,L
2026-08-15,682998,656550,AZ@ATL,Oppo Fastball Hunter (LH),3.4,3.54,1.0,1.012,1.06,4.244,18.1,453,Corbin Carroll,Grant Holmes,2.0,RF,7:15p,1786835700000.0,False,False,,,,,AZ,L,R
2026-08-15,671277,680755,NYY@TOR,Inside Breaking Ball Specialist (LH),5.21,2.65,1.003,1.0,0.959,4.356,18.0,454,Luis García,Braydon Fisher,4.0,1B,3:07p,1786820820000.0,False,False,,,,,NYY,L,R
2026-08-15,680869,669022,TEX@ATH,Middle Fastball Crusher,4.34,3.0,1.006,1.03,0.952,4.211,17.9,457,Zack Gelof,Mackenzie Gore,2.0,LF,9:40p,1786844400000.0,True,False,,,,,ATH,R,L
2026-08-15,553993,687473,MIA@CIN,Middle Slider Crusher,4.52,2.89,1.011,1.015,1.016,4.47,17.8,461,Eugenio Suárez,Ryan Gusto,5.0,DH,6:40p,1786833600000.0,False,False,,,,,CIN,R,R
2026-08-15,664023,700241,STL@CHC,Middle Fastball Crusher,3.78,3.25,0.978,1.012,1.12,4.476,17.8,461,Ian Happ,Michael Mcgreevy,5.0,LF,2:20p,1786818000000.0,False,False,,,,,CHC,R,R
2026-08-15,665953,640455,WSH@NYM,Inside Breaking Ball Specialist,3.94,3.06,0.991,1.024,1.032,4.152,17.7,464,Andrés Chaparro,Sean Manaea,2.0,1B,4:10p,1786824600000.0,False,False,,,,,WSH,R,L
2026-08-15,682829,687473,MIA@CIN,Middle Fastball Crusher,4.09,2.89,1.011,1.015,1.016,4.046,17.7,465,Elly De La Cruz,Ryan Gusto,1.0,SS,6:40p,1786833600000.0,False,False,,,,,CIN,R,R
2026-08-15,664034,676282,SD@CLE,Inside Breaking Ball Specialist,4.42,2.9,1.018,1.015,0.981,4.276,17.7,464,Ty France,Joey Cantillo,4.0,1B,7:10p,1786835400000.0,False,False,,,,,SD,R,L
2026-08-15,677800,683003,BOS@PIT,Inside Breaking Ball Specialist (LH),3.86,3.64,1.02,1.005,0.935,4.424,17.6,467,Wilyer Abreu,Jared Jones,5.0,RF,7:15p,1786835700000.0,False,False,,,,,BOS,L,R
2026-08-15,572233,676106,SEA@HOU,Middle Slider Crusher,4.38,3.05,1.034,1.0,0.987,4.481,17.3,479,Christian Walker,Emerson Hancock,6.0,1B,7:10p,1786835400000.0,False,False,,,,,HOU,R,R
2026-08-15,691023,571510,STL@CHC,Middle Fastball Crusher,4.28,2.83,0.978,1.012,1.052,4.146,17.3,478,Jordan Walker,Matt Boyd,3.0,RF,2:20p,1786818000000.0,False,False,,,,,STL,R,L
2026-08-15,621439,666200,PHI@MIN,Oppo Fastball Hunter,5.9,2.22,1.009,1.024,0.9,4.0,17.1,484,Byron Buxton,Jesús Luzardo,2.0,CF,7:10p,1786835400000.0,False,False,,,,,MIN,R,L
2026-08-15,641933,693855,BAL@TB,Middle Slider Crusher,3.81,3.35,1.0,1.0,0.924,3.883,17.0,487,Tyler O'Neill,Ian Seymour,1.0,RF,6:10p,1786831800000.0,False,False,,,,,BAL,R,L
2026-08-15,592518,676282,SD@CLE,Middle Slider Crusher,4.22,2.9,1.015,1.015,0.981,4.072,17.0,488,Manny Machado,Joey Cantillo,3.0,3B,7:10p,1786835400000.0,False,False,,,,,SD,R,L
2026-08-15,660271,694819,MIL@LAD,Middle Fastball Crusher (LH),4.8,2.69,0.996,1.019,0.9,3.879,17.0,487,Shohei Ohtani,Jacob Misiorowski,1.0,DH,7:15p,1786835700000.0,False,False,,,,,LAD,L,R
2026-08-15,664040,543243,BOS@PIT,Middle Fastball Crusher (LH),4.7,2.66,1.016,1.005,0.935,3.916,16.8,496,Brandon Lowe,Sonny Gray,2.0,2B,7:15p,1786835700000.0,False,False,,,,,PIT,L,R
2026-08-15,665161,676106,SEA@HOU,Middle Fastball Crusher,3.72,3.05,1.034,1.0,0.987,3.806,16.7,498,Jeremy Peña,Emerson Hancock,1.0,SS,7:10p,1786835400000.0,False,False,,,,,HOU,R,R
2026-08-15,571970,694819,MIL@LAD,Oppo Fastball Hunter (LH),4.9,2.69,1.001,1.019,0.9,3.975,16.6,504,Max Muncy,Jacob Misiorowski,4.0,3B,7:15p,1786835700000.0,False,False,,,,,LAD,L,R
2026-08-15,678246,675512,CWS@DET,Middle Fastball Crusher,4.77,2.75,0.979,1.015,0.9,3.851,16.2,519,Miguel Vargas,Troy Melton,3.0,3B,1:10p,1786813800000.0,False,False,,,,,CWS,R,R
2026-08-15,624424,700241,STL@CHC,Oppo Fastball Hunter (LH),3.8,3.25,0.978,1.012,1.12,4.501,16.0,526,Michael Conforto,Michael Mcgreevy,8.0,DH,2:20p,1786818000000.0,False,False,,,,,CHC,L,R
2026-08-15,679529,641743,CWS@DET,Middle Fastball Crusher,3.94,2.92,0.979,1.015,1.092,4.097,15.9,529,Spencer Torkelson,Anthony Kay,6.0,1B,1:10p,1786813800000.0,False,False,,,,,DET,R,L
2026-08-15,678882,683003,BOS@PIT,Middle Slider Crusher,3.23,3.64,1.007,1.005,0.935,3.653,15.7,536,Ceddanne Rafaela,Jared Jones,2.0,CF,7:15p,1786835700000.0,False,False,,,,,BOS,R,R
2026-08-15,695657,675512,CWS@DET,Oppo Fastball Hunter (LH),4.88,2.75,0.983,1.015,0.9,3.956,15.4,550,Colson Montgomery,Troy Melton,6.0,SS,1:10p,1786813800000.0,False,False,,,,,CWS,L,R
2026-08-15,686611,640455,WSH@NYM,Middle Fastball Crusher,3.3,3.06,0.991,1.024,1.032,3.475,15.4,550,Dylan Crews,Sean Manaea,1.0,RF,4:10p,1786824600000.0,False,False,,,,,WSH,R,L
2026-08-15,686948,593958,AZ@ATL,Oppo Fastball Hunter (LH),4.22,2.37,1.0,1.012,1.063,3.54,15.3,555,Drake Baldwin,Eduardo Rodríguez,2.0,DH,7:15p,1786835700000.0,False,False,,,,,ATL,L,L
2026-08-15,641680,669022,TEX@ATH,Middle Slider Crusher (LH),3.69,3.0,1.009,1.03,0.952,3.595,15.1,563,Jonah Heim,Mackenzie Gore,4.0,DH,9:40p,1786844400000.0,True,False,,,,,ATH,L,L
2026-08-15,694374,656550,AZ@ATL,Inside Breaking Ball Specialist,3.3,3.54,0.99,1.012,1.06,4.077,15.1,562,Tim Tawa,Grant Holmes,7.0,1B,7:15p,1786835700000.0,False,False,,,,,AZ,R,R
2026-08-15,608369,669372,TEX@ATH,Middle Slider Crusher (LH),4.01,2.67,1.009,1.03,0.981,3.582,15.1,562,Corey Seager,J. T. Ginn,3.0,SS,9:40p,1786844400000.0,True,False,,,,,TEX,L,R
2026-08-15,656537,687570,PHI@MIN,Inside Breaking Ball Specialist,4.3,3.07,0.986,1.024,1.003,4.398,14.9,572,Derek Hill,Connor Prielipp,9.0,CF,7:10p,1786835400000.0,False,False,,,,,PHI,R,L
2026-08-15,608324,700241,STL@CHC,Oppo Fastball Hunter,2.93,3.25,0.976,1.012,1.12,3.468,14.6,586,Alex Bregman,Michael Mcgreevy,4.0,3B,2:20p,1786818000000.0,False,False,,,,,CHC,R,R
2026-08-15,691781,640455,WSH@NYM,Middle Fastball Crusher,3.26,3.06,0.991,1.024,1.032,3.44,14.5,588,Brady House,Sean Manaea,3.0,3B,4:10p,1786824600000.0,False,False,,,,,WSH,R,L
2026-08-15,683002,693855,BAL@TB,Middle Slider Crusher (LH),3.53,3.35,1.0,1.0,0.924,3.594,14.5,588,Gunnar Henderson,Ian Seymour,5.0,SS,6:10p,1786831800000.0,False,False,,,,,BAL,L,L
2026-08-15,607208,687570,PHI@MIN,Middle Fastball Crusher,3.18,3.07,0.99,1.024,1.003,3.265,14.2,606,Trea Turner,Connor Prielipp,2.0,SS,7:10p,1786835400000.0,False,False,,,,,PHI,R,L
2026-08-15,663757,680755,NYY@TOR,Oppo Fastball Hunter (LH),3.77,2.65,1.009,1.0,0.959,3.168,14.1,609,Trent Grisham,Braydon Fisher,1.0,CF,3:07p,1786820820000.0,False,False,,,,,NYY,L,R
2026-08-15,666160,657277,COL@SF,Inside Breaking Ball Specialist (LH),5.21,2.05,1.015,0.994,0.938,3.314,14.0,612,Mickey Moniak,Logan Webb,3.0,DH,4:05p,1786824300000.0,False,False,,,,,COL,L,R
2026-08-15,701538,676282,SD@CLE,Middle Fastball Crusher (LH),3.62,2.9,1.006,1.015,0.981,3.458,14.0,614,Jackson Merrill,Joey Cantillo,5.0,CF,7:10p,1786835400000.0,False,False,,,,,SD,L,L
2026-08-15,672960,693645,NYY@TOR,Oppo Fastball Hunter,4.57,2.55,1.004,1.0,0.9,3.456,14.0,614,Kazuma Okamoto,Cam Schlittler,5.0,3B,3:07p,1786820820000.0,False,False,,,,,TOR,R,R
2026-08-15,677592,571510,STL@CHC,Middle Fastball Crusher,4.01,2.83,0.978,1.012,1.052,3.882,13.9,619,Everson Pereira,Matt Boyd,8.0,CF,2:20p,1786818000000.0,False,False,,,,,STL,R,L
2026-08-15,671739,593958,AZ@ATL,Middle Fastball Crusher (LH),4.02,2.37,1.009,1.012,1.063,3.402,13.8,625,Michael Harris,Eduardo Rodríguez,5.0,CF,7:15p,1786835700000.0,False,False,,,,,ATL,L,L
2026-08-15,680776,683003,BOS@PIT,Middle Fastball Crusher (LH),3.21,3.64,1.016,1.005,0.935,3.662,13.7,632,Jarren Duran,Jared Jones,7.0,LF,7:15p,1786835700000.0,False,False,,,,,BOS,L,R
2026-08-15,663886,687473,MIA@CIN,Middle Fastball Crusher,3.22,2.89,1.011,1.015,1.016,3.184,13.5,643,Tyler Stephenson,Ryan Gusto,4.0,C,6:40p,1786833600000.0,False,False,,,,,CIN,R,R
2026-08-15,521692,672282,KC@LAA,Middle Fastball Crusher,3.3,3.06,1.003,1.039,0.917,3.178,13.4,645,Salvador Pérez,Reid Detmers,4.0,DH,9:38p,1786844280000.0,True,False,,,,,KC,R,L
2026-08-15,669394,669372,TEX@ATH,Middle Fastball Crusher,4.02,2.67,1.006,1.03,0.981,3.579,13.4,648,Jake Burger,J. T. Ginn,7.0,1B,9:40p,1786844400000.0,True,False,,,,,TEX,R,R
2026-08-15,668939,683003,BOS@PIT,Middle Fastball Crusher,2.79,3.64,1.007,1.005,0.935,3.156,13.4,646,Adley Rutschman,Jared Jones,3.0,C,7:15p,1786835700000.0,False,False,,,,,BOS,R,R
2026-08-15,650402,641743,CWS@DET,Middle Fastball Crusher,2.85,2.92,0.979,1.015,1.092,2.961,13.2,656,Gleyber Torres,Anthony Kay,1.0,2B,1:10p,1786813800000.0,False,False,,,,,DET,R,L
2026-08-15,663993,593974,SD@CLE,Oppo Fastball Hunter (LH),4.13,2.34,1.011,1.015,0.988,3.228,13.1,661,Nathaniel Lowe,Wandy Peralta,5.0,1B,7:10p,1786835400000.0,False,False,,,,,CLE,L,L
2026-08-15,645277,593958,AZ@ATL,Middle Fastball Crusher,3.68,2.37,0.991,1.012,1.063,3.06,13.0,672,Ozzie Albies,Eduardo Rodríguez,4.0,2B,7:15p,1786835700000.0,False,False,,,,,ATL,R,L
2026-08-15,514888,676106,SEA@HOU,Middle Fastball Crusher,3.11,3.05,1.034,1.0,0.987,3.187,13.0,671,José Altuve,Emerson Hancock,5.0,2B,7:10p,1786835400000.0,False,False,,,,,HOU,R,R
2026-08-15,666211,676106,SEA@HOU,Oppo Fastball Hunter (LH),3.39,3.05,1.025,1.0,0.987,3.444,12.9,676,Taylor Trammell,Emerson Hancock,7.0,LF,7:10p,1786835400000.0,False,False,,,,,HOU,L,R
2026-08-15,701358,676106,SEA@HOU,Middle Fastball Crusher,3.49,3.05,1.034,1.0,0.987,3.574,12.9,678,Cam Smith,Emerson Hancock,8.0,RF,7:10p,1786835400000.0,False,False,,,,,HOU,R,R
2026-08-15,605141,694819,MIL@LAD,Inside Breaking Ball Specialist,3.89,2.69,1.001,1.019,0.9,3.159,12.9,677,Mookie Betts,Jacob Misiorowski,5.0,SS,7:15p,1786835700000.0,False,False,,,,,LAD,R,R
2026-08-15,702332,683003,BOS@PIT,Middle Fastball Crusher,2.81,3.64,1.007,1.005,0.935,3.176,12.5,700,Caleb Durbin,Jared Jones,6.0,3B,7:15p,1786835700000.0,False,False,,,,,BOS,R,R
2026-08-15,543760,695418,WSH@NYM,Middle Fastball Crusher,3.34,2.81,0.991,1.024,1.004,3.141,12.4,708,Marcus Semien,Brad Lord,6.0,2B,4:10p,1786824600000.0,False,False,,,,,NYM,R,R
2026-08-15,682626,695418,WSH@NYM,Oppo Fastball Hunter,3.83,2.81,0.99,1.024,1.004,3.592,12.3,714,Francisco Álvarez,Brad Lord,9.0,C,4:10p,1786824600000.0,False,False,,,,,NYM,R,R
2026-08-15,665862,680755,NYY@TOR,Middle Fastball Crusher (LH),3.66,2.65,1.004,1.0,0.959,3.066,12.1,727,Jazz Chisholm,Braydon Fisher,6.0,2B,3:07p,1786820820000.0,False,False,,,,,NYY,L,R
2026-08-15,677951,672282,KC@LAA,Middle Slider Crusher,2.88,3.06,1.003,1.039,0.917,2.772,12.1,725,Bobby Witt,Reid Detmers,2.0,SS,9:38p,1786844280000.0,True,False,,,,,KC,R,L
2026-08-15,650490,680694,BAL@TB,Oppo Fastball Hunter,3.25,2.56,1.0,1.0,0.977,2.676,12.0,732,Yandy Díaz,Kyle Bradish,1.0,DH,6:10p,1786831800000.0,False,False,,,,,TB,R,R
2026-08-15,664761,687570,PHI@MIN,Oppo Fastball Hunter,2.77,3.07,1.009,1.024,1.003,2.898,11.9,744,Alec Bohm,Connor Prielipp,5.0,1B,7:10p,1786835400000.0,False,False,,,,,PHI,R,L
2026-08-15,695734,640455,WSH@NYM,Inside Breaking Ball Specialist (LH),2.98,3.06,0.992,1.024,1.032,3.148,11.8,745,Daylen Lile,Sean Manaea,7.0,DH,4:10p,1786824600000.0,False,False,,,,,WSH,L,L
2026-08-15,702616,693855,BAL@TB,Middle Slider Crusher (LH),2.71,3.35,1.0,1.0,0.924,2.761,11.8,747,Jackson Holliday,Ian Seymour,3.0,2B,6:10p,1786831800000.0,False,False,,,,,BAL,L,L
2026-08-15,666176,593974,SD@CLE,Middle Slider Crusher,3.5,2.34,1.015,1.015,0.988,2.743,11.7,756,Jo Adell,Wandy Peralta,4.0,RF,7:10p,1786835400000.0,False,False,,,,,CLE,R,L
2026-08-15,672640,663903,MIA@CIN,Middle Fastball Crusher,1.99,3.9,1.011,1.015,1.085,2.834,11.6,762,Otto Lopez,Brady Singer,5.0,SS,6:40p,1786833600000.0,False,False,,,,,MIA,R,R
2026-08-15,696285,640455,WSH@NYM,Middle Fastball Crusher,2.79,3.06,0.991,1.024,1.032,2.942,11.6,760,Jacob Young,Sean Manaea,6.0,CF,4:10p,1786824600000.0,False,False,,,,,WSH,R,L
2026-08-15,683734,680736,MIL@LAD,Inside Breaking Ball Specialist,2.31,3.35,1.001,1.019,1.046,2.72,11.6,759,Andrew Vaughn,Justin Wrobleski,3.0,3B,7:15p,1786835700000.0,False,False,,,,,MIL,R,L
2026-08-15,682622,687473,MIA@CIN,Inside Breaking Ball Specialist,3.06,2.89,1.012,1.015,1.016,3.033,11.4,776,Noelvi Marte,Ryan Gusto,7.0,RF,6:40p,1786833600000.0,False,False,,,,,CIN,R,R
2026-08-15,686681,672282,KC@LAA,Inside Breaking Ball Specialist (LH),2.99,3.06,1.002,1.039,0.917,2.871,11.4,780,Michael Massey,Reid Detmers,6.0,2B,9:38p,1786844280000.0,True,False,,,,,KC,L,L
2026-08-15,687462,543243,BOS@PIT,Middle Slider Crusher (LH),3.0,2.66,1.016,1.005,0.935,2.5,11.3,788,Spencer Horwitz,Sonny Gray,1.0,1B,7:15p,1786835700000.0,False,False,,,,,PIT,L,R
2026-08-15,663457,656550,AZ@ATL,Inside Breaking Ball Specialist (LH),1.97,3.54,1.009,1.012,1.06,2.487,11.2,792,Lars Nootbaar,Grant Holmes,1.0,DH,7:15p,1786835700000.0,False,False,,,,,AZ,L,R
2026-08-15,643217,675512,CWS@DET,High Zone Fastball Hitter (LH),3.24,2.75,0.97,1.015,0.9,2.594,11.1,803,Andrew Benintendi,Troy Melton,4.0,DH,1:10p,1786813800000.0,False,False,,,,,CWS,L,R
2026-08-15,624641,687570,PHI@MIN,Middle Fastball Crusher,2.74,3.07,0.99,1.024,1.003,2.81,11.1,799,Edmundo Sosa,Connor Prielipp,6.0,LF,7:10p,1786835400000.0,False,False,,,,,PHI,R,L
2026-08-15,666139,677976,KC@LAA,Middle Fastball Crusher (LH),3.52,2.16,1.006,1.039,1.064,2.781,11.0,808,Josh Lowe,Randy Dobnak,6.0,RF,9:38p,1786844280000.0,True,False,,,,,LAA,L,R
2026-08-15,592885,680736,MIL@LAD,Middle Slider Crusher (LH),2.36,3.35,0.996,1.019,1.046,2.764,11.0,813,Christian Yelich,Justin Wrobleski,6.0,DH,7:15p,1786835700000.0,False,False,,,,,MIL,L,L
2026-08-15,677649,669372,TEX@ATH,Middle Fastball Crusher,3.0,2.67,1.006,1.03,0.981,2.665,10.9,814,Ezequiel Duran,J. T. Ginn,5.0,3B,9:40p,1786844400000.0,True,False,,,,,TEX,R,R
2026-08-15,671056,571510,STL@CHC,Middle Slider Crusher,2.53,2.83,0.978,1.012,1.052,2.449,10.8,828,Iván Herrera,Matt Boyd,2.0,DH,2:20p,1786818000000.0,False,False,,,,,STL,R,L
2026-08-15,807799,683003,BOS@PIT,Middle Fastball Crusher (LH),2.09,3.64,1.016,1.005,0.935,2.382,10.8,830,Masataka Yoshida,Jared Jones,1.0,DH,7:15p,1786835700000.0,False,False,,,,,BOS,L,R
2026-08-15,680777,666200,PHI@MIN,Middle Fastball Crusher,3.75,2.22,0.99,1.024,0.9,2.497,10.7,832,Ryan Jeffers,Jesús Luzardo,3.0,C,7:10p,1786835400000.0,False,False,,,,,MIN,R,L
2026-08-15,661388,680736,MIL@LAD,Middle Fastball Crusher,2.41,3.35,1.001,1.019,1.046,2.828,10.7,836,William Contreras,Justin Wrobleski,7.0,C,7:15p,1786835700000.0,False,False,,,,,MIL,R,L
2026-08-15,805300,663903,MIA@CIN,Middle Slider Crusher (LH),1.64,3.9,1.011,1.015,1.085,2.335,10.6,848,Jakob Marsee,Brady Singer,1.0,CF,6:40p,1786833600000.0,False,False,,,,,MIA,L,R
2026-08-15,518692,694819,MIL@LAD,Middle Fastball Crusher (LH),2.97,2.69,0.996,1.019,0.9,2.394,10.5,848,Freddie Freeman,Jacob Misiorowski,2.0,1B,7:15p,1786835700000.0,False,False,,,,,LAD,L,R
2026-08-15,688363,663903,MIA@CIN,Oppo Fastball Hunter (LH),2.03,3.9,1.011,1.015,1.085,2.899,10.5,850,Graham Pauley,Brady Singer,8.0,3B,6:40p,1786833600000.0,False,False,,,,,MIA,L,R
2026-08-15,655316,683003,BOS@PIT,Middle Slider Crusher,2.51,3.64,1.007,1.005,0.935,2.838,10.3,869,Andruw Monasterio,Jared Jones,8.0,SS,7:15p,1786835700000.0,False,False,,,,,BOS,R,R
2026-08-15,657041,593958,AZ@ATL,Oppo Fastball Hunter,3.18,2.37,1.009,1.012,1.063,2.688,10.2,883,Lane Thomas,Eduardo Rodríguez,7.0,LF,7:15p,1786835700000.0,False,False,,,,,ATL,R,L
2026-08-15,668804,543243,BOS@PIT,Middle Fastball Crusher,2.83,2.66,1.007,1.005,0.935,2.334,10.1,894,Bryan Reynolds,Sonny Gray,3.0,DH,7:15p,1786835700000.0,False,False,,,,,PIT,R,R
2026-08-15,671218,680755,NYY@TOR,Inside Breaking Ball Specialist,2.78,2.65,1.01,1.0,0.959,2.343,10.1,891,Heliot Ramos,Braydon Fisher,3.0,LF,3:07p,1786820820000.0,False,False,,,,,NYY,R,R
2026-08-15,656775,680694,BAL@TB,Middle Slider Crusher (LH),3.2,2.56,1.0,1.0,0.977,2.63,10.0,904,Cedric Mullins,Kyle Bradish,7.0,CF,6:10p,1786831800000.0,False,False,,,,,TB,L,R
2026-08-15,665804,700241,STL@CHC,Middle Slider Crusher,2.41,3.25,0.978,1.012,1.12,2.86,9.9,913,Miguel Amaya,Michael Mcgreevy,9.0,C,2:20p,1786818000000.0,False,False,,,,,CHC,R,R
2026-08-15,691777,669022,TEX@ATH,Oppo Fastball Hunter,2.7,3.0,1.009,1.03,0.952,2.625,9.9,906,Max Muncy,Mackenzie Gore,7.0,3B,9:40p,1786844400000.0,True,False,,,,,ATH,R,L
2026-08-15,668904,666200,PHI@MIN,Middle Fastball Crusher,3.46,2.22,0.99,1.024,0.9,2.305,9.9,911,Royce Lewis,Jesús Luzardo,4.0,1B,7:10p,1786835400000.0,False,False,,,,,MIN,R,L
2026-08-15,606192,694819,MIL@LAD,Middle Fastball Crusher,3.2,2.69,1.001,1.019,0.9,2.596,9.8,917,Teoscar Hernández,Jacob Misiorowski,7.0,LF,7:15p,1786835700000.0,False,False,,,,,LAD,R,R
2026-08-15,666182,695418,WSH@NYM,Middle Fastball Crusher,2.42,2.81,0.991,1.024,1.004,2.269,9.8,922,Bo Bichette,Brad Lord,3.0,3B,4:10p,1786824600000.0,False,False,,,,,NYM,R,R
2026-08-15,660821,693645,NYY@TOR,Inside Breaking Ball Specialist (LH),3.03,2.55,1.003,1.0,0.9,2.292,9.8,917,Jesús Sánchez,Cam Schlittler,4.0,LF,3:07p,1786820820000.0,False,False,,,,,TOR,L,R
2026-08-15,669364,663903,MIA@CIN,Middle Fastball Crusher (LH),1.52,3.9,1.011,1.015,1.085,2.173,9.6,941,Xavier Edwards,Brady Singer,2.0,2B,6:40p,1786833600000.0,False,False,,,,,MIA,L,R
2026-08-15,662139,676106,SEA@HOU,Oppo Fastball Hunter (LH),2.21,3.05,1.025,1.0,0.987,2.24,9.6,939,Daulton Varsho,Emerson Hancock,4.0,CF,7:10p,1786835400000.0,False,False,,,,,HOU,L,R
2026-08-15,663586,593958,AZ@ATL,High Zone Fastball Hitter,3.08,2.37,1.004,1.012,1.063,2.595,9.5,957,Austin Riley,Eduardo Rodríguez,8.0,3B,7:15p,1786835700000.0,False,False,,,,,ATL,R,L
2026-08-15,672386,693645,NYY@TOR,Oppo Fastball Hunter,2.87,2.55,1.004,1.0,0.9,2.166,9.4,968,Alejandro Kirk,Cam Schlittler,3.0,DH,3:07p,1786820820000.0,False,False,,,,,TOR,R,R
2026-08-15,605137,666200,PHI@MIN,Middle Fastball Crusher (LH),3.28,2.22,1.009,1.024,0.9,2.222,9.2,988,Josh Bell,Jesús Luzardo,5.0,DH,7:10p,1786835400000.0,False,False,,,,,MIN,L,L
2026-08-15,663647,687473,MIA@CIN,Inside Breaking Ball Specialist,2.53,2.89,1.012,1.015,1.016,2.5,9.1,995,Ke'Bryan Hayes,Ryan Gusto,8.0,3B,6:40p,1786833600000.0,False,False,,,,,CIN,R,R
2026-08-15,687401,680736,MIL@LAD,Middle Fastball Crusher,2.09,3.35,1.001,1.019,1.046,2.451,9.0,1017,Joey Ortiz,Justin Wrobleski,8.0,SS,7:15p,1786835700000.0,False,False,,,,,MIL,R,L
2026-08-15,679845,672282,KC@LAA,Oppo Fastball Hunter,2.05,3.06,1.006,1.039,0.917,1.974,9.0,1014,Nick Loftin,Reid Detmers,1.0,3B,9:38p,1786844280000.0,True,False,,,,,KC,R,L
2026-08-15,694497,669372,TEX@ATH,Middle Fastball Crusher (LH),2.49,2.67,1.009,1.03,0.981,2.222,8.9,1026,Evan Carter,J. T. Ginn,6.0,CF,9:40p,1786844400000.0,True,False,,,,,TEX,L,R
2026-08-15,686797,666200,PHI@MIN,Middle Fastball Crusher,3.49,2.22,0.99,1.024,0.9,2.322,8.8,1032,Brooks Lee,Jesús Luzardo,7.0,3B,7:10p,1786835400000.0,False,False,,,,,MIN,R,L
2026-08-15,664983,657277,COL@SF,Middle Fastball Crusher (LH),3.1,2.05,0.993,0.994,0.938,1.931,8.8,1037,Jake Mccarthy,Logan Webb,1.0,LF,4:05p,1786824300000.0,False,False,,,,,COL,L,R
2026-08-15,593428,676282,SD@CLE,Middle Fastball Crusher,2.51,2.9,1.015,1.015,0.981,2.419,8.8,1031,Xander Bogaerts,Joey Cantillo,8.0,SS,7:10p,1786835400000.0,False,False,,,,,SD,R,L
2026-08-15,543877,676106,SEA@HOU,Middle Slider Crusher,2.49,3.05,1.034,1.0,0.987,2.546,8.8,1033,Christian Vázquez,Emerson Hancock,9.0,C,7:10p,1786835400000.0,False,False,,,,,HOU,R,R
2026-08-15,686780,571510,STL@CHC,Middle Fastball Crusher,2.59,2.83,0.978,1.012,1.052,2.505,8.7,1051,Pedro Pagés,Matt Boyd,9.0,C,2:20p,1786818000000.0,False,False,,,,,STL,R,L
2026-08-15,595879,641743,CWS@DET,Middle Fastball Crusher,2.27,2.92,0.979,1.015,1.092,2.359,8.6,1058,Javier Báez,Anthony Kay,8.0,CF,1:10p,1786813800000.0,False,False,,,,,DET,R,L
2026-08-15,669224,680755,NYY@TOR,Oppo Fastball Hunter (LH),2.96,2.65,1.009,1.0,0.959,2.489,8.6,1058,Austin Wells,Braydon Fisher,9.0,C,3:07p,1786820820000.0,False,False,,,,,NYY,L,R
2026-08-15,683146,695418,WSH@NYM,Middle Fastball Crusher (LH),2.33,2.81,0.99,1.024,1.004,2.183,8.3,1102,Brett Baty,Brad Lord,7.0,LF,4:10p,1786824600000.0,False,False,,,,,NYM,L,R
2026-08-15,650489,657277,COL@SF,Middle Fastball Crusher,3.11,2.05,0.988,0.994,0.938,1.925,8.0,1150,Willi Castro,Logan Webb,5.0,3B,4:05p,1786824300000.0,False,False,,,,,COL,R,R
2026-08-15,666023,676282,SD@CLE,Inside Breaking Ball Specialist,2.35,2.9,1.018,1.015,0.981,2.27,7.9,1166,Freddy Fermin,Joey Cantillo,9.0,C,7:10p,1786835400000.0,False,False,,,,,SD,R,L
2026-08-15,663538,700241,STL@CHC,Middle Fastball Crusher,1.64,3.25,0.978,1.012,1.12,1.941,7.8,1183,Nico Hoerner,Michael Mcgreevy,6.0,SS,2:20p,1786818000000.0,False,False,,,,,CHC,R,R
2026-08-15,643289,593958,AZ@ATL,Oppo Fastball Hunter,2.31,2.37,1.009,1.012,1.063,1.954,7.8,1175,Mauricio Dubón,Eduardo Rodríguez,6.0,SS,7:15p,1786835700000.0,False,False,,,,,ATL,R,L
2026-08-15,667472,687473,MIA@CIN,Middle Slider Crusher,1.96,2.89,1.011,1.015,1.016,1.935,7.8,1187,Dane Myers,Ryan Gusto,6.0,CF,6:40p,1786833600000.0,False,False,,,,,CIN,R,R
2026-08-15,593871,695418,WSH@NYM,Middle Fastball Crusher (LH),2.23,2.81,0.99,1.024,1.004,2.089,7.7,1204,Jorge Polanco,Brad Lord,8.0,DH,4:10p,1786824600000.0,False,False,,,,,NYM,L,R
2026-08-15,668670,675512,CWS@DET,Middle Fastball Crusher,2.7,2.75,0.979,1.015,0.9,2.185,7.6,1214,Jake Rogers,Troy Melton,9.0,C,1:10p,1786813800000.0,False,False,,,,,CWS,R,R
2026-08-15,642851,669372,TEX@ATH,Oppo Fastball Hunter,2.28,2.67,1.009,1.03,0.981,2.036,7.5,1237,Austin Wynns,J. T. Ginn,8.0,C,9:40p,1786844400000.0,True,False,,,,,TEX,R,R
2026-08-15,664770,693645,NYY@TOR,Oppo Fastball Hunter (LH),2.22,2.55,1.009,1.0,0.9,1.686,7.5,1230,Nathan Lukes,Cam Schlittler,2.0,RF,3:07p,1786820820000.0,False,False,,,,,TOR,L,R
2026-08-15,686555,672282,KC@LAA,Inside Breaking Ball Specialist,1.84,3.06,1.004,1.039,0.917,1.771,7.4,1255,Isaac Collins,Reid Detmers,5.0,LF,9:38p,1786844280000.0,True,False,,,,,KC,R,L
2026-08-15,672275,593974,SD@CLE,Inside Breaking Ball Specialist (LH),2.59,2.34,1.008,1.015,0.988,2.015,7.4,1250,Patrick Bailey,Wandy Peralta,8.0,C,7:10p,1786835400000.0,False,False,,,,,CLE,L,L
2026-08-15,630105,676282,SD@CLE,Oppo Fastball Hunter (LH),1.69,2.9,1.011,1.015,0.981,1.626,7.3,1277,Jake Cronenworth,Joey Cantillo,2.0,2B,7:10p,1786835400000.0,False,False,,,,,SD,L,L
2026-08-15,516782,672282,KC@LAA,Middle Fastball Crusher,1.98,3.06,1.003,1.039,0.917,1.908,7.3,1269,Starling Marte,Reid Detmers,7.0,RF,9:38p,1786844280000.0,True,False,,,,,KC,R,L
2026-08-15,665966,693855,BAL@TB,Middle Slider Crusher,1.93,3.35,1.0,1.0,0.924,1.969,6.9,1354,Carlos Narváez,Ian Seymour,9.0,C,6:10p,1786831800000.0,False,False,,,,,BAL,R,L
2026-08-15,665926,693645,NYY@TOR,Middle Slider Crusher (LH),2.23,2.55,1.004,1.0,0.9,1.685,6.8,1373,Andrés Giménez,Cam Schlittler,6.0,SS,3:07p,1786820820000.0,False,False,,,,,TOR,L,R
2026-08-15,680700,680694,BAL@TB,Oppo Fastball Hunter (LH),2.1,2.56,1.0,1.0,0.977,1.724,6.4,1471,Richie Palacios,Kyle Bradish,8.0,2B,6:10p,1786831800000.0,False,False,,,,,TB,L,R
2026-08-15,691026,571510,STL@CHC,Middle Slider Crusher,1.32,2.83,0.978,1.012,1.052,1.274,5.2,1835,Masyn Winn,Matt Boyd,6.0,SS,2:20p,1786818000000.0,False,False,,,,,STL,R,L
2026-08-15,669743,694819,MIL@LAD,Middle Slider Crusher,1.72,2.69,1.001,1.019,0.9,1.398,5.2,1829,Alex Call,Jacob Misiorowski,8.0,RF,7:15p,1786835700000.0,False,False,,,,,LAD,R,R
2026-08-15,678662,657277,COL@SF,Middle Slider Crusher,2.38,2.05,0.988,0.994,0.938,1.476,5.2,1827,Ezequiel Tovar,Logan Webb,9.0,SS,4:05p,1786824300000.0,False,False,,,,,COL,R,R
2026-08-15,681393,657277,COL@SF,Oppo Fastball Hunter,2.1,2.05,0.993,0.994,0.938,1.309,5.1,1878,Connor Norby,Logan Webb,7.0,2B,4:05p,1786824300000.0,False,False,,,,,COL,R,R
2026-08-15,807712,666200,PHI@MIN,Oppo Fastball Hunter,1.87,2.22,1.009,1.024,0.9,1.268,5.1,1844,Luke Keaschall,Jesús Luzardo,6.0,RF,7:10p,1786835400000.0,False,False,,,,,MIN,R,L
2026-08-15,663968,543243,BOS@PIT,Inside Breaking Ball Specialist,1.57,2.66,1.012,1.005,0.935,1.304,5.0,1885,Jake Mangum,Sonny Gray,7.0,CF,7:15p,1786835700000.0,False,False,,,,,PIT,R,R
2026-08-15,623168,677976,KC@LAA,Oppo Fastball Hunter,1.76,2.16,1.006,1.039,1.064,1.391,4.9,1943,Tyler Heineman,Randy Dobnak,9.0,C,9:38p,1786844280000.0,True,False,,,,,LAA,R,R
2026-08-15,668885,666200,PHI@MIN,Middle Fastball Crusher,1.48,2.22,0.99,1.024,0.9,0.982,4.6,2098,Austin Martin,Jesús Luzardo,1.0,LF,7:10p,1786835400000.0,False,False,,,,,MIN,R,L
2026-08-15,669707,543243,BOS@PIT,Middle Slider Crusher,1.43,2.66,1.007,1.005,0.935,1.185,4.2,2291,Jared Triolo,Sonny Gray,9.0,3B,7:15p,1786835700000.0,False,False,,,,,PIT,R,R
2026-08-15,683083,640455,WSH@NYM,Middle Fastball Crusher,0.89,3.06,0.991,1.024,1.032,0.936,3.5,2763,Nasim Nuñez,Sean Manaea,8.0,2B,4:10p,1786824600000.0,False,False,,,,,WSH,R,L
2026-08-15,670764,680694,BAL@TB,Middle Fastball Crusher (LH),1.22,2.56,1.0,1.0,0.977,1.002,3.5,2720,Taylor Walls,Kyle Bradish,9.0,SS,6:10p,1786831800000.0,False,False,,,,,TB,L,R
2026-08-16,656941,665152,PHI@MIN,Middle Slider Crusher (LH),6.28,4.8,1.009,0.987,1.007,9.948,39.0,156,Kyle Schwarber,Dean Kremer,1.0,DH,2:10p,1786903800000.0,False,False,,,,,PHI,L,R
2026-08-16,621439,691725,PHI@MIN,Oppo Fastball Hunter,5.84,3.84,1.009,0.987,1.076,7.882,31.4,218,Byron Buxton,Andrew Painter,2.0,CF,2:10p,1786903800000.0,False,False,,,,,MIN,R,R
2026-08-16,695506,696270,KC@LAA,Middle Fastball Crusher (LH),4.53,4.64,1.006,1.0,1.12,7.789,30.5,228,Jac Caglianone,Ryan Johnson,3.0,1B,4:07p,1786910820000.0,False,False,,,,,KC,L,R
2026-08-16,547180,665152,PHI@MIN,Middle Fastball Crusher (LH),4.42,4.8,1.009,0.987,1.007,7.0,27.8,260,Bryce Harper,Dean Kremer,3.0,RF,2:10p,1786903800000.0,False,False,,,,,PHI,L,R
2026-08-16,695600,696270,KC@LAA,Middle Fastball Crusher (LH),3.42,4.64,1.006,1.0,1.12,5.874,24.9,302,Carter Jensen,Ryan Johnson,1.0,C,4:07p,1786910820000.0,False,False,,,,,KC,L,R
2026-08-16,691023,665795,STL@CHC,Middle Fastball Crusher,4.25,4.04,0.978,1.002,1.067,5.908,23.8,320,Jordan Walker,Edward Cabrera,4.0,RF,3:15p,1786907700000.0,False,False,,,,,STL,R,R
2026-08-16,665019,691725,PHI@MIN,Middle Fastball Crusher (LH),4.28,3.84,1.009,0.987,1.076,5.777,23.3,329,Kody Clemens,Andrew Painter,4.0,2B,2:10p,1786903800000.0,False,False,,,,,MIN,L,R
2026-08-16,521692,696270,KC@LAA,Middle Fastball Crusher,3.29,4.64,1.003,1.0,1.12,5.631,22.8,339,Salvador Pérez,Ryan Johnson,4.0,DH,4:07p,1786910820000.0,False,False,,,,,KC,R,R
2026-08-16,664034,676440,SD@CLE,Inside Breaking Ball Specialist,4.39,3.74,1.018,0.997,1.013,5.561,22.5,344,Ty France,Tanner Bibee,4.0,1B,1:40p,1786902000000.0,False,False,,,,,SD,R,R
2026-08-16,660271,701656,MIL@LAD,Middle Fastball Crusher (LH),4.77,3.7,0.996,1.0,0.9,5.199,22.3,349,Shohei Ohtani,Logan Henderson,1.0,DH,4:10p,1786911000000.0,False,False,,,,,LAD,L,R
2026-08-16,624413,642547,BAL@TB,Oppo Fastball Hunter,4.68,3.48,1.0,1.0,0.983,5.27,22.0,354,Pete Alonso,Freddy Peralta,2.0,DH,12:15p,1786896900000.0,False,False,,,,,BAL,R,R
2026-08-16,592518,676440,SD@CLE,Middle Slider Crusher,4.2,3.74,1.015,0.997,1.013,5.296,21.7,362,Manny Machado,Tanner Bibee,3.0,DH,1:40p,1786902000000.0,False,False,,,,,SD,R,R
2026-08-16,571970,701656,MIL@LAD,Oppo Fastball Hunter (LH),4.87,3.7,1.001,1.0,0.9,5.332,21.7,361,Max Muncy,Logan Henderson,4.0,3B,4:10p,1786911000000.0,False,False,,,,,LAD,L,R
2026-08-16,677800,669199,BOS@PIT,Inside Breaking Ball Specialist (LH),3.99,3.94,1.02,1.013,0.941,5.03,20.7,384,Wilyer Abreu,Lake Bachar,3.0,RF,1:35p,1786901700000.0,False,False,,,,,BOS,L,R
2026-08-16,677951,696270,KC@LAA,Middle Slider Crusher,2.87,4.64,1.003,1.0,1.12,4.911,20.7,384,Bobby Witt,Ryan Johnson,2.0,SS,4:07p,1786910820000.0,False,False,,,,,KC,R,R
2026-08-16,686681,696270,KC@LAA,Inside Breaking Ball Specialist (LH),2.97,4.64,1.002,1.0,1.12,5.08,20.0,399,Michael Massey,Ryan Johnson,5.0,2B,4:07p,1786910820000.0,False,False,,,,,KC,L,R
2026-08-16,670541,693433,SEA@HOU,Inside Breaking Ball Specialist (LH),6.02,2.54,1.005,1.0,0.932,4.703,19.9,403,Yordan Álvarez,Bryan Woo,2.0,LF,7:20p,1786922400000.0,False,False,,,,,HOU,L,R
2026-08-16,691406,669432,BAL@TB,Oppo Fastball Hunter,5.86,2.53,1.0,1.0,0.967,4.724,19.5,412,Junior Caminero,Trevor Rogers,3.0,3B,12:15p,1786896900000.0,False,False,,,,,TB,R,L
2026-08-16,672960,677960,NYY@TOR,Oppo Fastball Hunter,4.54,3.34,1.004,1.0,1.01,5.058,19.3,417,Kazuma Okamoto,Ryan Weathers,6.0,3B,1:37p,1786901820000.0,False,False,,,,,TOR,R,L
2026-08-16,606466,693821,AZ@ATL,Inside Breaking Ball Specialist,3.88,3.62,0.99,1.013,0.99,4.588,18.9,429,Ketel Marte,Bryce Elder,4.0,2B,1:35p,1786901700000.0,False,False,,,,,AZ,R,R
2026-08-16,678246,623454,CWS@DET,Middle Fastball Crusher,4.73,3.19,0.979,1.001,0.927,4.501,18.7,436,Miguel Vargas,Drew Anderson,3.0,3B,1:40p,1786902000000.0,False,False,,,,,CWS,R,R
2026-08-16,605137,691725,PHI@MIN,Middle Fastball Crusher (LH),3.25,3.84,1.009,0.987,1.076,4.395,18.3,448,Josh Bell,Andrew Painter,3.0,DH,2:10p,1786903800000.0,False,False,,,,,MIN,L,R
2026-08-16,669394,682052,TEX@ATH,Middle Fastball Crusher,3.99,3.56,1.006,1.021,0.912,4.376,18.1,452,Jake Burger,Jacob Lopez,4.0,1B,4:05p,1786910700000.0,False,False,,,,,TEX,R,L
2026-08-16,668904,691725,PHI@MIN,Middle Fastball Crusher,3.43,3.84,0.99,0.987,1.076,4.55,18.1,452,Royce Lewis,Andrew Painter,5.0,1B,2:10p,1786903800000.0,False,False,,,,,MIN,R,R
2026-08-16,664040,663776,BOS@PIT,Middle Fastball Crusher (LH),4.67,2.64,1.016,1.013,1.044,4.359,18.0,454,Brandon Lowe,Patrick Sandoval,4.0,2B,1:35p,1786901700000.0,False,False,,,,,PIT,L,L
2026-08-16,701538,676440,SD@CLE,Middle Fastball Crusher (LH),3.6,3.74,1.006,0.997,1.013,4.504,17.9,457,Jackson Merrill,Tanner Bibee,5.0,CF,1:40p,1786902000000.0,False,False,,,,,SD,L,R
2026-08-16,686527,686613,SEA@HOU,Middle Slider Crusher (LH),4.65,2.98,1.004,1.0,0.94,4.307,17.9,458,Dominic Canzone,Hunter Brown,3.0,RF,7:20p,1786922400000.0,False,False,,,,,SEA,L,R
2026-08-16,695657,623454,CWS@DET,Oppo Fastball Hunter (LH),4.84,3.19,0.983,1.001,0.927,4.629,17.8,461,Colson Montgomery,Drew Anderson,6.0,SS,1:40p,1786902000000.0,False,False,,,,,CWS,L,R
2026-08-16,686797,691725,PHI@MIN,Middle Fastball Crusher,3.46,3.84,0.99,0.987,1.076,4.592,17.7,466,Brooks Lee,Andrew Painter,6.0,3B,2:10p,1786903800000.0,False,False,,,,,MIN,R,R
2026-08-16,701398,691587,MIA@CIN,Middle Fastball Crusher,4.57,2.82,1.011,1.014,0.938,4.072,17.4,475,Sal Stewart,Eury Pérez,2.0,1B,1:40p,1786902000000.0,False,False,,,,,CIN,R,R
2026-08-16,664761,665152,PHI@MIN,Oppo Fastball Hunter,2.75,4.8,1.009,0.987,1.007,4.35,17.4,476,Alec Bohm,Dean Kremer,5.0,1B,2:10p,1786903800000.0,False,False,,,,,PHI,R,R
2026-08-16,621566,647336,AZ@ATL,Middle Fastball Crusher (LH),5.88,2.1,1.009,1.013,0.999,4.154,17.3,477,Matt Olson,Michael Soroka,3.0,1B,1:35p,1786901700000.0,False,False,,,,,ATL,L,R
2026-08-16,682998,693821,AZ@ATL,Oppo Fastball Hunter (LH),3.37,3.62,1.0,1.013,0.99,4.026,17.2,481,Corbin Carroll,Bryce Elder,2.0,RF,1:35p,1786901700000.0,False,False,,,,,AZ,L,R
2026-08-16,673357,663623,WSH@NYM,Inside Breaking Ball Specialist,3.32,3.57,0.991,1.032,1.118,4.449,17.2,482,Luis Robert,Jake Irvin,6.0,LF,1:40p,1786902000000.0,False,False,,,,,NYM,R,R
2026-08-16,691723,642547,BAL@TB,Middle Fastball Crusher,4.3,3.48,1.0,1.0,0.983,4.839,17.1,485,Coby Mayo,Freddy Peralta,8.0,1B,12:15p,1786896900000.0,False,False,,,,,BAL,R,R
2026-08-16,668709,691587,MIA@CIN,Middle Fastball Crusher (LH),4.6,2.82,1.011,1.014,0.938,4.101,17.1,484,Jj Bleday,Eury Pérez,3.0,LF,1:40p,1786902000000.0,False,False,,,,,CIN,L,R
2026-08-16,693307,680732,CWS@DET,Middle Slider Crusher,4.91,2.78,0.979,1.001,0.927,4.073,17.0,487,Dillon Dingler,Sean Burke,3.0,C,1:40p,1786902000000.0,False,False,,,,,DET,R,R
2026-08-16,678882,669199,BOS@PIT,Middle Slider Crusher,3.2,3.94,1.007,1.013,0.941,3.984,17.0,487,Ceddanne Rafaela,Lake Bachar,2.0,CF,1:35p,1786901700000.0,False,False,,,,,BOS,R,R
2026-08-16,605141,701656,MIL@LAD,Inside Breaking Ball Specialist,3.86,3.7,1.001,1.0,0.9,4.226,16.9,491,Mookie Betts,Logan Henderson,5.0,SS,4:10p,1786911000000.0,False,False,,,,,LAD,R,R
2026-08-16,657757,676440,SD@CLE,Middle Fastball Crusher (LH),3.64,3.74,1.006,0.997,1.013,4.547,16.7,497,Gavin Sheets,Tanner Bibee,7.0,LF,1:40p,1786902000000.0,False,False,,,,,SD,L,R
2026-08-16,553993,691587,MIA@CIN,Middle Slider Crusher,4.48,2.82,1.011,1.014,0.938,3.996,16.6,501,Eugenio Suárez,Eury Pérez,4.0,DH,1:40p,1786902000000.0,False,False,,,,,CIN,R,R
2026-08-16,683002,642547,BAL@TB,Middle Slider Crusher (LH),3.5,3.48,1.0,1.0,0.983,3.946,16.5,505,Gunnar Henderson,Freddy Peralta,3.0,SS,12:15p,1786896900000.0,False,False,,,,,BAL,L,R
2026-08-16,682829,691587,MIA@CIN,Middle Fastball Crusher,4.06,2.82,1.011,1.014,0.938,3.622,16.0,526,Elly De La Cruz,Eury Pérez,1.0,SS,1:40p,1786902000000.0,False,False,,,,,CIN,R,R
2026-08-16,671056,665795,STL@CHC,Middle Slider Crusher,2.51,4.04,0.978,1.002,1.067,3.485,15.1,564,Iván Herrera,Edward Cabrera,2.0,DH,3:15p,1786907700000.0,False,False,,,,,STL,R,R
2026-08-16,664023,690928,STL@CHC,Middle Fastball Crusher,3.75,3.1,0.978,1.002,0.957,3.586,15.0,565,Ian Happ,Hunter Dobbins,4.0,LF,3:15p,1786907700000.0,False,False,,,,,CHC,R,R
2026-08-16,700250,656302,NYY@TOR,Middle Fastball Crusher (LH),5.74,1.99,1.004,1.0,0.9,3.396,15.0,565,Ben Rice,Dylan Cease,1.0,1B,1:37p,1786901820000.0,False,False,,,,,NYY,L,R
2026-08-16,677594,686613,SEA@HOU,Middle Fastball Crusher,3.71,2.98,1.034,1.0,0.94,3.541,14.9,572,Julio Rodríguez,Hunter Brown,4.0,CF,7:20p,1786922400000.0,False,False,,,,,SEA,R,R
2026-08-16,680776,669199,BOS@PIT,Middle Fastball Crusher (LH),3.18,3.94,1.016,1.013,0.941,4.0,14.8,574,Jarren Duran,Lake Bachar,7.0,LF,1:35p,1786901700000.0,False,False,,,,,BOS,L,R
2026-08-16,668939,669199,BOS@PIT,Middle Fastball Crusher,2.76,3.94,1.007,1.013,0.941,3.436,14.5,592,Adley Rutschman,Lake Bachar,4.0,DH,1:35p,1786901700000.0,False,False,,,,,BOS,R,R
2026-08-16,694192,669373,MIL@LAD,Middle Fastball Crusher,3.92,2.91,1.001,1.0,0.9,3.372,14.3,601,Jackson Chourio,Tarik Skubal,3.0,LF,4:10p,1786911000000.0,False,False,,,,,MIL,R,L
2026-08-16,543807,677960,NYY@TOR,Middle Fastball Crusher,3.04,3.34,1.009,1.0,1.01,3.409,14.3,597,George Springer,Ryan Weathers,4.0,DH,1:37p,1786901820000.0,False,False,,,,,TOR,R,L
2026-08-16,694374,693821,AZ@ATL,Inside Breaking Ball Specialist,3.25,3.62,0.99,1.013,0.99,3.837,14.3,600,Tim Tawa,Bryce Elder,7.0,1B,1:35p,1786901700000.0,False,False,,,,,AZ,R,R
2026-08-16,624641,665152,PHI@MIN,Middle Fastball Crusher,2.69,4.8,0.99,0.987,1.007,4.186,14.2,604,Edmundo Sosa,Dean Kremer,9.0,SS,2:10p,1786903800000.0,False,False,,,,,PHI,R,R
2026-08-16,543510,693821,AZ@ATL,Oppo Fastball Hunter,3.28,3.62,1.009,1.013,0.99,3.955,14.1,607,James Mccann,Bryce Elder,8.0,C,1:35p,1786901700000.0,False,False,,,,,AZ,R,R
2026-08-16,677649,682052,TEX@ATH,Middle Fastball Crusher,2.97,3.56,1.006,1.021,0.912,3.257,14.1,608,Ezequiel Duran,Jacob Lopez,2.0,SS,4:05p,1786910700000.0,False,False,,,,,TEX,R,L
2026-08-16,702332,669199,BOS@PIT,Middle Fastball Crusher,2.78,3.94,1.007,1.013,0.941,3.466,14.0,612,Caleb Durbin,Lake Bachar,5.0,3B,1:35p,1786901700000.0,False,False,,,,,BOS,R,R
2026-08-16,681297,642547,BAL@TB,Middle Fastball Crusher (LH),3.33,3.48,1.0,1.0,0.983,3.749,14.0,616,Colton Cowser,Freddy Peralta,7.0,CF,12:15p,1786896900000.0,False,False,,,,,BAL,L,R
2026-08-16,624424,690928,STL@CHC,Oppo Fastball Hunter (LH),4.07,3.1,0.978,1.002,0.957,3.892,13.9,617,Michael Conforto,Hunter Dobbins,8.0,DH,3:15p,1786907700000.0,False,False,,,,,CHC,L,R
2026-08-16,518692,701656,MIL@LAD,Middle Fastball Crusher (LH),2.95,3.7,0.996,1.0,0.9,3.208,13.9,618,Freddie Freeman,Logan Henderson,2.0,1B,4:10p,1786911000000.0,False,False,,,,,LAD,L,R
2026-08-16,596142,669373,MIL@LAD,High Zone Fastball Hitter,4.06,2.91,1.007,1.0,0.9,3.517,13.8,626,Gary Sánchez,Tarik Skubal,6.0,C,4:10p,1786911000000.0,False,False,,,,,MIL,R,L
2026-08-16,572233,693433,SEA@HOU,Middle Slider Crusher,4.35,2.54,1.034,1.0,0.932,3.496,13.7,630,Christian Walker,Bryan Woo,6.0,1B,7:20p,1786922400000.0,False,False,,,,,HOU,R,R
2026-08-16,666182,663623,WSH@NYM,Middle Fastball Crusher,2.4,3.57,0.991,1.032,1.118,3.221,13.7,632,Bo Bichette,Jake Irvin,3.0,3B,1:40p,1786902000000.0,False,False,,,,,NYM,R,R
2026-08-16,679845,696270,KC@LAA,Oppo Fastball Hunter,2.03,4.64,1.006,1.0,1.12,3.482,13.6,633,Nick Loftin,Ryan Johnson,6.0,3B,4:07p,1786910820000.0,False,False,,,,,KC,R,R
2026-08-16,702616,642547,BAL@TB,Middle Slider Crusher (LH),2.67,3.48,1.0,1.0,0.983,3.01,13.4,644,Jackson Holliday,Freddy Peralta,1.0,2B,12:15p,1786896900000.0,False,False,,,,,BAL,L,R
2026-08-16,664728,696270,KC@LAA,Middle Fastball Crusher (LH),2.3,4.64,1.006,1.0,1.12,3.949,13.4,644,Kyle Isbel,Ryan Johnson,9.0,CF,4:07p,1786910820000.0,False,False,,,,,KC,L,R
2026-08-16,671277,656302,NYY@TOR,Inside Breaking Ball Specialist (LH),5.17,1.99,1.003,1.0,0.9,3.054,13.3,652,Luis García,Dylan Cease,2.0,DH,1:37p,1786901820000.0,False,False,,,,,NYY,L,R
2026-08-16,672386,677960,NYY@TOR,Oppo Fastball Hunter,2.82,3.34,1.004,1.0,1.01,3.139,13.3,650,Alejandro Kirk,Ryan Weathers,3.0,C,1:37p,1786901820000.0,False,False,,,,,TOR,R,L
2026-08-16,621020,690928,STL@CHC,Middle Fastball Crusher,3.73,3.1,0.978,1.002,0.957,3.566,13.3,651,Dansby Swanson,Hunter Dobbins,7.0,SS,3:15p,1786907700000.0,False,False,,,,,CHC,R,R
2026-08-16,665161,693433,SEA@HOU,Middle Fastball Crusher,3.68,2.54,1.034,1.0,0.932,2.963,13.2,656,Jeremy Peña,Bryan Woo,1.0,SS,7:20p,1786922400000.0,False,False,,,,,HOU,R,R
2026-08-16,686948,647336,AZ@ATL,Oppo Fastball Hunter (LH),4.19,2.1,1.0,1.013,0.999,2.934,13.1,663,Drake Baldwin,Michael Soroka,1.0,C,1:35p,1786901700000.0,False,False,,,,,ATL,L,R
2026-08-16,668227,686613,SEA@HOU,Oppo Fastball Hunter,3.18,2.98,1.004,1.0,0.94,2.945,12.8,679,Randy Arozarena,Hunter Brown,2.0,LF,7:20p,1786922400000.0,False,False,,,,,SEA,R,R
2026-08-16,679529,680732,CWS@DET,Middle Fastball Crusher,3.92,2.78,0.979,1.001,0.927,3.249,12.8,683,Spencer Torkelson,Sean Burke,6.0,1B,1:40p,1786902000000.0,False,False,,,,,DET,R,R
2026-08-16,643217,623454,CWS@DET,High Zone Fastball Hitter (LH),3.21,3.19,0.97,1.001,0.927,3.03,12.8,679,Andrew Benintendi,Drew Anderson,4.0,DH,1:40p,1786902000000.0,False,False,,,,,CWS,L,R
2026-08-16,606192,701656,MIL@LAD,Middle Fastball Crusher,3.17,3.7,1.001,1.0,0.9,3.47,12.5,700,Teoscar Hernández,Logan Henderson,8.0,LF,4:10p,1786911000000.0,False,False,,,,,LAD,R,R
2026-08-16,682663,666157,MIA@CIN,Inside Breaking Ball Specialist,2.09,3.69,1.012,1.014,1.12,2.916,12.4,704,Agustín Ramírez,Nick Lodolo,3.0,DH,1:40p,1786902000000.0,False,False,,,,,MIA,R,L
2026-08-16,672640,666157,MIA@CIN,Middle Fastball Crusher,1.97,3.69,1.011,1.014,1.12,2.743,12.3,713,Otto Lopez,Nick Lodolo,1.0,SS,1:40p,1786902000000.0,False,False,,,,,MIA,R,L
2026-08-16,665953,681035,WSH@NYM,Inside Breaking Ball Specialist,4.29,2.36,0.991,1.032,0.955,3.254,12.2,719,Andrés Chaparro,Christian Scott,7.0,DH,1:40p,1786902000000.0,False,False,,,,,WSH,R,R
2026-08-16,655316,669199,BOS@PIT,Middle Slider Crusher,2.48,3.94,1.007,1.013,0.941,3.088,12.2,721,Andruw Monasterio,Lake Bachar,6.0,SS,1:35p,1786901700000.0,False,False,,,,,BOS,R,R
2026-08-16,671739,647336,AZ@ATL,Middle Fastball Crusher (LH),4.0,2.1,1.009,1.013,0.999,2.825,12.0,732,Michael Harris,Michael Soroka,4.0,CF,1:35p,1786901700000.0,False,False,,,,,ATL,L,R
2026-08-16,624431,691587,MIA@CIN,Middle Fastball Crusher,3.54,2.82,1.011,1.014,0.938,3.157,11.9,743,Jose Trevino,Eury Pérez,7.0,C,1:40p,1786902000000.0,False,False,,,,,CIN,R,R
2026-08-16,608324,690928,STL@CHC,Oppo Fastball Hunter,2.92,3.1,0.976,1.002,0.957,2.779,11.9,742,Alex Bregman,Hunter Dobbins,3.0,3B,3:15p,1786907700000.0,False,False,,,,,CHC,R,R
2026-08-16,686555,696270,KC@LAA,Inside Breaking Ball Specialist,1.83,4.64,1.004,1.0,1.12,3.135,11.8,748,Isaac Collins,Ryan Johnson,7.0,LF,4:07p,1786910820000.0,False,False,,,,,KC,R,R
2026-08-16,650490,669432,BAL@TB,Oppo Fastball Hunter,3.23,2.53,1.0,1.0,0.967,2.599,11.7,756,Yandy Díaz,Trevor Rogers,1.0,DH,12:15p,1786896900000.0,False,False,,,,,TB,R,L
2026-08-16,605170,691725,PHI@MIN,Middle Slider Crusher (LH),2.38,3.84,1.009,0.987,1.076,3.218,11.6,760,Víctor Caratini,Andrew Painter,8.0,C,2:10p,1786903800000.0,False,False,,,,,MIN,L,R
2026-08-16,683146,663623,WSH@NYM,Middle Fastball Crusher (LH),2.31,3.57,0.99,1.032,1.118,3.092,11.6,760,Brett Baty,Jake Irvin,7.0,2B,1:40p,1786902000000.0,False,False,,,,,NYM,L,R
2026-08-16,620443,663623,WSH@NYM,Middle Fastball Crusher,2.53,3.57,0.991,1.032,1.118,3.394,11.6,759,Luis Torrens,Jake Irvin,9.0,C,1:40p,1786902000000.0,False,False,,,,,NYM,R,R
2026-08-16,593428,676440,SD@CLE,Middle Fastball Crusher,2.5,3.74,1.015,0.997,1.013,3.149,11.4,777,Xander Bogaerts,Tanner Bibee,8.0,SS,1:40p,1786902000000.0,False,False,,,,,SD,R,R
2026-08-16,642215,686613,SEA@HOU,Middle Fastball Crusher,3.3,2.98,1.034,1.0,0.94,3.145,11.4,779,Weston Wilson,Hunter Brown,8.0,DH,7:20p,1786922400000.0,False,False,,,,,SEA,R,R
2026-08-16,663728,686613,SEA@HOU,Middle Slider Crusher,3.12,2.98,1.034,1.0,0.94,2.979,11.2,791,Cal Raleigh,Hunter Brown,7.0,C,7:20p,1786922400000.0,False,False,,,,,SEA,R,R
2026-08-16,668804,663776,BOS@PIT,Middle Fastball Crusher,2.81,2.64,1.007,1.013,1.044,2.599,11.1,797,Bryan Reynolds,Patrick Sandoval,3.0,DH,1:35p,1786901700000.0,False,False,,,,,PIT,R,L
2026-08-16,680977,686613,SEA@HOU,Middle Slider Crusher (LH),2.6,2.98,1.004,1.0,0.94,2.406,10.9,821,Brendan Donovan,Hunter Brown,1.0,3B,7:20p,1786922400000.0,False,False,,,,,SEA,L,R
2026-08-16,691781,681035,WSH@NYM,Middle Fastball Crusher,3.5,2.36,0.991,1.032,0.955,2.655,10.9,817,Brady House,Christian Scott,5.0,3B,1:40p,1786902000000.0,False,False,,,,,WSH,R,R
2026-08-16,663993,663554,SD@CLE,Oppo Fastball Hunter (LH),4.1,2.15,1.011,0.997,0.907,2.64,10.8,822,Nathaniel Lowe,Casey Mize,5.0,1B,1:40p,1786902000000.0,False,False,,,,,CLE,L,R
2026-08-16,666139,702070,KC@LAA,Middle Fastball Crusher (LH),3.49,2.65,1.006,1.0,1.024,3.135,10.8,827,Josh Lowe,Noah Cameron,9.0,RF,4:07p,1786910820000.0,False,False,,,,,LAA,L,L
2026-08-16,593871,663623,WSH@NYM,Middle Fastball Crusher (LH),2.19,3.57,0.99,1.032,1.118,2.935,10.7,839,Jorge Polanco,Jake Irvin,8.0,DH,1:40p,1786902000000.0,False,False,,,,,NYM,L,R
2026-08-16,663656,701656,MIL@LAD,Middle Fastball Crusher (LH),2.45,3.7,0.996,1.0,0.9,2.672,10.6,843,Kyle Tucker,Logan Henderson,6.0,RF,4:10p,1786911000000.0,False,False,,,,,LAD,L,R
2026-08-16,650402,680732,CWS@DET,Middle Fastball Crusher,2.82,2.78,0.979,1.001,0.927,2.34,10.6,846,Gleyber Torres,Sean Burke,1.0,2B,1:40p,1786902000000.0,False,False,,,,,DET,R,R
2026-08-16,514888,693433,SEA@HOU,Middle Fastball Crusher,3.09,2.54,1.034,1.0,0.932,2.484,10.6,841,José Altuve,Bryan Woo,4.0,DH,7:20p,1786922400000.0,False,False,,,,,HOU,R,R
2026-08-16,686611,681035,WSH@NYM,Middle Fastball Crusher,3.27,2.36,0.991,1.032,0.955,2.474,10.6,840,Dylan Crews,Christian Scott,3.0,RF,1:40p,1786902000000.0,False,False,,,,,WSH,R,R
2026-08-16,680779,663776,BOS@PIT,Inside Breaking Ball Specialist,3.17,2.64,1.012,1.013,1.044,2.952,10.2,882,Henry Davis,Patrick Sandoval,9.0,C,1:35p,1786901700000.0,False,False,,,,,PIT,R,L
2026-08-16,666023,676440,SD@CLE,Inside Breaking Ball Specialist,2.33,3.74,1.018,0.997,1.013,2.943,10.2,885,Freddy Fermin,Tanner Bibee,9.0,C,1:40p,1786902000000.0,False,False,,,,,SD,R,R
2026-08-16,645277,647336,AZ@ATL,Middle Fastball Crusher,3.66,2.1,0.991,1.013,0.999,2.539,10.1,891,Ozzie Albies,Michael Soroka,6.0,2B,1:35p,1786901700000.0,False,False,,,,,ATL,R,R
2026-08-16,661388,669373,MIL@LAD,Middle Fastball Crusher,2.55,2.91,1.001,1.0,0.9,2.197,10.0,905,William Contreras,Tarik Skubal,1.0,DH,4:10p,1786911000000.0,False,False,,,,,MIL,R,L
2026-08-16,666176,663554,SD@CLE,Middle Slider Crusher,3.48,2.15,1.015,0.997,0.907,2.249,9.7,935,Jo Adell,Casey Mize,4.0,LF,1:40p,1786902000000.0,False,False,,,,,CLE,R,R
2026-08-16,691594,666157,MIA@CIN,Middle Fastball Crusher,1.69,3.69,1.011,1.014,1.12,2.356,9.7,928,Javier Sanoja,Nick Lodolo,5.0,3B,1:40p,1786902000000.0,False,False,,,,,MIA,R,L
2026-08-16,695734,681035,WSH@NYM,Inside Breaking Ball Specialist (LH),2.97,2.36,0.992,1.032,0.955,2.249,9.7,935,Daylen Lile,Christian Scott,4.0,LF,1:40p,1786902000000.0,False,False,,,,,WSH,L,R
2026-08-16,663757,656302,NYY@TOR,Oppo Fastball Hunter (LH),3.74,1.99,1.009,1.0,0.9,2.221,9.5,948,Trent Grisham,Dylan Cease,4.0,CF,1:37p,1786901820000.0,False,False,,,,,NYY,L,R
2026-08-16,807712,691725,PHI@MIN,Oppo Fastball Hunter,1.86,3.84,1.009,0.987,1.076,2.506,9.5,952,Luke Keaschall,Andrew Painter,7.0,RF,2:10p,1786903800000.0,False,False,,,,,MIN,R,R
2026-08-16,657136,669199,BOS@PIT,Oppo Fastball Hunter,2.15,3.94,1.016,1.013,0.941,2.703,9.4,969,Connor Wong,Lake Bachar,9.0,C,1:35p,1786901700000.0,False,False,,,,,BOS,R,R
2026-08-16,694497,682052,TEX@ATH,Middle Fastball Crusher (LH),2.47,3.56,1.009,1.021,0.912,2.712,9.4,966,Evan Carter,Jacob Lopez,9.0,CF,4:05p,1786910700000.0,False,False,,,,,TEX,L,L
2026-08-16,630105,676440,SD@CLE,Oppo Fastball Hunter (LH),1.67,3.74,1.011,0.997,1.013,2.1,9.3,975,Jake Cronenworth,Tanner Bibee,2.0,2B,1:40p,1786902000000.0,False,False,,,,,SD,L,R
2026-08-16,673237,693433,SEA@HOU,Oppo Fastball Hunter,3.24,2.54,1.004,1.0,0.932,2.527,9.2,984,Yainer Diaz,Bryan Woo,8.0,C,7:20p,1786922400000.0,False,False,,,,,HOU,R,R
2026-08-16,805300,666157,MIA@CIN,Middle Slider Crusher (LH),1.79,3.69,1.011,1.014,1.12,2.492,9.1,999,Jakob Marsee,Nick Lodolo,8.0,CF,1:40p,1786902000000.0,False,False,,,,,MIA,L,L
2026-08-16,669364,666157,MIA@CIN,Middle Fastball Crusher (LH),1.51,3.69,1.011,1.014,1.12,2.103,9.1,1005,Xavier Edwards,Nick Lodolo,4.0,2B,1:40p,1786902000000.0,False,False,,,,,MIA,L,L
2026-08-16,622761,669432,BAL@TB,Middle Fastball Crusher,2.98,2.53,1.0,1.0,0.967,2.398,9.1,998,Jorge Mateo,Trevor Rogers,7.0,2B,12:15p,1786896900000.0,False,False,,,,,TB,R,L
2026-08-16,642851,682052,TEX@ATH,Oppo Fastball Hunter,2.25,3.56,1.009,1.021,0.912,2.468,9.0,1009,Austin Wynns,Jacob Lopez,8.0,DH,4:05p,1786910700000.0,False,False,,,,,TEX,R,L
2026-08-16,690993,680732,CWS@DET,Middle Fastball Crusher (LH),2.48,2.78,0.999,1.001,0.927,2.099,9.0,1007,Colt Keith,Sean Burke,4.0,DH,1:40p,1786902000000.0,False,False,,,,,DET,L,R
2026-08-16,665926,677960,NYY@TOR,Middle Slider Crusher (LH),2.21,3.34,1.004,1.0,1.01,2.463,9.0,1011,Andrés Giménez,Ryan Weathers,8.0,SS,1:37p,1786901820000.0,False,False,,,,,TOR,L,L
2026-08-16,663647,691587,MIA@CIN,Inside Breaking Ball Specialist,2.83,2.82,1.012,1.014,0.938,2.522,8.7,1043,Ke'Bryan Hayes,Eury Pérez,9.0,3B,1:40p,1786902000000.0,False,False,,,,,CIN,R,R
2026-08-16,678489,693821,AZ@ATL,Middle Fastball Crusher,2.06,3.62,0.991,1.013,0.99,2.439,8.5,1081,Jorge Barrosa,Bryce Elder,9.0,CF,1:35p,1786901700000.0,False,False,,,,,AZ,R,R
2026-08-16,672724,702070,KC@LAA,Inside Breaking Ball Specialist,2.46,2.65,1.004,1.0,1.024,2.202,8.4,1092,Oswald Peraza,Noah Cameron,7.0,2B,4:07p,1786910820000.0,False,False,,,,,LAA,R,L
2026-08-16,683734,669373,MIL@LAD,Inside Breaking Ball Specialist,2.29,2.91,1.001,1.0,0.9,1.974,8.2,1120,Andrew Vaughn,Tarik Skubal,5.0,3B,4:10p,1786911000000.0,False,False,,,,,MIL,R,L
2026-08-16,694377,663776,BOS@PIT,Middle Slider Crusher,2.26,2.64,1.007,1.013,1.044,2.089,8.0,1154,Nick Yorke,Patrick Sandoval,7.0,3B,1:35p,1786901700000.0,False,False,,,,,PIT,R,L
2026-08-16,642086,647336,AZ@ATL,High Zone Fastball Hitter (LH),2.95,2.1,1.002,1.013,0.999,2.068,7.9,1166,Dominic Smith,Michael Soroka,7.0,DH,1:35p,1786901700000.0,False,False,,,,,ATL,L,R
2026-08-16,663586,647336,AZ@ATL,High Zone Fastball Hitter,3.07,2.1,1.004,1.013,0.999,2.155,7.9,1165,Austin Riley,Michael Soroka,8.0,3B,1:35p,1786901700000.0,False,False,,,,,ATL,R,R
2026-08-16,665804,690928,STL@CHC,Middle Slider Crusher,2.39,3.1,0.978,1.002,0.957,2.284,7.9,1159,Miguel Amaya,Hunter Dobbins,9.0,C,3:15p,1786907700000.0,False,False,,,,,CHC,R,R
2026-08-16,650859,676440,SD@CLE,Middle Slider Crusher,1.54,3.74,1.015,0.997,1.013,1.938,7.8,1185,Luis Rengifo,Tanner Bibee,6.0,3B,1:40p,1786902000000.0,False,False,,,,,SD,R,R
2026-08-16,687401,669373,MIL@LAD,Middle Fastball Crusher,2.3,2.91,1.001,1.0,0.9,1.982,7.3,1272,Joey Ortiz,Tarik Skubal,8.0,SS,4:10p,1786911000000.0,False,False,,,,,MIL,R,L
2026-08-16,662139,693433,SEA@HOU,Oppo Fastball Hunter (LH),2.19,2.54,1.025,1.0,0.932,1.746,7.3,1274,Daulton Varsho,Bryan Woo,5.0,CF,7:20p,1786922400000.0,False,False,,,,,HOU,L,R
2026-08-16,696285,681035,WSH@NYM,Middle Fastball Crusher,2.77,2.36,0.991,1.032,0.955,2.098,7.3,1267,Jacob Young,Christian Scott,9.0,CF,1:40p,1786902000000.0,False,False,,,,,WSH,R,R
2026-08-16,671218,656302,NYY@TOR,Inside Breaking Ball Specialist,2.76,1.99,1.01,1.0,0.9,1.64,7.2,1298,Heliot Ramos,Dylan Cease,3.0,LF,1:37p,1786901820000.0,False,False,,,,,NYY,R,R
2026-08-16,691026,665795,STL@CHC,Middle Slider Crusher,1.31,4.04,0.978,1.002,1.067,1.815,7.0,1338,Masyn Winn,Edward Cabrera,7.0,SS,3:15p,1786907700000.0,False,False,,,,,STL,R,R
2026-08-16,676609,656302,NYY@TOR,Middle Fastball Crusher,3.32,1.99,1.009,1.0,0.9,1.971,6.9,1352,José Caballero,Dylan Cease,9.0,2B,1:37p,1786901820000.0,False,False,,,,,NYY,R,R
2026-08-16,595879,680732,CWS@DET,Middle Fastball Crusher,2.24,2.78,0.979,1.001,0.927,1.86,6.5,1437,Javier Báez,Sean Burke,9.0,SS,1:40p,1786902000000.0,False,False,,,,,DET,R,R
2026-08-16,663538,690928,STL@CHC,Middle Fastball Crusher,1.63,3.1,0.978,1.002,0.957,1.556,6.5,1437,Nico Hoerner,Hunter Dobbins,5.0,2B,3:15p,1786907700000.0,False,False,,,,,CHC,R,R
2026-08-16,669224,656302,NYY@TOR,Oppo Fastball Hunter (LH),2.93,1.99,1.009,1.0,0.9,1.745,6.4,1453,Austin Wells,Dylan Cease,8.0,C,1:37p,1786901820000.0,False,False,,,,,NYY,L,R
2026-08-16,669707,663776,BOS@PIT,Middle Slider Crusher,1.42,2.64,1.007,1.013,1.044,1.317,6.1,1549,Jared Triolo,Patrick Sandoval,1.0,SS,1:35p,1786901700000.0,False,False,,,,,PIT,R,L
2026-08-16,595978,663554,SD@CLE,Middle Fastball Crusher,2.5,2.15,1.015,0.997,0.907,1.618,6.0,1572,Austin Hedges,Casey Mize,8.0,C,1:40p,1786902000000.0,False,False,,,,,CLE,R,R
2026-08-16,656716,680732,CWS@DET,Inside Breaking Ball Specialist (LH),1.68,2.78,0.999,1.001,0.927,1.42,6.0,1580,Zach Mckinstry,Sean Burke,5.0,RF,1:40p,1786902000000.0,False,False,,,,,DET,L,R
2026-08-16,663968,663776,BOS@PIT,Inside Breaking Ball Specialist,1.56,2.64,1.012,1.013,1.044,1.452,5.9,1603,Jake Mangum,Patrick Sandoval,6.0,LF,1:35p,1786901700000.0,False,False,,,,,PIT,R,L
2026-08-16,663743,669432,BAL@TB,Inside Breaking Ball Specialist,1.96,2.53,1.0,1.0,0.967,1.58,5.8,1611,Nick Fortes,Trevor Rogers,8.0,C,12:15p,1786896900000.0,False,False,,,,,TB,R,L
2026-08-16,669397,693433,SEA@HOU,Middle Fastball Crusher,1.91,2.54,1.034,1.0,0.932,1.539,5.4,1750,Nick Allen,Bryan Woo,9.0,2B,7:20p,1786922400000.0,False,False,,,,,HOU,R,R
2026-08-16,663604,669373,MIL@LAD,Inside Breaking Ball Specialist,1.62,2.91,1.001,1.0,0.9,1.396,5.4,1757,Brandon Lockridge,Tarik Skubal,7.0,RF,4:10p,1786911000000.0,False,False,,,,,MIL,R,L
2026-08-16,678391,681035,WSH@NYM,Oppo Fastball Hunter (LH),1.74,2.36,0.989,1.032,0.955,1.313,5.3,1779,Jorbit Vivas,Christian Scott,6.0,2B,1:40p,1786902000000.0,False,False,,,,,WSH,L,R
2026-08-16,677587,663554,SD@CLE,Middle Slider Crusher (LH),2.32,2.15,1.006,0.997,0.907,1.487,5.2,1814,Brayan Rocchio,Casey Mize,9.0,SS,1:40p,1786902000000.0,False,False,,,,,CLE,L,R
2026-08-16,683766,687312,COL@SF,Middle Fastball Crusher,1.83,2.24,0.988,0.997,0.9,1.191,4.2,2279,Christian Koss,Gabriel Hughes,9.0,SS,4:05p,1786910700000.0,False,False,,,,,SF,R,R
2026-08-16,670764,669432,BAL@TB,Middle Fastball Crusher (LH),1.21,2.53,1.0,1.0,0.967,0.974,3.4,2800,Taylor Walls,Trevor Rogers,9.0,SS,12:15p,1786896900000.0,False,False,,,,,TB,L,L
2026-08-17,571970,608372,LAD@COL,Oppo Fastball Hunter (LH),5.03,4.58,0.975,1.03,1.12,8.499,32.7,205,Max Muncy,Tomoyuki Sugano,4.0,3B,8:40p,1787013600000.0,True,False,,,,,LAD,L,R
2026-08-17,660271,608372,LAD@COL,Middle Fastball Crusher (LH),4.75,4.58,0.966,1.03,1.12,7.947,32.3,209,Shohei Ohtani,Tomoyuki Sugano,1.0,DH,8:40p,1787013600000.0,True,False,,,,,LAD,L,R
2026-08-17,621566,641927,ATL@MIN,Middle Fastball Crusher (LH),6.0,3.81,1.009,1.007,1.054,8.039,31.3,219,Matt Olson,Bailey Ober,3.0,1B,7:40p,1787010000000.0,False,False,,,,,ATL,L,R
2026-08-17,695506,686930,ATH@KC,Middle Fastball Crusher (LH),4.5,4.91,1.0,1.0,1.065,7.728,30.3,230,Jac Caglianone,Mason Barnett,3.0,RF,7:40p,1787010000000.0,False,False,,,,,KC,L,R
2026-08-17,678246,684007,CWS@CHC,Middle Fastball Crusher,4.85,4.63,0.978,1.008,0.96,6.964,27.7,261,Miguel Vargas,Shota Imanaga,3.0,3B,8:05p,1787011500000.0,False,False,,,,,CWS,R,L
2026-08-17,656941,676083,MIA@PHI,Middle Slider Crusher (LH),6.24,3.16,1.006,1.005,0.995,6.509,27.2,267,Kyle Schwarber,Janson Junk,1.0,DH,6:40p,1787006400000.0,False,False,,,,,PHI,L,R
2026-08-17,695600,686930,ATH@KC,Middle Fastball Crusher (LH),3.39,4.91,1.0,1.0,1.065,5.819,24.6,306,Carter Jensen,Mason Barnett,1.0,C,7:40p,1787010000000.0,False,False,,,,,KC,L,R
2026-08-17,605141,608372,LAD@COL,Inside Breaking Ball Specialist,3.83,4.58,0.96,1.03,1.12,6.375,24.6,306,Mookie Betts,Tomoyuki Sugano,5.0,SS,8:40p,1787013600000.0,True,False,,,,,LAD,R,R
2026-08-17,686948,641927,ATL@MIN,Oppo Fastball Hunter (LH),4.16,3.81,0.999,1.007,1.054,5.526,23.5,325,Drake Baldwin,Bailey Ober,1.0,C,7:40p,1787010000000.0,False,False,,,,,ATL,L,R
2026-08-17,621439,527048,ATL@MIN,Oppo Fastball Hunter,5.78,2.68,1.009,1.007,1.012,5.235,21.9,357,Byron Buxton,Martín Pérez,2.0,CF,7:40p,1787010000000.0,False,False,,,,,MIN,R,L
2026-08-17,671739,641927,ATL@MIN,Middle Fastball Crusher (LH),3.98,3.81,1.009,1.007,1.054,5.328,21.7,361,Michael Harris,Bailey Ober,4.0,CF,7:40p,1787010000000.0,False,False,,,,,ATL,L,R
2026-08-17,677951,686930,ATH@KC,Middle Slider Crusher,3.01,4.91,1.0,1.0,1.065,5.173,21.7,361,Bobby Witt,Mason Barnett,2.0,SS,7:40p,1787010000000.0,False,False,,,,,KC,R,R
2026-08-17,521692,686930,ATH@KC,Middle Fastball Crusher,3.27,4.91,1.0,1.0,1.065,5.606,21.2,371,Salvador Pérez,Mason Barnett,6.0,DH,7:40p,1787010000000.0,False,False,,,,,KC,R,R
2026-08-17,575929,683352,AZ@BOS,Middle Slider Crusher,4.73,3.27,1.037,1.006,0.956,5.054,20.7,384,Willson Contreras,Mitch Bratt,4.0,1B,7:10p,1787008200000.0,False,False,,,,,BOS,R,L
2026-08-17,518692,608372,LAD@COL,Middle Fastball Crusher (LH),2.93,4.58,0.966,1.03,1.12,4.904,20.6,384,Freddie Freeman,Tomoyuki Sugano,2.0,1B,8:40p,1787013600000.0,True,False,,,,,LAD,L,R
2026-08-17,691406,687064,BAL@TB,Oppo Fastball Hunter,5.84,2.6,1.0,1.0,1.0,4.979,20.5,388,Junior Caminero,Brandon Young,3.0,3B,6:05p,1787004300000.0,False,False,,,,,TB,R,R
2026-08-17,686681,686930,ATH@KC,Inside Breaking Ball Specialist (LH),3.16,4.91,1.0,1.0,1.065,5.423,19.7,407,Michael Massey,Mason Barnett,7.0,2B,7:40p,1787010000000.0,False,False,,,,,KC,L,R
2026-08-17,691023,695076,STL@CIN,Middle Fastball Crusher,4.38,2.89,1.011,1.002,1.106,4.652,19.2,422,Jordan Walker,Rhett Lowder,4.0,DH,6:40p,1787006400000.0,False,False,,,,,STL,R,R
2026-08-17,547180,676083,MIA@PHI,Middle Fastball Crusher (LH),4.39,3.16,1.006,1.005,0.995,4.581,19.0,427,Bryce Harper,Janson Junk,3.0,RF,6:40p,1787006400000.0,False,False,,,,,PHI,L,R
2026-08-17,606192,608372,LAD@COL,Middle Fastball Crusher,3.15,4.58,0.963,1.03,1.12,5.262,18.5,441,Teoscar Hernández,Tomoyuki Sugano,8.0,LF,8:40p,1787013600000.0,True,False,,,,,LAD,R,R
2026-08-17,645277,641927,ATL@MIN,Middle Fastball Crusher,3.64,3.81,0.99,1.007,1.054,4.785,18.4,445,Ozzie Albies,Bailey Ober,6.0,2B,7:40p,1787010000000.0,False,False,,,,,ATL,R,R
2026-08-17,677800,683352,AZ@BOS,Inside Breaking Ball Specialist (LH),3.97,3.27,1.059,1.006,0.956,4.329,18.0,455,Wilyer Abreu,Mitch Bratt,3.0,RF,7:10p,1787008200000.0,False,False,,,,,BOS,L,L
2026-08-17,680869,608379,ATH@KC,Middle Fastball Crusher,4.49,2.96,1.0,1.0,0.992,4.331,17.9,457,Zack Gelof,Michael Wacha,4.0,DH,7:40p,1787010000000.0,False,False,,,,,ATH,R,R
2026-08-17,664023,622491,CWS@CHC,Middle Fastball Crusher,3.74,3.4,0.978,1.008,1.048,4.304,17.2,481,Ian Happ,Luis Castillo,5.0,LF,8:05p,1787011500000.0,False,False,,,,,CHC,R,R
2026-08-17,624424,622491,CWS@CHC,Oppo Fastball Hunter (LH),4.03,3.4,0.978,1.008,1.048,4.639,16.4,508,Michael Conforto,Luis Castillo,8.0,DH,8:05p,1787011500000.0,False,False,,,,,CHC,L,R
2026-08-17,663656,608372,LAD@COL,Middle Fastball Crusher (LH),2.44,4.58,0.966,1.03,1.12,4.09,15.9,530,Kyle Tucker,Tomoyuki Sugano,6.0,RF,8:40p,1787013600000.0,True,False,,,,,LAD,L,R
2026-08-17,693307,669387,DET@PIT,Middle Slider Crusher,4.87,2.16,1.007,0.997,1.097,3.796,15.9,527,Dillon Dingler,Carmen Mlodzinski,3.0,C,7:05p,1787007900000.0,False,False,,,,,DET,R,R
2026-08-17,665019,527048,ATL@MIN,Middle Fastball Crusher (LH),4.43,2.68,1.009,1.007,1.012,4.011,15.6,542,Kody Clemens,Martín Pérez,6.0,2B,7:40p,1787010000000.0,False,False,,,,,MIN,L,L
2026-08-17,664040,664285,DET@PIT,Middle Fastball Crusher (LH),4.64,2.38,1.016,0.997,1.023,3.764,15.2,559,Brandon Lowe,Framber Valdez,5.0,DH,7:05p,1787007900000.0,False,False,,,,,PIT,L,L
2026-08-17,664034,690997,SD@NYM,Inside Breaking Ball Specialist,4.35,2.72,0.991,0.986,0.936,3.551,14.9,571,Ty France,Nolan Mclean,4.0,1B,7:10p,1787008200000.0,False,False,,,,,SD,R,R
2026-08-17,678882,683352,AZ@BOS,Middle Slider Crusher,3.18,3.27,1.037,1.006,0.956,3.4,14.7,580,Ceddanne Rafaela,Mitch Bratt,2.0,CF,7:10p,1787008200000.0,False,False,,,,,BOS,R,L
2026-08-17,686469,686930,ATH@KC,Middle Slider Crusher (LH),2.11,4.91,1.0,1.0,1.065,3.628,14.7,582,Vinnie Pasquantino,Mason Barnett,5.0,1B,7:40p,1787010000000.0,False,False,,,,,KC,L,R
2026-08-17,592518,690997,SD@NYM,Middle Slider Crusher,4.17,2.72,0.991,0.986,0.936,3.401,14.4,595,Manny Machado,Nolan Mclean,3.0,3B,7:10p,1787008200000.0,False,False,,,,,SD,R,R
2026-08-17,663586,641927,ATL@MIN,High Zone Fastball Hitter,3.05,3.81,0.994,1.007,1.054,4.024,14.4,595,Austin Riley,Bailey Ober,8.0,3B,7:40p,1787010000000.0,False,False,,,,,ATL,R,R
2026-08-17,607208,676083,MIA@PHI,Middle Fastball Crusher,3.16,3.16,1.008,1.005,0.995,3.309,14.3,598,Trea Turner,Janson Junk,2.0,SS,6:40p,1787006400000.0,False,False,,,,,PHI,R,R
2026-08-17,608324,622491,CWS@CHC,Oppo Fastball Hunter,2.9,3.4,0.976,1.008,1.048,3.332,14.0,612,Alex Bregman,Luis Castillo,4.0,3B,8:05p,1787011500000.0,False,False,,,,,CHC,R,R
2026-08-17,680777,527048,ATL@MIN,Middle Fastball Crusher,3.69,2.68,0.99,1.007,1.012,3.281,13.9,619,Ryan Jeffers,Martín Pérez,3.0,C,7:40p,1787010000000.0,False,False,,,,,MIN,R,L
2026-08-17,624413,663556,BAL@TB,Oppo Fastball Hunter,4.65,2.07,1.0,1.0,0.995,3.144,13.7,632,Pete Alonso,Shane Mcclanahan,2.0,DH,6:05p,1787004300000.0,False,False,,,,,BAL,R,L
2026-08-17,701398,669467,STL@CIN,Middle Fastball Crusher,4.54,2.11,1.011,1.002,0.962,3.07,13.4,649,Sal Stewart,Andre Pallante,2.0,2B,6:40p,1787006400000.0,False,False,,,,,CIN,R,R
2026-08-17,664728,686930,ATH@KC,Middle Fastball Crusher (LH),2.27,4.91,1.0,1.0,1.065,3.901,13.3,653,Kyle Isbel,Mason Barnett,9.0,CF,7:40p,1787010000000.0,False,False,,,,,KC,L,R
2026-08-17,668709,669467,STL@CIN,Middle Fastball Crusher (LH),4.57,2.11,1.011,1.002,0.962,3.087,13.1,662,Jj Bleday,Andre Pallante,3.0,LF,6:40p,1787006400000.0,False,False,,,,,CIN,L,R
2026-08-17,668670,684007,CWS@CHC,Middle Fastball Crusher,2.66,4.63,0.978,1.008,0.96,3.825,13.0,667,Jake Rogers,Shota Imanaga,9.0,C,8:05p,1787011500000.0,False,False,,,,,CWS,R,L
2026-08-17,665052,650911,MIA@PHI,Middle Fastball Crusher (LH),5.44,2.21,1.006,1.005,0.9,3.588,12.9,675,Griffin Conine,Cristopher Sánchez,8.0,RF,6:40p,1787006400000.0,False,False,,,,,MIA,L,L
2026-08-17,553993,669467,STL@CIN,Middle Slider Crusher,4.45,2.11,1.011,1.002,0.962,3.006,12.7,685,Eugenio Suárez,Andre Pallante,4.0,3B,6:40p,1787006400000.0,False,False,,,,,CIN,R,R
2026-08-17,673357,621111,SD@NYM,Inside Breaking Ball Specialist,3.27,2.87,0.991,0.986,1.019,3.072,12.5,698,Luis Robert,Walker Buehler,5.0,CF,7:10p,1787008200000.0,False,False,,,,,NYM,R,R
2026-08-17,643289,641927,ATL@MIN,Oppo Fastball Hunter,2.3,3.81,1.009,1.007,1.054,3.076,12.5,697,Mauricio Dubón,Bailey Ober,5.0,LF,7:40p,1787010000000.0,False,False,,,,,ATL,R,R
2026-08-17,668904,527048,ATL@MIN,Middle Fastball Crusher,3.41,2.68,0.99,1.007,1.012,3.028,12.4,709,Royce Lewis,Martín Pérez,5.0,1B,7:40p,1787010000000.0,False,False,,,,,MIN,R,L
2026-08-17,605137,527048,ATL@MIN,Middle Fastball Crusher (LH),3.23,2.68,1.009,1.007,1.012,2.929,12.4,704,Josh Bell,Martín Pérez,4.0,DH,7:40p,1787010000000.0,False,False,,,,,MIN,L,L
2026-08-17,664761,676083,MIA@PHI,Oppo Fastball Hunter,2.89,3.16,1.006,1.005,0.995,3.022,12.3,711,Alec Bohm,Janson Junk,5.0,1B,6:40p,1787006400000.0,False,False,,,,,PHI,R,R
2026-08-17,682829,669467,STL@CIN,Middle Fastball Crusher,4.04,2.11,1.011,1.002,0.962,2.729,12.2,717,Elly De La Cruz,Andre Pallante,1.0,DH,6:40p,1787006400000.0,False,False,,,,,CIN,R,R
2026-08-17,682626,621111,SD@NYM,Oppo Fastball Hunter,3.79,2.87,0.99,0.986,1.019,3.557,12.2,722,Francisco Álvarez,Walker Buehler,9.0,C,7:10p,1787008200000.0,False,False,,,,,NYM,R,R
2026-08-17,691723,663556,BAL@TB,Middle Fastball Crusher,4.26,2.07,1.0,1.0,0.995,2.879,12.2,718,Coby Mayo,Shane Mcclanahan,4.0,1B,6:05p,1787004300000.0,False,False,,,,,BAL,R,L
2026-08-17,650490,687064,BAL@TB,Oppo Fastball Hunter,3.2,2.6,1.0,1.0,1.0,2.73,12.2,716,Yandy Díaz,Brandon Young,1.0,DH,6:05p,1787004300000.0,False,False,,,,,TB,R,R
2026-08-17,668939,683352,AZ@BOS,Middle Fastball Crusher,2.74,3.27,1.037,1.006,0.956,2.925,12.0,736,Adley Rutschman,Mitch Bratt,5.0,C,7:10p,1787008200000.0,False,False,,,,,BOS,R,L
2026-08-17,686797,527048,ATL@MIN,Middle Fastball Crusher,3.61,2.68,0.99,1.007,1.012,3.209,12.0,730,Brooks Lee,Martín Pérez,7.0,3B,7:40p,1787010000000.0,False,False,,,,,MIN,R,L
2026-08-17,701538,690997,SD@NYM,Middle Fastball Crusher (LH),3.58,2.72,0.99,0.986,0.936,2.92,11.9,738,Jackson Merrill,Nolan Mclean,5.0,CF,7:10p,1787008200000.0,False,False,,,,,SD,L,R
2026-08-17,702332,683352,AZ@BOS,Middle Fastball Crusher,2.77,3.27,1.037,1.006,0.956,2.957,11.7,756,Caleb Durbin,Mitch Bratt,6.0,3B,7:10p,1787008200000.0,False,False,,,,,BOS,R,L
2026-08-17,672580,686930,ATH@KC,Middle Fastball Crusher,1.61,4.91,1.0,1.0,1.065,2.76,11.7,751,Maikel García,Mason Barnett,4.0,3B,7:40p,1787010000000.0,False,False,,,,,KC,R,R
2026-08-17,657757,690997,SD@NYM,Middle Fastball Crusher (LH),3.81,2.72,0.99,0.986,0.936,3.108,11.7,756,Gavin Sheets,Nolan Mclean,7.0,DH,7:10p,1787008200000.0,False,False,,,,,SD,L,R
2026-08-17,543760,621111,SD@NYM,Middle Fastball Crusher,3.32,2.87,0.991,0.986,1.019,3.114,11.7,754,Marcus Semien,Walker Buehler,7.0,2B,7:10p,1787008200000.0,False,False,,,,,NYM,R,R
2026-08-17,671056,695076,STL@CIN,Middle Slider Crusher,2.49,2.89,1.011,1.002,1.106,2.647,11.6,762,Iván Herrera,Rhett Lowder,2.0,C,6:40p,1787006400000.0,False,False,,,,,STL,R,R
2026-08-17,686668,684007,CWS@CHC,Middle Fastball Crusher,2.03,4.63,0.978,1.008,0.96,2.923,11.6,766,Brenton Doyle,Shota Imanaga,6.0,CF,8:05p,1787011500000.0,False,False,,,,,CWS,R,L
2026-08-17,641933,663556,BAL@TB,Middle Slider Crusher,3.76,2.07,1.0,1.0,0.995,2.543,11.4,774,Tyler O'Neill,Shane Mcclanahan,1.0,RF,6:05p,1787004300000.0,False,False,,,,,BAL,R,L
2026-08-17,687952,663556,BAL@TB,Middle Fastball Crusher,4.26,2.07,1.0,1.0,0.995,2.882,11.4,777,Christian Encarnacion-Strand,Shane Mcclanahan,6.0,3B,6:05p,1787004300000.0,False,False,,,,,BAL,R,L
2026-08-17,642201,683352,AZ@BOS,Middle Fastball Crusher,3.08,3.27,1.037,1.006,0.956,3.293,11.3,784,Eli White,Mitch Bratt,9.0,LF,7:10p,1787008200000.0,False,False,,,,,BOS,R,L
2026-08-17,686555,686930,ATH@KC,Inside Breaking Ball Specialist,1.82,4.91,1.0,1.0,1.065,3.116,11.3,786,Isaac Collins,Mason Barnett,8.0,LF,7:40p,1787010000000.0,False,False,,,,,KC,R,R
2026-08-17,666126,608379,ATH@KC,Middle Slider Crusher (LH),2.66,2.96,1.0,1.0,0.992,2.568,10.6,847,Carlos Cortes,Michael Wacha,5.0,LF,7:40p,1787010000000.0,False,False,,,,,ATH,L,R
2026-08-17,656775,687064,BAL@TB,Middle Slider Crusher (LH),3.17,2.6,1.0,1.0,1.0,2.7,10.2,879,Cedric Mullins,Brandon Young,7.0,CF,6:05p,1787004300000.0,False,False,,,,,TB,L,R
2026-08-17,650402,669387,DET@PIT,Middle Fastball Crusher,2.79,2.16,1.007,0.997,1.097,2.174,9.9,915,Gleyber Torres,Carmen Mlodzinski,1.0,DH,7:05p,1787007900000.0,False,False,,,,,DET,R,R
2026-08-17,655316,683352,AZ@BOS,Middle Slider Crusher,2.46,3.27,1.037,1.006,0.956,2.627,9.9,905,Andruw Monasterio,Mitch Bratt,7.0,SS,7:10p,1787008200000.0,False,False,,,,,BOS,R,L
2026-08-17,683002,663556,BAL@TB,Middle Slider Crusher (LH),3.48,2.07,1.0,1.0,0.995,2.355,9.7,929,Gunnar Henderson,Shane Mcclanahan,5.0,SS,6:05p,1787004300000.0,False,False,,,,,BAL,L,L
2026-08-17,666182,621111,SD@NYM,Middle Fastball Crusher,2.39,2.87,0.991,0.986,1.019,2.239,9.7,935,Bo Bichette,Walker Buehler,3.0,3B,7:10p,1787008200000.0,False,False,,,,,NYM,R,R
2026-08-17,668804,664285,DET@PIT,Middle Fastball Crusher,2.79,2.38,1.007,0.997,1.023,2.245,9.7,932,Bryan Reynolds,Framber Valdez,3.0,LF,7:05p,1787007900000.0,False,False,,,,,PIT,R,L
2026-08-17,608348,622491,CWS@CHC,Inside Breaking Ball Specialist,2.4,3.4,0.961,1.008,1.048,2.716,9.4,964,Carson Kelly,Luis Castillo,9.0,C,8:05p,1787011500000.0,False,False,,,,,CHC,R,R
2026-08-17,690993,669387,DET@PIT,Middle Fastball Crusher (LH),2.68,2.16,1.016,0.997,1.097,2.109,9.1,1002,Colt Keith,Carmen Mlodzinski,4.0,1B,7:05p,1787007900000.0,False,False,,,,,DET,L,R
2026-08-17,680779,664285,DET@PIT,Inside Breaking Ball Specialist,3.14,2.38,1.012,0.997,1.023,2.538,8.8,1036,Henry Davis,Framber Valdez,9.0,C,7:05p,1787007900000.0,False,False,,,,,PIT,R,L
2026-08-17,622761,687064,BAL@TB,Middle Fastball Crusher,2.93,2.6,1.0,1.0,1.0,2.501,8.7,1053,Jorge Mateo,Brandon Young,9.0,SS,6:05p,1787004300000.0,False,False,,,,,TB,R,R
2026-08-17,624431,669467,STL@CIN,Middle Fastball Crusher,3.5,2.11,1.011,1.002,0.962,2.363,8.6,1057,Jose Trevino,Andre Pallante,8.0,C,6:40p,1787006400000.0,False,False,,,,,CIN,R,R
2026-08-17,702616,663556,BAL@TB,Middle Slider Crusher (LH),2.64,2.07,1.0,1.0,0.995,1.783,7.8,1189,Jackson Holliday,Shane Mcclanahan,3.0,2B,6:05p,1787004300000.0,False,False,,,,,BAL,L,L
2026-08-17,682668,684007,CWS@CHC,Middle Fastball Crusher,1.47,4.63,0.978,1.008,0.96,2.11,7.7,1191,Luisangel Acuña,Shota Imanaga,8.0,SS,8:05p,1787011500000.0,False,False,,,,,CWS,R,L
2026-08-17,669236,663556,BAL@TB,Middle Fastball Crusher,2.93,2.07,1.0,1.0,0.995,1.979,7.6,1222,Jeremiah Jackson,Shane Mcclanahan,7.0,LF,6:05p,1787004300000.0,False,False,,,,,BAL,R,L
2026-08-17,807712,527048,ATL@MIN,Oppo Fastball Hunter,1.84,2.68,1.009,1.007,1.012,1.671,7.6,1208,Luke Keaschall,Martín Pérez,1.0,RF,7:40p,1787010000000.0,False,False,,,,,MIN,R,L
2026-08-17,663538,622491,CWS@CHC,Middle Fastball Crusher,1.62,3.4,0.978,1.008,1.048,1.865,7.5,1234,Nico Hoerner,Luis Castillo,6.0,SS,8:05p,1787011500000.0,False,False,,,,,CHC,R,R
2026-08-17,593428,690997,SD@NYM,Middle Fastball Crusher,2.48,2.72,0.991,0.986,0.936,2.025,7.4,1243,Xander Bogaerts,Nolan Mclean,8.0,SS,7:10p,1787008200000.0,False,False,,,,,SD,R,R
2026-08-17,593871,621111,SD@NYM,Middle Fastball Crusher (LH),2.16,2.87,0.99,0.986,1.019,2.024,7.4,1244,Jorge Polanco,Walker Buehler,8.0,DH,7:10p,1787008200000.0,False,False,,,,,NYM,L,R
2026-08-17,630105,690997,SD@NYM,Oppo Fastball Hunter (LH),1.9,2.72,0.989,0.986,0.936,1.548,6.9,1344,Jake Cronenworth,Nolan Mclean,2.0,2B,7:10p,1787008200000.0,False,False,,,,,SD,L,R
2026-08-17,694377,664285,DET@PIT,Middle Slider Crusher,2.22,2.38,1.007,0.997,1.023,1.783,6.6,1421,Nick Yorke,Framber Valdez,8.0,3B,7:05p,1787007900000.0,False,False,,,,,PIT,R,L
2026-08-17,680700,687064,BAL@TB,Oppo Fastball Hunter (LH),2.07,2.6,1.0,1.0,1.0,1.761,6.5,1439,Richie Palacios,Brandon Young,8.0,2B,6:05p,1787004300000.0,False,False,,,,,TB,L,R
2026-08-17,681508,683352,AZ@BOS,Middle Fastball Crusher (LH),1.53,3.27,1.044,1.006,0.956,1.646,6.1,1544,Mickey Gasper,Mitch Bratt,8.0,DH,7:10p,1787008200000.0,False,False,,,,,BOS,L,L
2026-08-17,595879,669387,DET@PIT,Middle Fastball Crusher,2.21,2.16,1.007,0.997,1.097,1.722,6.0,1557,Javier Báez,Carmen Mlodzinski,9.0,SS,7:05p,1787007900000.0,False,False,,,,,DET,R,R
2026-08-17,682663,650911,MIA@PHI,Inside Breaking Ball Specialist,2.06,2.21,1.008,1.005,0.9,1.359,5.9,1588,Agustín Ramírez,Cristopher Sánchez,4.0,DH,6:40p,1787006400000.0,False,False,,,,,MIA,R,L
2026-08-17,693304,664285,DET@PIT,Oppo Fastball Hunter,1.59,2.38,1.016,0.997,1.023,1.292,5.6,1672,Nick Gonzales,Framber Valdez,4.0,2B,7:05p,1787007900000.0,False,False,,,,,PIT,R,L
2026-08-17,656716,669387,DET@PIT,Inside Breaking Ball Specialist (LH),1.67,2.16,1.02,0.997,1.097,1.317,5.5,1709,Zach Mckinstry,Carmen Mlodzinski,5.0,RF,7:05p,1787007900000.0,False,False,,,,,DET,L,R
2026-08-17,672640,650911,MIA@PHI,Middle Fastball Crusher,1.96,2.21,1.008,1.005,0.9,1.292,5.4,1743,Otto Lopez,Cristopher Sánchez,5.0,SS,6:40p,1787006400000.0,False,False,,,,,MIA,R,L
2026-08-17,691026,695076,STL@CIN,Middle Slider Crusher,1.3,2.89,1.011,1.002,1.106,1.377,5.3,1782,Masyn Winn,Rhett Lowder,7.0,SS,6:40p,1787006400000.0,False,False,,,,,STL,R,R
2026-08-17,669707,664285,DET@PIT,Middle Slider Crusher,1.41,2.38,1.007,0.997,1.023,1.131,5.2,1813,Jared Triolo,Framber Valdez,1.0,SS,7:05p,1787007900000.0,False,False,,,,,PIT,R,L
2026-08-17,691594,650911,MIA@PHI,Middle Fastball Crusher,1.89,2.21,1.008,1.005,0.9,1.251,5.1,1870,Javier Sanoja,Cristopher Sánchez,6.0,3B,6:40p,1787006400000.0,False,False,,,,,MIA,R,L
2026-08-17,650859,690997,SD@NYM,Middle Slider Crusher,1.75,2.72,0.991,0.986,0.936,1.431,5.0,1887,Luis Rengifo,Nolan Mclean,9.0,LF,7:10p,1787008200000.0,False,False,,,,,SD,R,R
2026-08-17,665966,663556,BAL@TB,Middle Slider Crusher,1.91,2.07,1.0,1.0,0.995,1.293,4.8,1983,Carlos Narváez,Shane Mcclanahan,8.0,C,6:05p,1787004300000.0,False,False,,,,,BAL,R,L
2026-08-17,663968,664285,DET@PIT,Inside Breaking Ball Specialist,1.55,2.38,1.012,0.997,1.023,1.252,4.8,1966,Jake Mangum,Framber Valdez,7.0,CF,7:05p,1787007900000.0,False,False,,,,,PIT,R,L
2026-08-17,669364,650911,MIA@PHI,Middle Fastball Crusher (LH),1.5,2.21,1.006,1.005,0.9,0.988,4.4,2194,Xavier Edwards,Cristopher Sánchez,3.0,2B,6:40p,1787006400000.0,False,False,,,,,MIA,L,L
2026-08-18,621566,805673,ATL@MIN,Middle Fastball Crusher (LH),5.96,4.19,1.009,0.983,1.054,8.589,33.2,201,Matt Olson,Zebby Matthews,3.0,1B,7:40p,1787096400000.0,False,False,,,,,ATL,L,R
2026-08-18,575929,518876,AZ@BOS,Middle Slider Crusher,4.86,4.25,1.037,1.02,1.12,8.036,31.2,220,Willson Contreras,Merrill Kelly,4.0,1B,7:10p,1787094600000.0,False,False,,,,,BOS,R,R
2026-08-18,660271,663372,LAD@COL,Middle Fastball Crusher (LH),5.02,4.23,0.966,1.014,1.109,7.576,31.1,222,Shohei Ohtani,Ryan Feltner,1.0,DH,8:40p,1787100000000.0,True,False,,,,,LAD,L,R
2026-08-18,571970,663372,LAD@COL,Oppo Fastball Hunter (LH),5.16,4.23,0.975,1.014,1.109,7.871,30.7,226,Max Muncy,Ryan Feltner,4.0,3B,8:40p,1787100000000.0,True,False,,,,,LAD,L,R
2026-08-18,666160,641778,LAD@COL,Inside Breaking Ball Specialist (LH),5.11,4.69,0.956,1.014,1.057,8.059,29.4,241,Mickey Moniak,Eric Lauer,6.0,LF,8:40p,1787100000000.0,True,False,,,,,COL,L,L
2026-08-18,677800,518876,AZ@BOS,Inside Breaking Ball Specialist (LH),3.93,4.25,1.059,1.02,1.12,6.649,26.6,276,Wilyer Abreu,Merrill Kelly,3.0,RF,7:10p,1787094600000.0,False,False,,,,,BOS,L,R
2026-08-18,686948,805673,ATL@MIN,Oppo Fastball Hunter (LH),4.13,4.19,0.999,0.983,1.054,5.887,24.9,302,Drake Baldwin,Zebby Matthews,1.0,DH,7:40p,1787096400000.0,False,False,,,,,ATL,L,R
2026-08-18,671739,805673,ATL@MIN,Middle Fastball Crusher (LH),3.95,4.19,1.009,0.983,1.054,5.688,23.0,335,Michael Harris,Zebby Matthews,4.0,CF,7:40p,1787096400000.0,False,False,,,,,ATL,L,R
2026-08-18,605141,663372,LAD@COL,Inside Breaking Ball Specialist,3.79,4.23,0.96,1.014,1.109,5.691,22.2,350,Mookie Betts,Ryan Feltner,5.0,SS,8:40p,1787100000000.0,True,False,,,,,LAD,R,R
2026-08-18,678882,518876,AZ@BOS,Middle Slider Crusher,3.15,4.25,1.037,1.02,1.12,5.22,21.8,358,Ceddanne Rafaela,Merrill Kelly,2.0,CF,7:10p,1787094600000.0,False,False,,,,,BOS,R,R
2026-08-18,664983,641778,LAD@COL,Middle Fastball Crusher (LH),3.03,4.69,0.966,1.014,1.057,4.831,20.8,380,Jake Mccarthy,Eric Lauer,1.0,DH,8:40p,1787100000000.0,True,False,,,,,COL,L,L
2026-08-18,691406,667755,TOR@TB,Oppo Fastball Hunter,5.8,2.5,1.0,1.0,1.036,4.929,20.7,382,Junior Caminero,José Soriano,2.0,3B,6:40p,1787092800000.0,False,False,,,,,TB,R,R
2026-08-18,645277,805673,ATL@MIN,Middle Fastball Crusher,3.62,4.19,0.99,0.983,1.054,5.111,20.2,396,Ozzie Albies,Zebby Matthews,5.0,2B,7:40p,1787096400000.0,False,False,,,,,ATL,R,R
2026-08-18,665052,554430,MIA@PHI,Middle Fastball Crusher (LH),5.37,3.07,1.006,1.003,0.9,4.924,20.2,395,Griffin Conine,Zack Wheeler,4.0,1B,6:40p,1787092800000.0,False,False,,,,,MIA,L,R
2026-08-18,650489,641778,LAD@COL,Middle Fastball Crusher,3.03,4.69,0.963,1.014,1.057,4.816,19.9,403,Willi Castro,Eric Lauer,3.0,3B,8:40p,1787100000000.0,True,False,,,,,COL,R,L
2026-08-18,680776,518876,AZ@BOS,Middle Fastball Crusher (LH),3.17,4.25,1.044,1.02,1.12,5.281,19.2,420,Jarren Duran,Merrill Kelly,7.0,LF,7:10p,1787094600000.0,False,False,,,,,BOS,L,R
2026-08-18,656941,806188,MIA@PHI,Middle Slider Crusher (LH),6.19,2.15,1.006,1.003,0.974,4.288,18.7,435,Kyle Schwarber,Cade Gibson,1.0,DH,6:40p,1787092800000.0,False,False,,,,,PHI,L,L
2026-08-18,518692,663372,LAD@COL,Middle Fastball Crusher (LH),2.91,4.23,0.966,1.014,1.109,4.389,18.6,436,Freddie Freeman,Ryan Feltner,2.0,1B,8:40p,1787100000000.0,True,False,,,,,LAD,L,R
2026-08-18,691023,671096,STL@CIN,Middle Fastball Crusher,4.31,2.96,1.011,1.001,1.058,4.493,18.6,436,Jordan Walker,Andrew Abbott,3.0,RF,6:40p,1787092800000.0,False,False,,,,,STL,R,L
2026-08-18,694192,682243,SEA@MIL,Middle Fastball Crusher,3.88,3.86,0.99,1.0,0.9,4.384,18.6,437,Jackson Chourio,Bryce Miller,2.0,LF,7:40p,1787096400000.0,False,False,,,,,MIL,R,R
2026-08-18,678246,592332,CWS@CHC,Middle Fastball Crusher,4.81,2.92,0.978,1.026,0.969,4.482,18.6,438,Miguel Vargas,Kevin Gausman,3.0,3B,8:05p,1787097900000.0,True,False,,,,,CWS,R,R
2026-08-18,686527,690986,SEA@MIL,Middle Slider Crusher (LH),4.6,3.29,0.982,1.0,0.9,4.396,18.3,447,Dominic Canzone,Kyle Harrison,3.0,DH,7:40p,1787096400000.0,False,False,,,,,SEA,L,L
2026-08-18,665019,641816,ATL@MIN,Middle Fastball Crusher (LH),4.39,3.27,1.009,0.983,0.971,4.541,18.1,453,Kody Clemens,Tyler Mahle,5.0,2B,7:40p,1787096400000.0,False,False,,,,,MIN,L,R
2026-08-18,668939,518876,AZ@BOS,Middle Fastball Crusher,2.7,4.25,1.037,1.02,1.12,4.475,17.8,461,Adley Rutschman,Merrill Kelly,5.0,C,7:10p,1787094600000.0,False,False,,,,,BOS,R,R
2026-08-18,701398,681517,STL@CIN,Middle Fastball Crusher,4.49,2.55,1.011,1.001,1.09,4.148,17.7,465,Sal Stewart,Kyle Leahy,2.0,1B,6:40p,1787092800000.0,False,False,,,,,CIN,R,R
2026-08-18,702332,518876,AZ@BOS,Middle Fastball Crusher,2.74,4.25,1.037,1.02,1.12,4.537,17.5,472,Caleb Durbin,Merrill Kelly,6.0,3B,7:10p,1787094600000.0,False,False,,,,,BOS,R,R
2026-08-18,668709,681517,STL@CIN,Middle Fastball Crusher (LH),4.52,2.55,1.011,1.001,1.09,4.182,17.4,473,Jj Bleday,Kyle Leahy,3.0,LF,6:40p,1787092800000.0,False,False,,,,,CIN,L,R
2026-08-18,695657,592332,CWS@CHC,Oppo Fastball Hunter (LH),4.81,2.92,0.978,1.026,0.969,4.486,17.3,478,Colson Montgomery,Kevin Gausman,6.0,SS,8:05p,1787097900000.0,True,False,,,,,CWS,L,R
2026-08-18,682657,687931,SF@CLE,Inside Breaking Ball Specialist (LH),3.67,3.06,1.008,0.999,1.12,4.164,17.3,478,Angel Martínez,Carson Whisenhunt,4.0,LF,6:40p,1787092800000.0,False,False,,,,,CLE,L,L
2026-08-18,672960,607259,TOR@TB,Oppo Fastball Hunter,4.51,2.93,1.0,1.0,1.027,4.458,17.2,481,Kazuma Okamoto,Nick Martínez,6.0,1B,6:40p,1787092800000.0,False,False,,,,,TOR,R,R
2026-08-18,553993,681517,STL@CIN,Middle Slider Crusher,4.37,2.55,1.011,1.001,1.09,4.045,16.8,494,Eugenio Suárez,Kyle Leahy,4.0,DH,6:40p,1787092800000.0,False,False,,,,,CIN,R,R
2026-08-18,666139,664299,LAA@HOU,Middle Fastball Crusher (LH),3.47,3.53,1.004,1.0,1.12,4.524,16.7,500,Josh Lowe,Cristian Javier,7.0,RF,8:10p,1787098200000.0,False,False,,,,,LAA,L,R
2026-08-18,606192,663372,LAD@COL,Middle Fastball Crusher,3.12,4.23,0.963,1.014,1.109,4.705,16.7,500,Teoscar Hernández,Ryan Feltner,8.0,LF,8:40p,1787100000000.0,True,False,,,,,LAD,R,R
2026-08-18,664034,804267,SD@NYM,Inside Breaking Ball Specialist,4.31,2.62,0.991,1.022,1.067,4.011,16.7,499,Ty France,Zac Thornton,4.0,1B,7:10p,1787094600000.0,False,False,,,,,SD,R,L
2026-08-18,666176,687931,SF@CLE,Middle Slider Crusher,3.45,3.06,1.015,0.999,1.12,3.934,16.5,507,Jo Adell,Carson Whisenhunt,3.0,RF,6:40p,1787092800000.0,False,False,,,,,CLE,R,L
2026-08-18,700250,669358,NYY@BAL,Middle Fastball Crusher (LH),5.86,1.95,1.015,1.012,1.003,3.853,16.5,505,Ben Rice,Shane Baz,2.0,DH,6:35p,1787092500000.0,False,False,,,,,NYY,L,R
2026-08-18,682829,681517,STL@CIN,Middle Fastball Crusher,3.98,2.55,1.011,1.001,1.09,3.676,16.2,517,Elly De La Cruz,Kyle Leahy,1.0,SS,6:40p,1787092800000.0,False,False,,,,,CIN,R,R
2026-08-18,592518,804267,SD@NYM,Middle Slider Crusher,4.14,2.62,0.991,1.022,1.067,3.85,16.2,519,Manny Machado,Zac Thornton,3.0,3B,7:10p,1787094600000.0,False,False,,,,,SD,R,L
2026-08-18,664040,672456,DET@PIT,Middle Fastball Crusher (LH),4.61,2.64,1.016,1.001,0.919,3.738,16.1,522,Brandon Lowe,Keider Montero,2.0,2B,6:40p,1787092800000.0,False,False,,,,,PIT,L,R
2026-08-18,682626,592662,SD@NYM,Oppo Fastball Hunter,3.77,3.06,0.99,1.022,1.042,3.985,16.0,525,Francisco Álvarez,Robbie Ray,5.0,DH,7:10p,1787094600000.0,False,False,,,,,NYM,R,L
2026-08-18,663586,805673,ATL@MIN,High Zone Fastball Hitter,3.03,4.19,0.994,0.983,1.054,4.297,15.9,530,Austin Riley,Zebby Matthews,7.0,3B,7:40p,1787096400000.0,False,False,,,,,ATL,R,R
2026-08-18,680777,641816,ATL@MIN,Middle Fastball Crusher,3.64,3.27,0.99,0.983,0.971,3.691,15.5,544,Ryan Jeffers,Tyler Mahle,3.0,C,7:40p,1787096400000.0,False,False,,,,,MIN,R,R
2026-08-18,679529,677952,DET@PIT,Middle Fastball Crusher,3.88,3.39,1.007,1.001,0.902,3.93,15.3,554,Spencer Torkelson,Braxton Ashcraft,6.0,1B,6:40p,1787092800000.0,False,False,,,,,DET,R,R
2026-08-18,677594,690986,SEA@MIL,Middle Fastball Crusher,3.68,3.29,0.99,1.0,0.9,3.545,14.9,572,Julio Rodríguez,Kyle Harrison,4.0,CF,7:40p,1787096400000.0,False,False,,,,,SEA,R,L
2026-08-18,691781,615698,WSH@TEX,Middle Fastball Crusher,3.47,3.03,1.006,1.0,1.021,3.541,14.9,569,Brady House,Cal Quantrill,3.0,3B,8:05p,1787097900000.0,False,False,,,,,WSH,R,R
2026-08-18,668930,682243,SEA@MIL,Inside Breaking Ball Specialist (LH),3.04,3.86,0.97,1.0,0.9,3.361,14.9,571,Brice Turang,Bryce Miller,1.0,2B,7:40p,1787096400000.0,False,False,,,,,MIL,L,R
2026-08-18,673357,592662,SD@NYM,Inside Breaking Ball Specialist,3.24,3.06,0.991,1.022,1.042,3.43,14.5,590,Luis Robert,Robbie Ray,3.0,CF,7:10p,1787094600000.0,False,False,,,,,NYM,R,L
2026-08-18,624413,607074,NYY@BAL,Oppo Fastball Hunter,4.77,2.19,1.015,1.012,0.941,3.32,14.4,595,Pete Alonso,Carlos Rodón,2.0,DH,6:35p,1787092500000.0,False,False,,,,,BAL,R,L
2026-08-18,680869,663738,ATH@KC,Middle Fastball Crusher,4.45,2.43,1.0,1.0,0.937,3.322,14.4,595,Zack Gelof,Daniel Lynch,2.0,DH,7:40p,1787096400000.0,False,False,,,,,ATH,R,L
2026-08-18,665833,672456,DET@PIT,Middle Slider Crusher (LH),4.38,2.64,1.016,1.001,0.919,3.551,14.4,596,Oneil Cruz,Keider Montero,5.0,CF,6:40p,1787092800000.0,False,False,,,,,PIT,L,R
2026-08-18,655316,518876,AZ@BOS,Middle Slider Crusher,2.43,4.25,1.037,1.02,1.12,4.014,14.3,597,Andruw Monasterio,Merrill Kelly,8.0,SS,7:10p,1787094600000.0,False,False,,,,,BOS,R,R
2026-08-18,671277,669358,NYY@BAL,Inside Breaking Ball Specialist (LH),5.12,1.95,1.022,1.012,1.003,3.393,14.3,600,Luis García,Shane Baz,4.0,1B,6:35p,1787092500000.0,False,False,,,,,NYY,L,R
2026-08-18,683357,554430,MIA@PHI,Middle Fastball Crusher (LH),4.11,3.07,1.006,1.003,0.9,3.769,14.0,612,Owen Caissie,Zack Wheeler,7.0,RF,6:40p,1787092800000.0,False,False,,,,,MIA,L,R
2026-08-18,605137,641816,ATL@MIN,Middle Fastball Crusher (LH),3.21,3.27,1.009,0.983,0.971,3.318,14.0,615,Josh Bell,Tyler Mahle,4.0,DH,7:40p,1787096400000.0,False,False,,,,,MIN,L,R
2026-08-18,668227,690986,SEA@MIL,Oppo Fastball Hunter,3.32,3.29,0.982,1.0,0.9,3.165,13.7,627,Randy Arozarena,Kyle Harrison,2.0,LF,7:40p,1787096400000.0,False,False,,,,,SEA,R,L
2026-08-18,663656,663372,LAD@COL,Middle Fastball Crusher (LH),2.42,4.23,0.966,1.014,1.109,3.659,13.6,633,Kyle Tucker,Ryan Feltner,7.0,RF,8:40p,1787100000000.0,True,False,,,,,LAD,L,R
2026-08-18,686797,641816,ATL@MIN,Middle Fastball Crusher,3.59,3.27,0.99,0.983,0.971,3.634,13.6,637,Brooks Lee,Tyler Mahle,7.0,3B,7:40p,1787096400000.0,False,False,,,,,MIN,R,R
2026-08-18,668904,641816,ATL@MIN,Middle Fastball Crusher,3.38,3.27,0.99,0.983,0.971,3.425,13.4,645,Royce Lewis,Tyler Mahle,6.0,1B,7:40p,1787096400000.0,False,False,,,,,MIN,R,R
2026-08-18,701538,804267,SD@NYM,Middle Fastball Crusher (LH),3.56,2.62,0.99,1.022,1.067,3.305,13.4,645,Jackson Merrill,Zac Thornton,5.0,CF,7:10p,1787094600000.0,False,False,,,,,SD,L,L
2026-08-18,686611,615698,WSH@TEX,Middle Fastball Crusher,3.24,3.03,1.006,1.0,1.021,3.304,13.4,645,Dylan Crews,Cal Quantrill,5.0,RF,8:05p,1787097900000.0,False,False,,,,,WSH,R,R
2026-08-18,681393,641778,LAD@COL,Oppo Fastball Hunter,2.05,4.69,0.966,1.014,1.057,3.268,13.3,653,Connor Norby,Eric Lauer,5.0,2B,8:40p,1787100000000.0,True,False,,,,,COL,R,L
2026-08-18,543760,592662,SD@NYM,Middle Fastball Crusher,3.3,3.06,0.991,1.022,1.042,3.494,13.1,665,Marcus Semien,Robbie Ray,7.0,2B,7:10p,1787094600000.0,False,False,,,,,NYM,R,L
2026-08-18,643217,592332,CWS@CHC,High Zone Fastball Hitter (LH),3.39,2.92,0.957,1.026,0.969,3.093,13.1,664,Andrew Benintendi,Kevin Gausman,4.0,DH,8:05p,1787097900000.0,True,False,,,,,CWS,L,R
2026-08-18,691723,607074,NYY@BAL,Middle Fastball Crusher,4.44,2.19,1.006,1.012,0.941,3.063,13.0,671,Coby Mayo,Carlos Rodón,4.0,1B,6:35p,1787092500000.0,False,False,,,,,BAL,R,L
2026-08-18,547180,806188,MIA@PHI,Middle Fastball Crusher (LH),4.35,2.15,1.006,1.003,0.974,3.018,12.8,678,Bryce Harper,Cade Gibson,3.0,RF,6:40p,1787092800000.0,False,False,,,,,PHI,L,L
2026-08-18,695734,615698,WSH@TEX,Inside Breaking Ball Specialist (LH),2.95,3.03,1.005,1.0,1.021,3.007,12.7,685,Daylen Lile,Cal Quantrill,4.0,LF,8:05p,1787097900000.0,False,False,,,,,WSH,L,R
2026-08-18,678662,641778,LAD@COL,Middle Slider Crusher,2.35,4.69,0.963,1.014,1.057,3.727,12.7,686,Ezequiel Tovar,Eric Lauer,9.0,SS,8:40p,1787100000000.0,True,False,,,,,COL,R,L
2026-08-18,663886,681517,STL@CIN,Middle Fastball Crusher,3.37,2.55,1.011,1.001,1.09,3.113,12.7,688,Tyler Stephenson,Kyle Leahy,5.0,C,6:40p,1787092800000.0,False,False,,,,,CIN,R,R
2026-08-18,543807,607259,TOR@TB,Middle Fastball Crusher,3.02,2.93,1.0,1.0,1.027,2.986,12.7,690,George Springer,Nick Martínez,4.0,DH,6:40p,1787092800000.0,False,False,,,,,TOR,R,R
2026-08-18,687952,607074,NYY@BAL,Middle Fastball Crusher,4.64,2.19,1.006,1.012,0.941,3.204,12.6,693,Christian Encarnacion-Strand,Carlos Rodón,6.0,3B,6:35p,1787092500000.0,False,False,,,,,BAL,R,L
2026-08-18,650402,677952,DET@PIT,Middle Fastball Crusher,2.75,3.39,1.007,1.001,0.902,2.781,12.5,702,Gleyber Torres,Braxton Ashcraft,1.0,2B,6:40p,1787092800000.0,False,False,,,,,DET,R,R
2026-08-18,661388,682243,SEA@MIL,Middle Fastball Crusher,2.53,3.86,0.99,1.0,0.9,2.861,12.2,723,William Contreras,Bryce Miller,4.0,C,7:40p,1787096400000.0,False,False,,,,,MIL,R,R
2026-08-18,660821,607259,TOR@TB,Inside Breaking Ball Specialist (LH),3.01,2.93,1.0,1.0,1.027,2.976,12.2,723,Jesús Sánchez,Nick Martínez,5.0,LF,6:40p,1787092800000.0,False,False,,,,,TOR,L,R
2026-08-18,650490,667755,TOR@TB,Oppo Fastball Hunter,3.33,2.5,1.0,1.0,1.036,2.829,12.0,731,Yandy Díaz,José Soriano,4.0,DH,6:40p,1787092800000.0,False,False,,,,,TB,R,R
2026-08-18,643289,805673,ATL@MIN,Oppo Fastball Hunter,2.28,4.19,1.009,0.983,1.054,3.283,11.9,743,Mauricio Dubón,Zebby Matthews,8.0,SS,7:40p,1787096400000.0,False,False,,,,,ATL,R,R
2026-08-18,671056,671096,STL@CIN,Middle Slider Crusher,2.6,2.96,1.011,1.001,1.058,2.708,11.9,743,Iván Herrera,Andrew Abbott,2.0,DH,6:40p,1787092800000.0,False,False,,,,,STL,R,L
2026-08-18,663728,690986,SEA@MIL,Middle Slider Crusher,3.3,3.29,0.99,1.0,0.9,3.174,11.9,739,Cal Raleigh,Kyle Harrison,7.0,C,7:40p,1787096400000.0,False,False,,,,,SEA,R,L
2026-08-18,672386,607259,TOR@TB,Oppo Fastball Hunter,2.78,2.93,1.0,1.0,1.027,2.75,11.8,750,Alejandro Kirk,Nick Martínez,3.0,C,6:40p,1787092800000.0,False,False,,,,,TOR,R,R
2026-08-18,687597,641778,LAD@COL,Middle Fastball Crusher,1.96,4.69,0.963,1.014,1.057,3.118,11.7,753,Jordan Beck,Eric Lauer,7.0,RF,8:40p,1787100000000.0,True,False,,,,,COL,R,L
2026-08-18,690993,677952,DET@PIT,Middle Fastball Crusher (LH),2.66,3.39,1.016,1.001,0.902,2.714,11.6,761,Colt Keith,Braxton Ashcraft,3.0,DH,6:40p,1787092800000.0,False,False,,,,,DET,L,R
2026-08-18,641680,663738,ATH@KC,Middle Slider Crusher (LH),3.61,2.43,1.0,1.0,0.937,2.696,11.5,770,Jonah Heim,Daniel Lynch,4.0,C,7:40p,1787096400000.0,False,False,,,,,ATH,L,L
2026-08-18,666182,592662,SD@NYM,Middle Fastball Crusher,2.38,3.06,0.991,1.022,1.042,2.515,11.1,805,Bo Bichette,Robbie Ray,2.0,3B,7:10p,1787094600000.0,False,False,,,,,NYM,R,L
2026-08-18,680977,690986,SEA@MIL,Middle Slider Crusher (LH),2.55,3.29,0.982,1.0,0.9,2.434,11.0,811,Brendan Donovan,Kyle Harrison,1.0,3B,7:40p,1787096400000.0,False,False,,,,,SEA,L,L
2026-08-18,641933,607074,NYY@BAL,Middle Slider Crusher,3.71,2.19,1.006,1.012,0.941,2.561,11.0,810,Tyler O'Neill,Carlos Rodón,3.0,RF,6:35p,1787092500000.0,False,False,,,,,BAL,R,L
2026-08-18,687462,672456,DET@PIT,Middle Slider Crusher (LH),2.97,2.64,1.016,1.001,0.919,2.411,10.9,819,Spencer Horwitz,Keider Montero,1.0,1B,6:40p,1787092800000.0,False,False,,,,,PIT,L,R
2026-08-18,681508,518876,AZ@BOS,Middle Fastball Crusher (LH),1.91,4.25,1.044,1.02,1.12,3.178,10.9,815,Mickey Gasper,Merrill Kelly,9.0,DH,7:10p,1787094600000.0,False,False,,,,,BOS,L,R
2026-08-18,663757,669358,NYY@BAL,Oppo Fastball Hunter (LH),3.71,1.95,0.999,1.012,1.003,2.402,10.8,823,Trent Grisham,Shane Baz,1.0,CF,6:35p,1787092500000.0,False,False,,,,,NYY,L,R
2026-08-18,592885,682243,SEA@MIL,Middle Slider Crusher (LH),2.35,3.86,0.982,1.0,0.9,2.627,10.8,827,Christian Yelich,Bryce Miller,5.0,DH,7:40p,1787096400000.0,False,False,,,,,MIL,L,R
2026-08-18,672275,687931,SF@CLE,Inside Breaking Ball Specialist (LH),2.56,3.06,1.008,0.999,1.12,2.902,10.5,849,Patrick Bailey,Carson Whisenhunt,8.0,C,6:40p,1787092800000.0,False,False,,,,,CLE,L,L
2026-08-18,620443,592662,SD@NYM,Middle Fastball Crusher,2.8,3.06,0.991,1.022,1.042,2.963,10.2,879,Luis Torrens,Robbie Ray,9.0,C,7:10p,1787094600000.0,False,False,,,,,NYM,R,L
2026-08-18,656775,667755,TOR@TB,Middle Slider Crusher (LH),3.14,2.5,1.0,1.0,1.036,2.668,10.1,890,Cedric Mullins,José Soriano,7.0,CF,6:40p,1787092800000.0,False,False,,,,,TB,L,R
2026-08-18,683002,607074,NYY@BAL,Middle Slider Crusher (LH),3.46,2.19,1.015,1.012,0.941,2.409,9.9,907,Gunnar Henderson,Carlos Rodón,5.0,SS,6:35p,1787092500000.0,False,False,,,,,BAL,L,L
2026-08-18,696285,615698,WSH@TEX,Middle Fastball Crusher,2.75,3.03,1.006,1.0,1.021,2.811,9.7,929,Jacob Young,Cal Quantrill,9.0,CF,8:05p,1787097900000.0,False,False,,,,,WSH,R,R
2026-08-18,668804,672456,DET@PIT,Middle Fastball Crusher,2.77,2.64,1.007,1.001,0.919,2.227,9.6,940,Bryan Reynolds,Keider Montero,3.0,DH,6:40p,1787092800000.0,False,False,,,,,PIT,R,R
2026-08-18,607208,806188,MIA@PHI,Middle Fastball Crusher,3.14,2.15,1.008,1.003,0.974,2.179,9.6,938,Trea Turner,Cade Gibson,2.0,SS,6:40p,1787092800000.0,False,False,,,,,PHI,R,L
2026-08-18,665862,669358,NYY@BAL,Middle Fastball Crusher (LH),3.64,1.95,1.015,1.012,1.003,2.393,9.5,949,Jazz Chisholm,Shane Baz,6.0,2B,6:35p,1787092500000.0,False,False,,,,,NYY,L,R
2026-08-18,664770,607259,TOR@TB,Oppo Fastball Hunter (LH),2.18,2.93,1.0,1.0,1.027,2.158,9.5,948,Nathan Lukes,Nick Martínez,2.0,RF,6:40p,1787092800000.0,False,False,,,,,TOR,L,R
2026-08-18,687401,682243,SEA@MIL,Middle Fastball Crusher,2.28,3.86,0.99,1.0,0.9,2.577,9.4,964,Joey Ortiz,Bryce Miller,8.0,SS,7:40p,1787096400000.0,False,False,,,,,MIL,R,R
2026-08-18,667472,681517,STL@CIN,Middle Slider Crusher,2.48,2.55,1.011,1.001,1.09,2.293,9.2,993,Dane Myers,Kyle Leahy,6.0,CF,6:40p,1787092800000.0,False,False,,,,,CIN,R,R
2026-08-18,593428,804267,SD@NYM,Middle Fastball Crusher,2.46,2.62,0.991,1.022,1.067,2.291,9.1,994,Xander Bogaerts,Zac Thornton,6.0,SS,7:10p,1787094600000.0,False,False,,,,,SD,R,L
2026-08-18,686780,671096,STL@CIN,Middle Fastball Crusher,2.53,2.96,1.011,1.001,1.058,2.64,9.1,994,Pedro Pagés,Andrew Abbott,9.0,C,6:40p,1787092800000.0,False,False,,,,,STL,R,L
2026-08-18,677587,687931,SF@CLE,Middle Slider Crusher (LH),2.31,3.06,1.006,0.999,1.12,2.608,9.0,1007,Brayan Rocchio,Carson Whisenhunt,9.0,SS,6:40p,1787092800000.0,False,False,,,,,CLE,L,L
2026-08-18,663647,681517,STL@CIN,Inside Breaking Ball Specialist,2.79,2.55,1.012,1.001,1.09,2.584,9.0,1017,Ke'Bryan Hayes,Kyle Leahy,9.0,3B,6:40p,1787092800000.0,False,False,,,,,CIN,R,R
2026-08-18,807712,641816,ATL@MIN,Oppo Fastball Hunter,1.83,3.27,1.009,0.983,0.971,1.888,8.6,1062,Luke Keaschall,Tyler Mahle,1.0,CF,7:40p,1787096400000.0,False,False,,,,,MIN,R,R
2026-08-18,665877,671096,STL@CIN,Middle Slider Crusher,2.25,2.96,1.011,1.001,1.058,2.347,8.6,1064,José Fermín,Andrew Abbott,8.0,CF,6:40p,1787092800000.0,False,False,,,,,STL,R,L
2026-08-18,682998,624133,AZ@BOS,Oppo Fastball Hunter (LH),3.34,1.78,1.037,1.02,0.933,1.921,8.5,1072,Corbin Carroll,Ranger Suarez,2.0,RF,7:10p,1787094600000.0,False,False,,,,,AZ,L,L
2026-08-18,665926,607259,TOR@TB,Middle Slider Crusher (LH),2.19,2.93,1.0,1.0,1.027,2.169,8.3,1109,Andrés Giménez,Nick Martínez,7.0,SS,6:40p,1787092800000.0,False,False,,,,,TOR,L,R
2026-08-18,664761,806188,MIA@PHI,Oppo Fastball Hunter,2.87,2.15,1.006,1.003,0.974,1.989,8.3,1111,Alec Bohm,Cade Gibson,5.0,1B,6:40p,1787092800000.0,False,False,,,,,PHI,R,L
2026-08-18,702616,607074,NYY@BAL,Middle Slider Crusher (LH),2.6,2.19,1.015,1.012,0.941,1.812,8.3,1109,Jackson Holliday,Carlos Rodón,1.0,2B,6:35p,1787092500000.0,False,False,,,,,BAL,L,L
2026-08-18,623168,664299,LAA@HOU,Oppo Fastball Hunter,1.74,3.53,1.004,1.0,1.12,2.275,7.9,1163,Tyler Heineman,Cristian Javier,9.0,C,8:10p,1787098200000.0,False,False,,,,,LAA,R,R
2026-08-18,672640,554430,MIA@PHI,Middle Fastball Crusher,1.94,3.07,1.008,1.003,0.9,1.783,7.8,1190,Otto Lopez,Zack Wheeler,3.0,SS,6:40p,1787092800000.0,False,False,,,,,MIA,R,R
2026-08-18,666023,804267,SD@NYM,Inside Breaking Ball Specialist,2.3,2.62,0.991,1.022,1.067,2.138,7.8,1174,Freddy Fermin,Zac Thornton,8.0,C,7:10p,1787094600000.0,False,False,,,,,SD,R,L
2026-08-18,671218,669358,NYY@BAL,Inside Breaking Ball Specialist,2.73,1.95,1.003,1.012,1.003,1.773,7.7,1196,Heliot Ramos,Shane Baz,3.0,LF,6:35p,1787092500000.0,False,False,,,,,NYY,R,R
2026-08-18,683766,656492,SF@CLE,Middle Fastball Crusher,1.79,3.71,1.015,0.999,0.999,2.212,7.7,1198,Christian Koss,Foster Griffin,9.0,SS,6:40p,1787092800000.0,False,False,,,,,SF,R,L
2026-08-18,694374,624133,AZ@BOS,Inside Breaking Ball Specialist,3.17,1.78,1.049,1.02,0.933,1.847,7.7,1201,Tim Tawa,Ranger Suarez,5.0,1B,7:10p,1787094600000.0,False,False,,,,,AZ,R,L
2026-08-18,595879,677952,DET@PIT,Middle Fastball Crusher,2.17,3.39,1.007,1.001,0.902,2.192,7.6,1210,Javier Báez,Braxton Ashcraft,9.0,SS,6:40p,1787092800000.0,False,False,,,,,DET,R,R
2026-08-18,664023,663542,CWS@CHC,Middle Fastball Crusher,3.71,1.78,0.978,1.026,0.9,1.952,7.5,1240,Ian Happ,Bryan Hudson,7.0,LF,8:05p,1787097900000.0,True,False,,,,,CHC,R,L
2026-08-18,691777,663738,ATH@KC,Oppo Fastball Hunter,2.63,2.43,1.0,1.0,0.937,1.965,7.5,1231,Max Muncy,Daniel Lynch,7.0,LF,7:40p,1787096400000.0,False,False,,,,,ATH,R,L
2026-08-18,682663,554430,MIA@PHI,Inside Breaking Ball Specialist,2.02,3.07,1.008,1.003,0.9,1.855,7.5,1241,Agustín Ramírez,Zack Wheeler,6.0,DH,6:40p,1787092800000.0,False,False,,,,,MIA,R,R
2026-08-18,805300,554430,MIA@PHI,Middle Slider Crusher (LH),1.77,3.07,1.006,1.003,0.9,1.622,7.4,1246,Jakob Marsee,Zack Wheeler,1.0,CF,6:40p,1787092800000.0,False,False,,,,,MIA,L,R
2026-08-18,624424,663542,CWS@CHC,Oppo Fastball Hunter (LH),4.0,1.78,0.978,1.026,0.9,2.108,7.3,1261,Michael Conforto,Bryan Hudson,9.0,RF,8:05p,1787097900000.0,True,False,,,,,CHC,L,L
2026-08-18,650859,804267,SD@NYM,Middle Slider Crusher,1.74,2.62,0.991,1.022,1.067,1.614,7.2,1287,Luis Rengifo,Zac Thornton,2.0,LF,7:10p,1787094600000.0,False,False,,,,,SD,R,L
2026-08-18,678391,615698,WSH@TEX,Oppo Fastball Hunter (LH),1.72,3.03,1.005,1.0,1.021,1.754,7.1,1316,Jorbit Vivas,Cal Quantrill,6.0,2B,8:05p,1787097900000.0,False,False,,,,,WSH,L,R
2026-08-18,543510,624133,AZ@BOS,Oppo Fastball Hunter,3.22,1.78,1.044,1.02,0.933,1.864,7.1,1301,James Mccann,Ranger Suarez,7.0,C,7:10p,1787094600000.0,False,False,,,,,AZ,R,L
2026-08-18,656716,677952,DET@PIT,Inside Breaking Ball Specialist (LH),1.65,3.39,1.02,1.001,0.902,1.691,7.1,1317,Zach Mckinstry,Braxton Ashcraft,5.0,RF,6:40p,1787092800000.0,False,False,,,,,DET,L,R
2026-08-18,669224,669358,NYY@BAL,Oppo Fastball Hunter (LH),2.92,1.95,0.999,1.012,1.003,1.892,6.6,1412,Austin Wells,Shane Baz,9.0,C,6:35p,1787092500000.0,False,False,,,,,NYY,L,R
2026-08-18,608324,663542,CWS@CHC,Oppo Fastball Hunter,2.88,1.78,0.976,1.026,0.9,1.512,6.6,1414,Alex Bregman,Bryan Hudson,3.0,3B,8:05p,1787097900000.0,True,False,,,,,CHC,R,L
2026-08-18,691594,554430,MIA@PHI,Middle Fastball Crusher,1.87,3.07,1.008,1.003,0.9,1.72,6.4,1475,Javier Sanoja,Zack Wheeler,8.0,3B,6:40p,1787092800000.0,False,False,,,,,MIA,R,R
2026-08-18,680700,667755,TOR@TB,Oppo Fastball Hunter (LH),2.05,2.5,1.0,1.0,1.036,1.737,6.4,1459,Richie Palacios,José Soriano,8.0,2B,6:40p,1787092800000.0,False,False,,,,,TB,L,R
2026-08-18,666152,682243,SEA@MIL,Middle Fastball Crusher (LH),1.57,3.86,0.982,1.0,0.9,1.762,6.2,1520,David Hamilton,Bryce Miller,9.0,3B,7:40p,1787096400000.0,False,False,,,,,MIL,L,R
2026-08-18,630105,804267,SD@NYM,Oppo Fastball Hunter (LH),1.88,2.62,0.989,1.022,1.067,1.746,6.1,1535,Jake Cronenworth,Zac Thornton,9.0,2B,7:10p,1787094600000.0,False,False,,,,,SD,L,L
2026-08-18,669364,554430,MIA@PHI,Middle Fastball Crusher (LH),1.49,3.07,1.006,1.003,0.9,1.364,6.1,1535,Xavier Edwards,Zack Wheeler,2.0,2B,6:40p,1787092800000.0,False,False,,,,,MIA,L,R
2026-08-18,665804,663542,CWS@CHC,Middle Slider Crusher,2.66,1.78,0.978,1.026,0.9,1.402,5.2,1824,Miguel Amaya,Bryan Hudson,8.0,C,8:05p,1787097900000.0,True,False,,,,,CHC,R,L
2026-08-18,691026,671096,STL@CIN,Middle Slider Crusher,1.28,2.96,1.011,1.001,1.058,1.329,5.1,1850,Masyn Winn,Andrew Abbott,7.0,SS,6:40p,1787092800000.0,False,False,,,,,STL,R,L
2026-08-18,663968,672456,DET@PIT,Inside Breaking Ball Specialist,1.54,2.64,1.012,1.001,0.919,1.241,5.0,1886,Jake Mangum,Keider Montero,6.0,LF,6:40p,1787092800000.0,False,False,,,,,PIT,R,R
2026-08-18,645302,690986,SEA@MIL,High Zone Fastball Hitter,1.43,3.29,0.974,1.0,0.9,1.352,5.0,1894,Víctor Robles,Kyle Harrison,8.0,RF,7:40p,1787096400000.0,False,False,,,,,SEA,R,L
2026-08-18,687231,663738,ATH@KC,Middle Fastball Crusher,1.82,2.43,1.0,1.0,0.937,1.358,4.8,1991,Darell Hernaiz,Daniel Lynch,9.0,SS,7:40p,1787096400000.0,False,False,,,,,ATH,R,L
2026-08-18,665966,607074,NYY@BAL,Middle Slider Crusher,1.89,2.19,1.006,1.012,0.941,1.305,4.6,2075,Carlos Narváez,Carlos Rodón,9.0,C,6:35p,1787092500000.0,False,False,,,,,BAL,R,L
2026-08-18,669707,672456,DET@PIT,Middle Slider Crusher,1.4,2.64,1.007,1.001,0.919,1.122,4.0,2424,Jared Triolo,Keider Montero,9.0,3B,6:40p,1787092800000.0,False,False,,,,,PIT,R,R
2026-08-18,670764,667755,TOR@TB,Middle Fastball Crusher (LH),1.2,2.5,1.0,1.0,1.036,1.015,3.6,2685,Taylor Walls,José Soriano,9.0,SS,6:40p,1787092800000.0,False,False,,,,,TB,L,R
2026-08-18,663538,663542,CWS@CHC,Middle Fastball Crusher,1.61,1.78,0.978,1.026,0.9,0.846,3.6,2694,Nico Hoerner,Bryan Hudson,5.0,SS,8:05p,1787097900000.0,True,False,,,,,CHC,R,L
2026-08-18,683083,615698,WSH@TEX,Middle Fastball Crusher,0.88,3.03,1.006,1.0,1.021,0.9,3.4,2875,Nasim Nuñez,Cal Quantrill,8.0,SS,8:05p,1787097900000.0,False,False,,,,,WSH,R,R
2026-08-19,691406,453286,TOR@TB,Oppo Fastball Hunter,5.76,4.7,1.0,1.0,1.054,9.377,36.4,175,Junior Caminero,Max Scherzer,2.0,3B,6:40p,1787179200000.0,False,False,,,,,TB,R,R
2026-08-19,665052,605400,MIA@PHI,Middle Fastball Crusher (LH),5.62,4.81,1.006,1.014,1.007,9.135,34.8,187,Griffin Conine,Aaron Nola,4.0,1B,6:05p,1787177100000.0,False,False,,,,,MIA,L,R
2026-08-19,695506,605488,ATH@KC,Middle Fastball Crusher (LH),4.43,5.18,1.0,1.0,1.08,8.135,31.7,216,Jac Caglianone,Jeffrey Springs,3.0,RF,7:40p,1787182800000.0,False,False,,,,,KC,L,L
2026-08-19,660271,607536,LAD@COL,Middle Fastball Crusher (LH),5.13,3.87,0.966,1.018,1.106,7.083,29.3,241,Shohei Ohtani,Kyle Freeland,1.0,DH,8:40p,1787186400000.0,True,False,,,,,LAD,L,L
2026-08-19,666160,808963,LAD@COL,Inside Breaking Ball Specialist (LH),5.07,4.11,0.956,1.018,1.013,6.744,27.5,264,Mickey Moniak,Roki Sasaki,2.0,DH,8:40p,1787186400000.0,True,False,,,,,COL,L,R
2026-08-19,621566,671737,ATL@MIN,Middle Fastball Crusher (LH),5.93,3.23,1.009,0.995,0.982,6.206,25.0,300,Matt Olson,Taj Bradley,3.0,1B,1:40p,1787161200000.0,False,False,,,,,ATL,L,R
2026-08-19,683357,605400,MIA@PHI,Middle Fastball Crusher (LH),4.08,4.81,1.006,1.014,1.007,6.632,24.7,305,Owen Caissie,Aaron Nola,6.0,DH,6:05p,1787177100000.0,False,False,,,,,MIA,L,R
2026-08-19,701398,669461,STL@CIN,Middle Fastball Crusher,4.46,3.66,1.011,1.014,1.069,5.867,24.3,312,Sal Stewart,Matthew Liberatore,2.0,1B,6:40p,1787179200000.0,False,False,,,,,CIN,R,L
2026-08-19,677951,605488,ATH@KC,Middle Slider Crusher,3.13,5.18,1.0,1.0,1.08,5.747,23.8,320,Bobby Witt,Jeffrey Springs,2.0,SS,7:40p,1787182800000.0,False,False,,,,,KC,R,L
2026-08-19,624413,701542,NYY@BAL,Oppo Fastball Hunter,4.74,3.38,1.015,1.009,1.041,5.611,23.3,329,Pete Alonso,Will Warren,2.0,DH,6:35p,1787178900000.0,False,False,,,,,BAL,R,R
2026-08-19,553993,669461,STL@CIN,Middle Slider Crusher,4.34,3.66,1.011,1.014,1.069,5.71,23.1,333,Eugenio Suárez,Matthew Liberatore,4.0,3B,6:40p,1787179200000.0,False,False,,,,,CIN,R,L
2026-08-19,521692,605488,ATH@KC,Middle Fastball Crusher,3.22,5.18,1.0,1.0,1.08,5.916,22.3,348,Salvador Pérez,Jeffrey Springs,6.0,DH,7:40p,1787182800000.0,False,False,,,,,KC,R,L
2026-08-19,682829,669461,STL@CIN,Middle Fastball Crusher,3.95,3.66,1.011,1.014,1.069,5.196,22.3,349,Elly De La Cruz,Matthew Liberatore,1.0,SS,6:40p,1787179200000.0,False,False,,,,,CIN,R,L
2026-08-19,695600,605488,ATH@KC,Middle Fastball Crusher (LH),3.34,5.18,1.0,1.0,1.08,6.127,22.0,354,Carter Jensen,Jeffrey Springs,7.0,C,7:40p,1787182800000.0,False,False,,,,,KC,L,L
2026-08-19,650490,453286,TOR@TB,Oppo Fastball Hunter,3.31,4.7,1.0,1.0,1.054,5.39,21.9,356,Yandy Díaz,Max Scherzer,4.0,DH,6:40p,1787179200000.0,False,False,,,,,TB,R,R
2026-08-19,700250,605135,NYY@BAL,Middle Fastball Crusher (LH),5.82,2.42,1.015,1.009,1.093,5.17,21.7,362,Ben Rice,Chris Bassitt,2.0,DH,6:35p,1787178900000.0,False,False,,,,,NYY,L,R
2026-08-19,694212,701542,NYY@BAL,Oppo Fastball Hunter (LH),4.56,3.38,0.999,1.009,1.041,5.314,21.6,362,Samuel Basallo,Will Warren,4.0,1B,6:35p,1787178900000.0,False,False,,,,,BAL,L,R
2026-08-19,691723,701542,NYY@BAL,Middle Fastball Crusher,4.62,3.38,1.006,1.009,1.041,5.423,21.3,370,Coby Mayo,Will Warren,5.0,3B,6:35p,1787178900000.0,False,False,,,,,BAL,R,R
2026-08-19,668709,669461,STL@CIN,Middle Fastball Crusher (LH),4.49,3.66,1.011,1.014,1.069,5.905,21.3,369,Jj Bleday,Matthew Liberatore,7.0,LF,6:40p,1787179200000.0,False,False,,,,,CIN,L,L
2026-08-19,656941,645261,MIA@PHI,Middle Slider Crusher (LH),6.14,2.53,1.006,1.014,0.936,4.865,21.0,377,Kyle Schwarber,Sandy Alcántara,1.0,DH,6:05p,1787177100000.0,False,False,,,,,PHI,L,R
2026-08-19,605141,607536,LAD@COL,Inside Breaking Ball Specialist,3.75,3.87,0.96,1.018,1.106,5.15,20.3,393,Mookie Betts,Kyle Freeland,5.0,SS,8:40p,1787186400000.0,True,False,,,,,LAD,R,L
2026-08-19,656775,453286,TOR@TB,Middle Slider Crusher (LH),3.12,4.7,1.0,1.0,1.054,5.077,19.4,416,Cedric Mullins,Max Scherzer,6.0,CF,6:40p,1787179200000.0,False,False,,,,,TB,L,R
2026-08-19,671277,605135,NYY@BAL,Inside Breaking Ball Specialist (LH),5.08,2.42,1.022,1.009,1.093,4.548,18.9,430,Luis García,Chris Bassitt,3.0,1B,6:35p,1787178900000.0,False,False,,,,,NYY,L,R
2026-08-19,686948,671737,ATL@MIN,Oppo Fastball Hunter (LH),4.27,3.23,0.999,0.995,0.982,4.43,18.8,432,Drake Baldwin,Taj Bradley,2.0,C,1:40p,1787161200000.0,False,False,,,,,ATL,L,R
2026-08-19,680869,607625,ATH@KC,Middle Fastball Crusher,4.4,2.76,1.0,1.0,1.104,4.412,18.3,445,Zack Gelof,Seth Lugo,3.0,LF,7:40p,1787182800000.0,False,False,,,,,ATH,R,R
2026-08-19,665953,677958,WSH@TEX,Inside Breaking Ball Specialist,4.23,3.13,1.008,1.0,1.045,4.58,18.2,449,Andrés Chaparro,Kumar Rocker,5.0,DH,8:05p,1787184300000.0,False,False,,,,,WSH,R,R
2026-08-19,606192,607536,LAD@COL,Middle Fastball Crusher,3.1,3.87,0.963,1.018,1.106,4.264,17.8,463,Teoscar Hernández,Kyle Freeland,3.0,LF,8:40p,1787186400000.0,True,False,,,,,LAD,R,L
2026-08-19,664983,808963,LAD@COL,Middle Fastball Crusher (LH),3.01,4.11,0.966,1.018,1.013,4.042,17.7,465,Jake Mccarthy,Roki Sasaki,1.0,RF,8:40p,1787186400000.0,True,False,,,,,COL,L,R
2026-08-19,663886,669461,STL@CIN,Middle Fastball Crusher,3.34,3.66,1.011,1.014,1.069,4.401,17.6,470,Tyler Stephenson,Matthew Liberatore,5.0,DH,6:40p,1787179200000.0,False,False,,,,,CIN,R,L
2026-08-19,671739,671737,ATL@MIN,Middle Fastball Crusher (LH),3.92,3.23,1.009,0.995,0.982,4.107,17.1,486,Michael Harris,Taj Bradley,4.0,CF,1:40p,1787161200000.0,False,False,,,,,ATL,L,R
2026-08-19,683002,701542,NYY@BAL,Middle Slider Crusher (LH),3.44,3.38,1.015,1.009,1.041,4.071,17.0,488,Gunnar Henderson,Will Warren,3.0,SS,6:35p,1787178900000.0,False,False,,,,,BAL,L,R
2026-08-19,518692,607536,LAD@COL,Middle Fastball Crusher (LH),2.88,3.87,0.966,1.018,1.106,3.981,16.6,503,Freddie Freeman,Kyle Freeland,4.0,1B,8:40p,1787186400000.0,True,False,,,,,LAD,L,L
2026-08-19,694192,669302,SEA@MIL,Middle Fastball Crusher,3.85,3.26,0.99,1.0,0.941,3.842,16.5,507,Jackson Chourio,Logan Gilbert,2.0,LF,7:40p,1787182800000.0,False,False,,,,,MIL,R,R
2026-08-19,679845,605488,ATH@KC,Oppo Fastball Hunter,1.99,5.18,1.0,1.0,1.08,3.661,16.1,520,Nick Loftin,Jeffrey Springs,1.0,2B,7:40p,1787182800000.0,False,False,,,,,KC,R,L
2026-08-19,624431,669461,STL@CIN,Middle Fastball Crusher,3.45,3.66,1.011,1.014,1.069,4.536,16.1,521,Jose Trevino,Matthew Liberatore,8.0,C,6:40p,1787179200000.0,False,False,,,,,CIN,R,L
2026-08-19,693307,694973,DET@PIT,Middle Slider Crusher,4.81,2.63,1.007,1.017,0.9,3.838,16.0,524,Dillon Dingler,Paul Skenes,4.0,C,12:35p,1787157300000.0,False,False,,,,,DET,R,R
2026-08-19,686469,605488,ATH@KC,Middle Slider Crusher (LH),2.07,5.18,1.0,1.0,1.08,3.804,15.3,552,Vinnie Pasquantino,Jeffrey Springs,5.0,1B,7:40p,1787182800000.0,False,False,,,,,KC,L,L
2026-08-19,575929,694297,AZ@BOS,Middle Slider Crusher,4.82,2.38,1.037,0.992,0.931,3.599,15.1,562,Willson Contreras,Brandon Pfaadt,4.0,1B,4:10p,1787170200000.0,False,False,,,,,BOS,R,R
2026-08-19,663757,605135,NYY@BAL,Oppo Fastball Hunter (LH),3.87,2.42,0.999,1.009,1.093,3.383,15.0,567,Trent Grisham,Chris Bassitt,1.0,CF,6:35p,1787178900000.0,False,False,,,,,NYY,L,R
2026-08-19,681297,701542,NYY@BAL,Middle Fastball Crusher (LH),3.51,3.38,1.015,1.009,1.041,4.151,14.8,575,Colton Cowser,Will Warren,8.0,CF,6:35p,1787178900000.0,False,False,,,,,BAL,L,R
2026-08-19,608369,676917,WSH@TEX,Middle Slider Crusher (LH),3.93,2.69,1.004,1.0,0.974,3.396,14.7,581,Corey Seager,Cade Cavalli,2.0,SS,8:05p,1787184300000.0,False,False,,,,,TEX,L,R
2026-08-19,672960,656876,TOR@TB,Oppo Fastball Hunter,4.64,2.53,1.0,1.0,0.9,3.461,14.6,587,Kazuma Okamoto,Drew Rasmussen,4.0,1B,6:40p,1787179200000.0,False,False,,,,,TOR,R,R
2026-08-19,682626,650633,SD@NYM,Oppo Fastball Hunter,3.73,2.93,0.99,1.027,1.023,3.734,14.6,586,Francisco Álvarez,Mike King,6.0,DH,1:10p,1787159400000.0,False,False,,,,,NYM,R,R
2026-08-19,547180,645261,MIA@PHI,Middle Fastball Crusher (LH),4.33,2.53,1.006,1.014,0.936,3.429,14.5,590,Bryce Harper,Sandy Alcántara,3.0,RF,6:05p,1787177100000.0,False,False,,,,,PHI,L,R
2026-08-19,645277,671737,ATL@MIN,Middle Fastball Crusher,3.59,3.23,0.99,0.995,0.982,3.693,14.4,593,Ozzie Albies,Taj Bradley,6.0,2B,1:40p,1787161200000.0,False,False,,,,,ATL,R,R
2026-08-19,691023,695505,STL@CIN,Middle Fastball Crusher,4.29,2.6,1.011,1.014,0.9,3.376,14.2,603,Jordan Walker,Chase Burns,4.0,RF,6:40p,1787179200000.0,False,False,,,,,STL,R,R
2026-08-19,664728,605488,ATH@KC,Middle Fastball Crusher (LH),2.23,5.18,1.0,1.0,1.08,4.085,13.9,620,Kyle Isbel,Jeffrey Springs,9.0,CF,7:40p,1787182800000.0,False,False,,,,,KC,L,L
2026-08-19,667472,669461,STL@CIN,Middle Slider Crusher,2.46,3.66,1.011,1.014,1.069,3.235,13.7,629,Dane Myers,Matthew Liberatore,3.0,CF,6:40p,1787179200000.0,False,False,,,,,CIN,R,L
2026-08-19,672640,605400,MIA@PHI,Middle Fastball Crusher,1.93,4.81,1.008,1.014,1.007,3.14,13.6,633,Otto Lopez,Aaron Nola,2.0,SS,6:05p,1787177100000.0,False,False,,,,,MIA,R,R
2026-08-19,702616,701542,NYY@BAL,Middle Slider Crusher (LH),2.57,3.38,1.015,1.009,1.041,3.048,13.6,636,Jackson Holliday,Will Warren,1.0,2B,6:35p,1787178900000.0,False,False,,,,,BAL,L,R
2026-08-19,678246,605280,CWS@CHC,Middle Fastball Crusher,4.78,2.12,0.978,0.985,0.982,3.143,13.4,649,Miguel Vargas,Clay Holmes,3.0,3B,2:20p,1787163600000.0,False,False,,,,,CWS,R,R
2026-08-19,695734,677958,WSH@TEX,Inside Breaking Ball Specialist (LH),2.93,3.13,1.005,1.0,1.045,3.163,13.4,648,Daylen Lile,Kumar Rocker,4.0,RF,8:05p,1787184300000.0,False,False,,,,,WSH,L,R
2026-08-19,641680,607625,ATH@KC,Middle Slider Crusher (LH),3.57,2.76,1.0,1.0,1.104,3.582,13.4,648,Jonah Heim,Seth Lugo,7.0,C,7:40p,1787182800000.0,False,False,,,,,ATH,L,R
2026-08-19,670541,700712,LAA@HOU,Inside Breaking Ball Specialist (LH),5.95,1.73,1.005,1.0,0.9,3.059,13.3,651,Yordan Álvarez,Walbert Ureña,2.0,DH,8:10p,1787184600000.0,True,False,,,,,HOU,L,R
2026-08-19,668930,669302,SEA@MIL,Inside Breaking Ball Specialist (LH),3.02,3.26,0.97,1.0,0.941,2.95,13.2,659,Brice Turang,Logan Gilbert,1.0,2B,7:40p,1787182800000.0,False,False,,,,,MIL,L,R
2026-08-19,665862,605135,NYY@BAL,Middle Fastball Crusher (LH),3.61,2.42,1.015,1.009,1.093,3.208,13.1,666,Jazz Chisholm,Chris Bassitt,5.0,2B,6:35p,1787178900000.0,False,False,,,,,NYY,L,R
2026-08-19,805300,605400,MIA@PHI,Middle Slider Crusher (LH),1.76,4.81,1.006,1.014,1.007,2.856,12.8,682,Jakob Marsee,Aaron Nola,1.0,CF,6:05p,1787177100000.0,False,False,,,,,MIA,L,R
2026-08-19,686527,669160,SEA@MIL,Middle Slider Crusher (LH),4.57,2.06,0.982,1.0,0.983,2.975,12.7,689,Dominic Canzone,Dustin May,3.0,RF,7:40p,1787182800000.0,False,False,,,,,SEA,L,R
2026-08-19,677800,694297,AZ@BOS,Inside Breaking Ball Specialist (LH),3.9,2.38,1.059,0.992,0.931,2.98,12.7,688,Wilyer Abreu,Brandon Pfaadt,3.0,RF,4:10p,1787170200000.0,False,False,,,,,BOS,L,R
2026-08-19,682998,801139,AZ@BOS,Oppo Fastball Hunter (LH),3.32,2.87,1.037,0.992,0.9,2.894,12.6,692,Corbin Carroll,Payton Tolle,2.0,RF,4:10p,1787170200000.0,False,False,,,,,AZ,L,L
2026-08-19,663656,607536,LAD@COL,Middle Fastball Crusher (LH),2.41,3.87,0.966,1.018,1.106,3.322,12.5,703,Kyle Tucker,Kyle Freeland,7.0,RF,8:40p,1787186400000.0,True,False,,,,,LAD,L,L
2026-08-19,642715,800048,SF@CLE,Middle Fastball Crusher,3.77,2.6,1.015,0.996,0.9,2.925,12.5,702,Willy Adames,Parker Messick,3.0,SS,6:40p,1787179200000.0,False,False,,,,,SF,R,L
2026-08-19,695657,605280,CWS@CHC,Oppo Fastball Hunter (LH),4.78,2.12,0.978,0.985,0.982,3.144,12.4,708,Colson Montgomery,Clay Holmes,6.0,SS,2:20p,1787163600000.0,False,False,,,,,CWS,L,R
2026-08-19,672580,605488,ATH@KC,Middle Fastball Crusher,1.57,5.18,1.0,1.0,1.08,2.888,12.3,715,Maikel García,Jeffrey Springs,4.0,3B,7:40p,1787182800000.0,False,False,,,,,KC,R,L
2026-08-19,677588,677958,WSH@TEX,Middle Fastball Crusher (LH),2.67,3.13,1.004,1.0,1.045,2.886,12.3,712,José Tena,Kumar Rocker,3.0,LF,8:05p,1787184300000.0,False,False,,,,,WSH,L,R
2026-08-19,642086,671737,ATL@MIN,High Zone Fastball Hitter (LH),2.91,3.23,0.991,0.995,0.982,2.996,12.2,717,Dominic Smith,Taj Bradley,5.0,DH,1:40p,1787161200000.0,False,False,,,,,ATL,L,R
2026-08-19,680700,453286,TOR@TB,Oppo Fastball Hunter (LH),2.03,4.7,1.0,1.0,1.054,3.299,11.9,739,Richie Palacios,Max Scherzer,8.0,2B,6:40p,1787179200000.0,False,False,,,,,TB,L,R
2026-08-19,543760,650633,SD@NYM,Middle Fastball Crusher,3.28,2.93,0.991,1.027,1.023,3.278,11.8,745,Marcus Semien,Mike King,8.0,2B,1:10p,1787159400000.0,False,False,,,,,NYM,R,R
2026-08-19,679529,694973,DET@PIT,Middle Fastball Crusher,3.87,2.63,1.007,1.017,0.9,3.081,11.6,763,Spencer Torkelson,Paul Skenes,7.0,1B,12:35p,1787157300000.0,False,False,,,,,DET,R,R
2026-08-19,500743,607536,LAD@COL,Middle Fastball Crusher,2.13,3.87,0.963,1.018,1.106,2.936,11.6,762,Miguel Rojas,Kyle Freeland,6.0,2B,8:40p,1787186400000.0,True,False,,,,,LAD,R,L
2026-08-19,696285,677958,WSH@TEX,Middle Fastball Crusher,2.74,3.13,1.006,1.0,1.045,2.959,11.2,797,Jacob Young,Kumar Rocker,7.0,CF,8:05p,1787184300000.0,False,False,,,,,WSH,R,R
2026-08-19,663586,671737,ATL@MIN,High Zone Fastball Hitter,3.01,3.23,0.994,0.995,0.982,3.104,11.2,790,Austin Riley,Taj Bradley,8.0,3B,1:40p,1787161200000.0,False,False,,,,,ATL,R,R
2026-08-19,694374,801139,AZ@BOS,Inside Breaking Ball Specialist,3.13,2.87,1.049,0.992,0.9,2.767,11.0,812,Tim Tawa,Payton Tolle,6.0,1B,4:10p,1787170200000.0,False,False,,,,,AZ,R,L
2026-08-19,681393,808963,LAD@COL,Oppo Fastball Hunter,2.04,4.11,0.966,1.018,1.013,2.737,10.9,822,Connor Norby,Roki Sasaki,6.0,3B,8:40p,1787186400000.0,True,False,,,,,COL,R,R
2026-08-19,607208,645261,MIA@PHI,Middle Fastball Crusher,3.12,2.53,1.008,1.014,0.936,2.473,10.9,820,Trea Turner,Sandy Alcántara,2.0,SS,6:05p,1787177100000.0,False,False,,,,,PHI,R,R
2026-08-19,678662,808963,LAD@COL,Middle Slider Crusher,2.34,4.11,0.963,1.018,1.013,3.136,10.8,827,Ezequiel Tovar,Roki Sasaki,9.0,SS,8:40p,1787186400000.0,True,False,,,,,COL,R,R
2026-08-19,661388,669302,SEA@MIL,Middle Fastball Crusher,2.51,3.26,0.99,1.0,0.941,2.502,10.7,835,William Contreras,Logan Gilbert,4.0,C,7:40p,1787182800000.0,False,False,,,,,MIL,R,R
2026-08-19,620443,650633,SD@NYM,Middle Fastball Crusher,3.06,2.93,0.991,1.027,1.023,3.064,10.6,848,Luis Torrens,Mike King,9.0,C,1:10p,1787159400000.0,False,False,,,,,NYM,R,R
2026-08-19,666126,607625,ATH@KC,Middle Slider Crusher (LH),2.63,2.76,1.0,1.0,1.104,2.636,10.5,855,Carlos Cortes,Seth Lugo,6.0,DH,7:40p,1787182800000.0,False,False,,,,,ATH,L,R
2026-08-19,677649,676917,WSH@TEX,Middle Fastball Crusher,2.93,2.69,1.006,1.0,0.974,2.536,10.4,858,Ezequiel Duran,Cade Cavalli,5.0,3B,8:05p,1787184300000.0,False,False,,,,,TEX,R,R
2026-08-19,691594,605400,MIA@PHI,Middle Fastball Crusher,1.86,4.81,1.008,1.014,1.007,3.023,10.4,860,Javier Sanoja,Aaron Nola,9.0,3B,6:05p,1787177100000.0,False,False,,,,,MIA,R,R
2026-08-19,669364,605400,MIA@PHI,Middle Fastball Crusher (LH),1.48,4.81,1.006,1.014,1.007,2.402,10.3,867,Xavier Edwards,Aaron Nola,3.0,2B,6:05p,1787177100000.0,False,False,,,,,MIA,L,R
2026-08-19,677594,669160,SEA@MIL,Middle Fastball Crusher,3.66,2.06,0.99,1.0,0.983,2.403,10.3,872,Julio Rodríguez,Dustin May,4.0,CF,7:40p,1787182800000.0,False,False,,,,,SEA,R,R
2026-08-19,678882,694297,AZ@BOS,Middle Slider Crusher,3.13,2.38,1.037,0.992,0.931,2.339,10.3,870,Ceddanne Rafaela,Brandon Pfaadt,2.0,CF,4:10p,1787170200000.0,False,False,,,,,BOS,R,R
2026-08-19,666182,650633,SD@NYM,Middle Fastball Crusher,2.36,2.93,0.991,1.027,1.023,2.36,10.2,884,Bo Bichette,Mike King,3.0,3B,1:10p,1787159400000.0,False,False,,,,,NYM,R,R
2026-08-19,671218,605135,NYY@BAL,Inside Breaking Ball Specialist,2.7,2.42,1.003,1.009,1.093,2.374,10.2,883,Heliot Ramos,Chris Bassitt,4.0,LF,6:35p,1787178900000.0,False,False,,,,,NYY,R,R
2026-08-19,592885,669302,SEA@MIL,Middle Slider Crusher (LH),2.52,3.26,0.982,1.0,0.941,2.488,10.2,876,Christian Yelich,Logan Gilbert,5.0,DH,7:40p,1787182800000.0,False,False,,,,,MIL,L,R
2026-08-19,672386,656876,TOR@TB,Oppo Fastball Hunter,3.05,2.53,1.0,1.0,0.9,2.273,9.8,920,Alejandro Kirk,Drew Rasmussen,3.0,DH,6:40p,1787179200000.0,False,False,,,,,TOR,R,R
2026-08-19,650402,694973,DET@PIT,Middle Fastball Crusher,2.72,2.63,1.007,1.017,0.9,2.171,9.6,942,Gleyber Torres,Paul Skenes,2.0,2B,12:35p,1787157300000.0,False,False,,,,,DET,R,R
2026-08-19,690993,694973,DET@PIT,Middle Fastball Crusher (LH),2.64,2.63,1.016,1.017,0.9,2.125,9.6,937,Colt Keith,Paul Skenes,1.0,DH,12:35p,1787157300000.0,False,False,,,,,DET,L,R
2026-08-19,668227,669160,SEA@MIL,Oppo Fastball Hunter,3.29,2.06,0.982,1.0,0.983,2.146,9.5,954,Randy Arozarena,Dustin May,2.0,LF,7:40p,1787182800000.0,False,False,,,,,SEA,R,R
2026-08-19,664761,645261,MIA@PHI,Oppo Fastball Hunter,2.85,2.53,1.006,1.014,0.936,2.259,9.3,971,Alec Bohm,Sandy Alcántara,5.0,1B,6:05p,1787177100000.0,False,False,,,,,PHI,R,R
2026-08-19,643217,605280,CWS@CHC,High Zone Fastball Hitter (LH),3.36,2.12,0.957,0.985,0.982,2.164,9.3,975,Andrew Benintendi,Clay Holmes,4.0,DH,2:20p,1787163600000.0,False,False,,,,,CWS,L,R
2026-08-19,665161,700712,LAA@HOU,Middle Fastball Crusher,3.84,1.73,1.034,1.0,0.9,2.032,9.2,983,Jeremy Peña,Walbert Ureña,1.0,SS,8:10p,1787184600000.0,True,False,,,,,HOU,R,R
2026-08-19,671056,695505,STL@CIN,Middle Slider Crusher,2.58,2.6,1.011,1.014,0.9,2.035,9.0,1008,Iván Herrera,Chase Burns,2.0,DH,6:40p,1787179200000.0,False,False,,,,,STL,R,R
2026-08-19,691777,607625,ATH@KC,Oppo Fastball Hunter,2.61,2.76,1.0,1.0,1.104,2.612,9.0,1005,Max Muncy,Seth Lugo,9.0,3B,7:40p,1787182800000.0,False,False,,,,,ATH,R,R
2026-08-19,683734,669302,SEA@MIL,Inside Breaking Ball Specialist,2.26,3.26,0.98,1.0,0.941,2.23,8.9,1022,Andrew Vaughn,Logan Gilbert,6.0,1B,7:40p,1787182800000.0,False,False,,,,,MIL,R,R
2026-08-19,660821,656876,TOR@TB,Inside Breaking Ball Specialist (LH),2.98,2.53,1.0,1.0,0.9,2.225,8.9,1025,Jesús Sánchez,Drew Rasmussen,6.0,LF,6:40p,1787179200000.0,False,False,,,,,TOR,L,R
2026-08-19,669224,605135,NYY@BAL,Oppo Fastball Hunter (LH),2.91,2.42,0.999,1.009,1.093,2.542,8.8,1035,Austin Wells,Chris Bassitt,9.0,C,6:35p,1787178900000.0,False,False,,,,,NYY,L,R
2026-08-19,572233,700712,LAA@HOU,Middle Slider Crusher,4.29,1.73,1.034,1.0,0.9,2.272,8.7,1056,Christian Walker,Walbert Ureña,7.0,1B,8:10p,1787184600000.0,True,False,,,,,HOU,R,R
2026-08-19,683146,650633,SD@NYM,Middle Fastball Crusher (LH),2.29,2.93,0.99,1.027,1.023,2.289,8.7,1048,Brett Baty,Mike King,7.0,LF,1:10p,1787159400000.0,False,False,,,,,NYM,L,R
2026-08-19,680776,694297,AZ@BOS,Middle Fastball Crusher (LH),3.14,2.38,1.044,0.992,0.931,2.366,8.7,1055,Jarren Duran,Brandon Pfaadt,8.0,LF,4:10p,1787170200000.0,False,False,,,,,BOS,L,R
2026-08-19,702332,694297,AZ@BOS,Middle Fastball Crusher,2.72,2.38,1.037,0.992,0.931,2.031,8.4,1087,Caleb Durbin,Brandon Pfaadt,5.0,3B,4:10p,1787170200000.0,False,False,,,,,BOS,R,R
2026-08-19,694497,676917,WSH@TEX,Middle Fastball Crusher (LH),2.43,2.69,1.004,1.0,0.974,2.1,8.4,1089,Evan Carter,Cade Cavalli,6.0,CF,8:05p,1787184300000.0,False,False,,,,,TEX,L,R
2026-08-19,663728,669160,SEA@MIL,Middle Slider Crusher,3.28,2.06,0.99,1.0,0.983,2.153,8.2,1118,Cal Raleigh,Dustin May,7.0,C,7:40p,1787182800000.0,False,False,,,,,SEA,R,R
2026-08-19,687401,669302,SEA@MIL,Middle Fastball Crusher,2.26,3.26,0.99,1.0,0.941,2.249,8.2,1113,Joey Ortiz,Logan Gilbert,8.0,3B,7:40p,1787182800000.0,False,False,,,,,MIL,R,R
2026-08-19,701358,700712,LAA@HOU,Middle Fastball Crusher,3.62,1.73,1.034,1.0,0.9,1.918,7.7,1198,Cam Smith,Walbert Ureña,6.0,RF,8:10p,1787184600000.0,True,False,,,,,HOU,R,R
2026-08-19,665966,701542,NYY@BAL,Middle Slider Crusher,1.88,3.38,1.006,1.009,1.041,2.206,7.7,1202,Carlos Narváez,Will Warren,9.0,C,6:35p,1787178900000.0,False,False,,,,,BAL,R,R
2026-08-19,680977,669160,SEA@MIL,Middle Slider Crusher (LH),2.51,2.06,0.982,1.0,0.983,1.636,7.5,1235,Brendan Donovan,Dustin May,1.0,3B,7:40p,1787182800000.0,False,False,,,,,SEA,L,R
2026-08-19,664770,656876,TOR@TB,Oppo Fastball Hunter (LH),2.15,2.53,1.0,1.0,0.9,1.609,7.2,1292,Nathan Lukes,Drew Rasmussen,2.0,RF,6:40p,1787179200000.0,False,False,,,,,TOR,L,R
2026-08-19,514888,700712,LAA@HOU,Middle Fastball Crusher,3.04,1.73,1.034,1.0,0.9,1.612,7.0,1329,José Altuve,Walbert Ureña,4.0,2B,8:10p,1787184600000.0,True,False,,,,,HOU,R,R
2026-08-19,655316,694297,AZ@BOS,Middle Slider Crusher,2.4,2.38,1.037,0.992,0.931,1.795,6.9,1353,Andruw Monasterio,Brandon Pfaadt,7.0,SS,4:10p,1787170200000.0,False,False,,,,,BOS,R,R
2026-08-19,681508,694297,AZ@BOS,Middle Fastball Crusher (LH),2.28,2.38,1.044,0.992,0.931,1.715,6.9,1347,Mickey Gasper,Brandon Pfaadt,6.0,DH,4:10p,1787170200000.0,False,False,,,,,BOS,L,R
2026-08-19,678391,677958,WSH@TEX,Oppo Fastball Hunter (LH),1.71,3.13,1.005,1.0,1.045,1.843,6.8,1372,Jorbit Vivas,Kumar Rocker,8.0,3B,8:05p,1787184300000.0,False,False,,,,,WSH,L,R
2026-08-19,665926,656876,TOR@TB,Middle Slider Crusher (LH),2.17,2.53,1.0,1.0,0.9,1.623,6.8,1375,Andrés Giménez,Drew Rasmussen,5.0,SS,6:40p,1787179200000.0,False,False,,,,,TOR,L,R
2026-08-19,670764,453286,TOR@TB,Middle Fastball Crusher (LH),1.19,4.7,1.0,1.0,1.054,1.929,6.7,1383,Taylor Walls,Max Scherzer,9.0,SS,6:40p,1787179200000.0,False,False,,,,,TB,L,R
2026-08-19,657136,694297,AZ@BOS,Oppo Fastball Hunter,2.45,2.38,1.044,0.992,0.931,1.846,6.5,1448,Connor Wong,Brandon Pfaadt,9.0,C,4:10p,1787170200000.0,False,False,,,,,BOS,R,R
2026-08-19,666211,700712,LAA@HOU,Oppo Fastball Hunter (LH),3.31,1.73,1.025,1.0,0.9,1.737,6.4,1460,Taylor Trammell,Walbert Ureña,8.0,CF,8:10p,1787184600000.0,True,False,,,,,HOU,L,R
2026-08-19,664023,656794,CWS@CHC,Middle Fastball Crusher,3.68,1.54,0.978,0.985,0.958,1.721,6.4,1474,Ian Happ,Sean Newcomb,8.0,LF,2:20p,1787163600000.0,False,False,,,,,CHC,R,L
2026-08-19,668670,605280,CWS@CHC,Middle Fastball Crusher,2.62,2.12,0.978,0.985,0.982,1.722,6.0,1557,Jake Rogers,Clay Holmes,9.0,C,2:20p,1787163600000.0,False,False,,,,,CWS,R,R
2026-08-19,608324,656794,CWS@CHC,Oppo Fastball Hunter,2.86,1.54,0.976,0.985,0.958,1.331,5.8,1613,Alex Bregman,Sean Newcomb,3.0,3B,2:20p,1787163600000.0,False,False,,,,,CHC,R,L
2026-08-19,656716,694973,DET@PIT,Inside Breaking Ball Specialist (LH),1.64,2.63,1.02,1.017,0.9,1.323,5.4,1764,Zach Mckinstry,Paul Skenes,6.0,RF,12:35p,1787157300000.0,False,False,,,,,DET,L,R
2026-08-19,543877,700712,LAA@HOU,Middle Slider Crusher,2.76,1.73,1.034,1.0,0.9,1.46,5.1,1847,Christian Vázquez,Walbert Ureña,9.0,C,8:10p,1787184600000.0,True,False,,,,,HOU,R,R
2026-08-19,683766,800048,SF@CLE,Middle Fastball Crusher,1.77,2.6,1.015,0.996,0.9,1.37,4.8,1974,Christian Koss,Parker Messick,9.0,3B,6:40p,1787179200000.0,False,False,,,,,SF,R,L
2026-08-19,691026,695505,STL@CIN,Middle Slider Crusher,1.43,2.6,1.011,1.014,0.9,1.128,4.6,2080,Masyn Winn,Chase Burns,6.0,SS,6:40p,1787179200000.0,False,False,,,,,STL,R,R
2026-08-19,608348,656794,CWS@CHC,Inside Breaking Ball Specialist,2.37,1.54,0.961,0.985,0.958,1.086,4.2,2276,Carson Kelly,Sean Newcomb,7.0,C,2:20p,1787163600000.0,False,False,,,,,CHC,R,L
2026-08-19,683083,677958,WSH@TEX,Middle Fastball Crusher,0.87,3.13,1.006,1.0,1.045,0.946,3.3,2887,Nasim Nuñez,Kumar Rocker,9.0,2B,8:05p,1787184300000.0,False,False,,,,,WSH,R,R
2026-08-19,663538,656794,CWS@CHC,Middle Fastball Crusher,1.6,1.54,0.978,0.985,0.958,0.746,3.2,3063,Nico Hoerner,Sean Newcomb,5.0,SS,2:20p,1787163600000.0,False,False,,,,,CHC,R,L
2026-08-20,691406,669456,TOR@TB,Oppo Fastball Hunter,5.73,3.97,1.0,1.0,1.12,8.371,33.1,202,Junior Caminero,Shane Bieber,2.0,3B,1:10p,1787245800000.0,False,False,,,,,TB,R,R
2026-08-20,670541,680570,LAA@HOU,Inside Breaking Ball Specialist (LH),5.91,3.45,1.005,1.0,1.12,7.55,30.3,230,Yordan Álvarez,Grayson Rodriguez,2.0,DH,8:10p,1787271000000.0,True,False,,,,,HOU,L,R
2026-08-20,691023,663903,STL@CIN,Middle Fastball Crusher,4.41,4.03,1.011,1.01,1.089,6.498,25.9,286,Jordan Walker,Brady Singer,4.0,RF,12:40p,1787244000000.0,False,False,,,,,STL,R,R
2026-08-20,621566,641743,ATL@CWS,Middle Fastball Crusher (LH),5.89,2.97,0.997,0.988,1.084,6.143,24.8,304,Matt Olson,Anthony Kay,3.0,1B,2:10p,1787249400000.0,False,False,,,,,ATL,L,L
2026-08-20,678246,656550,ATL@CWS,Middle Fastball Crusher,4.74,3.59,1.004,0.988,1.065,5.917,23.9,318,Miguel Vargas,Grant Holmes,3.0,3B,2:10p,1787249400000.0,False,False,,,,,CWS,R,R
2026-08-20,701398,700241,STL@CIN,Middle Fastball Crusher,4.58,3.28,1.011,1.01,1.12,5.653,23.5,326,Sal Stewart,Michael Mcgreevy,2.0,2B,12:40p,1787244000000.0,False,False,,,,,CIN,R,R
2026-08-20,686527,688107,SEA@MIL,Middle Slider Crusher (LH),4.52,3.78,0.982,1.0,1.004,5.548,22.6,343,Dominic Canzone,Robert Gasser,3.0,RF,2:10p,1787249400000.0,False,False,,,,,SEA,L,L
2026-08-20,668709,700241,STL@CIN,Middle Fastball Crusher (LH),4.46,3.28,1.011,1.01,1.12,5.505,22.4,346,Jj Bleday,Michael Mcgreevy,3.0,LF,12:40p,1787244000000.0,False,False,,,,,CIN,L,R
2026-08-20,695657,656550,ATL@CWS,Oppo Fastball Hunter (LH),4.75,3.59,1.009,0.988,1.065,5.954,22.4,346,Colson Montgomery,Grant Holmes,6.0,SS,2:10p,1787249400000.0,False,False,,,,,CWS,L,R
2026-08-20,682829,700241,STL@CIN,Middle Fastball Crusher,3.92,3.28,1.011,1.01,1.12,4.839,20.9,379,Elly De La Cruz,Michael Mcgreevy,1.0,DH,12:40p,1787244000000.0,False,False,,,,,CIN,R,R
2026-08-20,650490,669456,TOR@TB,Oppo Fastball Hunter,3.44,3.97,1.0,1.0,1.12,5.032,20.6,386,Yandy Díaz,Shane Bieber,4.0,DH,1:10p,1787245800000.0,False,False,,,,,TB,R,R
2026-08-20,700250,680694,NYY@BAL,Middle Fastball Crusher (LH),5.93,2.47,1.015,1.003,0.99,4.849,20.4,389,Ben Rice,Kyle Bradish,2.0,DH,6:35p,1787265300000.0,False,False,,,,,NYY,L,R
2026-08-20,672960,693855,TOR@TB,Oppo Fastball Hunter,4.61,3.56,1.0,1.0,0.941,5.073,20.0,400,Kazuma Okamoto,Ian Seymour,5.0,1B,1:10p,1787245800000.0,False,False,,,,,TOR,R,L
2026-08-20,665953,594798,WSH@TEX,Inside Breaking Ball Specialist,4.55,3.31,1.008,1.0,0.943,4.714,19.5,413,Andrés Chaparro,Jacob Degrom,3.0,1B,8:05p,1787270700000.0,False,False,,,,,WSH,R,R
2026-08-20,624413,543037,NYY@BAL,Oppo Fastball Hunter,4.86,3.09,1.015,1.003,0.901,4.536,19.2,420,Pete Alonso,Gerrit Cole,2.0,1B,6:35p,1787265300000.0,False,False,,,,,BAL,R,R
2026-08-20,642715,668909,SF@CLE,Middle Fastball Crusher,3.74,3.82,1.015,1.0,0.964,4.603,19.1,425,Willy Adames,Gavin Williams,3.0,SS,1:10p,1787245800000.0,False,False,,,,,SF,R,R
2026-08-20,686948,641743,ATL@CWS,Oppo Fastball Hunter (LH),4.23,2.97,1.009,0.988,1.084,4.469,19.0,427,Drake Baldwin,Anthony Kay,2.0,DH,2:10p,1787249400000.0,False,False,,,,,ATL,L,L
2026-08-20,677594,688107,SEA@MIL,Middle Fastball Crusher,3.63,3.78,0.99,1.0,1.004,4.491,18.5,439,Julio Rodríguez,Robert Gasser,4.0,CF,2:10p,1787249400000.0,False,False,,,,,SEA,R,L
2026-08-20,656775,669456,TOR@TB,Middle Slider Crusher (LH),3.09,3.97,1.0,1.0,1.12,4.524,18.0,455,Cedric Mullins,Shane Bieber,5.0,CF,1:10p,1787245800000.0,False,False,,,,,TB,L,R
2026-08-20,701358,680570,LAA@HOU,Middle Fastball Crusher,3.6,3.45,1.034,1.0,1.12,4.737,17.4,475,Cam Smith,Grayson Rodriguez,7.0,RF,8:10p,1787271000000.0,True,False,,,,,HOU,R,R
2026-08-20,671277,680694,NYY@BAL,Inside Breaking Ball Specialist (LH),5.04,2.47,1.022,1.003,0.99,4.147,17.2,480,Luis García,Kyle Bradish,4.0,1B,6:35p,1787265300000.0,False,False,,,,,NYY,L,R
2026-08-20,694212,543037,NYY@BAL,Oppo Fastball Hunter (LH),4.52,3.09,0.999,1.003,0.901,4.151,17.2,480,Samuel Basallo,Gerrit Cole,4.0,DH,6:35p,1787265300000.0,False,False,,,,,BAL,L,R
2026-08-20,668227,688107,SEA@MIL,Oppo Fastball Hunter,3.27,3.78,0.982,1.0,1.004,4.01,17.2,483,Randy Arozarena,Robert Gasser,2.0,LF,2:10p,1787249400000.0,False,False,,,,,SEA,R,L
2026-08-20,643217,656550,ATL@CWS,High Zone Fastball Hitter (LH),3.34,3.59,0.999,0.988,1.065,4.148,17.2,480,Andrew Benintendi,Grant Holmes,4.0,DH,2:10p,1787249400000.0,False,False,,,,,CWS,L,R
2026-08-20,622761,669456,TOR@TB,Middle Fastball Crusher,3.29,3.97,1.0,1.0,1.12,4.807,17.0,488,Jorge Mateo,Shane Bieber,8.0,SS,1:10p,1787245800000.0,False,False,,,,,TB,R,R
2026-08-20,663886,700241,STL@CIN,Middle Fastball Crusher,3.32,3.28,1.011,1.01,1.12,4.091,17.0,488,Tyler Stephenson,Michael Mcgreevy,4.0,C,12:40p,1787244000000.0,False,False,,,,,CIN,R,R
2026-08-20,687952,543037,NYY@BAL,Middle Fastball Crusher,4.53,3.09,1.006,1.003,0.901,4.191,16.8,496,Christian Encarnacion-Strand,Gerrit Cole,5.0,3B,6:35p,1787265300000.0,False,False,,,,,BAL,R,R
2026-08-20,514888,680570,LAA@HOU,Middle Fastball Crusher,3.02,3.45,1.034,1.0,1.12,3.972,16.6,504,José Altuve,Grayson Rodriguez,4.0,2B,8:10p,1787271000000.0,True,False,,,,,HOU,R,R
2026-08-20,666211,680570,LAA@HOU,Oppo Fastball Hunter (LH),3.28,3.45,1.025,1.0,1.12,4.27,16.5,505,Taylor Trammell,Grayson Rodriguez,6.0,LF,8:10p,1787271000000.0,True,False,,,,,HOU,L,R
2026-08-20,671056,663903,STL@CIN,Middle Slider Crusher,2.56,4.03,1.011,1.01,1.089,3.782,16.2,516,Iván Herrera,Brady Singer,2.0,DH,12:40p,1787244000000.0,False,False,,,,,STL,R,R
2026-08-20,671739,641743,ATL@CWS,Middle Fastball Crusher (LH),3.9,2.97,0.997,0.988,1.084,4.062,15.8,534,Michael Harris,Anthony Kay,6.0,CF,2:10p,1787249400000.0,False,False,,,,,ATL,L,L
2026-08-20,645277,641743,ATL@CWS,Middle Fastball Crusher,3.57,2.97,1.004,0.988,1.084,3.751,15.7,537,Ozzie Albies,Anthony Kay,4.0,2B,2:10p,1787249400000.0,False,False,,,,,ATL,R,L
2026-08-20,596142,669923,SEA@MIL,High Zone Fastball Hitter,4.0,3.0,0.974,1.0,0.961,3.702,15.5,545,Gary Sánchez,George Kirby,4.0,C,2:10p,1787249400000.0,False,False,,,,,MIL,R,R
2026-08-20,694192,669923,SEA@MIL,Middle Fastball Crusher,3.82,3.0,0.99,1.0,0.961,3.588,15.5,547,Jackson Chourio,George Kirby,2.0,LF,2:10p,1787249400000.0,False,False,,,,,MIL,R,R
2026-08-20,672386,693855,TOR@TB,Oppo Fastball Hunter,3.31,3.56,1.0,1.0,0.941,3.642,15.3,552,Alejandro Kirk,Ian Seymour,3.0,C,1:10p,1787245800000.0,False,False,,,,,TOR,R,L
2026-08-20,691781,594798,WSH@TEX,Middle Fastball Crusher,3.43,3.31,1.006,1.0,0.943,3.544,14.3,597,Brady House,Jacob Degrom,5.0,3B,8:05p,1787270700000.0,False,False,,,,,WSH,R,R
2026-08-20,543807,693855,TOR@TB,Middle Fastball Crusher,2.99,3.56,1.0,1.0,0.941,3.289,13.9,621,George Springer,Ian Seymour,4.0,DH,1:10p,1787245800000.0,False,False,,,,,TOR,R,L
2026-08-20,663757,680694,NYY@BAL,Oppo Fastball Hunter (LH),3.83,2.47,0.999,1.003,0.99,3.084,13.7,628,Trent Grisham,Kyle Bradish,1.0,CF,6:35p,1787265300000.0,False,False,,,,,NYY,L,R
2026-08-20,543877,680570,LAA@HOU,Middle Slider Crusher,3.02,3.45,1.034,1.0,1.12,3.965,13.5,641,Christian Vázquez,Grayson Rodriguez,9.0,C,8:10p,1787271000000.0,True,False,,,,,HOU,R,R
2026-08-20,683002,543037,NYY@BAL,Middle Slider Crusher (LH),3.42,3.09,1.015,1.003,0.901,3.191,13.5,638,Gunnar Henderson,Gerrit Cole,3.0,SS,6:35p,1787265300000.0,False,False,,,,,BAL,L,R
2026-08-20,680977,688107,SEA@MIL,Middle Slider Crusher (LH),2.46,3.78,0.982,1.0,1.004,3.022,13.5,642,Brendan Donovan,Robert Gasser,1.0,3B,2:10p,1787249400000.0,False,False,,,,,SEA,L,L
2026-08-20,695734,594798,WSH@TEX,Inside Breaking Ball Specialist (LH),2.9,3.31,1.005,1.0,0.943,3.0,13.4,647,Daylen Lile,Jacob Degrom,1.0,RF,8:05p,1787270700000.0,False,False,,,,,WSH,L,R
2026-08-20,657041,641743,ATL@CWS,Oppo Fastball Hunter,3.13,2.97,0.997,0.988,1.084,3.264,13.3,654,Lane Thomas,Anthony Kay,5.0,LF,2:10p,1787249400000.0,False,False,,,,,ATL,R,L
2026-08-20,680869,677976,ATH@KC,Middle Fastball Crusher,4.36,2.01,1.0,1.0,1.041,2.995,12.8,684,Zack Gelof,Randy Dobnak,3.0,LF,2:10p,1787249400000.0,False,False,,,,,ATH,R,R
2026-08-20,677588,594798,WSH@TEX,Middle Fastball Crusher (LH),2.92,3.31,1.004,1.0,0.943,3.01,12.8,684,José Tena,Jacob Degrom,4.0,2B,8:05p,1787270700000.0,False,False,,,,,WSH,L,R
2026-08-20,686611,594798,WSH@TEX,Middle Fastball Crusher,3.2,3.31,1.006,1.0,0.943,3.305,12.4,707,Dylan Crews,Jacob Degrom,7.0,CF,8:05p,1787270700000.0,False,False,,,,,WSH,R,R
2026-08-20,668930,669923,SEA@MIL,Inside Breaking Ball Specialist (LH),2.99,3.0,0.97,1.0,0.961,2.759,12.4,708,Brice Turang,George Kirby,1.0,2B,2:10p,1787249400000.0,False,False,,,,,MIL,L,R
2026-08-20,665862,680694,NYY@BAL,Middle Fastball Crusher (LH),3.58,2.47,1.015,1.003,0.99,2.932,12.0,734,Jazz Chisholm,Kyle Bradish,5.0,2B,6:35p,1787265300000.0,False,False,,,,,NYY,L,R
2026-08-20,681297,543037,NYY@BAL,Middle Fastball Crusher (LH),3.47,3.09,1.015,1.003,0.901,3.241,11.7,754,Colton Cowser,Gerrit Cole,8.0,CF,6:35p,1787265300000.0,False,False,,,,,BAL,L,R
2026-08-20,663647,700241,STL@CIN,Inside Breaking Ball Specialist,2.76,3.28,1.012,1.01,1.12,3.412,11.7,755,Ke'Bryan Hayes,Michael Mcgreevy,9.0,3B,12:40p,1787244000000.0,False,False,,,,,CIN,R,R
2026-08-20,677951,695611,ATH@KC,Middle Slider Crusher,3.1,2.56,1.0,1.0,1.004,2.626,11.5,768,Bobby Witt,Gage Jump,2.0,SS,2:10p,1787249400000.0,False,False,,,,,KC,R,L
2026-08-20,521692,695611,ATH@KC,Middle Fastball Crusher,3.2,2.56,1.0,1.0,1.004,2.709,11.5,767,Salvador Pérez,Gage Jump,4.0,1B,2:10p,1787249400000.0,False,False,,,,,KC,R,L
2026-08-20,662139,680570,LAA@HOU,Oppo Fastball Hunter (LH),2.16,3.45,1.025,1.0,1.12,2.811,11.5,769,Daulton Varsho,Grayson Rodriguez,5.0,CF,8:10p,1787271000000.0,True,False,,,,,HOU,L,R
2026-08-20,663993,694738,SF@CLE,Oppo Fastball Hunter (LH),4.02,2.08,1.011,1.0,0.953,2.652,11.3,784,Nathaniel Lowe,Landen Roupp,4.0,1B,1:10p,1787245800000.0,False,False,,,,,CLE,L,R
2026-08-20,667472,700241,STL@CIN,Middle Slider Crusher,2.43,3.28,1.011,1.01,1.12,2.997,11.3,786,Dane Myers,Michael Mcgreevy,7.0,CF,12:40p,1787244000000.0,False,False,,,,,CIN,R,R
2026-08-20,663586,641743,ATL@CWS,High Zone Fastball Hitter,2.99,2.97,0.997,0.988,1.084,3.116,11.3,786,Austin Riley,Anthony Kay,8.0,3B,2:10p,1787249400000.0,False,False,,,,,ATL,R,L
2026-08-20,680700,669456,TOR@TB,Oppo Fastball Hunter (LH),2.01,3.97,1.0,1.0,1.12,2.933,11.1,804,Richie Palacios,Shane Bieber,7.0,2B,1:10p,1787245800000.0,False,False,,,,,TB,L,R
2026-08-20,669397,680570,LAA@HOU,Middle Fastball Crusher,2.28,3.45,1.034,1.0,1.12,2.994,10.9,821,Nick Allen,Grayson Rodriguez,8.0,SS,8:10p,1787271000000.0,True,False,,,,,HOU,R,R
2026-08-20,702616,543037,NYY@BAL,Middle Slider Crusher (LH),2.54,3.09,1.015,1.003,0.901,2.37,10.7,834,Jackson Holliday,Gerrit Cole,1.0,2B,6:35p,1787265300000.0,False,False,,,,,BAL,L,R
2026-08-20,666139,663567,LAA@HOU,Middle Fastball Crusher (LH),3.67,2.57,1.004,1.0,0.903,2.809,10.6,842,Josh Lowe,Peter Lambert,7.0,RF,8:10p,1787271000000.0,True,False,,,,,LAA,L,R
2026-08-20,669394,674841,WSH@TEX,Middle Fastball Crusher,4.11,1.62,1.006,1.0,1.033,2.27,9.8,921,Jake Burger,Andrew Alvarez,3.0,1B,8:05p,1787270700000.0,False,False,,,,,TEX,R,L
2026-08-20,663743,669456,TOR@TB,Inside Breaking Ball Specialist,1.94,3.97,1.0,1.0,1.12,2.838,9.8,920,Nick Fortes,Shane Bieber,9.0,C,1:10p,1787245800000.0,False,False,,,,,TB,R,R
2026-08-20,592885,669923,SEA@MIL,Middle Slider Crusher (LH),2.49,3.0,0.982,1.0,0.961,2.327,9.6,941,Christian Yelich,George Kirby,5.0,DH,2:10p,1787249400000.0,False,False,,,,,MIL,L,R
2026-08-20,686681,695611,ATH@KC,Inside Breaking Ball Specialist (LH),3.1,2.56,1.0,1.0,1.004,2.627,9.6,944,Michael Massey,Gage Jump,8.0,2B,2:10p,1787249400000.0,False,False,,,,,KC,L,L
2026-08-20,665926,693855,TOR@TB,Middle Slider Crusher (LH),2.16,3.56,1.0,1.0,0.941,2.376,9.5,956,Andrés Giménez,Ian Seymour,6.0,SS,1:10p,1787245800000.0,False,False,,,,,TOR,L,L
2026-08-20,682657,694738,SF@CLE,Inside Breaking Ball Specialist (LH),3.61,2.08,1.008,1.0,0.953,2.371,9.5,958,Angel Martínez,Landen Roupp,6.0,RF,1:10p,1787245800000.0,False,False,,,,,CLE,L,R
2026-08-20,608369,674841,WSH@TEX,Middle Slider Crusher (LH),3.89,1.62,1.004,1.0,1.033,2.146,9.5,953,Corey Seager,Andrew Alvarez,2.0,SS,8:05p,1787270700000.0,False,False,,,,,TEX,L,L
2026-08-20,671218,680694,NYY@BAL,Inside Breaking Ball Specialist,2.68,2.47,1.003,1.003,0.99,2.166,9.4,969,Heliot Ramos,Kyle Bradish,3.0,LF,6:35p,1787265300000.0,False,False,,,,,NYY,R,R
2026-08-20,687401,669923,SEA@MIL,Middle Fastball Crusher,2.46,3.0,0.99,1.0,0.961,2.317,9.2,981,Joey Ortiz,George Kirby,6.0,SS,2:10p,1787249400000.0,False,False,,,,,MIL,R,R
2026-08-20,676609,680694,NYY@BAL,Middle Fastball Crusher,3.27,2.47,1.006,1.003,0.99,2.654,9.2,988,José Caballero,Kyle Bradish,9.0,3B,6:35p,1787265300000.0,False,False,,,,,NYY,R,R
2026-08-20,643289,641743,ATL@CWS,Oppo Fastball Hunter,2.26,2.97,0.997,0.988,1.084,2.356,9.0,1016,Mauricio Dubón,Anthony Kay,7.0,SS,2:10p,1787249400000.0,False,False,,,,,ATL,R,L
2026-08-20,669224,680694,NYY@BAL,Oppo Fastball Hunter (LH),2.88,2.47,0.999,1.003,0.99,2.315,8.5,1080,Austin Wells,Kyle Bradish,8.0,C,6:35p,1787265300000.0,False,False,,,,,NYY,L,R
2026-08-20,664770,693855,TOR@TB,Oppo Fastball Hunter (LH),2.13,3.56,1.0,1.0,0.941,2.346,8.2,1126,Nathan Lukes,Ian Seymour,9.0,RF,1:10p,1787245800000.0,False,False,,,,,TOR,L,L
2026-08-20,691777,677976,ATH@KC,Oppo Fastball Hunter,2.87,2.01,1.0,1.0,1.041,1.974,8.2,1120,Max Muncy,Randy Dobnak,5.0,3B,2:10p,1787249400000.0,False,False,,,,,ATH,R,R
2026-08-20,686469,695611,ATH@KC,Middle Slider Crusher (LH),2.26,2.56,1.0,1.0,1.004,1.914,8.0,1157,Vinnie Pasquantino,Gage Jump,5.0,DH,2:10p,1787249400000.0,False,False,,,,,KC,L,L
2026-08-20,679845,695611,ATH@KC,Oppo Fastball Hunter,1.98,2.56,1.0,1.0,1.004,1.675,7.7,1205,Nick Loftin,Gage Jump,1.0,RF,2:10p,1787249400000.0,False,False,,,,,KC,R,L
2026-08-20,683766,668909,SF@CLE,Middle Fastball Crusher,1.74,3.82,1.015,1.0,0.964,2.135,7.4,1243,Christian Koss,Gavin Williams,9.0,3B,1:10p,1787245800000.0,False,False,,,,,SF,R,R
2026-08-20,666126,677976,ATH@KC,Middle Slider Crusher (LH),2.6,2.01,1.0,1.0,1.041,1.789,7.2,1289,Carlos Cortes,Randy Dobnak,6.0,RF,2:10p,1787249400000.0,False,False,,,,,ATH,L,R
2026-08-20,677649,674841,WSH@TEX,Middle Fastball Crusher,2.91,1.62,1.006,1.0,1.033,1.608,6.7,1388,Ezequiel Duran,Andrew Alvarez,5.0,LF,8:05p,1787270700000.0,False,False,,,,,TEX,R,L
2026-08-20,672275,694738,SF@CLE,Inside Breaking Ball Specialist (LH),2.53,2.08,1.008,1.0,0.953,1.661,6.4,1467,Patrick Bailey,Landen Roupp,7.0,C,1:10p,1787245800000.0,False,False,,,,,CLE,L,R
2026-08-20,666152,669923,SEA@MIL,Middle Fastball Crusher (LH),1.79,3.0,0.982,1.0,0.961,1.666,6.2,1524,David Hamilton,George Kirby,8.0,3B,2:10p,1787249400000.0,False,False,,,,,MIL,L,R
2026-08-20,686555,695611,ATH@KC,Inside Breaking Ball Specialist,1.79,2.56,1.0,1.0,1.004,1.512,6.1,1536,Isaac Collins,Gage Jump,6.0,LF,2:10p,1787249400000.0,False,False,,,,,KC,R,L
2026-08-20,665966,543037,NYY@BAL,Middle Slider Crusher,1.87,3.09,1.006,1.003,0.901,1.728,6.1,1552,Carlos Narváez,Gerrit Cole,9.0,C,6:35p,1787265300000.0,False,False,,,,,BAL,R,R
2026-08-20,672580,695611,ATH@KC,Middle Fastball Crusher,1.55,2.56,1.0,1.0,1.004,1.315,5.8,1634,Maikel García,Gage Jump,3.0,3B,2:10p,1787249400000.0,False,False,,,,,KC,R,L
2026-08-20,677587,694738,SF@CLE,Middle Slider Crusher (LH),2.28,2.08,1.006,1.0,0.953,1.495,5.3,1803,Brayan Rocchio,Landen Roupp,9.0,SS,1:10p,1787245800000.0,False,False,,,,,CLE,L,R
2026-08-20,623168,663567,LAA@HOU,Oppo Fastball Hunter,1.72,2.57,1.004,1.0,0.903,1.318,4.9,1944,Tyler Heineman,Peter Lambert,8.0,C,8:10p,1787271000000.0,True,False,,,,,LAA,R,R
2026-08-20,694497,674841,WSH@TEX,Middle Fastball Crusher (LH),2.42,1.62,1.004,1.0,1.033,1.335,4.7,2026,Evan Carter,Andrew Alvarez,9.0,CF,8:05p,1787270700000.0,False,False,,,,,TEX,L,L
2026-08-20,687231,677976,ATH@KC,Middle Fastball Crusher,1.79,2.01,1.0,1.0,1.041,1.229,4.3,2208,Darell Hernaiz,Randy Dobnak,9.0,SS,2:10p,1787249400000.0,False,False,,,,,ATH,R,R
2026-08-20,683083,594798,WSH@TEX,Middle Fastball Crusher,0.87,3.31,1.006,1.0,0.943,0.896,3.3,2887,Nasim Nuñez,Jacob Degrom,8.0,SS,8:05p,1787270700000.0,False,False,,,,,WSH,R,R
2026-08-21,621439,681190,MIN@SD,Oppo Fastball Hunter,5.65,3.12,1.002,1.018,1.12,6.642,27.1,269,Byron Buxton,Randy Vásquez,2.0,CF,9:40p,1787362800000.0,True,False,,,,,MIN,R,R
2026-08-21,656941,690928,STL@PHI,Middle Slider Crusher (LH),6.1,3.19,1.006,1.007,0.952,6.185,26.0,284,Kyle Schwarber,Hunter Dobbins,1.0,DH,6:40p,1787352000000.0,False,False,,,,,PHI,L,R
2026-08-21,624413,642547,TB@BAL,Oppo Fastball Hunter,4.83,3.4,1.015,1.009,0.991,5.483,22.8,338,Pete Alonso,Freddy Peralta,2.0,1B,7:15p,1787354100000.0,False,False,,,,,BAL,R,R
2026-08-21,686527,571510,CHC@SEA,Middle Slider Crusher (LH),4.47,3.48,1.0,1.0,1.083,5.558,22.6,342,Dominic Canzone,Matt Boyd,3.0,RF,10:10p,1787364600000.0,True,False,,,,,SEA,L,L
2026-08-21,663993,685299,CLE@COL,Oppo Fastball Hunter (LH),3.98,4.23,0.975,0.994,1.066,5.737,22.4,347,Nathaniel Lowe,Tanner Gordon,5.0,1B,8:40p,1787359200000.0,True,False,,,,,CLE,L,R
2026-08-21,678246,640455,NYM@CWS,Middle Fastball Crusher,4.72,3.25,1.004,1.013,1.038,5.327,21.8,359,Miguel Vargas,Sean Manaea,3.0,3B,7:40p,1787355600000.0,False,False,,,,,CWS,R,L
2026-08-21,670541,669372,ATH@HOU,Inside Breaking Ball Specialist (LH),5.89,2.71,1.005,1.0,0.978,5.176,21.7,361,Yordan Álvarez,J. T. Ginn,2.0,LF,8:10p,1787357400000.0,True,False,,,,,HOU,L,R
2026-08-21,695657,640455,NYM@CWS,Oppo Fastball Hunter (LH),4.73,3.25,1.009,1.013,1.038,5.367,21.1,374,Colson Montgomery,Sean Manaea,5.0,DH,7:40p,1787355600000.0,False,False,,,,,CWS,L,L
2026-08-21,666176,685299,CLE@COL,Middle Slider Crusher,3.57,4.23,0.963,0.994,1.066,5.082,20.8,381,Jo Adell,Tanner Gordon,4.0,DH,8:40p,1787359200000.0,True,False,,,,,CLE,R,R
2026-08-21,700250,689254,TOR@NYY,Middle Fastball Crusher (LH),5.88,2.89,1.011,0.989,0.9,5.042,20.6,385,Ben Rice,Mason Fluharty,4.0,DH,7:05p,1787353500000.0,False,False,,,,,NYY,L,L
2026-08-21,665052,695418,WSH@MIA,Middle Fastball Crusher (LH),5.55,2.76,0.977,1.0,1.015,4.996,20.5,387,Griffin Conine,Brad Lord,3.0,1B,7:10p,1787353800000.0,False,False,,,,,MIA,L,R
2026-08-21,665019,681190,MIN@SD,Middle Fastball Crusher (LH),4.33,3.12,1.002,1.018,1.12,5.092,20.1,398,Kody Clemens,Randy Vásquez,5.0,2B,9:40p,1787362800000.0,True,False,,,,,MIN,L,R
2026-08-21,691406,669432,TB@BAL,Oppo Fastball Hunter,5.69,2.58,1.015,1.009,0.976,4.836,19.9,404,Junior Caminero,Trevor Rogers,4.0,3B,7:15p,1787354100000.0,False,False,,,,,TB,R,L
2026-08-21,694212,642547,TB@BAL,Oppo Fastball Hunter (LH),4.47,3.4,0.999,1.009,0.991,5.001,19.8,406,Samuel Basallo,Freddy Peralta,5.0,C,7:15p,1787354100000.0,False,False,,,,,BAL,L,R
2026-08-21,665953,687473,WSH@MIA,Inside Breaking Ball Specialist,4.48,3.24,0.97,1.0,1.007,4.675,19.3,417,Andrés Chaparro,Ryan Gusto,3.0,DH,7:10p,1787353800000.0,False,False,,,,,WSH,R,R
2026-08-21,691723,642547,TB@BAL,Middle Fastball Crusher,4.58,3.4,1.006,1.009,0.991,5.151,18.8,432,Coby Mayo,Freddy Peralta,7.0,3B,7:15p,1787354100000.0,False,False,,,,,BAL,R,R
2026-08-21,592518,687570,MIN@SD,Middle Slider Crusher,4.23,3.11,1.007,1.018,1.01,4.486,18.6,437,Manny Machado,Connor Prielipp,3.0,3B,9:40p,1787362800000.0,True,False,,,,,SD,R,L
2026-08-21,677594,571510,CHC@SEA,Middle Fastball Crusher,3.6,3.48,1.002,1.0,1.083,4.48,18.5,440,Julio Rodríguez,Matt Boyd,4.0,CF,10:10p,1787364600000.0,True,False,,,,,SEA,R,L
2026-08-21,621566,694819,ATL@MIL,Middle Fastball Crusher (LH),5.86,2.59,0.982,1.0,0.9,4.421,18.4,445,Matt Olson,Jacob Misiorowski,3.0,1B,4:10p,1787343000000.0,False,False,,,,,ATL,L,R
2026-08-21,664034,687570,MIN@SD,Inside Breaking Ball Specialist,4.23,3.11,0.999,1.018,1.01,4.447,18.4,444,Ty France,Connor Prielipp,4.0,1B,9:40p,1787362800000.0,True,False,,,,,SD,R,L
2026-08-21,682998,666157,CIN@AZ,Oppo Fastball Hunter (LH),3.29,3.54,1.0,1.0,1.12,4.293,18.3,447,Corbin Carroll,Nick Lodolo,2.0,RF,9:40p,1787362800000.0,True,False,,,,,AZ,L,L
2026-08-21,547180,690928,STL@PHI,Middle Fastball Crusher (LH),4.3,3.19,1.006,1.007,0.952,4.359,18.1,452,Bryce Harper,Hunter Dobbins,3.0,RF,6:40p,1787352000000.0,False,False,,,,,PHI,L,R
2026-08-21,680777,681190,MIN@SD,Middle Fastball Crusher,3.59,3.12,1.007,1.018,1.12,4.242,17.6,468,Ryan Jeffers,Randy Vásquez,4.0,C,9:40p,1787362800000.0,True,False,,,,,MIN,R,R
2026-08-21,668227,571510,CHC@SEA,Oppo Fastball Hunter,3.24,3.48,1.0,1.0,1.083,4.025,17.2,481,Randy Arozarena,Matt Boyd,2.0,LF,10:10p,1787364600000.0,True,False,,,,,SEA,R,L
2026-08-21,641933,642547,TB@BAL,Middle Slider Crusher,3.67,3.4,1.006,1.009,0.991,4.127,17.2,483,Tyler O'Neill,Freddy Peralta,4.0,DH,7:15p,1787354100000.0,False,False,,,,,BAL,R,R
2026-08-21,664040,808967,PIT@LAD,Middle Fastball Crusher (LH),4.7,2.77,0.996,1.029,0.9,3.956,16.9,490,Brandon Lowe,Yoshinobu Yamamoto,2.0,2B,10:10p,1787364600000.0,True,False,,,,,PIT,L,R
2026-08-21,693307,702070,DET@KC,Middle Slider Crusher,4.78,2.54,1.0,1.0,0.999,3.999,16.7,500,Dillon Dingler,Noah Cameron,4.0,C,8:10p,1787357400000.0,False,False,,,,,DET,R,L
2026-08-21,701398,593958,CIN@AZ,Middle Fastball Crusher,4.55,2.43,1.0,1.0,1.056,3.841,16.5,507,Sal Stewart,Eduardo Rodríguez,2.0,1B,9:40p,1787362800000.0,True,False,,,,,CIN,R,L
2026-08-21,666160,676282,CLE@COL,Inside Breaking Ball Specialist (LH),5.23,2.81,0.956,0.994,0.966,4.452,16.4,509,Mickey Moniak,Joey Cantillo,7.0,DH,8:40p,1787359200000.0,True,False,,,,,COL,L,L
2026-08-21,605137,681190,MIN@SD,Middle Fastball Crusher (LH),3.33,3.12,1.002,1.018,1.12,3.914,16.4,510,Josh Bell,Randy Vásquez,3.0,DH,9:40p,1787362800000.0,True,False,,,,,MIN,L,R
2026-08-21,683002,642547,TB@BAL,Middle Slider Crusher (LH),3.4,3.4,1.015,1.009,0.991,3.857,16.2,518,Gunnar Henderson,Freddy Peralta,3.0,SS,7:15p,1787354100000.0,False,False,,,,,BAL,L,R
2026-08-21,660271,696149,PIT@LAD,Middle Fastball Crusher (LH),5.09,2.15,0.996,1.029,0.987,3.641,16.1,523,Shohei Ohtani,Bubba Chandler,1.0,DH,10:10p,1787364600000.0,True,False,,,,,LAD,L,R
2026-08-21,683357,695418,WSH@MIA,Middle Fastball Crusher (LH),4.04,2.76,0.977,1.0,1.015,3.637,15.7,538,Owen Caissie,Brad Lord,2.0,RF,7:10p,1787353800000.0,False,False,,,,,MIA,L,R
2026-08-21,694374,666157,CIN@AZ,Inside Breaking Ball Specialist,3.08,3.54,1.0,1.0,1.12,4.026,15.6,540,Tim Tawa,Nick Lodolo,6.0,1B,9:40p,1787362800000.0,True,False,,,,,AZ,R,L
2026-08-21,572233,669372,ATH@HOU,Middle Slider Crusher,4.27,2.71,1.034,1.0,0.978,3.86,15.5,544,Christian Walker,J. T. Ginn,5.0,1B,8:10p,1787357400000.0,True,False,,,,,HOU,R,R
2026-08-21,608369,672282,LAA@TEX,Middle Slider Crusher (LH),4.1,2.96,1.004,1.0,0.9,3.608,15.5,543,Corey Seager,Reid Detmers,2.0,SS,8:15p,1787357700000.0,False,False,,,,,TEX,L,L
2026-08-21,665833,808967,PIT@LAD,Middle Slider Crusher (LH),4.55,2.77,0.996,1.029,0.9,3.827,15.4,549,Oneil Cruz,Yoshinobu Yamamoto,5.0,CF,10:10p,1787364600000.0,True,False,,,,,PIT,L,R
2026-08-21,571970,696149,PIT@LAD,Oppo Fastball Hunter (LH),5.11,2.15,1.001,1.029,0.987,3.671,15.4,550,Max Muncy,Bubba Chandler,4.0,3B,10:10p,1787364600000.0,True,False,,,,,LAD,L,R
2026-08-21,668904,681190,MIN@SD,Middle Fastball Crusher,3.32,3.12,1.007,1.018,1.12,3.925,15.3,555,Royce Lewis,Randy Vásquez,6.0,1B,9:40p,1787362800000.0,True,False,,,,,MIN,R,R
2026-08-21,553993,593958,CIN@AZ,Middle Slider Crusher,4.29,2.43,1.0,1.0,1.056,3.628,15.2,557,Eugenio Suárez,Eduardo Rodríguez,4.0,DH,9:40p,1787362800000.0,True,False,,,,,CIN,R,L
2026-08-21,663728,571510,CHC@SEA,Middle Slider Crusher,3.24,3.48,1.002,1.0,1.083,4.038,15.0,568,Cal Raleigh,Matt Boyd,7.0,C,10:10p,1787364600000.0,True,False,,,,,SEA,R,L
2026-08-21,686797,681190,MIN@SD,Middle Fastball Crusher,3.54,3.12,1.007,1.018,1.12,4.185,14.9,570,Brooks Lee,Randy Vásquez,8.0,3B,9:40p,1787362800000.0,True,False,,,,,MIN,R,R
2026-08-21,701538,687570,MIN@SD,Middle Fastball Crusher (LH),3.51,3.11,1.002,1.018,1.01,3.701,14.9,569,Jackson Merrill,Connor Prielipp,5.0,CF,9:40p,1787362800000.0,True,False,,,,,SD,L,L
2026-08-21,664023,676106,CHC@SEA,Middle Fastball Crusher,3.67,3.08,1.002,1.0,0.979,3.65,14.7,578,Ian Happ,Emerson Hancock,5.0,LF,10:10p,1787364600000.0,True,False,,,,,CHC,R,R
2026-08-21,682829,593958,CIN@AZ,Middle Fastball Crusher,3.89,2.43,1.0,1.0,1.056,3.286,14.6,586,Elly De La Cruz,Eduardo Rodríguez,1.0,SS,9:40p,1787362800000.0,True,False,,,,,CIN,R,L
2026-08-21,668709,593958,CIN@AZ,Middle Fastball Crusher (LH),4.42,2.43,1.0,1.0,1.056,3.734,14.6,586,Jj Bleday,Eduardo Rodríguez,6.0,RF,9:40p,1787362800000.0,True,False,,,,,CIN,L,L
2026-08-21,695506,675512,DET@KC,Middle Fastball Crusher (LH),4.41,2.62,1.0,1.0,0.9,3.43,14.5,590,Jac Caglianone,Troy Melton,3.0,RF,8:10p,1787357400000.0,False,False,,,,,KC,L,R
2026-08-21,691781,687473,WSH@MIA,Middle Fastball Crusher,3.4,3.24,0.974,1.0,1.007,3.563,14.4,594,Brady House,Ryan Gusto,5.0,3B,7:10p,1787353800000.0,False,False,,,,,WSH,R,R
2026-08-21,669394,672282,LAA@TEX,Middle Fastball Crusher,4.08,2.96,1.006,1.0,0.9,3.598,14.1,611,Jake Burger,Reid Detmers,6.0,1B,8:15p,1787357700000.0,False,False,,,,,TEX,R,L
2026-08-21,624424,676106,CHC@SEA,Oppo Fastball Hunter (LH),3.94,3.08,1.0,1.0,0.979,3.919,14.0,613,Michael Conforto,Emerson Hancock,8.0,DH,10:10p,1787364600000.0,True,False,,,,,CHC,L,R
2026-08-21,681297,642547,TB@BAL,Middle Fastball Crusher (LH),3.45,3.4,1.015,1.009,0.991,3.912,14.0,614,Colton Cowser,Freddy Peralta,8.0,CF,7:15p,1787354100000.0,False,False,,,,,BAL,L,R
2026-08-21,686948,694819,ATL@MIL,Oppo Fastball Hunter (LH),4.21,2.59,0.988,1.0,0.9,3.194,13.9,621,Drake Baldwin,Jacob Misiorowski,2.0,C,4:10p,1787343000000.0,False,False,,,,,ATL,L,R
2026-08-21,607208,690928,STL@PHI,Middle Fastball Crusher,3.09,3.19,1.008,1.007,0.952,3.143,13.7,632,Trea Turner,Hunter Dobbins,2.0,SS,6:40p,1787352000000.0,False,False,,,,,PHI,R,R
2026-08-21,672960,693645,TOR@NYY,Oppo Fastball Hunter,4.73,2.47,1.011,0.989,0.9,3.458,13.6,638,Kazuma Okamoto,Cam Schlittler,6.0,3B,7:05p,1787353500000.0,False,False,,,,,TOR,R,R
2026-08-21,642715,543243,SF@BOS,Middle Fastball Crusher,3.88,2.55,1.037,1.007,0.932,3.182,13.5,640,Willy Adames,Sonny Gray,3.0,SS,7:10p,1787353800000.0,False,False,,,,,SF,R,R
2026-08-21,695734,687473,WSH@MIA,Inside Breaking Ball Specialist (LH),2.89,3.24,0.977,1.0,1.007,3.035,13.5,639,Daylen Lile,Ryan Gusto,1.0,LF,7:10p,1787353800000.0,False,False,,,,,WSH,L,R
2026-08-21,680977,571510,CHC@SEA,Middle Slider Crusher (LH),2.42,3.48,1.0,1.0,1.083,3.0,13.4,647,Brendan Donovan,Matt Boyd,1.0,3B,10:10p,1787364600000.0,True,False,,,,,SEA,L,L
2026-08-21,650490,669432,TB@BAL,Oppo Fastball Hunter,3.42,2.58,1.015,1.009,0.976,2.906,13.0,670,Yandy Díaz,Trevor Rogers,1.0,DH,7:15p,1787354100000.0,False,False,,,,,TB,R,L
2026-08-21,666139,669022,LAA@TEX,Middle Fastball Crusher (LH),3.62,3.02,1.004,1.0,0.962,3.477,13.0,669,Josh Lowe,Mackenzie Gore,7.0,RF,8:15p,1787357700000.0,False,False,,,,,LAA,L,L
2026-08-21,702616,642547,TB@BAL,Middle Slider Crusher (LH),2.51,3.4,1.015,1.009,0.991,2.851,12.8,684,Jackson Holliday,Freddy Peralta,1.0,2B,7:15p,1787354100000.0,False,False,,,,,BAL,L,R
2026-08-21,663757,689254,TOR@NYY,Oppo Fastball Hunter (LH),3.79,2.89,1.011,0.989,0.9,3.253,12.8,682,Trent Grisham,Mason Fluharty,6.0,CF,7:05p,1787353500000.0,False,False,,,,,NYY,L,L
2026-08-21,672275,685299,CLE@COL,Inside Breaking Ball Specialist (LH),2.5,4.23,0.956,0.994,1.066,3.528,12.7,687,Patrick Bailey,Tanner Gordon,8.0,C,8:40p,1787359200000.0,True,False,,,,,CLE,L,R
2026-08-21,575929,657277,SF@BOS,Middle Slider Crusher,4.77,1.98,1.037,1.007,0.925,3.005,12.7,685,Willson Contreras,Logan Webb,4.0,1B,7:10p,1787353800000.0,False,False,,,,,BOS,R,R
2026-08-21,679529,702070,DET@KC,Middle Fastball Crusher,3.84,2.54,1.0,1.0,0.999,3.21,12.6,692,Spencer Torkelson,Noah Cameron,6.0,1B,8:10p,1787357400000.0,False,False,,,,,DET,R,L
2026-08-21,686611,687473,WSH@MIA,Middle Fastball Crusher,3.17,3.24,0.974,1.0,1.007,3.326,12.5,702,Dylan Crews,Ryan Gusto,7.0,RF,7:10p,1787353800000.0,False,False,,,,,WSH,R,R
2026-08-21,691023,666200,STL@PHI,Middle Fastball Crusher,4.53,2.14,1.008,1.007,0.9,2.913,12.4,705,Jordan Walker,Jesús Luzardo,3.0,RF,6:40p,1787352000000.0,False,False,,,,,STL,R,L
2026-08-21,671739,694819,ATL@MIL,Middle Fastball Crusher (LH),3.87,2.59,0.982,1.0,0.9,2.921,12.4,707,Michael Harris,Jacob Misiorowski,4.0,CF,4:10p,1787343000000.0,False,False,,,,,ATL,L,R
2026-08-21,673357,680732,NYM@CWS,Inside Breaking Ball Specialist,3.51,2.83,1.005,1.013,0.933,3.114,12.3,715,Luis Robert,Sean Burke,6.0,LF,7:40p,1787355600000.0,False,False,,,,,NYM,R,R
2026-08-21,514888,669372,ATH@HOU,Middle Fastball Crusher,3.01,2.71,1.034,1.0,0.978,2.721,12.2,719,José Altuve,J. T. Ginn,1.0,2B,8:10p,1787357400000.0,True,False,,,,,HOU,R,R
2026-08-21,701358,669372,ATH@HOU,Middle Fastball Crusher,3.58,2.71,1.034,1.0,0.978,3.234,12.1,724,Cam Smith,J. T. Ginn,7.0,RF,8:10p,1787357400000.0,True,False,,,,,HOU,R,R
2026-08-21,608324,676106,CHC@SEA,Oppo Fastball Hunter,2.84,3.08,1.0,1.0,0.979,2.821,12.0,734,Alex Bregman,Emerson Hancock,4.0,3B,10:10p,1787364600000.0,True,False,,,,,CHC,R,R
2026-08-21,664761,690928,STL@PHI,Oppo Fastball Hunter,2.83,3.19,1.006,1.007,0.952,2.87,11.7,751,Alec Bohm,Hunter Dobbins,5.0,1B,6:40p,1787352000000.0,False,False,,,,,PHI,R,R
2026-08-21,695600,675512,DET@KC,Middle Fastball Crusher (LH),3.31,2.62,1.0,1.0,0.9,2.574,11.6,764,Carter Jensen,Troy Melton,1.0,C,8:10p,1787357400000.0,False,False,,,,,KC,L,R
2026-08-21,664983,676282,CLE@COL,Middle Fastball Crusher (LH),2.98,2.81,0.966,0.994,0.966,2.56,11.5,768,Jake Mccarthy,Joey Cantillo,1.0,LF,8:40p,1787359200000.0,True,False,,,,,COL,L,L
2026-08-21,605141,696149,PIT@LAD,Inside Breaking Ball Specialist,3.91,2.15,1.001,1.029,0.987,2.813,11.5,768,Mookie Betts,Bubba Chandler,5.0,SS,10:10p,1787364600000.0,True,False,,,,,LAD,R,R
2026-08-21,682626,680732,NYM@CWS,Oppo Fastball Hunter,3.7,2.83,0.997,1.013,0.933,3.253,11.2,795,Francisco Álvarez,Sean Burke,9.0,C,7:40p,1787355600000.0,False,False,,,,,NYM,R,R
2026-08-21,650489,676282,CLE@COL,Middle Fastball Crusher,3.18,2.81,0.963,0.994,0.966,2.725,11.2,795,Willi Castro,Joey Cantillo,5.0,2B,8:40p,1787359200000.0,True,False,,,,,COL,R,L
2026-08-21,687462,808967,PIT@LAD,Middle Slider Crusher (LH),2.91,2.77,0.996,1.029,0.9,2.453,11.1,804,Spencer Horwitz,Yoshinobu Yamamoto,1.0,1B,10:10p,1787364600000.0,True,False,,,,,PIT,L,R
2026-08-21,645277,694819,ATL@MIL,Middle Fastball Crusher,3.55,2.59,0.99,1.0,0.9,2.702,11.1,802,Ozzie Albies,Jacob Misiorowski,5.0,2B,4:10p,1787343000000.0,False,False,,,,,ATL,R,R
2026-08-21,677951,675512,DET@KC,Middle Slider Crusher,3.24,2.62,1.0,1.0,0.9,2.519,11.1,804,Bobby Witt,Troy Melton,2.0,SS,8:10p,1787357400000.0,False,False,,,,,KC,R,R
2026-08-21,673237,669372,ATH@HOU,Oppo Fastball Hunter,3.15,2.71,1.004,1.0,0.978,2.769,11.0,811,Yainer Diaz,J. T. Ginn,6.0,C,8:10p,1787357400000.0,True,False,,,,,HOU,R,R
2026-08-21,624431,593958,CIN@AZ,Middle Fastball Crusher,3.4,2.43,1.0,1.0,1.056,2.87,10.8,823,Jose Trevino,Eduardo Rodríguez,7.0,C,9:40p,1787362800000.0,True,False,,,,,CIN,R,L
2026-08-21,622761,669432,TB@BAL,Middle Fastball Crusher,3.25,2.58,1.006,1.009,0.976,2.736,10.8,822,Jorge Mateo,Trevor Rogers,6.0,2B,7:15p,1787354100000.0,False,False,,,,,TB,R,L
2026-08-21,677800,657277,SF@BOS,Inside Breaking Ball Specialist (LH),3.87,1.98,1.059,1.007,0.925,2.49,10.7,835,Wilyer Abreu,Logan Webb,3.0,RF,7:10p,1787353800000.0,False,False,,,,,BOS,L,R
2026-08-21,668670,640455,NYM@CWS,Middle Fastball Crusher,2.57,3.25,1.004,1.013,1.038,2.908,10.6,847,Jake Rogers,Sean Manaea,8.0,C,7:40p,1787355600000.0,False,False,,,,,CWS,R,L
2026-08-21,543760,680732,NYM@CWS,Middle Fastball Crusher,3.25,2.83,1.004,1.013,0.933,2.884,10.5,855,Marcus Semien,Sean Burke,8.0,2B,7:40p,1787355600000.0,False,False,,,,,NYM,R,R
2026-08-21,677649,672282,LAA@TEX,Middle Fastball Crusher,2.89,2.96,1.006,1.0,0.9,2.548,10.5,854,Ezequiel Duran,Reid Detmers,5.0,3B,8:15p,1787357700000.0,False,False,,,,,TEX,R,L
2026-08-21,521692,675512,DET@KC,Middle Fastball Crusher,3.17,2.62,1.0,1.0,0.9,2.466,10.5,848,Salvador Pérez,Troy Melton,4.0,DH,8:10p,1787357400000.0,False,False,,,,,KC,R,R
2026-08-21,672386,693645,TOR@NYY,Oppo Fastball Hunter,3.25,2.47,1.011,0.989,0.9,2.38,10.2,876,Alejandro Kirk,Cam Schlittler,3.0,C,7:05p,1787353500000.0,False,False,,,,,TOR,R,R
2026-08-21,593428,687570,MIN@SD,Middle Fastball Crusher,2.43,3.11,1.007,1.018,1.01,2.577,10.2,876,Xander Bogaerts,Connor Prielipp,6.0,SS,9:40p,1787362800000.0,True,False,,,,,SD,R,L
2026-08-21,650402,702070,DET@KC,Middle Fastball Crusher,2.69,2.54,1.0,1.0,0.999,2.254,10.2,880,Gleyber Torres,Noah Cameron,1.0,2B,8:10p,1787357400000.0,False,False,,,,,DET,R,L
2026-08-21,668804,808967,PIT@LAD,Middle Fastball Crusher,2.74,2.77,1.001,1.029,0.9,2.316,10.0,902,Bryan Reynolds,Yoshinobu Yamamoto,3.0,LF,10:10p,1787364600000.0,True,False,,,,,PIT,R,R
2026-08-21,691720,676282,CLE@COL,Middle Fastball Crusher,2.63,2.81,0.963,0.994,0.966,2.258,10.0,903,Kyle Karros,Joey Cantillo,2.0,3B,8:40p,1787359200000.0,True,False,,,,,COL,R,L
2026-08-21,676609,689254,TOR@NYY,Middle Fastball Crusher,3.25,2.89,0.998,0.989,0.9,2.746,10.0,901,José Caballero,Mason Fluharty,8.0,2B,7:05p,1787353500000.0,False,False,,,,,NYY,R,L
2026-08-21,696285,687473,WSH@MIA,Middle Fastball Crusher,2.71,3.24,0.974,1.0,1.007,2.843,9.8,918,Jacob Young,Ryan Gusto,9.0,CF,7:10p,1787353800000.0,False,False,,,,,WSH,R,R
2026-08-21,671218,689254,TOR@NYY,Inside Breaking Ball Specialist,2.66,2.89,1.014,0.989,0.9,2.283,9.8,916,Heliot Ramos,Mason Fluharty,3.0,LF,7:05p,1787353500000.0,False,False,,,,,NYY,R,L
2026-08-21,807712,681190,MIN@SD,Oppo Fastball Hunter,1.8,3.12,1.002,1.018,1.12,2.113,9.6,943,Luke Keaschall,Randy Vásquez,1.0,RF,9:40p,1787362800000.0,True,False,,,,,MIN,R,R
2026-08-21,694192,519242,ATL@MIL,Middle Fastball Crusher,3.79,1.88,0.99,1.0,0.9,2.089,9.5,954,Jackson Chourio,Chris Sale,1.0,LF,4:10p,1787343000000.0,False,False,,,,,MIL,R,L
2026-08-21,660821,693645,TOR@NYY,Inside Breaking Ball Specialist (LH),2.96,2.47,1.024,0.989,0.9,2.195,9.4,960,Jesús Sánchez,Cam Schlittler,4.0,DH,7:05p,1787353500000.0,False,False,,,,,TOR,L,R
2026-08-21,677592,666200,STL@PHI,Middle Fastball Crusher,3.82,2.14,1.008,1.007,0.9,2.461,9.3,970,Everson Pereira,Jesús Luzardo,7.0,CF,6:40p,1787352000000.0,False,False,,,,,STL,R,L
2026-08-21,686681,675512,DET@KC,Inside Breaking Ball Specialist (LH),3.08,2.62,1.0,1.0,0.9,2.39,9.1,1001,Michael Massey,Troy Melton,7.0,2B,8:10p,1787357400000.0,False,False,,,,,KC,L,R
2026-08-21,518692,696149,PIT@LAD,Middle Fastball Crusher (LH),2.86,2.15,0.996,1.029,0.987,2.046,9.1,1003,Freddie Freeman,Bubba Chandler,2.0,1B,10:10p,1787364600000.0,True,False,,,,,LAD,L,R
2026-08-21,666182,680732,NYM@CWS,Middle Fastball Crusher,2.34,2.83,1.004,1.013,0.933,2.074,9.0,1014,Bo Bichette,Sean Burke,3.0,DH,7:40p,1787355600000.0,False,False,,,,,NYM,R,R
2026-08-21,686668,640455,NYM@CWS,Middle Fastball Crusher,2.0,3.25,1.004,1.013,1.038,2.26,9.0,1008,Brenton Doyle,Sean Manaea,6.0,CF,7:40p,1787355600000.0,False,False,,,,,CWS,R,L
2026-08-21,667472,593958,CIN@AZ,Middle Slider Crusher,2.4,2.43,1.0,1.0,1.056,2.028,8.8,1038,Dane Myers,Eduardo Rodríguez,3.0,CF,9:40p,1787362800000.0,True,False,,,,,CIN,R,L
2026-08-21,666023,687570,MIN@SD,Inside Breaking Ball Specialist,2.27,3.11,0.999,1.018,1.01,2.384,8.7,1047,Freddy Fermin,Connor Prielipp,8.0,C,9:40p,1787362800000.0,True,False,,,,,SD,R,L
2026-08-21,678882,657277,SF@BOS,Middle Slider Crusher,3.1,1.98,1.037,1.007,0.925,1.954,8.7,1053,Ceddanne Rafaela,Logan Webb,2.0,CF,7:10p,1787353800000.0,False,False,,,,,BOS,R,R
2026-08-21,596142,519242,ATL@MIL,High Zone Fastball Hitter,3.95,1.88,0.974,1.0,0.9,2.146,8.6,1065,Gary Sánchez,Chris Sale,6.0,DH,4:10p,1787343000000.0,False,False,,,,,MIL,R,L
2026-08-21,662139,669372,ATH@HOU,Oppo Fastball Hunter (LH),2.14,2.71,1.025,1.0,0.978,1.918,8.3,1107,Daulton Varsho,J. T. Ginn,4.0,CF,8:10p,1787357400000.0,True,False,,,,,HOU,L,R
2026-08-21,642086,694819,ATL@MIL,High Zone Fastball Hitter (LH),2.9,2.59,0.975,1.0,0.9,2.171,8.3,1108,Dominic Smith,Jacob Misiorowski,7.0,DH,4:10p,1787343000000.0,False,False,,,,,ATL,L,R
2026-08-21,663586,694819,ATL@MIL,High Zone Fastball Hitter,2.97,2.59,0.974,1.0,0.9,2.223,8.1,1127,Austin Riley,Jacob Misiorowski,8.0,3B,4:10p,1787343000000.0,False,False,,,,,ATL,R,R
2026-08-21,606192,696149,PIT@LAD,Middle Fastball Crusher,3.06,2.15,1.001,1.029,0.987,2.203,8.1,1138,Teoscar Hernández,Bubba Chandler,8.0,LF,10:10p,1787364600000.0,True,False,,,,,LAD,R,R
2026-08-21,672724,669022,LAA@TEX,Inside Breaking Ball Specialist,2.41,3.02,1.008,1.0,0.962,2.328,8.1,1136,Oswald Peraza,Mackenzie Gore,9.0,2B,8:15p,1787357700000.0,False,False,,,,,LAA,R,L
2026-08-21,608348,676106,CHC@SEA,Inside Breaking Ball Specialist,2.35,3.08,1.002,1.0,0.979,2.339,8.1,1130,Carson Kelly,Emerson Hancock,9.0,C,10:10p,1787364600000.0,True,False,,,,,CHC,R,R
2026-08-21,663647,593958,CIN@AZ,Inside Breaking Ball Specialist,2.73,2.43,1.0,1.0,1.056,2.311,8.0,1144,Ke'Bryan Hayes,Eduardo Rodríguez,9.0,3B,9:40p,1787362800000.0,True,False,,,,,CIN,R,L
2026-08-21,650859,687570,MIN@SD,Middle Slider Crusher,1.7,3.11,1.007,1.018,1.01,1.803,8.0,1146,Luis Rengifo,Connor Prielipp,2.0,DH,9:40p,1787362800000.0,True,False,,,,,SD,R,L
2026-08-21,680776,657277,SF@BOS,Middle Fastball Crusher (LH),3.28,1.98,1.044,1.007,0.925,2.08,7.9,1159,Jarren Duran,Logan Webb,7.0,LF,7:10p,1787353800000.0,False,False,,,,,BOS,L,R
2026-08-21,678391,687473,WSH@MIA,Oppo Fastball Hunter (LH),1.69,3.24,0.97,1.0,1.007,1.76,7.8,1176,Jorbit Vivas,Ryan Gusto,2.0,2B,7:10p,1787353800000.0,False,False,,,,,WSH,L,R
2026-08-21,683146,680732,NYM@CWS,Middle Fastball Crusher (LH),2.28,2.83,0.997,1.013,0.933,2.004,7.7,1205,Brett Baty,Sean Burke,7.0,3B,7:40p,1787355600000.0,False,False,,,,,NYM,L,R
2026-08-21,664770,693645,TOR@NYY,Oppo Fastball Hunter (LH),2.33,2.47,1.011,0.989,0.9,1.703,7.6,1217,Nathan Lukes,Cam Schlittler,2.0,RF,7:05p,1787353500000.0,False,False,,,,,TOR,L,R
2026-08-21,668939,657277,SF@BOS,Middle Fastball Crusher,2.89,1.98,1.037,1.007,0.925,1.821,7.6,1219,Adley Rutschman,Logan Webb,5.0,C,7:10p,1787353800000.0,False,False,,,,,BOS,R,R
2026-08-21,694497,672282,LAA@TEX,Middle Fastball Crusher (LH),2.41,2.96,1.004,1.0,0.9,2.117,7.4,1255,Evan Carter,Reid Detmers,9.0,CF,8:15p,1787357700000.0,False,False,,,,,TEX,L,L
2026-08-21,671056,666200,STL@PHI,Middle Slider Crusher,2.55,2.14,1.008,1.007,0.9,1.639,7.3,1267,Iván Herrera,Jesús Luzardo,2.0,DH,6:40p,1787352000000.0,False,False,,,,,STL,R,L
2026-08-21,686469,675512,DET@KC,Middle Slider Crusher (LH),2.24,2.62,1.0,1.0,0.9,1.741,7.3,1278,Vinnie Pasquantino,Troy Melton,5.0,1B,8:10p,1787357400000.0,False,False,,,,,KC,L,R
2026-08-21,805300,695418,WSH@MIA,Middle Slider Crusher (LH),1.74,2.76,0.977,1.0,1.015,1.571,7.2,1289,Jakob Marsee,Brad Lord,1.0,CF,7:10p,1787353800000.0,False,False,,,,,MIA,L,R
2026-08-21,668930,519242,ATL@MIL,Inside Breaking Ball Specialist (LH),2.97,1.88,0.97,1.0,0.9,1.606,7.2,1294,Brice Turang,Chris Sale,2.0,2B,4:10p,1787343000000.0,False,False,,,,,MIL,L,L
2026-08-21,672640,695418,WSH@MIA,Middle Fastball Crusher,1.92,2.76,0.974,1.0,1.015,1.72,7.2,1294,Otto Lopez,Brad Lord,5.0,SS,7:10p,1787353800000.0,False,False,,,,,MIA,R,R
2026-08-21,669397,669372,ATH@HOU,Middle Fastball Crusher,2.24,2.71,1.034,1.0,0.978,2.024,7.1,1315,Nick Allen,J. T. Ginn,9.0,SS,8:10p,1787357400000.0,True,False,,,,,HOU,R,R
2026-08-21,663656,696149,PIT@LAD,Middle Fastball Crusher (LH),2.38,2.15,0.996,1.029,0.987,1.706,6.9,1355,Kyle Tucker,Bubba Chandler,6.0,RF,10:10p,1787364600000.0,True,False,,,,,LAD,L,R
2026-08-21,678662,676282,CLE@COL,Middle Slider Crusher,2.32,2.81,0.963,0.994,0.966,1.989,6.9,1340,Ezequiel Tovar,Joey Cantillo,9.0,SS,8:40p,1787359200000.0,True,False,,,,,COL,R,L
2026-08-21,643289,694819,ATL@MIL,Oppo Fastball Hunter,2.24,2.59,0.982,1.0,0.9,1.694,6.8,1365,Mauricio Dubón,Jacob Misiorowski,6.0,SS,4:10p,1787343000000.0,False,False,,,,,ATL,R,R
2026-08-21,702332,657277,SF@BOS,Middle Fastball Crusher,2.69,1.98,1.037,1.007,0.925,1.695,6.8,1364,Caleb Durbin,Logan Webb,6.0,3B,7:10p,1787353800000.0,False,False,,,,,BOS,R,R
2026-08-21,630105,687570,MIN@SD,Oppo Fastball Hunter (LH),1.84,3.11,0.987,1.018,1.01,1.912,6.7,1396,Jake Cronenworth,Connor Prielipp,9.0,2B,9:40p,1787362800000.0,True,False,,,,,SD,L,L
2026-08-21,687597,676282,CLE@COL,Middle Fastball Crusher,1.92,2.81,0.963,0.994,0.966,1.644,6.6,1408,Jordan Beck,Joey Cantillo,6.0,RF,8:40p,1787359200000.0,True,False,,,,,COL,R,L
2026-08-21,682663,695418,WSH@MIA,Inside Breaking Ball Specialist,1.99,2.76,0.97,1.0,1.015,1.776,6.6,1426,Agustín Ramírez,Brad Lord,8.0,DH,7:10p,1787353800000.0,False,False,,,,,MIA,R,R
2026-08-21,663538,676106,CHC@SEA,Middle Fastball Crusher,1.59,3.08,1.002,1.0,0.979,1.582,6.4,1466,Nico Hoerner,Emerson Hancock,6.0,SS,10:10p,1787364600000.0,True,False,,,,,CHC,R,R
2026-08-21,682668,640455,NYM@CWS,Middle Fastball Crusher,1.45,3.25,1.004,1.013,1.038,1.634,6.3,1493,Luisangel Acuña,Sean Manaea,7.0,SS,7:40p,1787355600000.0,False,False,,,,,CWS,R,L
2026-08-21,595879,702070,DET@KC,Middle Fastball Crusher,2.14,2.54,1.0,1.0,0.999,1.788,6.3,1498,Javier Báez,Noah Cameron,9.0,LF,8:10p,1787357400000.0,False,False,,,,,DET,R,L
2026-08-21,679845,675512,DET@KC,Oppo Fastball Hunter,1.96,2.62,1.0,1.0,0.9,1.519,6.1,1529,Nick Loftin,Troy Melton,6.0,3B,8:10p,1787357400000.0,False,False,,,,,KC,R,R
2026-08-21,661388,519242,ATL@MIL,Middle Fastball Crusher,2.49,1.88,0.99,1.0,0.9,1.372,6.0,1564,William Contreras,Chris Sale,3.0,C,4:10p,1787343000000.0,False,False,,,,,MIL,R,L
2026-08-21,664728,675512,DET@KC,Middle Fastball Crusher (LH),2.2,2.62,1.0,1.0,0.9,1.706,6.0,1572,Kyle Isbel,Troy Melton,9.0,CF,8:10p,1787357400000.0,False,False,,,,,KC,L,R
2026-08-21,681508,657277,SF@BOS,Middle Fastball Crusher (LH),2.65,1.98,1.044,1.007,0.925,1.677,5.9,1600,Mickey Gasper,Logan Webb,9.0,DH,7:10p,1787353800000.0,False,False,,,,,BOS,L,R
2026-08-21,669364,695418,WSH@MIA,Middle Fastball Crusher (LH),1.47,2.76,0.977,1.0,1.015,1.322,5.8,1634,Xavier Edwards,Brad Lord,4.0,2B,7:10p,1787353800000.0,False,False,,,,,MIA,L,R
2026-08-21,693304,808967,PIT@LAD,Oppo Fastball Hunter,1.57,2.77,0.996,1.029,0.9,1.322,5.8,1634,Nick Gonzales,Yoshinobu Yamamoto,4.0,DH,10:10p,1787364600000.0,True,False,,,,,PIT,R,R
2026-08-21,665877,666200,STL@PHI,Middle Slider Crusher,2.2,2.14,1.008,1.007,0.9,1.419,5.7,1641,José Fermín,Jesús Luzardo,6.0,3B,6:40p,1787352000000.0,False,False,,,,,STL,R,L
2026-08-21,686780,666200,STL@PHI,Middle Fastball Crusher,2.5,2.14,1.008,1.007,0.9,1.607,5.6,1673,Pedro Pagés,Jesús Luzardo,9.0,C,6:40p,1787352000000.0,False,False,,,,,STL,R,L
2026-08-21,655316,657277,SF@BOS,Middle Slider Crusher,2.37,1.98,1.037,1.007,0.925,1.495,5.5,1706,Andruw Monasterio,Logan Webb,8.0,SS,7:10p,1787353800000.0,False,False,,,,,BOS,R,R
2026-08-21,683734,519242,ATL@MIL,Inside Breaking Ball Specialist,2.23,1.88,0.98,1.0,0.9,1.219,5.3,1776,Andrew Vaughn,Chris Sale,4.0,1B,4:10p,1787343000000.0,False,False,,,,,MIL,R,L
2026-08-21,687401,519242,ATL@MIL,Middle Fastball Crusher,2.44,1.88,0.99,1.0,0.9,1.346,5.2,1824,Joey Ortiz,Chris Sale,7.0,3B,4:10p,1787343000000.0,False,False,,,,,MIL,R,L
2026-08-21,686555,675512,DET@KC,Inside Breaking Ball Specialist,1.77,2.62,1.0,1.0,0.9,1.377,5.1,1858,Isaac Collins,Troy Melton,8.0,LF,8:10p,1787357400000.0,False,False,,,,,KC,R,R
2026-08-21,663968,808967,PIT@LAD,Inside Breaking Ball Specialist,1.52,2.77,1.001,1.029,0.9,1.288,5.0,1910,Jake Mangum,Yoshinobu Yamamoto,7.0,RF,10:10p,1787364600000.0,True,False,,,,,PIT,R,R
2026-08-21,683766,543243,SF@BOS,Middle Fastball Crusher,1.7,2.55,1.037,1.007,0.932,1.395,4.9,1937,Christian Koss,Sonny Gray,9.0,3B,7:10p,1787353800000.0,False,False,,,,,SF,R,R
2026-08-21,669707,808967,PIT@LAD,Middle Slider Crusher,1.37,2.77,1.001,1.029,0.9,1.161,4.1,2340,Jared Triolo,Yoshinobu Yamamoto,9.0,3B,10:10p,1787364600000.0,True,False,,,,,PIT,R,R
2026-08-21,670764,669432,TB@BAL,Middle Fastball Crusher (LH),1.18,2.58,1.015,1.009,0.976,0.999,3.5,2731,Taylor Walls,Trevor Rogers,9.0,SS,7:15p,1787354100000.0,False,False,,,,,TB,L,L
2026-08-21,683083,687473,WSH@MIA,Middle Fastball Crusher,0.86,3.24,0.974,1.0,1.007,0.903,3.4,2867,Nasim Nuñez,Ryan Gusto,8.0,SS,7:10p,1787353800000.0,False,False,,,,,WSH,R,R
2026-08-22,608369,696270,LAA@TEX,Middle Slider Crusher (LH),4.05,4.87,1.004,1.0,1.12,7.312,29.5,239,Corey Seager,Ryan Johnson,2.0,SS,7:05p,1787439900000.0,False,False,,,,,TEX,L,R
2026-08-22,665052,663623,WSH@MIA,Middle Fastball Crusher (LH),5.48,3.57,0.977,1.0,1.113,7.025,28.5,251,Griffin Conine,Jake Irvin,2.0,1B,4:10p,1787429400000.0,False,False,,,,,MIA,L,R
2026-08-22,664034,665152,MIN@SD,Inside Breaking Ball Specialist,4.4,4.77,0.999,0.997,1.001,6.898,27.3,266,Ty France,Dean Kremer,4.0,1B,8:40p,1787445600000.0,True,False,,,,,SD,R,R
2026-08-22,666160,676440,CLE@COL,Inside Breaking Ball Specialist (LH),5.18,3.87,0.956,1.042,1.016,6.702,27.3,266,Mickey Moniak,Tanner Bibee,2.0,RF,8:10p,1787443800000.0,False,False,,,,,COL,L,R
2026-08-22,691023,691725,STL@PHI,Middle Fastball Crusher,4.64,4.03,1.008,1.011,1.09,6.866,27.2,268,Jordan Walker,Andrew Painter,4.0,RF,6:05p,1787436300000.0,False,False,,,,,STL,R,R
2026-08-22,592518,665152,MIN@SD,Middle Slider Crusher,4.21,4.77,1.007,0.997,1.001,6.651,26.6,276,Manny Machado,Dean Kremer,3.0,3B,8:40p,1787445600000.0,True,False,,,,,SD,R,R
2026-08-22,670541,682052,ATH@HOU,Inside Breaking Ball Specialist (LH),5.85,3.58,1.005,1.0,0.914,6.355,26.1,284,Yordan Álvarez,Jacob Lopez,2.0,DH,7:10p,1787440200000.0,False,False,,,,,HOU,L,L
2026-08-22,669394,696270,LAA@TEX,Middle Fastball Crusher,4.05,4.87,1.006,1.0,1.12,7.334,25.9,286,Jake Burger,Ryan Johnson,7.0,1B,7:05p,1787439900000.0,False,False,,,,,TEX,R,R
2026-08-22,621566,701656,ATL@MIL,Middle Fastball Crusher (LH),5.82,3.72,0.982,1.0,0.9,6.314,25.4,294,Matt Olson,Logan Henderson,3.0,1B,2:10p,1787422200000.0,False,False,,,,,ATL,L,R
2026-08-22,660271,683003,PIT@LAD,Middle Fastball Crusher (LH),5.05,3.7,0.996,1.031,0.943,5.972,25.2,297,Shohei Ohtani,Jared Jones,1.0,DH,7:15p,1787440500000.0,False,False,,,,,LAD,L,R
2026-08-22,571970,683003,PIT@LAD,Oppo Fastball Hunter (LH),5.25,3.7,1.001,1.031,0.943,6.233,25.0,300,Max Muncy,Jared Jones,4.0,3B,7:15p,1787440500000.0,False,False,,,,,LAD,L,R
2026-08-22,691406,687064,TB@BAL,Oppo Fastball Hunter,5.66,2.97,1.015,1.014,1.024,5.845,23.6,324,Junior Caminero,Brandon Young,4.0,3B,7:05p,1787439900000.0,False,False,,,,,TB,R,R
2026-08-22,701538,665152,MIN@SD,Middle Fastball Crusher (LH),3.49,4.77,1.002,0.997,1.001,5.488,21.5,365,Jackson Merrill,Dean Kremer,5.0,CF,8:40p,1787445600000.0,True,False,,,,,SD,L,R
2026-08-22,657757,665152,MIN@SD,Middle Fastball Crusher (LH),3.77,4.77,1.002,0.997,1.001,5.93,21.4,368,Gavin Sheets,Dean Kremer,7.0,DH,8:40p,1787445600000.0,True,False,,,,,SD,L,R
2026-08-22,683357,663623,WSH@MIA,Middle Fastball Crusher (LH),4.02,3.57,0.977,1.0,1.113,5.154,21.1,373,Owen Caissie,Jake Irvin,3.0,DH,4:10p,1787429400000.0,False,False,,,,,MIA,L,R
2026-08-22,693307,608379,DET@KC,Middle Slider Crusher,4.74,3.27,1.0,1.0,0.996,5.091,20.8,381,Dillon Dingler,Michael Wacha,4.0,C,7:15p,1787440500000.0,False,False,,,,,DET,R,R
2026-08-22,677649,696270,LAA@TEX,Middle Fastball Crusher,2.86,4.87,1.006,1.0,1.12,5.183,20.4,390,Ezequiel Duran,Ryan Johnson,5.0,3B,7:05p,1787439900000.0,False,False,,,,,TEX,R,R
2026-08-22,686948,701656,ATL@MIL,Oppo Fastball Hunter (LH),4.18,3.72,0.988,1.0,0.9,4.558,19.8,406,Drake Baldwin,Logan Henderson,1.0,C,2:10p,1787422200000.0,False,False,,,,,ATL,L,R
2026-08-22,672960,677960,TOR@NYY,Oppo Fastball Hunter,4.7,3.22,1.011,0.986,1.003,4.986,19.7,408,Kazuma Okamoto,Ryan Weathers,5.0,3B,1:35p,1787420100000.0,False,False,,,,,TOR,R,L
2026-08-22,605141,683003,PIT@LAD,Inside Breaking Ball Specialist,3.87,3.7,1.001,1.031,0.943,4.603,19.1,425,Mookie Betts,Jared Jones,3.0,SS,7:15p,1787440500000.0,False,False,,,,,LAD,R,R
2026-08-22,572233,682052,ATH@HOU,Middle Slider Crusher,4.24,3.58,1.034,1.0,0.914,4.737,18.8,432,Christian Walker,Jacob Lopez,5.0,1B,7:10p,1787440200000.0,False,False,,,,,HOU,R,L
2026-08-22,665161,682052,ATH@HOU,Middle Fastball Crusher,3.83,3.58,1.034,1.0,0.914,4.273,18.6,437,Jeremy Peña,Jacob Lopez,1.0,SS,7:10p,1787440200000.0,False,False,,,,,HOU,R,L
2026-08-22,695506,623454,DET@KC,Middle Fastball Crusher (LH),4.38,3.25,1.0,1.0,0.927,4.358,18.1,452,Jac Caglianone,Drew Anderson,3.0,RF,7:15p,1787440500000.0,False,False,,,,,KC,L,R
2026-08-22,680869,686613,ATH@HOU,Middle Fastball Crusher,4.26,3.06,1.034,1.0,0.963,4.28,17.8,461,Zack Gelof,Hunter Brown,3.0,3B,7:10p,1787440200000.0,False,False,,,,,ATH,R,R
2026-08-22,671739,701656,ATL@MIL,Middle Fastball Crusher (LH),3.84,3.72,0.982,1.0,0.9,4.163,17.3,478,Michael Harris,Logan Henderson,4.0,CF,2:10p,1787422200000.0,False,False,,,,,ATL,L,R
2026-08-22,575929,694918,SF@BOS,Middle Slider Crusher,4.91,2.52,1.037,1.006,0.97,4.126,17.1,483,Willson Contreras,Blade Tidwell,4.0,1B,7:15p,1787440500000.0,False,False,,,,,BOS,R,R
2026-08-22,664983,676440,CLE@COL,Middle Fastball Crusher (LH),2.95,3.87,0.966,1.042,1.016,3.854,16.9,491,Jake Mccarthy,Tanner Bibee,1.0,CF,8:10p,1787443800000.0,False,False,,,,,COL,L,R
2026-08-22,665833,669373,PIT@LAD,Middle Slider Crusher (LH),4.73,2.77,0.996,1.031,0.9,3.999,16.7,500,Oneil Cruz,Tarik Skubal,4.0,CF,7:15p,1787440500000.0,False,False,,,,,PIT,L,L
2026-08-22,694497,696270,LAA@TEX,Middle Fastball Crusher (LH),2.38,4.87,1.004,1.0,1.12,4.307,16.7,500,Evan Carter,Ryan Johnson,6.0,CF,7:05p,1787439900000.0,False,False,,,,,TEX,L,R
2026-08-22,673357,622491,NYM@CWS,Inside Breaking Ball Specialist,3.46,3.57,1.005,0.973,1.068,4.267,16.5,506,Luis Robert,Luis Castillo,6.0,LF,7:10p,1787440200000.0,False,False,,,,,NYM,R,R
2026-08-22,671056,691725,STL@PHI,Middle Slider Crusher,2.53,4.03,1.008,1.011,1.09,3.737,16.1,522,Iván Herrera,Andrew Painter,2.0,DH,6:05p,1787436300000.0,False,False,,,,,STL,R,R
2026-08-22,686527,656849,CHC@SEA,Middle Slider Crusher (LH),4.44,2.36,1.0,1.0,1.08,3.73,16.0,524,Dominic Canzone,David Peterson,2.0,RF,7:15p,1787440500000.0,False,False,,,,,SEA,L,L
2026-08-22,650489,676440,CLE@COL,Middle Fastball Crusher,3.16,3.87,0.963,1.042,1.016,4.109,15.9,527,Willi Castro,Tanner Bibee,6.0,2B,8:10p,1787443800000.0,False,False,,,,,COL,R,R
2026-08-22,624413,663556,TB@BAL,Oppo Fastball Hunter,4.95,2.19,1.015,1.014,1.0,3.679,15.8,532,Pete Alonso,Shane Mcclanahan,2.0,DH,7:05p,1787439900000.0,False,False,,,,,BAL,R,L
2026-08-22,650490,687064,TB@BAL,Oppo Fastball Hunter,3.4,2.97,1.015,1.014,1.024,3.512,15.5,544,Yandy Díaz,Brandon Young,1.0,DH,7:05p,1787439900000.0,False,False,,,,,TB,R,R
2026-08-22,645277,701656,ATL@MIL,Middle Fastball Crusher,3.53,3.72,0.99,1.0,0.9,3.858,15.5,544,Ozzie Albies,Logan Henderson,5.0,DH,2:10p,1787422200000.0,False,False,,,,,ATL,R,R
2026-08-22,678246,681035,NYM@CWS,Middle Fastball Crusher,4.84,2.43,1.004,0.973,0.965,3.649,15.4,551,Miguel Vargas,Christian Scott,3.0,3B,7:10p,1787440200000.0,False,False,,,,,CWS,R,R
2026-08-22,695600,623454,DET@KC,Middle Fastball Crusher (LH),3.45,3.25,1.0,1.0,0.927,3.432,15.2,558,Carter Jensen,Drew Anderson,1.0,C,7:15p,1787440500000.0,False,False,,,,,KC,L,R
2026-08-22,679529,608379,DET@KC,Middle Fastball Crusher,3.81,3.27,1.0,1.0,0.996,4.093,15.2,559,Spencer Torkelson,Michael Wacha,7.0,1B,7:15p,1787440500000.0,False,False,,,,,DET,R,R
2026-08-22,682626,622491,NYM@CWS,Oppo Fastball Hunter,3.66,3.57,0.997,0.973,1.068,4.477,15.1,561,Francisco Álvarez,Luis Castillo,9.0,C,7:10p,1787440200000.0,False,False,,,,,NYM,R,R
2026-08-22,682998,695076,CIN@AZ,Oppo Fastball Hunter (LH),3.26,2.91,1.0,1.0,1.098,3.447,14.9,571,Corbin Carroll,Rhett Lowder,2.0,RF,8:10p,1787443800000.0,True,False,,,,,AZ,L,R
2026-08-22,621439,663554,MIN@SD,Oppo Fastball Hunter,5.6,2.06,1.002,0.997,0.9,3.421,14.8,576,Byron Buxton,Casey Mize,2.0,CF,8:40p,1787445600000.0,True,False,,,,,MIN,R,R
2026-08-22,642715,663776,SF@BOS,Middle Fastball Crusher,3.86,2.43,1.037,1.006,1.061,3.426,14.5,590,Willy Adames,Patrick Sandoval,3.0,SS,7:15p,1787440500000.0,False,False,,,,,SF,R,L
2026-08-22,518692,683003,PIT@LAD,Middle Fastball Crusher (LH),2.84,3.7,0.996,1.031,0.943,3.354,14.5,589,Freddie Freeman,Jared Jones,2.0,1B,7:15p,1787440500000.0,False,False,,,,,LAD,L,R
2026-08-22,700250,656302,TOR@NYY,Middle Fastball Crusher (LH),5.84,1.92,1.011,0.986,0.9,3.324,14.4,595,Ben Rice,Dylan Cease,2.0,DH,1:35p,1787420100000.0,False,False,,,,,NYY,L,R
2026-08-22,672386,677960,TOR@NYY,Oppo Fastball Hunter,3.21,3.22,1.011,0.986,1.003,3.411,14.4,593,Alejandro Kirk,Ryan Weathers,3.0,C,1:35p,1787420100000.0,False,False,,,,,TOR,R,L
2026-08-22,695657,681035,NYM@CWS,Oppo Fastball Hunter (LH),4.86,2.43,1.009,0.973,0.965,3.683,14.4,595,Colson Montgomery,Christian Scott,6.0,SS,7:10p,1787440200000.0,False,False,,,,,CWS,L,R
2026-08-22,694192,527048,ATL@MIL,Middle Fastball Crusher,3.76,2.57,0.99,1.0,1.021,3.222,14.3,598,Jackson Chourio,Martín Pérez,1.0,LF,2:10p,1787422200000.0,False,False,,,,,MIL,R,L
2026-08-22,701358,682052,ATH@HOU,Middle Fastball Crusher,3.55,3.58,1.034,1.0,0.914,3.967,14.2,605,Cam Smith,Jacob Lopez,8.0,RF,7:10p,1787440200000.0,False,False,,,,,HOU,R,L
2026-08-22,691723,663556,TB@BAL,Middle Fastball Crusher,4.55,2.19,1.006,1.014,1.0,3.351,14.2,605,Coby Mayo,Shane Mcclanahan,3.0,1B,7:05p,1787439900000.0,False,False,,,,,BAL,R,L
2026-08-22,543760,622491,NYM@CWS,Middle Fastball Crusher,3.23,3.57,1.004,0.973,1.068,3.974,14.2,603,Marcus Semien,Luis Castillo,8.0,2B,7:10p,1787440200000.0,False,False,,,,,NYM,R,R
2026-08-22,514888,682052,ATH@HOU,Middle Fastball Crusher,2.99,3.58,1.034,1.0,0.914,3.336,14.1,611,José Altuve,Jacob Lopez,4.0,2B,7:10p,1787440200000.0,False,False,,,,,HOU,R,L
2026-08-22,677800,694918,SF@BOS,Inside Breaking Ball Specialist (LH),3.84,2.52,1.059,1.006,0.97,3.301,14.0,615,Wilyer Abreu,Blade Tidwell,3.0,RF,7:15p,1787440500000.0,False,False,,,,,BOS,L,R
2026-08-22,677951,623454,DET@KC,Middle Slider Crusher,3.22,3.25,1.0,1.0,0.927,3.201,13.9,620,Bobby Witt,Drew Anderson,2.0,SS,7:15p,1787440500000.0,False,False,,,,,KC,R,R
2026-08-22,691720,676440,CLE@COL,Middle Fastball Crusher,2.61,3.87,0.963,1.042,1.016,3.396,13.8,626,Kyle Karros,Tanner Bibee,5.0,3B,8:10p,1787443800000.0,False,False,,,,,COL,R,R
2026-08-22,593428,665152,MIN@SD,Middle Fastball Crusher,2.42,4.77,1.007,0.997,1.001,3.819,13.7,630,Xander Bogaerts,Dean Kremer,8.0,SS,8:40p,1787445600000.0,True,False,,,,,SD,R,R
2026-08-22,606192,683003,PIT@LAD,Middle Fastball Crusher,3.04,3.7,1.001,1.031,0.943,3.609,13.5,642,Teoscar Hernández,Jared Jones,7.0,LF,7:15p,1787440500000.0,False,False,,,,,LAD,R,R
2026-08-22,521692,623454,DET@KC,Middle Fastball Crusher,3.15,3.25,1.0,1.0,0.927,3.134,13.3,654,Salvador Pérez,Drew Anderson,4.0,DH,7:15p,1787440500000.0,False,False,,,,,KC,R,R
2026-08-22,543807,677960,TOR@NYY,Middle Fastball Crusher,2.95,3.22,0.998,0.986,1.003,3.091,13.1,664,George Springer,Ryan Weathers,4.0,DH,1:35p,1787420100000.0,False,False,,,,,TOR,R,L
2026-08-22,666182,622491,NYM@CWS,Middle Fastball Crusher,2.48,3.57,1.004,0.973,1.068,3.046,13.0,672,Bo Bichette,Luis Castillo,3.0,3B,7:10p,1787440200000.0,False,False,,,,,NYM,R,R
2026-08-22,687952,663556,TB@BAL,Middle Fastball Crusher,4.44,2.19,1.006,1.014,1.0,3.274,12.9,677,Christian Encarnacion-Strand,Shane Mcclanahan,6.0,3B,7:05p,1787439900000.0,False,False,,,,,BAL,R,L
2026-08-22,701398,647336,CIN@AZ,Middle Fastball Crusher,4.52,2.01,1.0,1.0,0.99,2.961,12.9,675,Sal Stewart,Michael Soroka,2.0,1B,8:10p,1787443800000.0,True,False,,,,,CIN,R,R
2026-08-22,641680,686613,ATH@HOU,Middle Slider Crusher (LH),3.5,3.06,1.004,1.0,0.963,3.416,12.8,682,Jonah Heim,Hunter Brown,7.0,C,7:10p,1787440200000.0,False,False,,,,,ATH,L,R
2026-08-22,677594,656849,CHC@SEA,Middle Fastball Crusher,3.57,2.36,1.002,1.0,1.08,3.006,12.8,681,Julio Rodríguez,David Peterson,3.0,CF,7:15p,1787440500000.0,False,False,,,,,SEA,R,L
2026-08-22,673237,682052,ATH@HOU,Oppo Fastball Hunter,3.12,3.58,1.004,1.0,0.914,3.383,12.7,689,Yainer Diaz,Jacob Lopez,7.0,C,7:10p,1787440200000.0,False,False,,,,,HOU,R,L
2026-08-22,694374,695076,CIN@AZ,Inside Breaking Ball Specialist,3.04,2.91,1.0,1.0,1.098,3.21,12.6,692,Tim Tawa,Rhett Lowder,6.0,1B,8:10p,1787443800000.0,True,False,,,,,AZ,R,R
2026-08-22,671277,656302,TOR@NYY,Inside Breaking Ball Specialist (LH),5.17,1.92,1.024,0.986,0.9,2.978,12.6,692,Luis García,Dylan Cease,4.0,1B,1:35p,1787420100000.0,False,False,,,,,NYY,L,R
2026-08-22,650402,608379,DET@KC,Middle Fastball Crusher,2.66,3.27,1.0,1.0,0.996,2.859,12.5,701,Gleyber Torres,Michael Wacha,2.0,2B,7:15p,1787440500000.0,False,False,,,,,DET,R,R
2026-08-22,630105,665152,MIN@SD,Oppo Fastball Hunter (LH),1.83,4.77,0.987,0.997,1.001,2.831,12.4,708,Jake Cronenworth,Dean Kremer,2.0,2B,8:40p,1787445600000.0,True,False,,,,,SD,L,R
2026-08-22,668709,647336,CIN@AZ,Middle Fastball Crusher (LH),4.39,2.01,1.0,1.0,0.99,2.873,12.3,715,Jj Bleday,Michael Soroka,3.0,LF,8:10p,1787443800000.0,True,False,,,,,CIN,L,R
2026-08-22,668227,656849,CHC@SEA,Oppo Fastball Hunter,3.21,2.36,1.0,1.0,1.08,2.701,12.1,725,Randy Arozarena,David Peterson,1.0,LF,7:15p,1787440500000.0,False,False,,,,,SEA,R,L
2026-08-22,666023,665152,MIN@SD,Inside Breaking Ball Specialist,2.25,4.77,0.999,0.997,1.001,3.523,12.1,729,Freddy Fermin,Dean Kremer,9.0,C,8:40p,1787445600000.0,True,False,,,,,SD,R,R
2026-08-22,665877,691725,STL@PHI,Middle Slider Crusher,2.18,4.03,1.008,1.011,1.09,3.218,12.1,728,José Fermín,Andrew Painter,7.0,2B,6:05p,1787436300000.0,False,False,,,,,STL,R,R
2026-08-22,690993,608379,DET@KC,Middle Fastball Crusher (LH),2.61,3.27,1.0,1.0,0.996,2.798,12.0,736,Colt Keith,Michael Wacha,3.0,DH,7:15p,1787440500000.0,False,False,,,,,DET,L,R
2026-08-22,663993,687312,CLE@COL,Oppo Fastball Hunter (LH),3.94,2.4,0.975,1.042,0.912,2.893,11.8,745,Nathaniel Lowe,Gabriel Hughes,5.0,1B,8:10p,1787443800000.0,False,False,,,,,CLE,L,R
2026-08-22,691781,691587,WSH@MIA,Middle Fastball Crusher,3.36,2.72,0.974,1.0,0.939,2.754,11.8,749,Brady House,Eury Pérez,3.0,3B,4:10p,1787429400000.0,False,False,,,,,WSH,R,R
2026-08-22,656775,687064,TB@BAL,Middle Slider Crusher (LH),3.06,2.97,1.015,1.014,1.024,3.166,11.5,773,Cedric Mullins,Brandon Young,8.0,CF,7:05p,1787439900000.0,False,False,,,,,TB,L,R
2026-08-22,663586,701656,ATL@MIL,High Zone Fastball Hitter,2.95,3.72,0.974,1.0,0.9,3.173,11.5,771,Austin Riley,Logan Henderson,8.0,3B,2:10p,1787422200000.0,False,False,,,,,ATL,R,R
2026-08-22,641933,663556,TB@BAL,Middle Slider Crusher,3.63,2.19,1.006,1.014,1.0,2.674,11.4,777,Tyler O'Neill,Shane Mcclanahan,4.0,RF,7:05p,1787439900000.0,False,False,,,,,BAL,R,L
2026-08-22,553993,647336,CIN@AZ,Middle Slider Crusher,4.26,2.01,1.0,1.0,0.99,2.791,11.4,775,Eugenio Suárez,Michael Soroka,5.0,DH,8:10p,1787443800000.0,True,False,,,,,CIN,R,R
2026-08-22,682829,647336,CIN@AZ,Middle Fastball Crusher,3.86,2.01,1.0,1.0,0.99,2.53,11.4,778,Elly De La Cruz,Michael Soroka,1.0,SS,8:10p,1787443800000.0,True,False,,,,,CIN,R,R
2026-08-22,678882,694918,SF@BOS,Middle Slider Crusher,3.08,2.52,1.037,1.006,0.97,2.588,11.4,780,Ceddanne Rafaela,Blade Tidwell,2.0,CF,7:15p,1787440500000.0,False,False,,,,,BOS,R,R
2026-08-22,686681,623454,DET@KC,Inside Breaking Ball Specialist (LH),3.05,3.25,1.0,1.0,0.927,3.032,11.4,776,Michael Massey,Drew Anderson,7.0,2B,7:15p,1787440500000.0,False,False,,,,,KC,L,R
2026-08-22,663728,656849,CHC@SEA,Middle Slider Crusher,3.41,2.36,1.002,1.0,1.08,2.872,11.4,780,Cal Raleigh,David Peterson,6.0,C,7:15p,1787440500000.0,False,False,,,,,SEA,R,L
2026-08-22,686611,691587,WSH@MIA,Middle Fastball Crusher,3.14,2.72,0.974,1.0,0.939,2.575,11.3,785,Dylan Crews,Eury Pérez,2.0,RF,4:10p,1787429400000.0,False,False,,,,,WSH,R,R
2026-08-22,663656,683003,PIT@LAD,Middle Fastball Crusher (LH),2.36,3.7,0.996,1.031,0.943,2.796,11.1,803,Kyle Tucker,Jared Jones,6.0,RF,7:15p,1787440500000.0,False,False,,,,,LAD,L,R
2026-08-22,677950,683003,PIT@LAD,Oppo Fastball Hunter (LH),2.56,3.7,1.001,1.031,0.943,3.045,11.0,806,Alek Thomas,Jared Jones,8.0,CF,7:15p,1787440500000.0,False,False,,,,,LAD,L,R
2026-08-22,666176,687312,CLE@COL,Middle Slider Crusher,3.54,2.4,0.963,1.042,0.912,2.571,11.0,811,Jo Adell,Gabriel Hughes,4.0,RF,8:10p,1787443800000.0,False,False,,,,,CLE,R,R
2026-08-22,668930,527048,ATL@MIL,Inside Breaking Ball Specialist (LH),2.95,2.57,0.97,1.0,1.021,2.48,10.9,817,Brice Turang,Martín Pérez,2.0,2B,2:10p,1787422200000.0,False,False,,,,,MIL,L,L
2026-08-22,665019,663554,MIN@SD,Middle Fastball Crusher (LH),4.31,2.06,1.002,0.997,0.9,2.63,10.8,826,Kody Clemens,Casey Mize,5.0,2B,8:40p,1787445600000.0,True,False,,,,,MIN,L,R
2026-08-22,666126,686613,ATH@HOU,Middle Slider Crusher (LH),2.56,3.06,1.004,1.0,0.963,2.495,10.7,837,Carlos Cortes,Hunter Brown,4.0,LF,7:10p,1787440200000.0,False,False,,,,,ATH,L,R
2026-08-22,650859,665152,MIN@SD,Middle Slider Crusher,1.69,4.77,1.007,0.997,1.001,2.666,10.6,845,Luis Rengifo,Dean Kremer,6.0,LF,8:40p,1787445600000.0,True,False,,,,,SD,R,R
2026-08-22,643217,681035,NYM@CWS,High Zone Fastball Hitter (LH),3.31,2.43,0.999,0.973,0.965,2.489,10.6,840,Andrew Benintendi,Christian Scott,4.0,DH,7:10p,1787440200000.0,False,False,,,,,CWS,L,R
2026-08-22,695734,691587,WSH@MIA,Inside Breaking Ball Specialist (LH),2.86,2.72,0.977,1.0,0.939,2.349,10.6,842,Daylen Lile,Eury Pérez,1.0,DH,4:10p,1787429400000.0,False,False,,,,,WSH,L,R
2026-08-22,663457,695076,CIN@AZ,Inside Breaking Ball Specialist (LH),2.19,2.91,1.0,1.0,1.098,2.318,10.5,854,Lars Nootbaar,Rhett Lowder,1.0,LF,8:10p,1787443800000.0,True,False,,,,,AZ,L,R
2026-08-22,680776,694918,SF@BOS,Middle Fastball Crusher (LH),3.26,2.52,1.044,1.006,0.97,2.76,10.4,859,Jarren Duran,Blade Tidwell,7.0,LF,7:15p,1787440500000.0,False,False,,,,,BOS,L,R
2026-08-22,683146,622491,NYM@CWS,Middle Fastball Crusher (LH),2.26,3.57,0.997,0.973,1.068,2.761,10.4,858,Brett Baty,Luis Castillo,7.0,DH,7:10p,1787440200000.0,False,False,,,,,NYM,L,R
2026-08-22,672640,663623,WSH@MIA,Middle Fastball Crusher,1.9,3.57,0.974,1.0,1.113,2.434,10.4,860,Otto Lopez,Jake Irvin,4.0,SS,4:10p,1787429400000.0,False,False,,,,,MIA,R,R
2026-08-22,683002,663556,TB@BAL,Middle Slider Crusher (LH),3.38,2.19,1.015,1.014,1.0,2.512,10.3,867,Gunnar Henderson,Shane Mcclanahan,5.0,SS,7:05p,1787439900000.0,False,False,,,,,BAL,L,L
2026-08-22,686469,623454,DET@KC,Middle Slider Crusher (LH),2.43,3.25,1.0,1.0,0.927,2.416,10.0,904,Vinnie Pasquantino,Drew Anderson,5.0,1B,7:15p,1787440500000.0,False,False,,,,,KC,L,R
2026-08-22,668804,669373,PIT@LAD,Middle Fastball Crusher,2.72,2.77,1.001,1.031,0.9,2.307,9.9,905,Bryan Reynolds,Tarik Skubal,3.0,DH,7:15p,1787440500000.0,False,False,,,,,PIT,R,L
2026-08-22,668939,694918,SF@BOS,Middle Fastball Crusher,2.87,2.52,1.037,1.006,0.97,2.41,9.9,907,Adley Rutschman,Blade Tidwell,5.0,C,7:15p,1787440500000.0,False,False,,,,,BOS,R,R
2026-08-22,642215,656849,CHC@SEA,Middle Fastball Crusher,3.21,2.36,1.002,1.0,1.08,2.702,9.8,916,Weston Wilson,David Peterson,8.0,3B,7:15p,1787440500000.0,False,False,,,,,SEA,R,L
2026-08-22,663757,656302,TOR@NYY,Oppo Fastball Hunter (LH),3.77,1.92,1.011,0.986,0.9,2.142,9.7,929,Trent Grisham,Dylan Cease,1.0,CF,1:35p,1787420100000.0,False,False,,,,,NYY,L,R
2026-08-22,643289,701656,ATL@MIL,Oppo Fastball Hunter,2.23,3.72,0.982,1.0,0.9,2.417,9.6,938,Mauricio Dubón,Logan Henderson,6.0,2B,2:10p,1787422200000.0,False,False,,,,,ATL,R,R
2026-08-22,691594,663623,WSH@MIA,Middle Fastball Crusher,2.04,3.57,0.974,1.0,1.113,2.611,9.5,951,Javier Sanoja,Jake Irvin,8.0,3B,4:10p,1787429400000.0,False,False,,,,,MIA,R,R
2026-08-22,691777,686613,ATH@HOU,Oppo Fastball Hunter,2.81,3.06,1.004,1.0,0.963,2.741,9.5,955,Max Muncy,Hunter Brown,9.0,DH,7:10p,1787440200000.0,False,False,,,,,ATH,R,R
2026-08-22,680777,663554,MIN@SD,Middle Fastball Crusher,3.56,2.06,1.007,0.997,0.9,2.185,9.4,965,Ryan Jeffers,Casey Mize,4.0,C,8:40p,1787445600000.0,True,False,,,,,MIN,R,R
2026-08-22,662139,682052,ATH@HOU,Oppo Fastball Hunter (LH),2.12,3.58,1.025,1.0,0.914,2.351,9.4,967,Daulton Varsho,Jacob Lopez,6.0,CF,7:10p,1787440200000.0,False,False,,,,,HOU,L,L
2026-08-22,677588,691587,WSH@MIA,Middle Fastball Crusher (LH),2.87,2.72,0.977,1.0,0.939,2.363,9.4,961,José Tena,Eury Pérez,6.0,2B,4:10p,1787429400000.0,False,False,,,,,WSH,L,R
2026-08-22,805300,663623,WSH@MIA,Middle Slider Crusher (LH),1.73,3.57,0.977,1.0,1.113,2.218,9.2,990,Jakob Marsee,Jake Irvin,5.0,CF,4:10p,1787429400000.0,False,False,,,,,MIA,L,R
2026-08-22,663886,647336,CIN@AZ,Middle Fastball Crusher,3.28,2.01,1.0,1.0,0.99,2.148,9.2,982,Tyler Stephenson,Michael Soroka,4.0,C,8:10p,1787443800000.0,True,False,,,,,CIN,R,R
2026-08-22,661388,527048,ATL@MIL,Middle Fastball Crusher,2.47,2.57,0.99,1.0,1.021,2.117,9.2,992,William Contreras,Martín Pérez,3.0,C,2:10p,1787422200000.0,False,False,,,,,MIL,R,L
2026-08-22,680779,669373,PIT@LAD,Inside Breaking Ball Specialist,3.08,2.77,1.001,1.031,0.9,2.615,9.1,1004,Henry Davis,Tarik Skubal,9.0,C,7:15p,1787440500000.0,False,False,,,,,PIT,R,L
2026-08-22,702332,694918,SF@BOS,Middle Fastball Crusher,2.67,2.52,1.037,1.006,0.97,2.248,9.0,1014,Caleb Durbin,Blade Tidwell,6.0,3B,7:15p,1787440500000.0,False,False,,,,,BOS,R,R
2026-08-22,605137,663554,MIN@SD,Middle Fastball Crusher (LH),3.31,2.06,1.002,0.997,0.9,2.019,8.7,1043,Josh Bell,Casey Mize,3.0,DH,8:40p,1787445600000.0,True,False,,,,,MIN,L,R
2026-08-22,669364,663623,WSH@MIA,Middle Fastball Crusher (LH),1.46,3.57,0.977,1.0,1.113,1.87,8.5,1073,Xavier Edwards,Jake Irvin,1.0,2B,4:10p,1787429400000.0,False,False,,,,,MIA,L,R
2026-08-22,664728,623454,DET@KC,Middle Fastball Crusher (LH),2.45,3.25,1.0,1.0,0.927,2.44,8.5,1080,Kyle Isbel,Drew Anderson,9.0,CF,7:15p,1787440500000.0,False,False,,,,,KC,L,R
2026-08-22,702616,663556,TB@BAL,Middle Slider Crusher (LH),2.48,2.19,1.015,1.014,1.0,1.847,8.4,1087,Jackson Holliday,Shane Mcclanahan,1.0,2B,7:05p,1787439900000.0,False,False,,,,,BAL,L,L
2026-08-22,592885,527048,ATL@MIL,Middle Slider Crusher (LH),2.47,2.57,0.982,1.0,1.021,2.102,8.4,1088,Christian Yelich,Martín Pérez,6.0,DH,2:10p,1787422200000.0,False,False,,,,,MIL,L,L
2026-08-22,696285,691587,WSH@MIA,Middle Fastball Crusher,2.69,2.72,0.974,1.0,0.939,2.204,8.4,1091,Jacob Young,Eury Pérez,7.0,CF,4:10p,1787429400000.0,False,False,,,,,WSH,R,R
2026-08-22,665489,677960,TOR@NYY,Oppo Fastball Hunter,1.75,3.22,1.011,0.986,1.003,1.86,8.3,1109,Vladimir Guerrero,Ryan Weathers,2.0,1B,1:35p,1787420100000.0,False,False,,,,,TOR,R,L
2026-08-22,668904,663554,MIN@SD,Middle Fastball Crusher,3.3,2.06,1.007,0.997,0.9,2.025,8.1,1132,Royce Lewis,Casey Mize,6.0,1B,8:40p,1787445600000.0,True,False,,,,,MIN,R,R
2026-08-22,686797,663554,MIN@SD,Middle Fastball Crusher,3.52,2.06,1.007,0.997,0.9,2.162,7.9,1161,Brooks Lee,Casey Mize,8.0,3B,8:40p,1787445600000.0,True,False,,,,,MIN,R,R
2026-08-22,687401,527048,ATL@MIL,Middle Fastball Crusher,2.42,2.57,0.99,1.0,1.021,2.077,7.9,1161,Joey Ortiz,Martín Pérez,7.0,3B,2:10p,1787422200000.0,False,False,,,,,MIL,R,L
2026-08-22,683734,527048,ATL@MIL,Inside Breaking Ball Specialist,2.21,2.57,0.98,1.0,1.021,1.879,7.8,1180,Andrew Vaughn,Martín Pérez,5.0,1B,2:10p,1787422200000.0,False,False,,,,,MIL,R,L
2026-08-22,680700,687064,TB@BAL,Oppo Fastball Hunter (LH),1.99,2.97,0.999,1.014,1.024,2.024,7.7,1193,Richie Palacios,Brandon Young,7.0,2B,7:05p,1787439900000.0,False,False,,,,,TB,L,R
2026-08-22,665862,656302,TOR@NYY,Middle Fastball Crusher (LH),3.54,1.92,1.011,0.986,0.9,2.013,7.7,1200,Jazz Chisholm,Dylan Cease,7.0,2B,1:35p,1787420100000.0,False,False,,,,,NYY,L,R
2026-08-22,681508,694918,SF@BOS,Middle Fastball Crusher (LH),2.6,2.52,1.044,1.006,0.97,2.203,7.7,1203,Mickey Gasper,Blade Tidwell,9.0,DH,7:15p,1787440500000.0,False,False,,,,,BOS,L,R
2026-08-22,679845,623454,DET@KC,Oppo Fastball Hunter,1.94,3.25,1.0,1.0,0.927,1.926,7.7,1193,Nick Loftin,Drew Anderson,6.0,3B,7:15p,1787440500000.0,False,False,,,,,KC,R,R
2026-08-22,655316,694918,SF@BOS,Middle Slider Crusher,2.35,2.52,1.037,1.006,0.97,1.977,7.3,1275,Andruw Monasterio,Blade Tidwell,8.0,SS,7:15p,1787440500000.0,False,False,,,,,BOS,R,R
2026-08-22,672275,687312,CLE@COL,Inside Breaking Ball Specialist (LH),2.72,2.4,0.956,1.042,0.912,1.96,7.2,1287,Patrick Bailey,Gabriel Hughes,8.0,C,8:10p,1787443800000.0,False,False,,,,,CLE,L,R
2026-08-22,656716,608379,DET@KC,Inside Breaking Ball Specialist (LH),1.61,3.27,1.0,1.0,0.996,1.734,7.2,1283,Zach Mckinstry,Michael Wacha,5.0,RF,7:15p,1787440500000.0,False,False,,,,,DET,L,R
2026-08-22,694377,669373,PIT@LAD,Middle Slider Crusher,2.15,2.77,1.001,1.031,0.9,1.823,7.0,1331,Nick Yorke,Tarik Skubal,7.0,3B,7:15p,1787440500000.0,False,False,,,,,PIT,R,L
2026-08-22,687859,676440,CLE@COL,Inside Breaking Ball Specialist (LH),1.34,3.87,0.956,1.042,1.016,1.734,6.7,1403,Troy Johnston,Tanner Bibee,7.0,DH,8:10p,1787443800000.0,False,False,,,,,COL,L,R
2026-08-22,671218,656302,TOR@NYY,Inside Breaking Ball Specialist,2.64,1.92,1.014,0.986,0.9,1.505,6.6,1420,Heliot Ramos,Dylan Cease,3.0,LF,1:35p,1787420100000.0,False,False,,,,,NYY,R,R
2026-08-22,676609,656302,TOR@NYY,Middle Fastball Crusher,3.22,1.92,0.998,0.986,0.9,1.81,6.3,1478,José Caballero,Dylan Cease,9.0,3B,1:35p,1787420100000.0,False,False,,,,,NYY,R,R
2026-08-22,663647,647336,CIN@AZ,Inside Breaking Ball Specialist,2.71,2.01,1.0,1.0,0.99,1.774,6.2,1510,Ke'Bryan Hayes,Michael Soroka,9.0,3B,8:10p,1787443800000.0,True,False,,,,,CIN,R,R
2026-08-22,693304,669373,PIT@LAD,Oppo Fastball Hunter,1.56,2.77,0.996,1.031,0.9,1.316,6.1,1550,Nick Gonzales,Tarik Skubal,1.0,2B,7:15p,1787440500000.0,False,False,,,,,PIT,R,L
2026-08-22,669224,656302,TOR@NYY,Oppo Fastball Hunter (LH),2.84,1.92,1.011,0.986,0.9,1.614,6.0,1576,Austin Wells,Dylan Cease,8.0,C,1:35p,1787420100000.0,False,False,,,,,NYY,L,R
2026-08-22,667472,647336,CIN@AZ,Middle Slider Crusher,2.37,2.01,1.0,1.0,0.99,1.555,6.0,1572,Dane Myers,Michael Soroka,7.0,CF,8:10p,1787443800000.0,True,False,,,,,CIN,R,R
2026-08-22,683766,663776,SF@BOS,Middle Fastball Crusher,1.67,2.43,1.037,1.006,1.061,1.482,5.7,1651,Christian Koss,Patrick Sandoval,7.0,3B,7:15p,1787440500000.0,False,False,,,,,SF,R,L
2026-08-22,663968,669373,PIT@LAD,Inside Breaking Ball Specialist,1.51,2.77,1.001,1.031,0.9,1.282,5.2,1823,Jake Mangum,Tarik Skubal,6.0,LF,7:15p,1787440500000.0,False,False,,,,,PIT,R,L
2026-08-22,807712,663554,MIN@SD,Oppo Fastball Hunter,1.78,2.06,1.002,0.997,0.9,1.09,5.0,1884,Luke Keaschall,Casey Mize,1.0,RF,8:40p,1787445600000.0,True,False,,,,,MIN,R,R
2026-08-22,665966,663556,TB@BAL,Middle Slider Crusher,1.85,2.19,1.006,1.014,1.0,1.363,4.8,1984,Carlos Narváez,Shane Mcclanahan,9.0,C,7:05p,1787439900000.0,False,False,,,,,BAL,R,L
2026-08-22,670764,687064,TB@BAL,Middle Fastball Crusher (LH),1.17,2.97,1.015,1.014,1.024,1.206,4.3,2251,Taylor Walls,Brandon Young,9.0,SS,7:05p,1787439900000.0,False,False,,,,,TB,L,R
2026-08-22,669707,669373,PIT@LAD,Middle Slider Crusher,1.36,2.77,1.001,1.031,0.9,1.154,4.3,2230,Jared Triolo,Tarik Skubal,8.0,SS,7:15p,1787440500000.0,False,False,,,,,PIT,R,L
2026-08-22,683083,691587,WSH@MIA,Middle Fastball Crusher,0.86,2.72,0.974,1.0,0.939,0.701,2.6,3710,Nasim Nuñez,Eury Pérez,8.0,SS,4:10p,1787429400000.0,False,False,,,,,WSH,R,R
2026-08-23,686527,684007,CHC@SEA,Middle Slider Crusher (LH),4.41,4.61,1.0,1.0,0.96,6.417,26.3,280,Dominic Canzone,Shota Imanaga,2.0,DH,4:10p,1787515800000.0,False,False,,,,,SEA,L,L
2026-08-23,660271,669199,PIT@LAD,Middle Fastball Crusher (LH),5.01,3.79,0.996,1.03,0.932,5.984,25.3,296,Shohei Ohtani,Lake Bachar,1.0,DH,4:10p,1787515800000.0,False,False,,,,,LAD,L,R
2026-08-23,571970,669199,PIT@LAD,Oppo Fastball Hunter (LH),5.21,3.79,1.001,1.03,0.932,6.249,25.0,299,Max Muncy,Lake Bachar,4.0,3B,4:10p,1787515800000.0,False,False,,,,,LAD,L,R
2026-08-23,663993,608372,CLE@COL,Oppo Fastball Hunter (LH),3.9,4.72,0.975,0.942,1.12,6.236,25.0,300,Nathaniel Lowe,Tomoyuki Sugano,4.0,1B,3:10p,1787512200000.0,False,False,,,,,CLE,L,R
2026-08-23,666160,656492,CLE@COL,Inside Breaking Ball Specialist (LH),5.36,3.73,0.956,0.942,1.001,5.929,23.9,319,Mickey Moniak,Foster Griffin,4.0,DH,3:10p,1787512200000.0,False,False,,,,,COL,L,L
2026-08-23,680869,664299,ATH@HOU,Middle Fastball Crusher,4.22,3.64,1.034,1.0,1.12,5.868,23.8,321,Zack Gelof,Cristian Javier,3.0,3B,2:10p,1787508600000.0,False,False,,,,,ATH,R,R
2026-08-23,656941,681517,STL@PHI,Middle Slider Crusher (LH),6.16,2.48,1.006,1.018,1.081,5.573,23.7,322,Kyle Schwarber,Kyle Leahy,1.0,1B,1:35p,1787506500000.0,False,False,,,,,PHI,L,R
2026-08-23,666176,608372,CLE@COL,Middle Slider Crusher,3.68,4.72,0.963,0.942,1.12,5.802,23.5,325,Jo Adell,Tomoyuki Sugano,3.0,RF,3:10p,1787512200000.0,False,False,,,,,CLE,R,R
2026-08-23,664034,641927,MIN@SD,Inside Breaking Ball Specialist,4.36,3.68,0.999,1.006,1.056,5.61,22.7,340,Ty France,Bailey Ober,4.0,1B,4:10p,1787515800000.0,False,False,,,,,SD,R,R
2026-08-23,592518,641927,MIN@SD,Middle Slider Crusher,4.18,3.68,1.007,1.006,1.056,5.412,22.1,353,Manny Machado,Bailey Ober,3.0,3B,4:10p,1787515800000.0,False,False,,,,,SD,R,R
2026-08-23,668227,684007,CHC@SEA,Oppo Fastball Hunter,3.5,4.61,1.0,1.0,0.96,5.098,21.9,357,Randy Arozarena,Shota Imanaga,1.0,LF,4:10p,1787515800000.0,False,False,,,,,SEA,R,L
2026-08-23,621439,621111,MIN@SD,Oppo Fastball Hunter,5.55,2.78,1.002,1.006,1.011,5.174,21.7,361,Byron Buxton,Walker Buehler,2.0,CF,4:10p,1787515800000.0,False,False,,,,,MIN,R,R
2026-08-23,624413,607259,TB@BAL,Oppo Fastball Hunter,4.92,2.98,1.015,1.0,1.036,5.07,21.3,370,Pete Alonso,Nick Martínez,2.0,1B,1:35p,1787506500000.0,False,False,,,,,BAL,R,R
2026-08-23,677594,684007,CHC@SEA,Middle Fastball Crusher,3.55,4.61,1.002,1.0,0.96,5.18,21.2,371,Julio Rodríguez,Shota Imanaga,3.0,CF,4:10p,1787515800000.0,False,False,,,,,SEA,R,L
2026-08-23,700250,667755,TOR@NYY,Middle Fastball Crusher (LH),5.81,2.41,1.011,1.021,1.036,4.927,20.7,382,Ben Rice,José Soriano,2.0,DH,1:35p,1787506500000.0,False,False,,,,,NYY,L,R
2026-08-23,663728,684007,CHC@SEA,Middle Slider Crusher,3.39,4.61,1.002,1.0,0.96,4.943,20.3,394,Cal Raleigh,Shota Imanaga,4.0,C,4:10p,1787515800000.0,False,False,,,,,SEA,R,L
2026-08-23,682657,608372,CLE@COL,Inside Breaking Ball Specialist (LH),3.56,4.72,0.956,0.942,1.12,5.582,20.2,394,Angel Martínez,Tomoyuki Sugano,7.0,LF,3:10p,1787512200000.0,False,False,,,,,CLE,L,R
2026-08-23,670541,669620,ATH@HOU,Inside Breaking Ball Specialist (LH),5.82,2.62,1.005,1.0,0.94,4.75,20.1,399,Yordan Álvarez,Brady Basso,2.0,DH,2:10p,1787508600000.0,False,False,,,,,HOU,L,L
2026-08-23,694212,607259,TB@BAL,Oppo Fastball Hunter (LH),4.66,2.98,0.999,1.0,1.036,4.727,19.4,414,Samuel Basallo,Nick Martínez,4.0,C,1:35p,1787506500000.0,False,False,,,,,BAL,L,R
2026-08-23,605141,669199,PIT@LAD,Inside Breaking Ball Specialist,3.84,3.79,1.001,1.03,0.932,4.611,19.1,424,Mookie Betts,Lake Bachar,3.0,SS,4:10p,1787515800000.0,False,False,,,,,LAD,R,R
2026-08-23,701398,683352,CIN@AZ,Middle Fastball Crusher,4.48,3.09,1.0,1.0,0.988,4.506,19.1,423,Sal Stewart,Mitch Bratt,2.0,1B,4:15p,1787516100000.0,False,False,,,,,CIN,R,L
2026-08-23,671277,667755,TOR@NYY,Inside Breaking Ball Specialist (LH),5.31,2.41,1.024,1.021,1.036,4.564,18.9,429,Luis García,José Soriano,3.0,1B,1:35p,1787506500000.0,False,False,,,,,NYY,L,R
2026-08-23,701538,641927,MIN@SD,Middle Fastball Crusher (LH),3.62,3.68,1.002,1.006,1.056,4.669,18.5,439,Jackson Merrill,Bailey Ober,5.0,CF,4:10p,1787515800000.0,False,False,,,,,SD,L,R
2026-08-23,691723,607259,TB@BAL,Middle Fastball Crusher,4.52,2.98,1.006,1.0,1.036,4.614,18.3,445,Coby Mayo,Nick Martínez,5.0,DH,1:35p,1787506500000.0,False,False,,,,,BAL,R,R
2026-08-23,657757,641927,MIN@SD,Middle Fastball Crusher (LH),3.76,3.68,1.002,1.006,1.056,4.843,17.8,463,Gavin Sheets,Bailey Ober,7.0,DH,4:10p,1787515800000.0,False,False,,,,,SD,L,R
2026-08-23,642215,684007,CHC@SEA,Middle Fastball Crusher,3.16,4.61,1.002,1.0,0.96,4.61,17.7,464,Weston Wilson,Shota Imanaga,6.0,3B,4:10p,1787515800000.0,False,False,,,,,SEA,R,L
2026-08-23,694192,641816,ATL@MIL,Middle Fastball Crusher,3.73,3.29,0.99,1.0,1.001,4.015,17.6,469,Jackson Chourio,Tyler Mahle,1.0,LF,7:10p,1787526600000.0,False,False,,,,,MIL,R,R
2026-08-23,682829,683352,CIN@AZ,Middle Fastball Crusher,3.99,3.09,1.0,1.0,0.988,4.011,17.6,469,Elly De La Cruz,Mitch Bratt,1.0,SS,4:15p,1787516100000.0,False,False,,,,,CIN,R,L
2026-08-23,664023,682243,CHC@SEA,Middle Fastball Crusher,3.78,3.88,1.002,1.0,0.9,4.356,17.4,475,Ian Happ,Bryce Miller,5.0,LF,4:10p,1787515800000.0,False,False,,,,,CHC,R,R
2026-08-23,621566,675660,ATL@MIL,Middle Fastball Crusher (LH),5.79,2.37,0.982,1.0,0.937,4.163,17.4,476,Matt Olson,Shane Drohan,3.0,1B,7:10p,1787526600000.0,False,False,,,,,ATL,L,L
2026-08-23,553993,683352,CIN@AZ,Middle Slider Crusher,4.22,3.09,1.0,1.0,0.988,4.243,17.0,489,Eugenio Suárez,Mitch Bratt,5.0,3B,4:15p,1787516100000.0,False,False,,,,,CIN,R,L
2026-08-23,668709,683352,CIN@AZ,Middle Fastball Crusher (LH),4.52,3.09,1.0,1.0,0.988,4.548,16.7,497,Jj Bleday,Mitch Bratt,7.0,LF,4:15p,1787516100000.0,False,False,,,,,CIN,L,L
2026-08-23,665019,621111,MIN@SD,Middle Fastball Crusher (LH),4.28,2.78,1.002,1.006,1.011,3.988,16.6,502,Kody Clemens,Walker Buehler,4.0,2B,4:10p,1787515800000.0,False,False,,,,,MIN,L,R
2026-08-23,547180,681517,STL@PHI,Middle Fastball Crusher (LH),4.39,2.48,1.006,1.018,1.081,3.973,16.6,501,Bryce Harper,Kyle Leahy,3.0,DH,1:35p,1787506500000.0,False,False,,,,,PHI,L,R
2026-08-23,687952,607259,TB@BAL,Middle Fastball Crusher,4.36,2.98,1.006,1.0,1.036,4.457,16.4,509,Christian Encarnacion-Strand,Nick Martínez,7.0,3B,1:35p,1787506500000.0,False,False,,,,,BAL,R,R
2026-08-23,678246,690997,NYM@CWS,Middle Fastball Crusher,4.8,2.62,1.004,0.983,0.947,3.877,16.3,515,Miguel Vargas,Nolan Mclean,3.0,3B,2:10p,1787508600000.0,False,False,,,,,CWS,R,R
2026-08-23,608369,579328,LAA@TEX,Middle Slider Crusher (LH),4.01,2.59,1.004,1.0,1.08,3.705,15.9,527,Corey Seager,Yusei Kikuchi,2.0,SS,2:35p,1787510100000.0,False,False,,,,,TEX,L,L
2026-08-23,624424,682243,CHC@SEA,Oppo Fastball Hunter (LH),3.89,3.88,1.0,1.0,0.9,4.47,15.9,530,Michael Conforto,Bryce Miller,8.0,DH,4:10p,1787515800000.0,False,False,,,,,CHC,L,R
2026-08-23,665953,676083,WSH@MIA,Inside Breaking Ball Specialist,4.41,3.03,0.97,1.0,1.002,4.273,15.8,533,Andrés Chaparro,Janson Junk,7.0,1B,1:40p,1787506800000.0,False,False,,,,,WSH,R,R
2026-08-23,691406,669358,TB@BAL,Oppo Fastball Hunter,5.62,2.01,1.015,1.0,0.99,3.741,15.7,536,Junior Caminero,Shane Baz,3.0,3B,1:35p,1787506500000.0,False,False,,,,,TB,R,R
2026-08-23,608324,682243,CHC@SEA,Oppo Fastball Hunter,3.23,3.88,1.0,1.0,0.9,3.715,15.6,543,Alex Bregman,Bryce Miller,4.0,3B,4:10p,1787515800000.0,False,False,,,,,CHC,R,R
2026-08-23,521692,621097,DET@KC,Middle Fastball Crusher,3.3,3.72,1.0,1.0,0.9,3.634,15.2,556,Salvador Pérez,Jacob Waguespack,4.0,DH,2:10p,1787508600000.0,False,False,,,,,KC,R,R
2026-08-23,695657,690997,NYM@CWS,Oppo Fastball Hunter (LH),4.82,2.62,1.009,0.983,0.947,3.911,15.2,557,Colson Montgomery,Nolan Mclean,6.0,SS,2:10p,1787508600000.0,False,False,,,,,CWS,L,R
2026-08-23,677951,621097,DET@KC,Middle Slider Crusher,3.2,3.72,1.0,1.0,0.9,3.525,15.2,557,Bobby Witt,Jacob Waguespack,2.0,SS,2:10p,1787508600000.0,False,False,,,,,KC,R,R
2026-08-23,666126,664299,ATH@HOU,Middle Slider Crusher (LH),2.54,3.64,1.004,1.0,1.12,3.429,14.8,575,Carlos Cortes,Cristian Javier,2.0,LF,2:10p,1787508600000.0,False,False,,,,,ATH,L,R
2026-08-23,650489,656492,CLE@COL,Middle Fastball Crusher,3.13,3.73,0.963,0.942,1.001,3.493,14.8,578,Willi Castro,Foster Griffin,3.0,3B,3:10p,1787512200000.0,False,False,,,,,COL,R,L
2026-08-23,682998,671096,CIN@AZ,Oppo Fastball Hunter (LH),3.24,2.99,1.0,1.0,1.053,3.362,14.6,587,Corbin Carroll,Andrew Abbott,2.0,RF,4:15p,1787516100000.0,False,False,,,,,AZ,L,L
2026-08-23,669394,579328,LAA@TEX,Middle Fastball Crusher,4.05,2.59,1.006,1.0,1.08,3.746,14.6,584,Jake Burger,Yusei Kikuchi,6.0,1B,2:35p,1787510100000.0,False,False,,,,,TEX,R,L
2026-08-23,518692,669199,PIT@LAD,Middle Fastball Crusher (LH),2.82,3.79,0.996,1.03,0.932,3.366,14.6,586,Freddie Freeman,Lake Bachar,2.0,1B,4:10p,1787515800000.0,False,False,,,,,LAD,L,R
2026-08-23,691777,664299,ATH@HOU,Oppo Fastball Hunter,2.78,3.64,1.004,1.0,1.12,3.751,14.6,583,Max Muncy,Cristian Javier,6.0,DH,2:10p,1787508600000.0,False,False,,,,,ATH,R,R
2026-08-23,683002,607259,TB@BAL,Middle Slider Crusher (LH),3.36,2.98,1.015,1.0,1.036,3.461,14.6,584,Gunnar Henderson,Nick Martínez,3.0,SS,1:35p,1787506500000.0,False,False,,,,,BAL,L,R
2026-08-23,664983,656492,CLE@COL,Middle Fastball Crusher (LH),2.93,3.73,0.966,0.942,1.001,3.277,14.5,587,Jake Mccarthy,Foster Griffin,1.0,LF,3:10p,1787512200000.0,False,False,,,,,COL,L,L
2026-08-23,672960,607074,TOR@NYY,Oppo Fastball Hunter,4.66,2.36,1.011,1.021,0.957,3.583,14.5,590,Kazuma Okamoto,Carlos Rodón,5.0,3B,1:35p,1787506500000.0,False,False,,,,,TOR,R,L
2026-08-23,665161,669620,ATH@HOU,Middle Fastball Crusher,3.79,2.62,1.034,1.0,0.94,3.185,14.2,606,Jeremy Peña,Brady Basso,1.0,SS,2:10p,1787508600000.0,False,False,,,,,HOU,R,L
2026-08-23,663757,667755,TOR@NYY,Oppo Fastball Hunter (LH),3.73,2.41,1.011,1.021,1.036,3.166,14.1,610,Trent Grisham,José Soriano,1.0,CF,1:35p,1787506500000.0,False,False,,,,,NYY,L,R
2026-08-23,572233,669620,ATH@HOU,Middle Slider Crusher,4.22,2.62,1.034,1.0,0.94,3.539,13.9,622,Christian Walker,Brady Basso,6.0,1B,2:10p,1787508600000.0,False,False,,,,,HOU,R,L
2026-08-23,595978,608372,CLE@COL,Middle Fastball Crusher,2.45,4.72,0.963,0.942,1.12,3.865,13.8,622,Austin Hedges,Tomoyuki Sugano,8.0,C,3:10p,1787512200000.0,False,False,,,,,CLE,R,R
2026-08-23,663886,683352,CIN@AZ,Middle Fastball Crusher,3.24,3.09,1.0,1.0,0.988,3.257,13.7,628,Tyler Stephenson,Mitch Bratt,4.0,DH,4:15p,1787516100000.0,False,False,,,,,CIN,R,L
2026-08-23,666139,615698,LAA@TEX,Middle Fastball Crusher (LH),3.57,2.87,1.004,1.0,0.992,3.356,13.6,634,Josh Lowe,Cal Quantrill,5.0,RF,2:35p,1787510100000.0,False,False,,,,,LAA,L,R
2026-08-23,686797,621111,MIN@SD,Middle Fastball Crusher,3.66,2.78,1.007,1.006,1.011,3.432,13.5,643,Brooks Lee,Walker Buehler,6.0,3B,4:10p,1787515800000.0,False,False,,,,,MIN,R,R
2026-08-23,606192,669199,PIT@LAD,Middle Fastball Crusher,3.01,3.79,1.001,1.03,0.932,3.614,13.5,641,Teoscar Hernández,Lake Bachar,7.0,LF,4:10p,1787515800000.0,False,False,,,,,LAD,R,R
2026-08-23,668930,641816,ATL@MIL,Inside Breaking Ball Specialist (LH),2.94,3.29,0.97,1.0,1.001,3.094,13.5,643,Brice Turang,Tyler Mahle,2.0,2B,7:10p,1787526600000.0,False,False,,,,,MIL,L,R
2026-08-23,694374,671096,CIN@AZ,Inside Breaking Ball Specialist,3.29,2.99,1.0,1.0,1.053,3.413,13.4,647,Tim Tawa,Andrew Abbott,6.0,1B,4:15p,1787516100000.0,False,False,,,,,AZ,R,L
2026-08-23,605137,621111,MIN@SD,Middle Fastball Crusher (LH),3.28,2.78,1.002,1.006,1.011,3.059,13.0,668,Josh Bell,Walker Buehler,3.0,DH,4:10p,1787515800000.0,False,False,,,,,MIN,L,R
2026-08-23,686611,676083,WSH@MIA,Middle Fastball Crusher,3.11,3.03,0.974,1.0,1.002,3.03,12.9,675,Dylan Crews,Janson Junk,3.0,RF,1:40p,1787506800000.0,False,False,,,,,WSH,R,R
2026-08-23,691023,650911,STL@PHI,Middle Fastball Crusher,4.61,2.13,1.008,1.018,0.903,3.005,12.8,681,Jordan Walker,Cristopher Sánchez,3.0,RF,1:35p,1787506500000.0,False,False,,,,,STL,R,L
2026-08-23,681297,607259,TB@BAL,Middle Fastball Crusher (LH),3.42,2.98,1.015,1.0,1.036,3.526,12.7,688,Colton Cowser,Nick Martínez,8.0,CF,1:35p,1787506500000.0,False,False,,,,,BAL,L,R
2026-08-23,668904,621111,MIN@SD,Middle Fastball Crusher,3.28,2.78,1.007,1.006,1.011,3.069,12.5,699,Royce Lewis,Walker Buehler,5.0,1B,4:10p,1787515800000.0,False,False,,,,,MIN,R,R
2026-08-23,695734,676083,WSH@MIA,Inside Breaking Ball Specialist (LH),2.84,3.03,0.977,1.0,1.002,2.773,12.4,704,Daylen Lile,Janson Junk,1.0,LF,1:40p,1787506800000.0,False,False,,,,,WSH,L,R
2026-08-23,671739,675660,ATL@MIL,Middle Fastball Crusher (LH),3.81,2.37,0.982,1.0,0.937,2.743,12.3,713,Michael Harris,Shane Drohan,1.0,CF,7:10p,1787526600000.0,False,False,,,,,ATL,L,L
2026-08-23,677587,608372,CLE@COL,Middle Slider Crusher (LH),2.26,4.72,0.966,0.942,1.12,3.581,12.3,716,Brayan Rocchio,Tomoyuki Sugano,9.0,SS,3:10p,1787512200000.0,False,False,,,,,CLE,L,R
2026-08-23,686948,675660,ATL@MIL,Oppo Fastball Hunter (LH),4.15,2.37,0.988,1.0,0.937,3.003,12.3,716,Drake Baldwin,Shane Drohan,5.0,DH,7:10p,1787526600000.0,False,False,,,,,ATL,L,L
2026-08-23,607208,681517,STL@PHI,Middle Fastball Crusher,3.05,2.48,1.008,1.018,1.081,2.764,12.1,727,Trea Turner,Kyle Leahy,2.0,SS,1:35p,1787506500000.0,False,False,,,,,PHI,R,R
2026-08-23,642715,687562,SF@BOS,Middle Fastball Crusher,3.99,2.23,1.037,1.011,0.9,2.765,11.8,746,Willy Adames,Jake Bennett,3.0,SS,3:15p,1787512500000.0,False,False,,,,,SF,R,L
2026-08-23,543510,671096,CIN@AZ,Oppo Fastball Hunter,3.15,2.99,1.0,1.0,1.053,3.264,11.8,748,James Mccann,Andrew Abbott,8.0,C,4:15p,1787516100000.0,False,False,,,,,AZ,R,L
2026-08-23,702616,607259,TB@BAL,Middle Slider Crusher (LH),2.46,2.98,1.015,1.0,1.036,2.535,11.4,776,Jackson Holliday,Nick Martínez,1.0,2B,1:35p,1787506500000.0,False,False,,,,,BAL,L,R
2026-08-23,686469,621097,DET@KC,Middle Slider Crusher (LH),2.42,3.72,1.0,1.0,0.9,2.662,11.4,777,Vinnie Pasquantino,Jacob Waguespack,3.0,1B,2:10p,1787508600000.0,False,False,,,,,KC,L,R
2026-08-23,677588,676083,WSH@MIA,Middle Fastball Crusher (LH),2.85,3.03,0.977,1.0,1.002,2.777,11.4,779,José Tena,Janson Junk,5.0,2B,1:40p,1787506800000.0,False,False,,,,,WSH,L,R
2026-08-23,593428,641927,MIN@SD,Middle Fastball Crusher,2.4,3.68,1.007,1.006,1.056,3.111,11.3,788,Xander Bogaerts,Bailey Ober,8.0,SS,4:10p,1787515800000.0,False,False,,,,,SD,R,R
2026-08-23,643217,690997,NYM@CWS,High Zone Fastball Hitter (LH),3.28,2.62,0.999,0.983,0.947,2.638,11.3,789,Andrew Benintendi,Nolan Mclean,4.0,DH,2:10p,1787508600000.0,False,False,,,,,CWS,L,R
2026-08-23,661388,641816,ATL@MIL,Middle Fastball Crusher,2.46,3.29,0.99,1.0,1.001,2.641,11.3,783,William Contreras,Tyler Mahle,3.0,C,7:10p,1787526600000.0,False,False,,,,,MIL,R,R
2026-08-23,679529,663738,DET@KC,Middle Fastball Crusher,3.79,2.32,1.0,1.0,0.938,2.724,11.2,795,Spencer Torkelson,Daniel Lynch,5.0,1B,2:10p,1787508600000.0,False,False,,,,,DET,R,L
2026-08-23,665862,667755,TOR@NYY,Middle Fastball Crusher (LH),3.52,2.41,1.011,1.021,1.036,2.983,11.2,790,Jazz Chisholm,José Soriano,7.0,2B,1:35p,1787506500000.0,False,False,,,,,NYY,L,R
2026-08-23,663656,669199,PIT@LAD,Middle Fastball Crusher (LH),2.35,3.79,0.996,1.03,0.932,2.805,11.1,800,Kyle Tucker,Lake Bachar,6.0,RF,4:10p,1787515800000.0,False,False,,,,,LAD,L,R
2026-08-23,677950,669199,PIT@LAD,Oppo Fastball Hunter (LH),2.52,3.79,1.001,1.03,0.932,3.022,11.0,813,Alek Thomas,Lake Bachar,8.0,CF,4:10p,1787515800000.0,False,False,,,,,LAD,L,R
2026-08-23,645277,675660,ATL@MIL,Middle Fastball Crusher,3.51,2.37,0.99,1.0,0.937,2.544,10.9,820,Ozzie Albies,Shane Drohan,4.0,2B,7:10p,1787526600000.0,False,False,,,,,ATL,R,L
2026-08-23,677649,579328,LAA@TEX,Middle Fastball Crusher,2.85,2.59,1.006,1.0,1.08,2.638,10.8,823,Ezequiel Duran,Yusei Kikuchi,5.0,CF,2:35p,1787510100000.0,False,False,,,,,TEX,R,L
2026-08-23,514888,669620,ATH@HOU,Middle Fastball Crusher,2.97,2.62,1.034,1.0,0.94,2.491,10.7,839,José Altuve,Brady Basso,4.0,2B,2:10p,1787508600000.0,False,False,,,,,HOU,R,L
2026-08-23,701358,669620,ATH@HOU,Middle Fastball Crusher,3.53,2.62,1.034,1.0,0.94,2.963,10.7,830,Cam Smith,Brady Basso,8.0,RF,2:10p,1787508600000.0,False,False,,,,,HOU,R,L
2026-08-23,672386,607074,TOR@NYY,Oppo Fastball Hunter,3.17,2.36,1.011,1.021,0.957,2.435,10.5,855,Alejandro Kirk,Carlos Rodón,3.0,C,1:35p,1787506500000.0,False,False,,,,,TOR,R,L
2026-08-23,592885,641816,ATL@MIL,Middle Slider Crusher (LH),2.45,3.29,0.982,1.0,1.001,2.619,10.4,861,Christian Yelich,Tyler Mahle,6.0,DH,7:10p,1787526600000.0,False,False,,,,,MIL,L,R
2026-08-23,664728,621097,DET@KC,Middle Fastball Crusher (LH),2.72,3.72,1.0,1.0,0.9,2.993,10.3,869,Kyle Isbel,Jacob Waguespack,9.0,CF,2:10p,1787508600000.0,False,False,,,,,KC,L,R
2026-08-23,681393,656492,CLE@COL,Oppo Fastball Hunter,2.24,3.73,0.966,0.942,1.001,2.51,10.3,868,Connor Norby,Foster Griffin,5.0,1B,3:10p,1787512200000.0,False,False,,,,,COL,R,L
2026-08-23,650490,669358,TB@BAL,Oppo Fastball Hunter,3.37,2.01,1.015,1.0,0.99,2.244,10.2,884,Yandy Díaz,Shane Baz,1.0,DH,1:35p,1787506500000.0,False,False,,,,,TB,R,R
2026-08-23,667472,683352,CIN@AZ,Middle Slider Crusher,2.34,3.09,1.0,1.0,0.988,2.356,10.1,886,Dane Myers,Mitch Bratt,3.0,CF,4:15p,1787516100000.0,False,False,,,,,CIN,R,L
2026-08-23,630105,641927,MIN@SD,Oppo Fastball Hunter (LH),1.81,3.68,0.987,1.006,1.056,2.295,10.1,888,Jake Cronenworth,Bailey Ober,2.0,2B,4:10p,1787515800000.0,False,False,,,,,SD,L,R
2026-08-23,687401,641816,ATL@MIL,Middle Fastball Crusher,2.4,3.29,0.99,1.0,1.001,2.584,9.8,921,Joey Ortiz,Tyler Mahle,7.0,SS,7:10p,1787526600000.0,False,False,,,,,MIL,R,R
2026-08-23,683734,641816,ATL@MIL,Inside Breaking Ball Specialist,2.2,3.29,0.98,1.0,1.001,2.342,9.7,935,Andrew Vaughn,Tyler Mahle,5.0,1B,7:10p,1787526600000.0,False,False,,,,,MIL,R,R
2026-08-23,641355,667755,TOR@NYY,Middle Slider Crusher (LH),2.66,2.41,1.011,1.021,1.036,2.258,9.7,931,Cody Bellinger,José Soriano,4.0,LF,1:35p,1787506500000.0,False,False,,,,,NYY,L,R
2026-08-23,679845,621097,DET@KC,Oppo Fastball Hunter,1.92,3.72,1.0,1.0,0.9,2.121,9.6,939,Nick Loftin,Jacob Waguespack,1.0,3B,2:10p,1787508600000.0,False,False,,,,,KC,R,R
2026-08-23,543807,607074,TOR@NYY,Middle Fastball Crusher,2.92,2.36,0.998,1.021,0.957,2.219,9.5,949,George Springer,Carlos Rodón,4.0,DH,1:35p,1787506500000.0,False,False,,,,,TOR,R,L
2026-08-23,676609,667755,TOR@NYY,Middle Fastball Crusher,3.2,2.41,0.998,1.021,1.036,2.678,9.3,979,José Caballero,José Soriano,9.0,3B,1:35p,1787506500000.0,False,False,,,,,NYY,R,R
2026-08-23,608348,682243,CHC@SEA,Inside Breaking Ball Specialist,2.32,3.88,1.002,1.0,0.9,2.678,9.3,979,Carson Kelly,Bryce Miller,9.0,C,4:10p,1787515800000.0,False,False,,,,,CHC,R,R
2026-08-23,696285,676083,WSH@MIA,Middle Fastball Crusher,2.68,3.03,0.974,1.0,1.002,2.603,9.0,1009,Jacob Young,Janson Junk,9.0,CF,1:40p,1787506800000.0,False,False,,,,,WSH,R,R
2026-08-23,657041,675660,ATL@MIL,Oppo Fastball Hunter,3.1,2.37,0.982,1.0,0.937,2.227,8.9,1024,Lane Thomas,Shane Drohan,6.0,LF,7:10p,1787526600000.0,False,False,,,,,ATL,R,L
2026-08-23,678662,656492,CLE@COL,Middle Slider Crusher,2.32,3.73,0.963,0.942,1.001,2.581,8.9,1018,Ezequiel Tovar,Foster Griffin,9.0,SS,3:10p,1787512200000.0,False,False,,,,,COL,R,L
2026-08-23,687231,664299,ATH@HOU,Middle Fastball Crusher,1.76,3.64,1.034,1.0,1.12,2.445,8.9,1019,Darell Hernaiz,Cristian Javier,8.0,SS,2:10p,1787508600000.0,False,False,,,,,ATH,R,R
2026-08-23,624641,681517,STL@PHI,Middle Fastball Crusher,2.63,2.48,1.008,1.018,1.081,2.381,8.7,1048,Edmundo Sosa,Kyle Leahy,8.0,3B,1:35p,1787506500000.0,False,False,,,,,PHI,R,R
2026-08-23,543877,669620,ATH@HOU,Middle Slider Crusher,2.98,2.62,1.034,1.0,0.94,2.503,8.7,1052,Christian Vázquez,Brady Basso,9.0,C,2:10p,1787508600000.0,False,False,,,,,HOU,R,L
2026-08-23,669224,667755,TOR@NYY,Oppo Fastball Hunter (LH),2.81,2.41,1.011,1.021,1.036,2.385,8.7,1046,Austin Wells,José Soriano,8.0,C,1:35p,1787506500000.0,False,False,,,,,NYY,L,R
2026-08-23,650402,663738,DET@KC,Middle Fastball Crusher,2.64,2.32,1.0,1.0,0.938,1.895,8.6,1058,Gleyber Torres,Daniel Lynch,1.0,2B,2:10p,1787508600000.0,False,False,,,,,DET,R,L
2026-08-23,687597,656492,CLE@COL,Middle Fastball Crusher,1.89,3.73,0.963,0.942,1.001,2.104,8.4,1087,Jordan Beck,Foster Griffin,6.0,RF,3:10p,1787512200000.0,False,False,,,,,COL,R,L
2026-08-23,673357,656794,NYM@CWS,Inside Breaking Ball Specialist,4.05,1.51,1.005,0.983,0.967,1.93,8.3,1100,Luis Robert,Sean Newcomb,4.0,LF,2:10p,1787508600000.0,False,False,,,,,NYM,R,L
2026-08-23,668670,690997,NYM@CWS,Middle Fastball Crusher,2.92,2.62,1.004,0.983,0.947,2.356,8.2,1121,Jake Rogers,Nolan Mclean,9.0,C,2:10p,1787508600000.0,False,False,,,,,CWS,R,R
2026-08-23,807712,621111,MIN@SD,Oppo Fastball Hunter,1.94,2.78,1.002,1.006,1.011,1.806,8.2,1114,Luke Keaschall,Walker Buehler,1.0,RF,4:10p,1787515800000.0,False,False,,,,,MIN,R,R
2026-08-23,686555,621097,DET@KC,Inside Breaking Ball Specialist,1.76,3.72,1.0,1.0,0.9,1.939,8.1,1141,Isaac Collins,Jacob Waguespack,5.0,LF,2:10p,1787508600000.0,False,False,,,,,KC,R,R
2026-08-23,605170,621111,MIN@SD,Middle Slider Crusher (LH),2.33,2.78,1.002,1.006,1.011,2.175,8.0,1153,Víctor Caratini,Walker Buehler,8.0,C,4:10p,1787515800000.0,False,False,,,,,MIN,L,R
2026-08-23,662139,669620,ATH@HOU,Oppo Fastball Hunter (LH),2.29,2.62,1.025,1.0,0.94,1.906,7.9,1162,Daulton Varsho,Brady Basso,5.0,CF,2:10p,1787508600000.0,False,False,,,,,HOU,L,L
2026-08-23,656775,669358,TB@BAL,Middle Slider Crusher (LH),3.04,2.01,1.015,1.0,0.99,2.024,7.7,1193,Cedric Mullins,Shane Baz,7.0,CF,1:35p,1787506500000.0,False,False,,,,,TB,L,R
2026-08-23,663586,675660,ATL@MIL,High Zone Fastball Hitter,2.93,2.37,0.974,1.0,0.937,2.091,7.7,1202,Austin Riley,Shane Drohan,8.0,3B,7:10p,1787526600000.0,False,False,,,,,ATL,R,L
2026-08-23,650859,641927,MIN@SD,Middle Slider Crusher,1.67,3.68,1.007,1.006,1.056,2.167,7.6,1224,Luis Rengifo,Bailey Ober,9.0,LF,4:10p,1787515800000.0,False,False,,,,,SD,R,R
2026-08-23,645302,684007,CHC@SEA,High Zone Fastball Hitter,1.4,4.61,1.004,1.0,0.96,2.041,7.5,1233,Víctor Robles,Shota Imanaga,8.0,RF,4:10p,1787515800000.0,False,False,,,,,SEA,R,L
2026-08-23,663538,682243,CHC@SEA,Middle Fastball Crusher,1.57,3.88,1.002,1.0,0.9,1.806,7.3,1276,Nico Hoerner,Bryce Miller,6.0,SS,4:10p,1787515800000.0,False,False,,,,,CHC,R,R
2026-08-23,671056,650911,STL@PHI,Middle Slider Crusher,2.51,2.13,1.008,1.018,0.903,1.637,7.3,1269,Iván Herrera,Cristopher Sánchez,2.0,DH,1:35p,1787506500000.0,False,False,,,,,STL,R,L
2026-08-23,681351,579328,LAA@TEX,Oppo Fastball Hunter,2.03,2.59,1.004,1.0,1.08,1.878,7.2,1290,Logan O'Hoppe,Yusei Kikuchi,7.0,DH,2:35p,1787510100000.0,False,False,,,,,TEX,R,L
2026-08-23,666152,641816,ATL@MIL,Middle Fastball Crusher (LH),1.77,3.29,0.982,1.0,1.001,1.888,6.6,1415,David Hamilton,Tyler Mahle,9.0,3B,7:10p,1787526600000.0,False,False,,,,,MIL,L,R
2026-08-23,678391,676083,WSH@MIA,Oppo Fastball Hunter (LH),1.66,3.03,0.97,1.0,1.002,1.609,6.5,1440,Jorbit Vivas,Janson Junk,6.0,3B,1:40p,1787506800000.0,False,False,,,,,WSH,L,R
2026-08-23,643289,675660,ATL@MIL,Oppo Fastball Hunter,2.21,2.37,0.982,1.0,0.937,1.593,6.1,1532,Mauricio Dubón,Shane Drohan,7.0,SS,7:10p,1787526600000.0,False,False,,,,,ATL,R,L
2026-08-23,665489,607074,TOR@NYY,Oppo Fastball Hunter,1.74,2.36,1.011,1.021,0.957,1.337,6.0,1566,Vladimir Guerrero,Carlos Rodón,2.0,1B,1:35p,1787506500000.0,False,False,,,,,TOR,R,L
2026-08-23,543760,656794,NYM@CWS,Middle Fastball Crusher,3.2,1.51,1.004,0.983,0.967,1.523,5.9,1605,Marcus Semien,Sean Newcomb,7.0,2B,2:10p,1787508600000.0,False,False,,,,,NYM,R,L
2026-08-23,686780,650911,STL@PHI,Middle Fastball Crusher,2.47,2.13,1.008,1.018,0.903,1.611,5.7,1669,Pedro Pagés,Cristopher Sánchez,9.0,C,1:35p,1787506500000.0,False,False,,,,,STL,R,L
2026-08-23,666182,656794,NYM@CWS,Middle Fastball Crusher,2.61,1.51,1.004,0.983,0.967,1.24,5.6,1694,Bo Bichette,Sean Newcomb,2.0,3B,2:10p,1787508600000.0,False,False,,,,,NYM,R,L
2026-08-23,623168,615698,LAA@TEX,Oppo Fastball Hunter,1.68,2.87,1.004,1.0,0.992,1.58,5.5,1702,Tyler Heineman,Cal Quantrill,9.0,C,2:35p,1787510100000.0,False,False,,,,,LAA,R,R
2026-08-23,620443,656794,NYM@CWS,Middle Fastball Crusher,3.31,1.51,1.004,0.983,0.967,1.573,5.5,1710,Luis Torrens,Sean Newcomb,9.0,C,2:10p,1787508600000.0,False,False,,,,,NYM,R,L
2026-08-23,665877,650911,STL@PHI,Middle Slider Crusher,2.16,2.13,1.008,1.018,0.903,1.404,5.4,1747,José Fermín,Cristopher Sánchez,7.0,CF,1:35p,1787506500000.0,False,False,,,,,STL,R,L
2026-08-23,595879,663738,DET@KC,Middle Fastball Crusher,2.11,2.32,1.0,1.0,0.938,1.511,5.3,1783,Javier Báez,Daniel Lynch,9.0,LF,2:10p,1787508600000.0,False,False,,,,,DET,R,L
2026-08-23,680700,669358,TB@BAL,Oppo Fastball Hunter (LH),1.97,2.01,0.999,1.0,0.99,1.292,4.8,1985,Richie Palacios,Shane Baz,8.0,2B,1:35p,1787506500000.0,False,False,,,,,TB,L,R
2026-08-23,683766,687562,SF@BOS,Middle Fastball Crusher,1.64,2.23,1.037,1.011,0.9,1.138,4.0,2389,Christian Koss,Jake Bennett,9.0,3B,3:15p,1787512500000.0,False,False,,,,,SF,R,L
2026-08-23,683083,676083,WSH@MIA,Middle Fastball Crusher,0.85,3.03,0.974,1.0,1.002,0.829,3.1,3128,Nasim Nuñez,Janson Junk,8.0,SS,1:40p,1787506800000.0,False,False,,,,,WSH,R,R
2026-08-23,670764,669358,TB@BAL,Middle Fastball Crusher (LH),1.16,2.01,1.015,1.0,0.99,0.769,2.7,3565,Taylor Walls,Shane Baz,9.0,SS,1:35p,1787506500000.0,False,False,,,,,TB,L,R
2026-08-24,621439,605488,MIN@ATH,Oppo Fastball Hunter,5.52,5.13,1.009,1.04,1.092,10.697,40.6,147,Byron Buxton,Jeffrey Springs,2.0,CF,9:40p,1787622000000.0,True,False,,,,,MIN,R,L
2026-08-24,665019,605488,MIN@ATH,Middle Fastball Crusher (LH),4.26,5.13,1.009,1.04,1.092,8.249,30.9,224,Kody Clemens,Jeffrey Springs,5.0,LF,9:40p,1787622000000.0,True,False,,,,,MIN,L,L
2026-08-24,680777,605488,MIN@ATH,Middle Fastball Crusher,3.51,5.13,1.006,1.04,1.092,6.794,27.1,269,Ryan Jeffers,Jeffrey Springs,3.0,C,9:40p,1787622000000.0,True,False,,,,,MIN,R,L
2026-08-24,656941,669302,PHI@SEA,Middle Slider Crusher (LH),6.26,3.29,1.0,1.0,0.944,6.42,26.9,272,Kyle Schwarber,Logan Gilbert,1.0,DH,9:40p,1787622000000.0,True,False,,,,,PHI,L,R
2026-08-24,680869,805673,MIN@ATH,Middle Fastball Crusher,4.17,4.2,1.006,1.04,1.054,6.366,25.6,291,Zack Gelof,Zebby Matthews,3.0,2B,9:40p,1787622000000.0,True,False,,,,,ATH,R,R
2026-08-24,605137,605488,MIN@ATH,Middle Fastball Crusher (LH),3.26,5.13,1.009,1.04,1.092,6.32,25.3,295,Josh Bell,Jeffrey Springs,4.0,DH,9:40p,1787622000000.0,True,False,,,,,MIN,L,L
2026-08-24,686797,605488,MIN@ATH,Middle Fastball Crusher,3.81,5.13,1.006,1.04,1.092,7.357,25.1,299,Brooks Lee,Jeffrey Springs,8.0,3B,9:40p,1787622000000.0,True,False,,,,,MIN,R,L
2026-08-24,664023,518876,CHC@AZ,Middle Fastball Crusher,3.9,4.25,1.0,1.0,1.12,6.125,23.8,321,Ian Happ,Merrill Kelly,5.0,LF,9:40p,1787622000000.0,True,False,,,,,CHC,R,R
2026-08-24,668904,605488,MIN@ATH,Middle Fastball Crusher,3.26,5.13,1.006,1.04,1.092,6.293,23.6,324,Royce Lewis,Jeffrey Springs,6.0,1B,9:40p,1787622000000.0,True,False,,,,,MIN,R,L
2026-08-24,624424,518876,CHC@AZ,Oppo Fastball Hunter (LH),4.15,4.25,1.0,1.0,1.12,6.519,22.5,344,Michael Conforto,Merrill Kelly,8.0,DH,9:40p,1787622000000.0,True,False,,,,,CHC,L,R
2026-08-24,678246,677958,TEX@CWS,Middle Fastball Crusher,4.77,3.17,1.004,1.005,1.057,5.328,21.8,359,Miguel Vargas,Kumar Rocker,3.0,3B,7:40p,1787614800000.0,False,False,,,,,CWS,R,R
2026-08-24,701398,687931,CIN@SF,Middle Fastball Crusher,4.45,3.15,0.988,0.992,1.12,5.074,21.3,370,Sal Stewart,Carson Whisenhunt,2.0,1B,9:45p,1787622300000.0,True,False,,,,,CIN,R,L
2026-08-24,665833,592662,PIT@SD,Middle Slider Crusher (LH),4.68,3.09,1.002,1.019,1.047,5.092,20.8,380,Oneil Cruz,Robbie Ray,4.0,CF,9:40p,1787622000000.0,True,False,,,,,PIT,L,L
2026-08-24,608324,518876,CHC@AZ,Oppo Fastball Hunter,3.2,4.25,1.0,1.0,1.12,5.034,20.6,386,Alex Bregman,Merrill Kelly,4.0,3B,9:40p,1787622000000.0,True,False,,,,,CHC,R,R
2026-08-24,695657,677958,TEX@CWS,Oppo Fastball Hunter (LH),4.79,3.17,1.009,1.005,1.057,5.372,20.4,390,Colson Montgomery,Kumar Rocker,6.0,SS,7:40p,1787614800000.0,False,False,,,,,CWS,L,R
2026-08-24,691781,663372,COL@WSH,Middle Fastball Crusher,3.33,4.21,0.995,0.986,1.12,5.079,20.0,399,Brady House,Ryan Feltner,5.0,3B,6:45p,1787611500000.0,False,False,,,,,WSH,R,R
2026-08-24,682829,687931,CIN@SF,Middle Fastball Crusher,3.95,3.15,0.988,0.992,1.12,4.513,19.6,411,Elly De La Cruz,Carson Whisenhunt,1.0,SS,9:45p,1787622300000.0,True,False,,,,,CIN,R,L
2026-08-24,686611,663372,COL@WSH,Middle Fastball Crusher,3.09,4.21,0.995,0.986,1.12,4.712,19.5,413,Dylan Crews,Ryan Feltner,3.0,RF,6:45p,1787611500000.0,False,False,,,,,WSH,R,R
2026-08-24,664040,592662,PIT@SD,Middle Fastball Crusher (LH),4.64,3.09,1.002,1.019,1.047,5.048,19.3,418,Brandon Lowe,Robbie Ray,6.0,2B,9:40p,1787622000000.0,True,False,,,,,PIT,L,L
2026-08-24,553993,687931,CIN@SF,Middle Slider Crusher,4.19,3.15,0.988,0.992,1.12,4.776,18.9,428,Eugenio Suárez,Carson Whisenhunt,5.0,3B,9:45p,1787622300000.0,True,False,,,,,CIN,R,L
2026-08-24,668709,687931,CIN@SF,Middle Fastball Crusher (LH),4.49,3.15,0.993,0.992,1.12,5.147,18.8,432,Jj Bleday,Carson Whisenhunt,7.0,RF,9:45p,1787622300000.0,True,False,,,,,CIN,L,L
2026-08-24,547180,669302,PHI@SEA,Middle Fastball Crusher (LH),4.36,3.29,1.0,1.0,0.944,4.476,18.6,438,Bryce Harper,Logan Gilbert,3.0,RF,9:40p,1787622000000.0,True,False,,,,,PHI,L,R
2026-08-24,664034,677952,PIT@SD,Inside Breaking Ball Specialist,4.32,3.39,0.999,1.019,0.905,4.454,18.4,443,Ty France,Braxton Ashcraft,4.0,1B,9:40p,1787622000000.0,True,False,,,,,SD,R,R
2026-08-24,666160,676917,COL@WSH,Inside Breaking Ball Specialist (LH),5.31,2.61,0.991,0.986,0.964,4.3,18.3,446,Mickey Moniak,Cade Cavalli,2.0,RF,6:45p,1787611500000.0,False,False,,,,,COL,L,R
2026-08-24,691406,664285,TB@DET,Oppo Fastball Hunter,5.59,2.3,0.999,1.003,1.03,4.378,18.2,449,Junior Caminero,Framber Valdez,3.0,3B,6:40p,1787611200000.0,False,False,,,,,TB,R,L
2026-08-24,592518,677952,PIT@SD,Middle Slider Crusher,4.14,3.39,1.007,1.019,0.905,4.307,17.9,458,Manny Machado,Braxton Ashcraft,3.0,3B,9:40p,1787622000000.0,True,False,,,,,SD,R,R
2026-08-24,695734,663372,COL@WSH,Inside Breaking Ball Specialist (LH),2.82,4.21,0.991,0.986,1.12,4.288,17.8,463,Daylen Lile,Ryan Feltner,4.0,LF,6:45p,1787611500000.0,False,False,,,,,WSH,L,R
2026-08-24,641680,805673,MIN@ATH,Middle Slider Crusher (LH),3.47,4.2,1.009,1.04,1.054,5.311,17.8,463,Jonah Heim,Zebby Matthews,9.0,C,9:40p,1787622000000.0,True,False,,,,,ATH,L,R
2026-08-24,686527,554430,PHI@SEA,Middle Slider Crusher (LH),4.37,3.13,1.0,1.0,0.9,4.065,17.4,476,Dominic Canzone,Zack Wheeler,2.0,RF,9:40p,1787622000000.0,True,False,,,,,SEA,L,R
2026-08-24,691777,805673,MIN@ATH,Oppo Fastball Hunter,3.03,4.2,1.009,1.04,1.054,4.641,17.1,486,Max Muncy,Zebby Matthews,7.0,LF,9:40p,1787622000000.0,True,False,,,,,ATH,R,R
2026-08-24,807712,605488,MIN@ATH,Oppo Fastball Hunter,1.92,5.13,1.009,1.04,1.092,3.729,16.4,509,Luke Keaschall,Jeffrey Springs,1.0,RF,9:40p,1787622000000.0,True,False,,,,,MIN,R,L
2026-08-24,663993,691946,CLE@LAA,Oppo Fastball Hunter (LH),3.86,2.61,1.011,1.051,1.112,3.923,15.8,534,Nathaniel Lowe,George Klassen,5.0,1B,9:38p,1787621880000.0,True,False,,,,,CLE,L,R
2026-08-24,575929,645261,BOS@MIA,Middle Slider Crusher,4.84,2.56,0.974,1.0,0.942,3.755,15.7,537,Willson Contreras,Sandy Alcántara,4.0,1B,6:40p,1787611200000.0,False,False,,,,,BOS,R,R
2026-08-24,701538,677952,PIT@SD,Middle Fastball Crusher (LH),3.74,3.39,1.002,1.019,0.905,3.873,15.6,542,Jackson Merrill,Braxton Ashcraft,5.0,CF,9:40p,1787622000000.0,True,False,,,,,SD,L,R
2026-08-24,666176,691946,CLE@LAA,Middle Slider Crusher,3.65,2.61,1.003,1.051,1.112,3.678,15.4,549,Jo Adell,George Klassen,4.0,RF,9:38p,1787621880000.0,True,False,,,,,CLE,R,R
2026-08-24,663886,687931,CIN@SF,Middle Fastball Crusher,3.2,3.15,0.988,0.992,1.12,3.657,15.3,553,Tyler Stephenson,Carson Whisenhunt,4.0,DH,9:45p,1787622300000.0,True,False,,,,,CIN,R,L
2026-08-24,643217,677958,TEX@CWS,High Zone Fastball Hitter (LH),3.26,3.17,0.999,1.005,1.057,3.617,15.2,559,Andrew Benintendi,Kumar Rocker,4.0,DH,7:40p,1787614800000.0,False,False,,,,,CWS,L,R
2026-08-24,696285,663372,COL@WSH,Middle Fastball Crusher,2.65,4.21,0.995,0.986,1.12,4.052,15.0,566,Jacob Young,Ryan Feltner,7.0,CF,6:45p,1787611500000.0,False,False,,,,,WSH,R,R
2026-08-24,693307,656876,TB@DET,Middle Slider Crusher,4.71,2.58,0.979,1.003,0.9,3.55,14.9,571,Dillon Dingler,Drew Rasmussen,4.0,C,6:40p,1787611200000.0,False,False,,,,,DET,R,R
2026-08-24,668227,554430,PHI@SEA,Oppo Fastball Hunter,3.63,3.13,1.0,1.0,0.9,3.372,14.9,569,Randy Arozarena,Zack Wheeler,1.0,LF,9:40p,1787622000000.0,True,False,,,,,SEA,R,R
2026-08-24,657757,677952,PIT@SD,Middle Fastball Crusher (LH),3.74,3.39,1.002,1.019,0.905,3.869,14.4,595,Gavin Sheets,Braxton Ashcraft,7.0,DH,9:40p,1787622000000.0,True,False,,,,,SD,L,R
2026-08-24,677594,554430,PHI@SEA,Middle Fastball Crusher,3.53,3.13,1.002,1.0,0.9,3.286,13.9,618,Julio Rodríguez,Zack Wheeler,3.0,CF,9:40p,1787622000000.0,True,False,,,,,SEA,R,R
2026-08-24,666126,805673,MIN@ATH,Middle Slider Crusher (LH),2.51,4.2,1.009,1.04,1.054,3.842,13.8,626,Carlos Cortes,Zebby Matthews,8.0,DH,9:40p,1787622000000.0,True,False,,,,,ATH,L,R
2026-08-24,624431,687931,CIN@SF,Middle Fastball Crusher,3.34,3.15,0.988,0.992,1.12,3.806,13.6,633,Jose Trevino,Carson Whisenhunt,8.0,C,9:45p,1787622300000.0,True,False,,,,,CIN,R,L
2026-08-24,607208,669302,PHI@SEA,Middle Fastball Crusher,3.03,3.29,1.002,1.0,0.944,3.114,13.5,639,Trea Turner,Logan Gilbert,2.0,SS,9:40p,1787622000000.0,True,False,,,,,PHI,R,R
2026-08-24,682998,592332,CHC@AZ,Oppo Fastball Hunter (LH),3.22,2.97,1.0,1.0,0.983,3.097,13.5,642,Corbin Carroll,Kevin Gausman,2.0,RF,9:40p,1787622000000.0,True,False,,,,,AZ,L,R
2026-08-24,677800,645261,BOS@MIA,Inside Breaking Ball Specialist (LH),3.79,2.56,0.977,1.0,0.942,2.95,12.6,695,Wilyer Abreu,Sandy Alcántara,3.0,RF,6:40p,1787611200000.0,False,False,,,,,BOS,L,R
2026-08-24,668804,592662,PIT@SD,Middle Fastball Crusher,2.69,3.09,1.007,1.019,1.047,2.939,12.5,698,Bryan Reynolds,Robbie Ray,3.0,LF,9:40p,1787622000000.0,True,False,,,,,PIT,R,L
2026-08-24,608348,518876,CHC@AZ,Inside Breaking Ball Specialist,2.3,4.25,1.0,1.0,1.12,3.612,12.4,710,Carson Kelly,Merrill Kelly,9.0,C,9:40p,1787622000000.0,True,False,,,,,CHC,R,R
2026-08-24,663728,554430,PHI@SEA,Middle Slider Crusher,3.36,3.13,1.002,1.0,0.9,3.131,12.3,711,Cal Raleigh,Zack Wheeler,6.0,C,9:40p,1787622000000.0,True,False,,,,,SEA,R,R
2026-08-24,650490,664285,TB@DET,Oppo Fastball Hunter,3.35,2.3,0.999,1.003,1.03,2.626,11.8,747,Yandy Díaz,Framber Valdez,1.0,DH,6:40p,1787611200000.0,False,False,,,,,TB,R,L
2026-08-24,694374,592332,CHC@AZ,Inside Breaking Ball Specialist,3.25,2.97,1.0,1.0,0.983,3.127,11.8,751,Tim Tawa,Kevin Gausman,7.0,1B,9:40p,1787622000000.0,True,False,,,,,AZ,R,R
2026-08-24,664761,669302,PHI@SEA,Oppo Fastball Hunter,2.79,3.29,1.0,1.0,0.944,2.862,11.7,754,Alec Bohm,Logan Gilbert,5.0,1B,9:40p,1787622000000.0,True,False,,,,,PHI,R,R
2026-08-24,687462,592662,PIT@SD,Middle Slider Crusher (LH),2.86,3.09,1.002,1.019,1.047,3.114,11.3,787,Spencer Horwitz,Robbie Ray,8.0,1B,9:40p,1787622000000.0,True,False,,,,,PIT,L,L
2026-08-24,667472,687931,CIN@SF,Middle Slider Crusher,2.31,3.15,0.988,0.992,1.12,2.635,11.3,785,Dane Myers,Carson Whisenhunt,3.0,CF,9:45p,1787622300000.0,True,False,,,,,CIN,R,L
2026-08-24,650489,676917,COL@WSH,Middle Fastball Crusher,3.11,2.61,0.995,0.986,0.964,2.529,10.9,821,Willi Castro,Cade Cavalli,3.0,3B,6:45p,1787611500000.0,False,False,,,,,COL,R,R
2026-08-24,679529,656876,TB@DET,Middle Fastball Crusher,3.78,2.58,0.979,1.003,0.9,2.845,10.7,831,Spencer Torkelson,Drew Rasmussen,7.0,1B,6:40p,1787611200000.0,False,False,,,,,DET,R,R
2026-08-24,664983,676917,COL@WSH,Middle Fastball Crusher (LH),2.91,2.61,0.998,0.986,0.964,2.372,10.7,834,Jake Mccarthy,Cade Cavalli,1.0,CF,6:45p,1787611500000.0,False,False,,,,,COL,L,R
2026-08-24,642215,554430,PHI@SEA,Middle Fastball Crusher,3.1,3.13,1.002,1.0,0.9,2.894,10.5,852,Weston Wilson,Zack Wheeler,8.0,3B,9:40p,1787622000000.0,True,False,,,,,SEA,R,R
2026-08-24,678882,645261,BOS@MIA,Middle Slider Crusher,3.04,2.56,0.974,1.0,0.942,2.353,10.4,864,Ceddanne Rafaela,Sandy Alcántara,2.0,CF,6:40p,1787611200000.0,False,False,,,,,BOS,R,R
2026-08-24,593428,677952,PIT@SD,Middle Fastball Crusher,2.38,3.39,1.007,1.019,0.905,2.478,9.9,914,Xander Bogaerts,Braxton Ashcraft,6.0,SS,9:40p,1787622000000.0,True,False,,,,,SD,R,R
2026-08-24,622761,664285,TB@DET,Middle Fastball Crusher,3.2,2.3,0.979,1.003,1.03,2.455,9.8,923,Jorge Mateo,Framber Valdez,6.0,2B,6:40p,1787611200000.0,False,False,,,,,TB,R,L
2026-08-24,663538,518876,CHC@AZ,Middle Fastball Crusher,1.56,4.25,1.0,1.0,1.12,2.449,9.7,926,Nico Hoerner,Merrill Kelly,6.0,SS,9:40p,1787622000000.0,True,False,,,,,CHC,R,R
2026-08-24,680776,645261,BOS@MIA,Middle Fastball Crusher (LH),3.24,2.56,0.977,1.0,0.942,2.52,9.6,946,Jarren Duran,Sandy Alcántara,7.0,LF,6:40p,1787611200000.0,False,False,,,,,BOS,L,R
2026-08-24,663457,592332,CHC@AZ,Inside Breaking Ball Specialist (LH),2.16,2.97,1.0,1.0,0.983,2.075,9.4,961,Lars Nootbaar,Kevin Gausman,1.0,DH,9:40p,1787622000000.0,True,False,,,,,AZ,L,R
2026-08-24,678391,663372,COL@WSH,Oppo Fastball Hunter (LH),1.64,4.21,1.001,0.986,1.12,2.524,9.2,985,Jorbit Vivas,Ryan Feltner,8.0,2B,6:45p,1787611500000.0,False,False,,,,,WSH,L,R
2026-08-24,669065,624133,BOS@MIA,Middle Slider Crusher (LH),3.78,1.87,0.977,1.0,0.936,2.136,9.2,983,Kyle Stowers,Ranger Suarez,3.0,1B,6:40p,1787611200000.0,False,False,,,,,MIA,L,L
2026-08-24,668939,645261,BOS@MIA,Middle Fastball Crusher,2.83,2.56,0.974,1.0,0.942,2.197,9.1,1000,Adley Rutschman,Sandy Alcántara,5.0,C,6:40p,1787611200000.0,False,False,,,,,BOS,R,R
2026-08-24,690993,656876,TB@DET,Middle Fastball Crusher (LH),2.57,2.58,0.999,1.003,0.9,1.979,9.0,1011,Colt Keith,Drew Rasmussen,1.0,DH,6:40p,1787611200000.0,False,False,,,,,DET,L,R
2026-08-24,595978,691946,CLE@LAA,Middle Fastball Crusher,2.42,2.61,1.003,1.051,1.112,2.437,8.9,1023,Austin Hedges,George Klassen,8.0,C,9:38p,1787621880000.0,True,False,,,,,CLE,R,R
2026-08-24,694377,592662,PIT@SD,Middle Slider Crusher,2.07,3.09,1.007,1.019,1.047,2.266,8.6,1059,Nick Yorke,Robbie Ray,7.0,3B,9:40p,1787622000000.0,True,False,,,,,PIT,R,L
2026-08-24,666023,677952,PIT@SD,Inside Breaking Ball Specialist,2.22,3.39,0.999,1.019,0.905,2.29,8.4,1093,Freddy Fermin,Braxton Ashcraft,8.0,C,9:40p,1787622000000.0,True,False,,,,,SD,R,R
2026-08-24,702332,645261,BOS@MIA,Middle Fastball Crusher,2.64,2.56,0.974,1.0,0.942,2.045,8.2,1120,Caleb Durbin,Sandy Alcántara,6.0,3B,6:40p,1787611200000.0,False,False,,,,,BOS,R,R
2026-08-24,630105,677952,PIT@SD,Oppo Fastball Hunter (LH),1.78,3.39,0.987,1.019,0.905,1.818,8.1,1136,Jake Cronenworth,Braxton Ashcraft,2.0,2B,9:40p,1787622000000.0,True,False,,,,,SD,L,R
2026-08-24,677587,691946,CLE@LAA,Middle Slider Crusher (LH),2.25,2.61,1.006,1.051,1.112,2.272,7.9,1165,Brayan Rocchio,George Klassen,9.0,SS,9:38p,1787621880000.0,True,False,,,,,CLE,L,R
2026-08-24,693304,592662,PIT@SD,Oppo Fastball Hunter,1.54,3.09,1.002,1.019,1.047,1.674,7.7,1206,Nick Gonzales,Robbie Ray,1.0,DH,9:40p,1787622000000.0,True,False,,,,,PIT,R,L
2026-08-24,681393,676917,COL@WSH,Oppo Fastball Hunter,2.22,2.61,0.998,0.986,0.964,1.811,7.3,1273,Connor Norby,Cade Cavalli,6.0,2B,6:45p,1787611500000.0,False,False,,,,,COL,R,R
2026-08-24,681508,645261,BOS@MIA,Middle Fastball Crusher (LH),2.55,2.56,0.977,1.0,0.942,1.986,7.3,1269,Mickey Gasper,Sandy Alcántara,8.0,DH,6:40p,1787611200000.0,False,False,,,,,BOS,L,R
2026-08-24,678662,676917,COL@WSH,Middle Slider Crusher,2.3,2.61,0.995,0.986,0.964,1.868,6.5,1430,Ezequiel Tovar,Cade Cavalli,9.0,SS,6:45p,1787611500000.0,False,False,,,,,COL,R,R
2026-08-24,663743,664285,TB@DET,Inside Breaking Ball Specialist,1.92,2.3,0.973,1.003,1.03,1.467,5.7,1669,Nick Fortes,Framber Valdez,7.0,C,6:40p,1787611200000.0,False,False,,,,,TB,R,L
2026-08-24,595879,656876,TB@DET,Middle Fastball Crusher,2.09,2.58,0.979,1.003,0.9,1.573,5.5,1710,Javier Báez,Drew Rasmussen,9.0,SS,6:40p,1787611200000.0,False,False,,,,,DET,R,R
2026-08-24,669707,592662,PIT@SD,Middle Slider Crusher,1.34,3.09,1.007,1.019,1.047,1.469,5.2,1836,Jared Triolo,Robbie Ray,9.0,SS,9:40p,1787622000000.0,True,False,,,,,PIT,R,L
2026-08-24,656716,656876,TB@DET,Inside Breaking Ball Specialist (LH),1.59,2.58,0.999,1.003,0.9,1.226,5.0,1909,Zach Mckinstry,Drew Rasmussen,6.0,RF,6:40p,1787611200000.0,False,False,,,,,DET,L,R
2026-08-24,672640,624133,BOS@MIA,Middle Fastball Crusher,1.88,1.87,0.974,1.0,0.936,1.057,4.9,1945,Otto Lopez,Ranger Suarez,1.0,SS,6:40p,1787611200000.0,False,False,,,,,MIA,R,L
2026-08-24,682663,624133,BOS@MIA,Inside Breaking Ball Specialist,1.92,1.87,0.97,1.0,0.936,1.078,4.7,2016,Agustín Ramírez,Ranger Suarez,4.0,DH,6:40p,1787611200000.0,False,False,,,,,MIA,R,L
2026-08-24,687859,676917,COL@WSH,Inside Breaking Ball Specialist (LH),1.32,2.61,0.991,0.986,0.964,1.073,4.5,2111,Troy Johnston,Cade Cavalli,5.0,DH,6:45p,1787611500000.0,False,False,,,,,COL,L,R
2026-08-24,683083,663372,COL@WSH,Middle Fastball Crusher,0.84,4.21,0.995,0.986,1.12,1.29,4.5,2100,Nasim Nuñez,Ryan Feltner,9.0,SS,6:45p,1787611500000.0,False,False,,,,,WSH,R,R
2026-08-24,691594,624133,BOS@MIA,Middle Fastball Crusher,2.01,1.87,0.974,1.0,0.936,1.132,4.4,2181,Javier Sanoja,Ranger Suarez,7.0,3B,6:40p,1787611200000.0,False,False,,,,,MIA,R,L
2026-08-24,805300,624133,BOS@MIA,Middle Slider Crusher (LH),1.87,1.87,0.977,1.0,0.936,1.058,4.3,2222,Jakob Marsee,Ranger Suarez,6.0,CF,6:40p,1787611200000.0,False,False,,,,,MIA,L,L
2026-08-24,683766,695505,CIN@SF,Middle Fastball Crusher,1.62,2.51,0.988,0.992,0.9,1.183,4.2,2296,Christian Koss,Chase Burns,9.0,SS,9:45p,1787622300000.0,True,False,,,,,SF,R,R
2026-08-24,669364,624133,BOS@MIA,Middle Fastball Crusher (LH),1.44,1.87,0.977,1.0,0.936,0.813,3.4,2805,Xavier Edwards,Ranger Suarez,5.0,2B,6:40p,1787611200000.0,False,False,,,,,MIA,L,L
2026-08-24,670764,664285,TB@DET,Middle Fastball Crusher (LH),1.15,2.3,0.999,1.003,1.03,0.897,3.2,3046,Taylor Walls,Framber Valdez,9.0,SS,6:40p,1787611200000.0,False,False,,,,,TB,L,L
2026-08-25,670541,701542,HOU@NYY,Inside Breaking Ball Specialist (LH),5.78,3.44,1.024,1.013,1.053,7.164,29.0,+245,Yordan Álvarez,Will Warren,2.0,DH,7:05p,1787699100000.0,False,False,,,,,HOU,L,R
2026-08-25,686527,605400,PHI@SEA,Middle Slider Crusher (LH),4.33,4.78,1.0,1.0,1.0,6.829,27.8,+260,Dominic Canzone,Aaron Nola,2.0,RF,9:40p,1787708400000.0,True,False,,,,,SEA,L,R
2026-08-25,624413,669461,BAL@STL,Oppo Fastball Hunter,4.89,3.68,0.995,1.029,1.067,6.489,26.5,+277,Pete Alonso,Matthew Liberatore,2.0,1B,7:45p,1787701500000.0,False,False,,,,,BAL,R,L
2026-08-25,660271,693821,LAD@ATL,Middle Fastball Crusher (LH),4.98,3.64,1.009,1.003,0.983,5.962,25.2,+297,Shohei Ohtani,Bryce Elder,1.0,DH,7:15p,1787699700000.0,False,False,,,,,LAD,L,R
2026-08-25,656941,669923,PHI@SEA,Middle Slider Crusher (LH),6.22,2.92,1.0,1.0,0.982,5.889,24.9,+301,Kyle Schwarber,George Kirby,1.0,DH,9:40p,1787708400000.0,True,False,,,,,PHI,L,R
2026-08-25,571970,693821,LAD@ATL,Oppo Fastball Hunter (LH),5.17,3.64,1.0,1.003,0.983,6.133,24.6,+306,Max Muncy,Bryce Elder,4.0,3B,7:15p,1787699700000.0,False,False,,,,,LAD,L,R
2026-08-25,668227,605400,PHI@SEA,Oppo Fastball Hunter,3.6,4.78,1.0,1.0,1.0,5.676,24.1,+315,Randy Arozarena,Aaron Nola,1.0,LF,9:40p,1787708400000.0,True,False,,,,,SEA,R,R
2026-08-25,691723,669461,BAL@STL,Middle Fastball Crusher,4.49,3.68,0.998,1.029,1.067,5.972,24.0,+316,Coby Mayo,Matthew Liberatore,4.0,DH,7:45p,1787701500000.0,False,False,,,,,BAL,R,L
2026-08-25,663728,605400,PHI@SEA,Middle Slider Crusher,3.9,4.78,1.002,1.0,1.0,6.167,23.9,+318,Cal Raleigh,Aaron Nola,5.0,C,9:40p,1787708400000.0,True,False,,,,,SEA,R,R
2026-08-25,695600,453286,KC@TOR,Middle Fastball Crusher (LH),3.42,4.7,1.004,1.0,1.055,5.624,23.9,+318,Carter Jensen,Max Scherzer,1.0,C,7:07p,1787699220000.0,False,False,,,,,KC,L,R
2026-08-25,677594,605400,PHI@SEA,Middle Fastball Crusher,3.65,4.78,1.002,1.0,1.0,5.776,23.4,+327,Julio Rodríguez,Aaron Nola,3.0,CF,9:40p,1787708400000.0,True,False,,,,,SEA,R,R
2026-08-25,694212,669461,BAL@STL,Oppo Fastball Hunter (LH),4.63,3.68,0.998,1.029,1.067,6.16,23.1,+332,Samuel Basallo,Matthew Liberatore,6.0,C,7:45p,1787701500000.0,False,False,,,,,BAL,L,L
2026-08-25,621566,607192,LAD@ATL,Middle Fastball Crusher (LH),5.74,3.2,1.009,1.003,0.9,5.533,22.5,+344,Matt Olson,Tyler Glasnow,3.0,1B,7:15p,1787699700000.0,False,False,,,,,ATL,L,R
2026-08-25,687952,669461,BAL@STL,Middle Fastball Crusher,4.3,3.68,0.998,1.029,1.067,5.726,22.4,+347,Christian Encarnacion-Strand,Matthew Liberatore,5.0,3B,7:45p,1787701500000.0,False,False,,,,,BAL,R,L
2026-08-25,521692,453286,KC@TOR,Middle Fastball Crusher,3.27,4.7,1.009,1.0,1.055,5.401,22.0,+355,Salvador Pérez,Max Scherzer,4.0,DH,7:07p,1787699220000.0,False,False,,,,,KC,R,R
2026-08-25,677951,453286,KC@TOR,Middle Slider Crusher,3.17,4.7,1.009,1.0,1.055,5.239,21.9,+356,Bobby Witt,Max Scherzer,2.0,SS,7:07p,1787699220000.0,False,False,,,,,KC,R,R
2026-08-25,621439,695611,MIN@ATH,Oppo Fastball Hunter,5.45,2.64,1.009,1.035,1.027,5.098,21.4,+368,Byron Buxton,Gage Jump,2.0,CF,9:40p,1787708400000.0,True,False,,,,,MIN,R,L
2026-08-25,701398,605288,CIN@SF,Middle Fastball Crusher,4.42,3.18,0.988,0.987,1.082,4.902,20.6,+385,Sal Stewart,Adrian Houser,2.0,1B,9:45p,1787708700000.0,True,False,,,,,CIN,R,R
2026-08-25,668709,605288,CIN@SF,Middle Fastball Crusher (LH),4.45,3.18,0.993,0.987,1.082,4.965,20.4,+389,Jj Bleday,Adrian Houser,3.0,LF,9:45p,1787708700000.0,True,False,,,,,CIN,L,R
2026-08-25,575929,663969,BOS@MIA,Middle Slider Crusher,4.8,2.99,0.974,1.0,1.066,4.931,20.2,+395,Willson Contreras,Tyler Phillips,4.0,1B,6:40p,1787697600000.0,False,False,,,,,BOS,R,R
2026-08-25,678246,594798,TEX@CWS,Middle Fastball Crusher,4.74,3.21,1.004,1.019,0.932,4.795,19.8,+405,Miguel Vargas,Jacob Degrom,3.0,3B,7:40p,1787701200000.0,False,False,,,,,CWS,R,R
2026-08-25,665161,701542,HOU@NYY,Middle Fastball Crusher,3.75,3.44,0.998,1.013,1.053,4.534,19.7,+408,Jeremy Peña,Will Warren,1.0,SS,7:05p,1787699100000.0,False,False,,,,,HOU,R,R
2026-08-25,686681,453286,KC@TOR,Inside Breaking Ball Specialist (LH),3.03,4.7,1.003,1.0,1.055,4.975,19.7,+409,Michael Massey,Max Scherzer,5.0,2B,7:07p,1787699220000.0,False,False,,,,,KC,L,R
2026-08-25,664040,650633,PIT@SD,Middle Fastball Crusher (LH),4.6,2.96,1.002,1.008,1.02,4.629,19.6,+411,Brandon Lowe,Mike King,2.0,DH,9:40p,1787708400000.0,True,False,,,,,PIT,L,R
2026-08-25,572233,701542,HOU@NYY,Middle Slider Crusher,4.18,3.44,0.998,1.013,1.053,5.053,19.3,+418,Christian Walker,Will Warren,6.0,1B,7:05p,1787699100000.0,False,False,,,,,HOU,R,R
2026-08-25,695657,594798,TEX@CWS,Oppo Fastball Hunter (LH),4.76,3.21,1.009,1.019,0.932,4.833,19.1,+422,Colson Montgomery,Jacob Degrom,5.0,SS,7:40p,1787701200000.0,False,False,,,,,CWS,L,R
2026-08-25,682829,605288,CIN@SF,Middle Fastball Crusher,3.93,3.18,0.988,0.987,1.082,4.357,19.0,+427,Elly De La Cruz,Adrian Houser,1.0,SS,9:45p,1787708700000.0,True,False,,,,,CIN,R,R
2026-08-25,672960,607625,KC@TOR,Oppo Fastball Hunter,4.63,2.67,1.004,1.0,1.101,4.509,18.6,+437,Kazuma Okamoto,Seth Lugo,4.0,3B,7:07p,1787699220000.0,False,False,,,,,TOR,R,R
2026-08-25,605141,693821,LAD@ATL,Inside Breaking Ball Specialist,3.81,3.64,0.99,1.003,0.983,4.475,18.6,+438,Mookie Betts,Bryce Elder,3.0,SS,7:15p,1787699700000.0,False,False,,,,,LAD,R,R
2026-08-25,665833,650633,PIT@SD,Middle Slider Crusher (LH),4.61,2.96,1.002,1.008,1.02,4.638,18.4,+443,Oneil Cruz,Mike King,5.0,CF,9:40p,1787708400000.0,True,False,,,,,PIT,L,R
2026-08-25,683002,669461,BAL@STL,Middle Slider Crusher (LH),3.34,3.68,0.995,1.029,1.067,4.431,18.4,+443,Gunnar Henderson,Matthew Liberatore,3.0,SS,7:45p,1787701500000.0,False,False,,,,,BAL,L,L
2026-08-25,553993,605288,CIN@SF,Middle Slider Crusher,4.15,3.18,0.988,0.987,1.082,4.605,18.3,+446,Eugenio Suárez,Adrian Houser,5.0,DH,9:45p,1787708700000.0,True,False,,,,,CIN,R,R
2026-08-25,666139,668909,CLE@LAA,Middle Fastball Crusher (LH),3.51,3.83,1.006,1.047,0.965,4.512,18.0,+456,Josh Lowe,Gavin Williams,5.0,RF,9:38p,1787708280000.0,True,False,,,,,LAA,L,R
2026-08-25,680869,671737,MIN@ATH,Middle Fastball Crusher,4.12,3.14,1.006,1.035,0.974,4.339,18.0,+454,Zack Gelof,Taj Bradley,3.0,3B,9:40p,1787708400000.0,True,False,,,,,ATH,R,R
2026-08-25,691023,605135,BAL@STL,Middle Fastball Crusher,4.59,2.5,0.998,1.029,1.093,4.258,17.7,+466,Jordan Walker,Chris Bassitt,4.0,RF,7:45p,1787701500000.0,False,False,,,,,STL,R,R
2026-08-25,608369,641743,TEX@CWS,Middle Slider Crusher (LH),3.92,2.87,0.997,1.019,1.07,4.036,17.3,+480,Corey Seager,Anthony Kay,2.0,SS,7:40p,1787701200000.0,False,False,,,,,TEX,L,L
2026-08-25,686948,607192,LAD@ATL,Oppo Fastball Hunter (LH),4.12,3.2,1.0,1.003,0.9,3.932,17.2,+480,Drake Baldwin,Tyler Glasnow,1.0,DH,7:15p,1787699700000.0,False,False,,,,,ATL,L,R
2026-08-25,694192,804267,MIL@NYM,Middle Fastball Crusher,3.7,3.01,0.991,1.004,1.071,3.919,17.2,+482,Jackson Chourio,Zac Thornton,1.0,LF,7:10p,1787699400000.0,False,False,,,,,MIL,R,L
2026-08-25,547180,669923,PHI@SEA,Middle Fastball Crusher (LH),4.34,2.92,1.0,1.0,0.982,4.105,17.1,+483,Bryce Harper,George Kirby,3.0,RF,9:40p,1787708400000.0,True,False,,,,,PHI,L,R
2026-08-25,669394,641743,TEX@CWS,Middle Fastball Crusher,4.15,2.87,1.004,1.019,1.07,4.297,16.6,+502,Jake Burger,Anthony Kay,6.0,1B,7:40p,1787701200000.0,False,False,,,,,TEX,R,L
2026-08-25,596142,804267,MIL@NYM,High Zone Fastball Hitter,3.9,3.01,0.991,1.004,1.071,4.128,16.5,+504,Gary Sánchez,Zac Thornton,5.0,DH,7:10p,1787699400000.0,False,False,,,,,MIL,R,L
2026-08-25,686469,453286,KC@TOR,Middle Slider Crusher (LH),2.39,4.7,1.004,1.0,1.055,3.926,16.5,+508,Vinnie Pasquantino,Max Scherzer,3.0,1B,7:07p,1787699220000.0,False,False,,,,,KC,L,R
2026-08-25,677800,663969,BOS@MIA,Inside Breaking Ball Specialist (LH),3.76,2.99,0.977,1.0,1.066,3.876,16.3,+515,Wilyer Abreu,Tyler Phillips,3.0,RF,6:40p,1787697600000.0,False,False,,,,,BOS,L,R
2026-08-25,696100,674841,COL@WSH,Middle Fastball Crusher,6.49,1.74,0.995,1.009,1.03,3.863,16.2,+517,Hunter Goodman,Andrew Alvarez,3.0,C,6:45p,1787697900000.0,False,False,,,,,COL,R,L
2026-08-25,665019,695611,MIN@ATH,Middle Fastball Crusher (LH),4.22,2.64,1.009,1.035,1.027,3.943,15.9,+531,Kody Clemens,Gage Jump,5.0,LF,9:40p,1787708400000.0,True,False,,,,,MIN,L,L
2026-08-25,665052,801139,BOS@MIA,Middle Fastball Crusher (LH),5.31,2.77,0.977,1.0,0.9,4.268,15.8,+534,Griffin Conine,Payton Tolle,7.0,RF,6:40p,1787697600000.0,False,False,,,,,MIA,L,L
2026-08-25,514888,701542,HOU@NYY,Middle Fastball Crusher,3.12,3.44,0.998,1.013,1.053,3.765,15.7,+535,José Altuve,Will Warren,4.0,2B,7:05p,1787699100000.0,False,False,,,,,HOU,R,R
2026-08-25,673357,690986,MIL@NYM,Inside Breaking Ball Specialist,4.0,3.17,0.991,1.004,0.9,3.751,15.7,+537,Luis Robert,Kyle Harrison,4.0,CF,7:10p,1787699400000.0,False,False,,,,,NYM,R,L
2026-08-25,671739,607192,LAD@ATL,Middle Fastball Crusher (LH),3.94,3.2,1.009,1.003,0.9,3.796,15.3,+554,Michael Harris,Tyler Glasnow,5.0,CF,7:15p,1787699700000.0,False,False,,,,,ATL,L,R
2026-08-25,664728,453286,KC@TOR,Middle Fastball Crusher (LH),2.68,4.7,1.004,1.0,1.055,4.41,14.9,+570,Kyle Isbel,Max Scherzer,9.0,CF,7:07p,1787699220000.0,False,False,,,,,KC,L,R
2026-08-25,663886,605288,CIN@SF,Middle Fastball Crusher,3.18,3.18,0.988,0.987,1.082,3.524,14.8,+576,Tyler Stephenson,Adrian Houser,4.0,C,9:45p,1787708700000.0,True,False,,,,,CIN,R,R
2026-08-25,693307,668984,TB@DET,Middle Slider Crusher,4.68,2.2,0.979,1.02,1.019,3.455,14.5,+588,Dillon Dingler,Casey Legumina,4.0,C,6:40p,1787697600000.0,False,False,,,,,DET,R,R
2026-08-25,518692,693821,LAD@ATL,Middle Fastball Crusher (LH),2.8,3.64,1.009,1.003,0.983,3.353,14.5,+589,Freddie Freeman,Bryce Elder,2.0,1B,7:15p,1787699700000.0,False,False,,,,,LAD,L,R
2026-08-25,702616,669461,BAL@STL,Middle Slider Crusher (LH),2.43,3.68,0.995,1.029,1.067,3.229,14.4,+597,Jackson Holliday,Matthew Liberatore,1.0,2B,7:45p,1787701500000.0,False,False,,,,,BAL,L,L
2026-08-25,664034,694973,PIT@SD,Inside Breaking Ball Specialist,4.28,2.56,0.999,1.008,0.9,3.273,13.8,+624,Ty France,Paul Skenes,4.0,1B,9:40p,1787708400000.0,True,False,,,,,SD,R,R
2026-08-25,680777,695611,MIN@ATH,Middle Fastball Crusher,3.46,2.64,1.006,1.035,1.027,3.225,13.7,+631,Ryan Jeffers,Gage Jump,3.0,DH,9:40p,1787708400000.0,True,False,,,,,MIN,R,L
2026-08-25,679845,453286,KC@TOR,Oppo Fastball Hunter,2.12,4.7,1.004,1.0,1.055,3.487,13.7,+632,Nick Loftin,Max Scherzer,6.0,3B,7:07p,1787699220000.0,False,False,,,,,KC,R,R
2026-08-25,624424,694297,CHC@AZ,Oppo Fastball Hunter (LH),4.38,2.81,1.0,1.0,0.93,3.778,13.6,+638,Michael Conforto,Brandon Pfaadt,8.0,DH,9:40p,1787708400000.0,True,False,,,,,CHC,L,R
2026-08-25,664023,694297,CHC@AZ,Middle Fastball Crusher,3.87,2.81,1.0,1.0,0.93,3.336,13.5,+638,Ian Happ,Brandon Pfaadt,5.0,LF,9:40p,1787708400000.0,True,False,,,,,CHC,R,R
2026-08-25,673237,701542,HOU@NYY,Oppo Fastball Hunter,3.08,3.44,1.011,1.013,1.053,3.768,13.5,+640,Yainer Diaz,Will Warren,8.0,C,7:05p,1787699100000.0,False,False,,,,,HOU,R,R
2026-08-25,592518,694973,PIT@SD,Middle Slider Crusher,4.11,2.56,1.007,1.008,0.9,3.173,13.5,+642,Manny Machado,Paul Skenes,3.0,3B,9:40p,1787708400000.0,True,False,,,,,SD,R,R
2026-08-25,678882,663969,BOS@MIA,Middle Slider Crusher,3.01,2.99,0.974,1.0,1.066,3.091,13.4,+644,Ceddanne Rafaela,Tyler Phillips,2.0,CF,6:40p,1787697600000.0,False,False,,,,,BOS,R,R
2026-08-25,668930,804267,MIL@NYM,Inside Breaking Ball Specialist (LH),2.91,3.01,0.992,1.004,1.071,3.09,13.4,+644,Brice Turang,Zac Thornton,2.0,2B,7:10p,1787699400000.0,False,False,,,,,MIL,L,L
2026-08-25,666211,701542,HOU@NYY,Oppo Fastball Hunter (LH),3.21,3.44,1.011,1.013,1.053,3.933,13.4,+647,Taylor Trammell,Will Warren,9.0,LF,7:05p,1787699100000.0,False,False,,,,,HOU,L,R
2026-08-25,686797,695611,MIN@ATH,Middle Fastball Crusher,3.78,2.64,1.006,1.035,1.027,3.518,13.2,+660,Brooks Lee,Gage Jump,7.0,3B,9:40p,1787708400000.0,True,False,,,,,MIN,R,L
2026-08-25,645277,607192,LAD@ATL,Middle Fastball Crusher,3.48,3.2,0.991,1.003,0.9,3.293,12.9,+673,Ozzie Albies,Tyler Glasnow,6.0,2B,7:15p,1787699700000.0,False,False,,,,,ATL,R,R
2026-08-25,668904,695611,MIN@ATH,Middle Fastball Crusher,3.22,2.64,1.006,1.035,1.027,3.004,12.7,+685,Royce Lewis,Gage Jump,4.0,1B,9:40p,1787708400000.0,True,False,,,,,MIN,R,L
2026-08-25,687462,650633,PIT@SD,Middle Slider Crusher (LH),2.83,2.96,1.002,1.008,1.02,2.846,12.7,+685,Spencer Horwitz,Mike King,1.0,1B,9:40p,1787708400000.0,True,False,,,,,PIT,L,R
2026-08-25,677649,641743,TEX@CWS,Middle Fastball Crusher,2.97,2.87,1.004,1.019,1.07,3.081,12.6,+696,Ezequiel Duran,Anthony Kay,5.0,CF,7:40p,1787701200000.0,False,False,,,,,TEX,R,L
2026-08-25,607208,669923,PHI@SEA,Middle Fastball Crusher,3.01,2.92,1.002,1.0,0.982,2.856,12.5,+702,Trea Turner,George Kirby,2.0,SS,9:40p,1787708400000.0,True,False,,,,,PHI,R,R
2026-08-25,680776,663969,BOS@MIA,Middle Fastball Crusher (LH),3.22,2.99,0.977,1.0,1.066,3.315,12.4,+705,Jarren Duran,Tyler Phillips,7.0,LF,6:40p,1787697600000.0,False,False,,,,,BOS,L,R
2026-08-25,660821,607625,KC@TOR,Inside Breaking Ball Specialist (LH),2.93,2.67,1.003,1.0,1.101,2.851,11.7,+757,Jesús Sánchez,Seth Lugo,5.0,DH,7:07p,1787699220000.0,False,False,,,,,TOR,L,R
2026-08-25,701538,694973,PIT@SD,Middle Fastball Crusher (LH),3.72,2.56,1.002,1.008,0.9,2.853,11.7,+756,Jackson Merrill,Paul Skenes,5.0,CF,9:40p,1787708400000.0,True,False,,,,,SD,L,R
2026-08-25,608324,694297,CHC@AZ,Oppo Fastball Hunter,3.18,2.81,1.0,1.0,0.93,2.743,11.7,+756,Alex Bregman,Brandon Pfaadt,4.0,3B,9:40p,1787708400000.0,True,False,,,,,CHC,R,R
2026-08-25,666160,674841,COL@WSH,Inside Breaking Ball Specialist (LH),5.26,1.74,0.991,1.009,1.03,3.121,11.7,+752,Mickey Moniak,Andrew Alvarez,7.0,DH,6:45p,1787697900000.0,False,False,,,,,COL,L,L
2026-08-25,668804,650633,PIT@SD,Middle Fastball Crusher,2.66,2.96,1.007,1.008,1.02,2.692,11.5,+768,Bryan Reynolds,Mike King,3.0,LF,9:40p,1787708400000.0,True,False,,,,,PIT,R,R
2026-08-25,662139,701542,HOU@NYY,Oppo Fastball Hunter (LH),2.27,3.44,1.011,1.013,1.053,2.777,11.4,+779,Daulton Varsho,Will Warren,5.0,CF,7:05p,1787699100000.0,False,False,,,,,HOU,L,R
2026-08-25,543760,690986,MIL@NYM,Middle Fastball Crusher,3.18,3.17,0.991,1.004,0.9,2.981,11.2,+790,Marcus Semien,Kyle Harrison,7.0,2B,7:10p,1787699400000.0,False,False,,,,,NYM,R,L
2026-08-25,620443,690986,MIL@NYM,Middle Fastball Crusher,3.28,3.17,0.991,1.004,0.9,3.074,11.1,+798,Luis Torrens,Kyle Harrison,8.0,C,7:10p,1787699400000.0,False,False,,,,,NYM,R,L
2026-08-25,663656,693821,LAD@ATL,Middle Fastball Crusher (LH),2.33,3.64,1.009,1.003,0.983,2.792,11.1,+804,Kyle Tucker,Bryce Elder,6.0,RF,7:15p,1787699700000.0,False,False,,,,,LAD,L,R
2026-08-25,661388,804267,MIL@NYM,Middle Fastball Crusher,2.44,3.01,0.991,1.004,1.071,2.581,11.1,+803,William Contreras,Zac Thornton,3.0,C,7:10p,1787699400000.0,False,False,,,,,MIL,R,L
2026-08-25,686555,453286,KC@TOR,Inside Breaking Ball Specialist,1.75,4.7,1.01,1.0,1.055,2.885,10.9,+819,Isaac Collins,Max Scherzer,7.0,LF,7:07p,1787699220000.0,False,False,,,,,KC,R,R
2026-08-25,664761,669923,PHI@SEA,Oppo Fastball Hunter,2.77,2.92,1.0,1.0,0.982,2.624,10.8,+828,Alec Bohm,George Kirby,5.0,1B,9:40p,1787708400000.0,True,False,,,,,PHI,R,R
2026-08-25,664770,607625,KC@TOR,Oppo Fastball Hunter (LH),2.51,2.67,1.009,1.0,1.101,2.459,10.8,+825,Nathan Lukes,Seth Lugo,2.0,RF,7:07p,1787699220000.0,False,False,,,,,TOR,L,R
2026-08-25,666182,690986,MIL@NYM,Middle Fastball Crusher,2.59,3.17,0.991,1.004,0.9,2.429,10.7,+835,Bo Bichette,Kyle Harrison,2.0,3B,7:10p,1787699400000.0,False,False,,,,,NYM,R,L
2026-08-25,677950,693821,LAD@ATL,Oppo Fastball Hunter (LH),2.48,3.64,1.0,1.003,0.983,2.943,10.7,+836,Alek Thomas,Bryce Elder,8.0,CF,7:15p,1787699700000.0,False,False,,,,,LAD,L,R
2026-08-25,663647,605288,CIN@SF,Inside Breaking Ball Specialist,2.66,3.18,0.984,0.987,1.082,2.943,10.7,+836,Ke'Bryan Hayes,Adrian Houser,8.0,3B,9:45p,1787708700000.0,True,False,,,,,CIN,R,R
2026-08-25,680779,650633,PIT@SD,Inside Breaking Ball Specialist,3.05,2.96,0.999,1.008,1.02,3.064,10.6,+848,Henry Davis,Mike King,9.0,C,9:40p,1787708400000.0,True,False,,,,,PIT,R,R
2026-08-25,681508,663969,BOS@MIA,Middle Fastball Crusher (LH),2.51,2.99,0.977,1.0,1.066,2.588,10.6,+840,Mickey Gasper,Tyler Phillips,5.0,DH,6:40p,1787697600000.0,False,False,,,,,BOS,L,R
2026-08-25,679529,668984,TB@DET,Middle Fastball Crusher,3.75,2.2,0.979,1.02,1.019,2.769,10.5,+856,Spencer Torkelson,Casey Legumina,7.0,1B,6:40p,1787697600000.0,False,False,,,,,DET,R,R
2026-08-25,671056,605135,BAL@STL,Middle Slider Crusher,2.5,2.5,0.998,1.029,1.093,2.319,10.2,+878,Iván Herrera,Chris Bassitt,2.0,C,7:45p,1787701500000.0,False,False,,,,,STL,R,R
2026-08-25,663586,607192,LAD@ATL,High Zone Fastball Hitter,2.91,3.2,1.004,1.003,0.9,2.79,10.1,+885,Austin Riley,Tyler Glasnow,8.0,3B,7:15p,1787699700000.0,False,False,,,,,ATL,R,R
2026-08-25,683734,804267,MIL@NYM,Inside Breaking Ball Specialist,2.17,3.01,0.991,1.004,1.071,2.305,9.9,+911,Andrew Vaughn,Zac Thornton,4.0,1B,7:10p,1787699400000.0,False,False,,,,,MIL,R,L
2026-08-25,666126,671737,MIN@ATH,Middle Slider Crusher (LH),2.48,3.14,1.009,1.035,0.974,2.624,9.6,+945,Carlos Cortes,Taj Bradley,8.0,LF,9:40p,1787708400000.0,True,False,,,,,ATH,L,R
2026-08-25,655316,663969,BOS@MIA,Middle Slider Crusher,2.3,2.99,0.974,1.0,1.066,2.366,9.4,+960,Andruw Monasterio,Tyler Phillips,6.0,SS,6:40p,1787697600000.0,False,False,,,,,BOS,R,R
2026-08-25,687401,804267,MIL@NYM,Middle Fastball Crusher,2.38,3.01,0.991,1.004,1.071,2.521,9.2,+987,Joey Ortiz,Zac Thornton,8.0,3B,7:10p,1787699400000.0,False,False,,,,,MIL,R,L
2026-08-25,682998,605280,CHC@AZ,Oppo Fastball Hunter (LH),3.2,2.0,1.0,1.0,0.987,2.082,9.2,+985,Corbin Carroll,Clay Holmes,2.0,RF,9:40p,1787708400000.0,True,False,,,,,AZ,L,R
2026-08-25,663993,700712,CLE@LAA,Oppo Fastball Hunter (LH),3.83,1.83,1.011,1.047,0.9,2.205,9.1,+996,Nathaniel Lowe,Walbert Ureña,5.0,1B,9:38p,1787708280000.0,True,False,,,,,CLE,L,R
2026-08-25,643289,607192,LAD@ATL,Oppo Fastball Hunter,2.2,3.2,1.009,1.003,0.9,2.118,9.1,+997,Mauricio Dubón,Tyler Glasnow,4.0,SS,7:15p,1787699700000.0,False,False,,,,,ATL,R,R
2026-08-25,666176,700712,CLE@LAA,Middle Slider Crusher,3.62,1.83,1.003,1.047,0.9,2.073,8.9,+1020,Jo Adell,Walbert Ureña,4.0,RF,9:38p,1787708280000.0,True,False,,,,,CLE,R,R
2026-08-25,650402,668984,TB@DET,Middle Fastball Crusher,2.61,2.2,0.979,1.02,1.019,1.925,8.8,+1041,Gleyber Torres,Casey Legumina,1.0,2B,6:40p,1787697600000.0,False,False,,,,,DET,R,R
2026-08-25,657136,663969,BOS@MIA,Oppo Fastball Hunter,2.4,2.99,0.977,1.0,1.066,2.472,8.6,+1066,Connor Wong,Tyler Phillips,9.0,C,6:40p,1787697600000.0,False,False,,,,,BOS,R,R
2026-08-25,807712,695611,MIN@ATH,Oppo Fastball Hunter,1.9,2.64,1.009,1.035,1.027,1.78,8.1,+1131,Luke Keaschall,Gage Jump,1.0,RF,9:40p,1787708400000.0,True,False,,,,,MIN,R,L
2026-08-25,650489,674841,COL@WSH,Middle Fastball Crusher,3.26,1.74,0.995,1.009,1.03,1.943,8.1,+1139,Willi Castro,Andrew Alvarez,5.0,3B,6:45p,1787697900000.0,False,False,,,,,COL,R,L
2026-08-25,682657,700712,CLE@LAA,Inside Breaking Ball Specialist (LH),3.5,1.83,1.002,1.047,0.9,1.998,8.0,+1148,Angel Martínez,Walbert Ureña,6.0,LF,9:38p,1787708280000.0,True,False,,,,,CLE,L,R
2026-08-25,694374,605280,CHC@AZ,Inside Breaking Ball Specialist,3.22,2.0,1.0,1.0,0.987,2.096,8.0,+1150,Tim Tawa,Clay Holmes,7.0,1B,9:40p,1787708400000.0,True,False,,,,,AZ,R,R
2026-08-25,665926,607625,KC@TOR,Middle Slider Crusher (LH),2.15,2.67,1.004,1.0,1.101,2.09,8.0,+1153,Andrés Giménez,Seth Lugo,7.0,SS,7:07p,1787699220000.0,False,False,,,,,TOR,L,R
2026-08-25,664983,674841,COL@WSH,Middle Fastball Crusher (LH),2.89,1.74,0.998,1.009,1.03,1.724,7.9,+1169,Jake Mccarthy,Andrew Alvarez,1.0,LF,6:45p,1787697900000.0,False,False,,,,,COL,L,L
2026-08-25,681351,641743,TEX@CWS,Oppo Fastball Hunter,2.02,2.87,0.997,1.019,1.07,2.078,7.9,+1161,Logan O'Hoppe,Anthony Kay,7.0,DH,7:40p,1787701200000.0,False,False,,,,,TEX,R,L
2026-08-25,605170,695611,MIN@ATH,Middle Slider Crusher (LH),2.32,2.64,1.009,1.035,1.027,2.165,7.9,+1159,Víctor Caratini,Gage Jump,8.0,C,9:40p,1787708400000.0,True,False,,,,,MIN,L,L
2026-08-25,665804,694297,CHC@AZ,Middle Slider Crusher,2.6,2.81,1.0,1.0,0.93,2.244,7.8,+1180,Miguel Amaya,Brandon Pfaadt,9.0,C,9:40p,1787708400000.0,True,False,,,,,CHC,R,R
2026-08-25,683766,663903,CIN@SF,Middle Fastball Crusher,1.59,4.02,0.988,0.987,1.09,2.249,7.8,+1177,Christian Koss,Brady Singer,9.0,SS,9:45p,1787708700000.0,True,False,,,,,SF,R,R
2026-08-25,665877,605135,BAL@STL,Middle Slider Crusher,2.38,2.5,0.998,1.029,1.093,2.209,7.7,+1200,José Fermín,Chris Bassitt,9.0,2B,7:45p,1787701500000.0,False,False,,,,,STL,R,R
2026-08-25,669743,693821,LAD@ATL,Middle Slider Crusher,1.68,3.64,0.991,1.003,0.983,1.98,7.6,+1221,Alex Call,Bryce Elder,7.0,LF,7:15p,1787699700000.0,False,False,,,,,LAD,R,R
2026-08-25,665489,607625,KC@TOR,Oppo Fastball Hunter,1.73,2.67,1.004,1.0,1.101,1.681,7.3,+1265,Vladimir Guerrero,Seth Lugo,3.0,1B,7:07p,1787699220000.0,False,False,,,,,TOR,R,R
2026-08-25,686668,594798,TEX@CWS,Middle Fastball Crusher,1.96,3.21,1.004,1.019,0.932,1.984,7.3,+1270,Brenton Doyle,Jacob Degrom,8.0,CF,7:40p,1787701200000.0,False,False,,,,,CWS,R,R
2026-08-25,672640,801139,BOS@MIA,Middle Fastball Crusher,1.86,2.77,0.974,1.0,0.9,1.493,6.9,+1360,Otto Lopez,Payton Tolle,1.0,SS,6:40p,1787697600000.0,False,False,,,,,MIA,R,L
2026-08-25,691594,801139,BOS@MIA,Middle Fastball Crusher,1.99,2.77,0.974,1.0,0.9,1.594,6.9,+1344,Javier Sanoja,Payton Tolle,4.0,3B,6:40p,1787697600000.0,False,False,,,,,MIA,R,L
2026-08-25,593428,694973,PIT@SD,Middle Fastball Crusher,2.36,2.56,1.007,1.008,0.9,1.824,6.7,+1387,Xander Bogaerts,Paul Skenes,8.0,SS,9:40p,1787708400000.0,True,False,,,,,SD,R,R
2026-08-25,693304,650633,PIT@SD,Oppo Fastball Hunter,1.52,2.96,1.002,1.008,1.02,1.532,6.7,+1402,Nick Gonzales,Mike King,4.0,2B,9:40p,1787708400000.0,True,False,,,,,PIT,R,R
2026-08-25,682663,801139,BOS@MIA,Inside Breaking Ball Specialist,1.9,2.77,0.97,1.0,0.9,1.518,6.6,+1407,Agustín Ramírez,Payton Tolle,3.0,DH,6:40p,1787697600000.0,False,False,,,,,MIA,R,L
2026-08-25,663457,605280,CHC@AZ,Inside Breaking Ball Specialist (LH),2.14,2.0,1.0,1.0,0.987,1.391,6.4,+1463,Lars Nootbaar,Clay Holmes,1.0,DH,9:40p,1787708400000.0,True,False,,,,,AZ,L,R
2026-08-25,663968,650633,PIT@SD,Inside Breaking Ball Specialist,1.49,2.96,0.999,1.008,1.02,1.496,6.0,+1554,Jake Mangum,Mike King,6.0,RF,9:40p,1787708400000.0,True,False,,,,,PIT,R,R
2026-08-25,630105,694973,PIT@SD,Oppo Fastball Hunter (LH),1.76,2.56,0.987,1.008,0.9,1.333,6.0,+1571,Jake Cronenworth,Paul Skenes,2.0,2B,9:40p,1787708400000.0,True,False,,,,,SD,L,R
2026-08-25,672275,700712,CLE@LAA,Inside Breaking Ball Specialist (LH),2.69,1.83,1.002,1.047,0.9,1.538,5.9,+1589,Patrick Bailey,Walbert Ureña,7.0,C,9:38p,1787708280000.0,True,False,,,,,CLE,L,R
2026-08-25,595879,668984,TB@DET,Middle Fastball Crusher,2.06,2.2,0.979,1.02,1.019,1.523,5.6,+1674,Javier Báez,Casey Legumina,8.0,LF,6:40p,1787697600000.0,False,False,,,,,DET,R,R
2026-08-25,663538,694297,CHC@AZ,Middle Fastball Crusher,1.55,2.81,1.0,1.0,0.93,1.335,5.4,+1748,Nico Hoerner,Brandon Pfaadt,6.0,SS,9:40p,1787708400000.0,True,False,,,,,CHC,R,R
2026-08-25,681393,674841,COL@WSH,Oppo Fastball Hunter,2.2,1.74,0.998,1.009,1.03,1.312,5.3,+1781,Connor Norby,Andrew Alvarez,6.0,2B,6:45p,1787697900000.0,False,False,,,,,COL,R,L
2026-08-25,650859,694973,PIT@SD,Middle Slider Crusher,1.66,2.56,1.007,1.008,0.9,1.278,5.2,+1830,Luis Rengifo,Paul Skenes,6.0,DH,9:40p,1787708400000.0,True,False,,,,,SD,R,R
2026-08-25,669707,650633,PIT@SD,Middle Slider Crusher,1.33,2.96,1.007,1.008,1.02,1.341,5.0,+1910,Jared Triolo,Mike King,8.0,3B,9:40p,1787708400000.0,True,False,,,,,PIT,R,R
2026-08-25,656716,668984,TB@DET,Inside Breaking Ball Specialist (LH),1.58,2.2,0.999,1.02,1.019,1.19,4.8,+1968,Zach Mckinstry,Casey Legumina,6.0,RF,6:40p,1787697600000.0,False,False,,,,,DET,L,R
2026-08-25,669364,801139,BOS@MIA,Middle Fastball Crusher (LH),1.43,2.77,0.977,1.0,0.9,1.148,4.8,+1968,Xavier Edwards,Payton Tolle,5.0,2B,6:40p,1787697600000.0,False,False,,,,,MIA,L,L
2026-08-25,677587,700712,CLE@LAA,Middle Slider Crusher (LH),2.23,1.83,1.006,1.047,0.9,1.28,4.5,+2117,Brayan Rocchio,Walbert Ureña,9.0,SS,9:38p,1787708280000.0,True,False,,,,,CLE,L,R
2026-08-25,687597,674841,COL@WSH,Middle Fastball Crusher,1.85,1.74,0.995,1.009,1.03,1.103,4.1,+2334,Jordan Beck,Andrew Alvarez,8.0,RF,6:45p,1787697900000.0,False,False,,,,,COL,R,L
